pid,camera,camera_name,frame,object_id,label,is_label,epoch_ms,warmup,tracker_objects,targets,decoder_objects,worker,t0_ns,t1_ns,t2_ns,decoder_cuda_ms,decoder_host_ms,encoder_frame_cuda_ms,segment_wall_ms,queue_wait_ms,copy_wall_ms,cache_ns,has_mask,accepted,reject_reason,t2_cache_ms,t3_ns,output_frame,t2_t3_ms,t0_t3_ms,cache_t3_ms,t0_t1_ms,t1_t2_ms
1297,d1f37ed1,Cam hik 1,1144,62396681866199,Robot_1,False,1790072131750.615,False,3,4,4,0,637768763694698,637768807642249,637768847589086,9.285375595092773,9.244298,6.306111812591553,78.419086,41.406297,1.205927,637768855037805,True,True,,7.448719,637769137875100,1147,290.286014,374.180402,282.837295,43.947551,39.946837
1297,d1f37ed1,Cam hik 1,1192,62396681866199,Robot_1,False,1790072133749.243,False,2,3,2,0,637770762323421,637770837237124,637770891268774,14.170175552368164,14.96645,9.938752174377441,59.126775,73.602594,0.770842,637770896322281,True,True,,5.053507,637771123696949,1195,232.428175,361.373528,227.374668,74.913703,54.03165
1297,b1269e28,Cam 4,1264,5410850743960,Robot_28100,False,1790072147047.577,False,4,8,6,1,637784060656586,637784134401809,637784367714086,16.003456115722656,15.328158,12.842304229736328,251.748743,73.081214,0.315978,637784374579099,True,True,,6.865013,637784416013368,1271,48.299282,355.356782,41.434269,73.745223,233.312277
1297,d1f37ed1,Cam hik 1,1096,62396681866199,Robot_1,False,1790072129771.432,False,2,3,2,0,637766784511572,637766935855270,637766979928930,9.02678394317627,11.576844,9.279647827148438,48.902219,150.746863,0.268876,637766984360743,True,True,,4.431813,637767136932015,1099,157.003085,352.420443,152.571272,151.343698,44.07366
1297,b1269e28,Cam 4,272,143948090256846,Robot_28100,True,1790072097444.721,False,4,8,6,1,637734457801280,637734545793685,637734665388891,17.8940486907959,17.951926,10.521856307983398,164.630339,86.044771,1.647677,637734674345458,True,True,,8.956567,637734807992356,277,142.603465,350.191076,133.646898,87.992405,119.595206
1297,06e9e5b9,Cam góc rộng toàn sân,991,190452056632062,Robot_2001,True,1790072125686.364,False,4,6,4,1,637762699444210,637762767086478,637762816952368,14.184415817260742,14.235245,9.74227237701416,102.285138,67.208128,0.209123,637762823631247,True,True,,6.678879,637763040766103,998,223.813735,341.321893,217.134856,67.642268,49.86589
1297,06e9e5b9,Cam góc rộng toàn sân,991,70711888968577,Robot_28100,False,1790072125686.364,False,4,6,4,1,637762699444210,637762767086478,637762836413305,12.558112144470215,11.794572,9.74227237701416,102.285138,67.208128,0.209123,637762847903613,True,True,,11.490308,637763040750707,998,204.337402,341.306497,192.847094,67.642268,69.326827
1297,b1269e28,Cam 4,912,5410850743960,Robot_28100,False,1790072129448.161,False,5,9,7,1,637766461240944,637766521276165,637766652401586,17.231679916381836,17.233593,11.246879577636719,146.492442,58.866313,0.771592,637766657911364,True,True,,5.509778,637766786696724,917,134.295138,325.45578,128.78536,60.035221,131.125421
1297,b1269e28,Cam 4,1352,5410850743960,Robot_28100,False,1790072151447.702,False,4,7,5,1,637788460781615,637788540420176,637788660710180,22.14227294921875,22.144884,8.401951789855957,138.953466,79.081027,0.193181,637788670018770,True,True,,9.30859,637788783513584,1357,122.803404,322.731969,113.494814,79.638561,120.290004
1297,b1269e28,Cam 4,995,143948090256846,Robot_28100,True,1790072133610.416,False,4,8,5,1,637770623495681,637770768839925,637770867147680,19.35625648498535,19.672871,10.218879699707031,126.503935,144.591039,0.314378,637770875593099,True,True,,8.445419,637770943817294,1001,76.669614,320.321613,68.224195,145.344244,98.307755
1297,b1269e28,Cam 4,995,5410850743960,Robot_28100,False,1790072133610.416,False,4,8,5,1,637770623495681,637770768839925,637770890077368,14.184191703796387,14.220823,10.218879699707031,126.503935,144.591039,0.314378,637770895287888,True,True,,5.21052,637770943811085,1001,53.733717,320.315404,48.523197,145.344244,121.237443
1297,b1269e28,Cam 4,1236,5410850743960,Robot_28100,False,1790072145644.568,False,4,8,5,1,637782657648107,637782815912854,637782929928930,15.076576232910156,16.423276,10.715423583984375,121.651343,157.168079,0.416761,637782937313681,True,True,,7.384751,637782976641155,1242,46.712225,318.993048,39.327474,158.264747,114.016076
1297,b1269e28,Cam 4,675,195964480550089,Robot_1,True,1790072117624.31,False,4,8,6,1,637754637389687,637754816906976,637754858530492,12.678112030029297,12.292776,6.402239799499512,105.899497,178.864103,0.320898,637754863757103,True,True,,5.226611,637754951296848,681,92.766356,313.907161,87.539745,179.517289,41.623516
1297,b1269e28,Cam 4,675,143948090256846,Robot_28100,True,1790072117624.31,False,4,8,6,1,637754637389687,637754816906976,637754894874242,12.83456039428711,11.975807,6.402239799499512,105.899497,178.864103,0.320898,637754900758309,True,True,,5.884067,637754951290434,681,56.416192,313.900747,50.532125,179.517289,77.967266
1297,b1269e28,Cam 4,675,210522476275567,Robot_2001,True,1790072117624.31,False,4,8,6,1,637754637389687,637754816906976,637754874803930,10.796863555908203,10.795498,6.402239799499512,105.899497,178.864103,0.320898,637754881498357,True,True,,6.694427,637754951281705,681,76.477775,313.892018,69.783348,179.517289,57.896954
1297,b1269e28,Cam 4,915,5410850743960,Robot_28100,False,1790072129610.224,False,5,9,5,1,637766623303611,637766762039084,637766867014868,13.065728187561035,13.110938,11.870240211486816,111.350148,137.793733,0.586489,637766873320581,True,True,,6.305713,637766934767288,921,67.75242,311.463677,61.446707,138.735473,104.975784
1297,06e9e5b9,Cam góc rộng toàn sân,2141,190452056632062,Robot_2001,True,1790072173725.954,False,4,6,4,1,637810739034025,637810897203634,637810936413305,11.776703834533691,10.86984,7.537471771240234,72.728779,153.338382,1.742244,637810940592351,True,True,,4.179046,637811049281737,2143,112.868432,310.247712,108.689386,158.169609,39.209671
1297,06e9e5b9,Cam góc rộng toàn sân,2141,39887468676787,Robot_6868,True,1790072173725.954,False,4,6,4,1,637810739034025,637810897203634,637810918514868,13.091487884521484,14.823766,7.537471771240234,72.728779,153.338382,1.742244,637810924478091,True,True,,5.963223,637811049275881,2143,130.761013,310.241856,124.79779,158.169609,21.311234
1297,06e9e5b9,Cam góc rộng toàn sân,2141,70711888968577,Robot_28100,False,1790072173725.954,False,4,6,4,1,637810739034025,637810897203634,637810951835180,10.309632301330566,11.051745,7.537471771240234,72.728779,153.338382,1.742244,637810957335523,True,True,,5.500343,637811049267999,2143,97.432819,310.233974,91.932476,158.169609,54.631546
1297,b1269e28,Cam 4,1264,143948090256846,Robot_28100,True,1790072147047.577,False,4,8,6,1,637784060656586,637784134401809,637784346092992,20.79987144470215,20.7647,12.842304229736328,251.748743,73.081214,0.315978,637784351500845,True,True,,5.407853,637784370120356,1270,24.027364,309.46377,18.619511,73.745223,211.691183
1297,b1269e28,Cam 4,395,143948090256846,Robot_28100,True,1790072103617.861,False,4,8,6,1,637740630940704,637740784306668,637740855755102,12.43449592590332,11.965774,8.749567985534668,98.47614,152.632981,0.33591,637740862655100,True,True,,6.899998,637740936431010,401,80.675908,305.490306,73.77591,153.365964,71.448434
1297,06e9e5b9,Cam góc rộng toàn sân,997,190452056632062,Robot_2001,True,1790072125772.121,False,3,5,3,1,637762785200762,637762979844922,637763045421118,23.731231689453125,23.959083,7.623424053192139,106.542538,193.914164,0.231055,637763054865853,True,True,,9.444735,637763088124728,999,42.70361,302.923966,33.258875,194.64416,65.576196
1297,06e9e5b9,Cam góc rộng toàn sân,997,70711888968577,Robot_28100,False,1790072125772.121,False,3,5,3,1,637762785200762,637762979844922,637763078120336,22.93916893005371,22.946023,7.623424053192139,106.542538,193.914164,0.231055,637763086203720,True,True,,8.083384,637763088118687,999,9.998351,302.917925,1.914967,194.64416,98.275414
1297,06e9e5b9,Cam góc rộng toàn sân,2046,190452056632062,Robot_2001,True,1790072169744.851,False,3,5,3,1,637806757931051,637806783965470,637806822014868,13.1428804397583,13.858669,7.947360038757324,65.297932,25.474452,0.23675,637806827809540,True,True,,5.794672,637807058120565,2047,236.105697,300.189514,230.311025,26.034419,38.049398
1297,06e9e5b9,Cam góc rộng toàn sân,2046,39887468676787,Robot_6868,True,1790072169744.851,False,3,5,3,1,637806757931051,637806783965470,637806803647680,11.137408256530762,14.882247,7.947360038757324,65.297932,25.474452,0.23675,637806807990452,True,True,,4.342772,637807058114829,2047,254.467149,300.183778,250.124377,26.034419,19.68221
1297,06e9e5b9,Cam góc rộng toàn sân,2046,70711888968577,Robot_28100,False,1790072169744.851,False,3,5,3,1,637806757931051,637806783965470,637806841499242,12.454848289489746,13.446432,7.947360038757324,65.297932,25.474452,0.23675,637806849139952,True,True,,7.64071,637807058107041,2047,216.607799,300.17599,208.967089,26.034419,57.533772
1297,e0606b55,Cam hướng ra cửa,2036,259797768333273,Robot_6868,False,1790072169669.863,False,2,2,1,0,637806682942911,637806731858852,637806751569555,9.101375579833984,14.560299,10.178848266601562,25.128696,46.930573,0.501029,637806756941860,True,True,,5.372305,637806981086030,2037,229.516475,298.143119,224.14417,48.915941,19.710703
1297,b1269e28,Cam 4,1420,5410850743960,Robot_28100,False,1790072154844.639,False,4,8,5,1,637791857719368,637791919871327,637792050319555,13.891807556152344,13.746953,7.624639987945557,140.370925,61.439718,0.248285,637792060200243,True,True,,9.880688,637792153944028,1425,103.624473,296.22466,93.743785,62.151959,130.448228
1297,b1269e28,Cam 4,516,195964480550089,Robot_1,True,1790072109634.881,False,4,8,6,1,637746647960864,637746801613164,637746857637914,15.727807998657227,15.677382,14.872032165527344,129.235863,153.237091,0.168257,637746863282010,True,True,,5.644096,637746943967099,521,86.329185,296.006235,80.685089,153.6523,56.02475
1297,b1269e28,Cam 4,516,143948090256846,Robot_28100,True,1790072109634.881,False,4,8,6,1,637746647960864,637746801613164,637746898630102,12.899264335632324,13.31629,14.872032165527344,129.235863,153.237091,0.168257,637746907041428,True,True,,8.411326,637746943963909,521,45.333807,296.003045,36.922481,153.6523,97.016938
1297,b1269e28,Cam 4,516,210522476275567,Robot_2001,True,1790072109634.881,False,4,8,6,1,637746647960864,637746801613164,637746876667211,13.14675235748291,13.149144,14.872032165527344,129.235863,153.237091,0.168257,637746885065001,True,True,,8.39779,637746943958581,521,67.29137,295.997717,58.89358,153.6523,75.054047
1297,d1f37ed1,Cam hik 1,1479,75633145492296,Robot_1,True,1790072145748.559,False,2,3,3,0,637782761638908,637782766973602,637782789835180,12.177984237670898,12.169169,8.95081615447998,48.476871,4.501612,0.535143,637782795507363,True,True,,5.672183,637783057581231,1480,267.746051,295.942323,262.073868,5.334694,22.861578
1297,d1f37ed1,Cam hik 1,1192,75633145492296,Robot_1,True,1790072133749.243,False,2,3,2,0,637770762323421,637770837237124,637770865362524,17.496063232421875,17.770372,9.938752174377441,59.126775,73.602594,0.770842,637770876113178,True,True,,10.750654,637771057551272,1193,192.188748,295.227851,181.438094,74.913703,28.1254
1297,e0606b55,Cam hướng ra cửa,665,259797768333273,Robot_6868,False,1790072111669.593,False,2,2,2,0,637748682672938,637748716257334,637748746807836,10.030847549438477,10.017705,8.855999946594238,36.223181,32.708431,0.204315,637748752451316,True,True,,5.64348,637748977820416,666,231.01258,295.147478,225.3691,33.584396,30.550502
1297,e0606b55,Cam hướng ra cửa,286,259797768333273,Robot_6868,False,1790072095667.039,False,2,2,2,0,637732680118816,637732681253755,637732727532446,13.100223541259766,12.510961,9.012160301208496,55.099513,0.429819,0.223561,637732736232993,True,True,,8.700547,637732974729969,287,247.197523,294.611153,238.496976,1.134939,46.278691
1297,e0606b55,Cam hướng ra cửa,1333,259797768333273,Robot_6868,False,1790072139668.737,False,2,2,2,0,637776681817275,637776767747653,637776794643774,11.66540813446045,11.644339,6.987135887145996,33.61189,85.290577,0.360043,637776801313749,True,True,,6.669975,637776976348223,1334,181.704449,294.530948,175.034474,85.930378,26.896121
1297,06e9e5b9,Cam góc rộng toàn sân,1471,190452056632062,Robot_2001,True,1790072145752.238,False,4,6,4,1,637782765317656,637782937648831,637782982089086,12.599583625793457,12.829574,12.104448318481445,85.478262,171.427891,0.378692,637782986371687,True,True,,4.282601,637783058621591,1472,76.532505,293.303935,72.249904,172.331175,44.440255
1297,06e9e5b9,Cam góc rộng toàn sân,1471,39887468676787,Robot_6868,True,1790072145752.238,False,4,6,4,1,637782765317656,637782937648831,637782962753149,12.370400428771973,19.833239,12.104448318481445,85.478262,171.427891,0.378692,637782968496234,True,True,,5.743085,637783058618677,1472,95.865528,293.301021,90.122443,172.331175,25.104318
1297,06e9e5b9,Cam góc rộng toàn sân,1471,70711888968577,Robot_28100,False,1790072145752.238,False,4,6,4,1,637782765317656,637782937648831,637783015260961,12.584063529968262,12.580881,12.104448318481445,85.478262,171.427891,0.378692,637783023043003,True,True,,7.782042,637783058613303,1472,43.352342,293.295647,35.5703,172.331175,77.61213
1297,d1f37ed1,Cam hik 1,1527,75633145492296,Robot_1,True,1790072147750.466,False,1,2,2,0,637784763545497,637784785839220,637784814167211,19.383520126342773,20.367939,8.433728218078613,45.421661,21.425559,0.536418,637784819134156,True,True,,4.966945,637785056456618,1528,242.289407,292.911121,237.322462,22.293723,28.327991
1297,e0606b55,Cam hướng ra cửa,474,259797768333273,Robot_6868,False,1790072103671.115,False,2,2,1,0,637740684194796,637740747051845,637740768612524,11.515007972717285,14.997783,9.285152435302734,27.249971,61.504794,0.477638,637740774296438,True,True,,5.683914,637740976754000,475,208.141476,292.559204,202.457562,62.857049,21.560679
1297,06e9e5b9,Cam góc rộng toàn sân,1423,190452056632062,Robot_2001,True,1790072143752.065,False,4,6,3,1,637780765144652,637780906770655,637780950092992,15.728128433227539,14.721304,9.973055839538574,73.633452,139.795402,1.320111,637780953534437,True,True,,3.441445,637781057676822,1424,107.58383,292.53217,104.142385,141.626003,43.322337
1297,06e9e5b9,Cam góc rộng toàn sân,1423,39887468676787,Robot_6868,True,1790072143752.065,False,4,6,3,1,637780765144652,637780906770655,637780930104711,12.712608337402344,19.231392,9.973055839538574,73.633452,139.795402,1.320111,637780934184086,True,True,,4.079375,637781057673647,1424,127.568936,292.528995,123.489561,141.626003,23.334056
1297,06e9e5b9,Cam góc rộng toàn sân,1423,70711888968577,Robot_28100,False,1790072143752.065,False,4,6,3,1,637780765144652,637780906770655,637780974635961,18.752607345581055,20.89202,9.973055839538574,73.633452,139.795402,1.320111,637780980356822,True,True,,5.720861,637781057668247,1424,83.032286,292.523595,77.311425,141.626003,67.865306
1297,06e9e5b9,Cam góc rộng toàn sân,1567,190452056632062,Robot_2001,True,1790072149750.215,False,3,5,3,1,637786763294469,637786793689468,637786831014868,12.274880409240723,12.94804,6.7388482093811035,58.276058,29.103962,0.549281,637786836722697,True,True,,5.707829,637787055390526,1568,224.375658,292.096057,218.667829,30.394999,37.3254
1297,06e9e5b9,Cam góc rộng toàn sân,1567,39887468676787,Robot_6868,True,1790072149750.215,False,3,5,3,1,637786763294469,637786793689468,637786813467992,12.589823722839355,12.707569,6.7388482093811035,58.276058,29.103962,0.549281,637786817767984,True,True,,4.299992,637787055384536,1568,241.916544,292.090067,237.616552,30.394999,19.778524
1297,06e9e5b9,Cam góc rộng toàn sân,1567,70711888968577,Robot_28100,False,1790072149750.215,False,3,5,3,1,637786763294469,637786793689468,637786846866430,9.922752380371094,9.914593,6.7388482093811035,58.276058,29.103962,0.549281,637786851900982,True,True,,5.034552,637787055376121,1568,208.509691,292.081652,203.475139,30.394999,53.176962
1297,06e9e5b9,Cam góc rộng toàn sân,1806,190452056632062,Robot_2001,True,1790072159751.528,False,4,7,4,1,637796764608160,637796766640233,637796808428930,9.550016403198242,9.082675,6.16428804397583,67.363333,1.253336,0.39861,637796814456371,True,True,,6.027441,637797055814509,1807,247.385579,291.206349,241.358138,2.032073,41.788697
1297,06e9e5b9,Cam góc rộng toàn sân,1806,39887468676787,Robot_6868,True,1790072159751.528,False,4,7,4,1,637796764608160,637796766640233,637796793350805,9.330975532531738,8.520762,6.16428804397583,67.363333,1.253336,0.39861,637796798677000,True,True,,5.326195,637797055808316,1807,262.457511,291.200156,257.131316,2.032073,26.710572
1297,06e9e5b9,Cam góc rộng toàn sân,1806,70711888968577,Robot_28100,False,1790072159751.528,False,4,7,4,1,637796764608160,637796766640233,637796829022680,13.24015998840332,12.899599,6.16428804397583,67.363333,1.253336,0.39861,637796833937513,True,True,,4.914833,637797055799902,1807,226.777222,291.191742,221.862389,2.032073,62.382447
1297,06e9e5b9,Cam góc rộng toàn sân,1519,190452056632062,Robot_2001,True,1790072147748.981,False,4,6,4,1,637784762061007,637784811402149,637784854741430,16.9400634765625,15.955856,5.843455791473389,75.520948,48.41013,0.557736,637784860844004,True,True,,6.102574,637785052757351,1520,198.015921,290.696344,191.913347,49.341142,43.339281
1297,06e9e5b9,Cam góc rộng toàn sân,1519,39887468676787,Robot_6868,True,1790072147748.981,False,4,6,4,1,637784762061007,637784811402149,637784831061742,13.322367668151855,14.678356,5.843455791473389,75.520948,48.41013,0.557736,637784837625356,True,True,,6.563614,637785052754475,1520,221.692733,290.693468,215.129119,49.341142,19.659593
1297,06e9e5b9,Cam góc rộng toàn sân,1519,70711888968577,Robot_28100,False,1790072147748.981,False,4,6,4,1,637784762061007,637784811402149,637784878760961,9.376543998718262,9.245872,5.843455791473389,75.520948,48.41013,0.557736,637784886898798,True,True,,8.137837,637785052749273,1520,173.988312,290.688266,165.850475,49.341142,67.358812
1297,d1f37ed1,Cam hik 1,1431,75633145492296,Robot_1,True,1790072143754.89,False,1,2,1,0,637780767970245,637780834424693,637780856460180,12.221376419067383,17.907607,8.125247955322266,29.830252,64.7993,0.679873,637780864218891,True,True,,7.758711,637781058528753,1432,202.068573,290.558508,194.309862,66.454448,22.035487
1297,06e9e5b9,Cam góc rộng toàn sân,1711,190452056632062,Robot_2001,True,1790072155750.064,False,3,5,3,1,637792763144220,637792909798289,637792957514868,13.314144134521484,13.868859,7.8857598304748535,71.115456,144.910835,0.316374,637792966127961,True,True,,8.613093,637793053656896,1712,96.142028,290.512676,87.528935,146.654069,47.716579
1297,06e9e5b9,Cam góc rộng toàn sân,1711,39887468676787,Robot_6868,True,1790072155750.064,False,3,5,3,1,637792763144220,637792909798289,637792935553930,16.146623611450195,21.06876,7.8857598304748535,71.115456,144.910835,0.316374,637792942659580,True,True,,7.10565,637793053653558,1712,118.099628,290.509338,110.993978,146.654069,25.755641
1297,06e9e5b9,Cam góc rộng toàn sân,1711,70711888968577,Robot_28100,False,1790072155750.064,False,3,5,3,1,637792763144220,637792909798289,637792977046118,9.610591888427734,9.316137,7.8857598304748535,71.115456,144.910835,0.316374,637792980820231,True,True,,3.774113,637793053648158,1712,76.60204,290.503938,72.827927,146.654069,67.247829
1297,b1269e28,Cam 4,1196,143948090256846,Robot_28100,True,1790072143644.953,False,4,8,5,1,637780658032718,637780786446389,637780881749242,13.35756778717041,15.53785,10.62393569946289,120.221062,127.528808,0.402387,637780892279490,True,True,,10.530248,637780947844472,1201,66.09523,289.811754,55.564982,128.413671,95.302853
1297,b1269e28,Cam 4,1196,210522476275567,Robot_2001,True,1790072143644.953,False,4,8,5,1,637780658032718,637780786446389,637780859014868,12.246879577636719,13.903594,10.62393569946289,120.221062,127.528808,0.402387,637780865880176,True,True,,6.865308,637780947838071,1201,88.823203,289.805353,81.957895,128.413671,72.568479
1297,b1269e28,Cam 4,1196,5410850743960,Robot_28100,False,1790072143644.953,False,4,8,5,1,637780658032718,637780786446389,637780902167211,9.619872093200684,9.618393,10.62393569946289,120.221062,127.528808,0.402387,637780906574056,True,True,,4.406845,637780947824528,1201,45.657317,289.79181,41.250472,128.413671,115.720822
1297,e0606b55,Cam hướng ra cửa,1000,259797768333273,Robot_6868,False,1790072125665.687,False,2,2,1,0,637762678766961,637762730004615,637762745276586,8.162879943847656,9.343222,6.643680095672607,19.573676,48.864556,1.809766,637762749516497,True,True,,4.239911,637762966994530,1001,221.717944,288.227569,217.478033,51.237654,15.271971
1297,06e9e5b9,Cam góc rộng toàn sân,425,190452056632062,Robot_2001,True,1790072101743.109,False,4,6,4,1,637738756188521,637738775492241,637738815397680,10.234335899353027,10.349817,9.355711936950684,77.163189,18.619381,0.389167,637738819333914,True,True,,3.936234,637739044137712,426,228.740032,287.949191,224.803798,19.30372,39.905439
1297,06e9e5b9,Cam góc rộng toàn sân,425,39887468676787,Robot_6868,True,1790072101743.109,False,4,6,4,1,637738756188521,637738775492241,637738797065649,11.762944221496582,16.343413,9.355711936950684,77.163189,18.619381,0.389167,637738804833481,True,True,,7.767832,637739044131428,426,247.065779,287.942907,239.297947,19.30372,21.573408
1297,06e9e5b9,Cam góc rộng toàn sân,425,70711888968577,Robot_28100,False,1790072101743.109,False,4,6,4,1,637738756188521,637738775492241,637738834077368,14.508576393127441,14.647044,9.355711936950684,77.163189,18.619381,0.389167,637738842873957,True,True,,8.796589,637739044123221,426,210.045853,287.9347,201.249264,19.30372,58.585127
1297,e0606b55,Cam hướng ra cửa,381,259797768333273,Robot_6868,False,1790072099673.131,False,3,3,2,0,637736686211193,637736784224170,637736814959203,11.718239784240723,12.308124,6.5114240646362305,36.997971,97.428971,0.265023,637736821152578,True,True,,6.193375,637736973507090,382,158.547887,287.295897,152.354512,98.012977,30.735033
1297,e0606b55,Cam hướng ra cửa,713,259797768333273,Robot_6868,False,1790072113678.093,False,3,3,1,0,637750691172883,637750733222729,637750751921118,10.045087814331055,12.898543,8.151519775390625,22.815936,40.826086,0.423788,637750755950738,True,True,,4.02962,637750978457057,714,226.535939,287.284174,222.506319,42.049846,18.698389
1297,e0606b55,Cam hướng ra cửa,904,259797768333273,Robot_6868,False,1790072121664.629,False,2,2,2,0,637758677708955,637758816755661,637758857217992,13.697759628295898,13.691285,5.557919979095459,45.547139,137.153085,1.588827,637758862237986,True,True,,5.019994,637758964692227,905,107.474235,286.983272,102.454241,139.046706,40.462331
1297,e0606b55,Cam hướng ra cửa,1946,259797768333273,Robot_6868,False,1790072165678.264,False,2,2,2,0,637802691343705,637802753393816,637802809686742,19.60291290283203,19.555447,8.86956787109375,60.795869,60.926863,0.811481,637802814118597,True,True,,4.431855,637802978299583,1947,168.612841,286.955878,164.180986,62.050111,56.292926
1297,e0606b55,Cam hướng ra cửa,1519,259797768333273,Robot_6868,False,1790072147671.771,False,2,2,2,0,637784684850914,637784739174435,637784780405492,15.899999618530273,15.715724,10.627103805541992,46.53882,53.817546,0.176233,637784785712851,True,True,,5.307359,637784971796439,1520,191.390947,286.945525,186.083588,54.323521,41.231057
1297,b1269e28,Cam 4,473,143948090256846,Robot_28100,True,1790072107531.823,False,4,8,4,1,637744544902992,637744586643929,637744677872289,9.812288284301758,9.678108,9.048735618591309,96.755254,41.256844,0.247496,637744683347660,True,True,,5.475371,637744831755616,477,153.883327,286.852624,148.407956,41.740937,91.22836
1297,b1269e28,Cam 4,473,210522476275567,Robot_2001,True,1790072107531.823,False,4,8,4,1,637744544902992,637744586643929,637744661837133,11.39628791809082,12.387805,9.048735618591309,96.755254,41.256844,0.247496,637744666765629,True,True,,4.928496,637744831752380,477,169.915247,286.849388,164.986751,41.740937,75.193204
1297,b1269e28,Cam 4,1796,5410850743960,Robot_28100,False,1790072173645.049,False,4,8,5,1,637810658128646,637810754437321,637810884655492,30.823360443115234,29.602422,10.09164810180664,142.621114,95.501104,0.349658,637810896882419,True,True,,12.226927,637810944945004,1801,60.289512,286.816358,48.062585,96.308675,130.218171
1297,b1269e28,Cam 4,1212,5410850743960,Robot_28100,False,1790072144446.619,False,4,8,5,1,637781459698531,637781537939485,637781669995336,20.617055892944336,21.014971,6.928287982940674,139.161901,77.600199,0.305853,637781677033061,True,True,,7.037725,637781746171550,1217,76.176214,286.473019,69.138489,78.240954,132.055851
1297,e0606b55,Cam hướng ra cửa,1285,259797768333273,Robot_6868,False,1790072137670.667,False,2,2,1,0,637774683747444,637774787076515,637774806780492,9.861920356750488,10.864533,9.153887748718262,32.747924,102.51148,0.300716,637774819810268,True,True,,13.029776,637774969321223,1286,162.540731,285.573779,149.510955,103.329071,19.703977
1297,06e9e5b9,Cam góc rộng toàn sân,1663,190452056632062,Robot_2001,True,1790072153747.796,False,3,5,3,1,637790760875768,637790845346063,637790885139868,11.082847595214844,10.049489,9.32630443572998,59.1067,83.424317,0.712147,637790891222021,True,True,,6.082153,637791046385926,1664,161.246058,285.510158,155.163905,84.470295,39.793805
1297,06e9e5b9,Cam góc rộng toàn sân,1663,39887468676787,Robot_6868,True,1790072153747.796,False,3,5,3,1,637790760875768,637790845346063,637790869335180,12.899776458740234,14.26077,9.32630443572998,59.1067,83.424317,0.712147,637790873767217,True,True,,4.432037,637791046382748,1664,177.047568,285.50698,172.615531,84.470295,23.989117
1297,06e9e5b9,Cam góc rộng toàn sân,1663,70711888968577,Robot_28100,False,1790072153747.796,False,3,5,3,1,637790760875768,637790845346063,637790902038305,10.539936065673828,10.539527,9.32630443572998,59.1067,83.424317,0.712147,637790904424302,True,True,,2.385997,637791046377388,1664,144.339083,285.50162,141.953086,84.470295,56.692242
1297,b1269e28,Cam 4,596,143948090256846,Robot_28100,True,1790072113637.947,False,4,8,6,1,637750651026400,637750781128746,637750858186742,14.061599731445312,16.266466,7.487264156341553,121.588159,129.494434,0.242925,637750869879014,True,True,,11.692272,637750936412761,601,78.226019,285.386361,66.533747,130.102346,77.057996
1297,d1f37ed1,Cam hik 1,1144,75633145492296,Robot_1,True,1790072131750.615,False,3,4,4,0,637768763694698,637768807642249,637768830964086,16.1081600189209,19.060871,6.306111812591553,78.419086,41.406297,1.205927,637768838087593,True,True,,7.123507,637769048937995,1145,217.973909,285.243297,210.850402,43.947551,23.321837
1297,06e9e5b9,Cam góc rộng toàn sân,901,190452056632062,Robot_2001,True,1790072121752.059,False,4,7,5,1,637758765138736,637758775233504,637758820811742,8.401215553283691,8.394755,8.992704391479492,111.008646,9.524244,0.216717,637758830187322,True,True,,9.37558,637759050186620,902,229.374878,285.047884,219.999298,10.094768,45.578238
1297,06e9e5b9,Cam góc rộng toàn sân,901,39887468676787,Robot_6868,True,1790072121752.059,False,4,7,5,1,637758765138736,637758775233504,637758808796118,13.222335815429688,12.26578,8.992704391479492,111.008646,9.524244,0.216717,637758812210099,True,True,,3.413981,637759050183636,902,241.387518,285.0449,237.973537,10.094768,33.562614
1297,06e9e5b9,Cam góc rộng toàn sân,901,70711888968577,Robot_28100,False,1790072121752.059,False,4,7,5,1,637758765138736,637758775233504,637758858339086,27.909183502197266,27.046236,8.992704391479492,111.008646,9.524244,0.216717,637758866921213,True,True,,8.582127,637759050179019,902,191.839933,285.040283,183.257806,10.094768,83.105582
1297,b1269e28,Cam 4,1476,143948090256846,Robot_28100,True,1790072157641.206,False,4,8,6,1,637794654286258,637794795110877,637794881288305,9.46735954284668,9.218298,11.151871681213379,119.517439,140.20785,0.218764,637794891060835,True,True,,9.77253,637794939320712,1481,58.032407,285.034454,48.259877,140.824619,86.177428
1297,b1269e28,Cam 4,1476,210522476275567,Robot_2001,True,1790072157641.206,False,4,8,6,1,637794654286258,637794795110877,637794867116430,16.165727615356445,16.794014,11.151871681213379,119.517439,140.20785,0.218764,637794871615579,True,True,,4.499149,637794939317355,1481,72.200925,285.031097,67.701776,140.824619,72.005553
1297,b1269e28,Cam 4,1476,5410850743960,Robot_28100,False,1790072157641.206,False,4,8,6,1,637794654286258,637794795110877,637794904163305,12.862303733825684,12.889212,11.151871681213379,119.517439,140.20785,0.218764,637794908937015,True,True,,4.77371,637794939309835,1481,35.14653,285.023577,30.37282,140.824619,109.052428
1297,b1269e28,Cam 4,593,143948090256846,Robot_28100,True,1790072113524.554,False,4,8,4,1,637750537633855,637750577669210,637750678194555,14.310111999511719,13.257988,7.171840190887451,113.702737,39.321282,0.303846,637750690971412,True,True,,12.776857,637750822574419,597,144.379864,284.940564,131.603007,40.035355,100.525345
1297,b1269e28,Cam 4,593,210522476275567,Robot_2001,True,1790072113524.554,False,4,8,4,1,637750537633855,637750577669210,637750657421118,14.907903671264648,15.739101,7.171840190887451,113.702737,39.321282,0.303846,637750663664067,True,True,,6.242949,637750822571298,597,165.15018,284.937443,158.907231,40.035355,79.751908
1297,e0606b55,Cam hướng ra cửa,1237,259797768333273,Robot_6868,False,1790072135670.443,False,3,3,3,0,637772683523175,637772703736518,637772747706274,9.198047637939453,9.188063,10.896032333374023,48.463077,19.403658,0.346219,637772752159669,True,True,,4.453395,637772968370122,1238,220.663848,284.846947,216.210453,20.213343,43.969756
1297,06e9e5b9,Cam góc rộng toàn sân,1092,190452056632062,Robot_2001,True,1790072129745.648,False,4,6,4,1,637766758728337,637766873489748,637766919346899,9.43331241607666,10.288259,12.064959526062012,90.780558,113.912581,0.321843,637766924257456,True,True,,4.910557,637767043499722,1093,124.152823,284.771385,119.242266,114.761411,45.857151
1297,06e9e5b9,Cam góc rộng toàn sân,1092,39887468676787,Robot_6868,True,1790072129745.648,False,4,6,4,1,637766758728337,637766873489748,637766903690649,17.021791458129883,19.238596,12.064959526062012,90.780558,113.912581,0.321843,637766908853654,True,True,,5.163005,637767043496840,1093,139.806191,284.768503,134.643186,114.761411,30.200901
1297,06e9e5b9,Cam góc rộng toàn sân,1092,70711888968577,Robot_28100,False,1790072129745.648,False,4,6,4,1,637766758728337,637766873489748,637766937698461,13.13100814819336,13.019568,12.064959526062012,90.780558,113.912581,0.321843,637766947124783,True,True,,9.426322,637767043491618,1093,105.793157,284.763281,96.366835,114.761411,64.208713
1297,06e9e5b9,Cam góc rộng toàn sân,1950,190452056632062,Robot_2001,True,1790072165751.39,False,4,6,4,1,637802764469737,637802868101809,637802908702368,9.420928001403809,9.43502,8.65817642211914,75.854816,102.427735,0.33113,637802913243545,True,True,,4.541177,637803049013226,1951,140.310858,284.543489,135.769681,103.632072,40.600559
1297,06e9e5b9,Cam góc rộng toàn sân,1950,39887468676787,Robot_6868,True,1790072165751.39,False,4,6,4,1,637802764469737,637802868101809,637802888553930,11.278240203857422,15.355841,8.65817642211914,75.854816,102.427735,0.33113,637802899128672,True,True,,10.574742,637803048998577,1951,160.444647,284.52884,149.869905,103.632072,20.452121
1297,06e9e5b9,Cam góc rộng toàn sân,1950,70711888968577,Robot_28100,False,1790072165751.39,False,4,6,4,1,637802764469737,637802868101809,637802927264868,13.5065279006958,14.158752,8.65817642211914,75.854816,102.427735,0.33113,637802931989847,True,True,,4.724979,637803048984812,1951,121.719944,284.515075,116.994965,103.632072,59.163059
1297,b1269e28,Cam 4,956,5410850743960,Robot_28100,False,1790072131641.403,False,4,8,5,1,637768654482736,637768762867793,637768869171118,10.867263793945312,11.035635,8.934464454650879,112.204921,107.811734,0.214669,637768874965094,True,True,,5.793976,637768938987710,961,69.816592,284.504974,64.022616,108.385057,106.303325
1297,b1269e28,Cam 4,1356,143948090256846,Robot_28100,True,1790072151641.633,False,4,8,5,1,637788654713030,637788756715568,637788847811742,17.066560745239258,17.056239,11.057663917541504,119.417991,101.434381,0.255007,637788857066168,True,True,,9.254426,637788938889195,1361,91.077453,284.176165,81.823027,102.002538,91.096174
1297,b1269e28,Cam 4,1356,5410850743960,Robot_28100,False,1790072151641.633,False,4,8,5,1,637788654713030,637788756715568,637788870639868,13.333056449890137,13.347342,11.057663917541504,119.417991,101.434381,0.255007,637788876098668,True,True,,5.4588,637788938880289,1361,68.240421,284.167259,62.781621,102.002538,113.9243
1297,b1269e28,Cam 4,1424,5410850743960,Robot_28100,False,1790072155044.188,False,4,8,6,1,637792057268199,637792127708640,637792255999242,15.262911796569824,16.225635,12.817440032958984,144.420053,69.284373,0.631792,637792262543122,True,True,,6.54388,637792341416528,1429,85.417286,284.148329,78.873406,70.440441,128.290602
1297,06e9e5b9,Cam góc rộng toàn sân,2190,190452056632062,Robot_2001,True,1790072175752.009,False,4,6,4,1,637812765088719,637812814253314,637812859577368,16.261823654174805,17.136111,5.910783767700195,79.284684,48.488807,0.43802,637812864292896,True,True,,4.715528,637813049006818,2191,189.42945,283.918099,184.713922,49.164595,45.324054
1297,06e9e5b9,Cam góc rộng toàn sân,2190,39887468676787,Robot_6868,True,1790072175752.009,False,4,6,4,1,637812765088719,637812814253314,637812833350805,12.716959953308105,14.035111,5.910783767700195,79.284684,48.488807,0.43802,637812842260660,True,True,,8.909855,637813048997738,2191,215.646933,283.909019,206.737078,49.164595,19.097491
1297,06e9e5b9,Cam góc rộng toàn sân,2190,70711888968577,Robot_28100,False,1790072175752.009,False,4,6,4,1,637812765088719,637812814253314,637812877139868,12.654911994934082,12.542042,5.910783767700195,79.284684,48.488807,0.43802,637812882475024,True,True,,5.335156,637813048992693,2191,171.852825,283.903974,166.517669,49.164595,62.886554
1297,06e9e5b9,Cam góc rộng toàn sân,378,190452056632062,Robot_2001,True,1790072099751.856,False,4,6,4,1,637736764935765,637736862586291,637736902530492,11.915840148925781,13.455686,6.8122239112854,76.450383,97.012832,0.210332,637736907281096,True,True,,4.750604,637737048668172,379,146.13768,283.732407,141.387076,97.650526,39.944201
1297,06e9e5b9,Cam góc rộng toàn sân,378,39887468676787,Robot_6868,True,1790072099751.856,False,4,6,4,1,637736764935765,637736862586291,637736882282446,12.407936096191406,13.353172,6.8122239112854,76.450383,97.012832,0.210332,637736888853870,True,True,,6.571424,637737048665154,379,166.382708,283.729389,159.811284,97.650526,19.696155
1297,06e9e5b9,Cam góc rộng toàn sân,378,70711888968577,Robot_28100,False,1790072099751.856,False,4,6,4,1,637736764935765,637736862586291,637736934354711,14.125727653503418,13.762261,6.8122239112854,76.450383,97.012832,0.210332,637736938992832,True,True,,4.638121,637737048659439,379,114.304728,283.723674,109.666607,97.650526,71.76842
1297,06e9e5b9,Cam góc rộng toàn sân,330,190452056632062,Robot_2001,True,1790072097752.851,False,4,6,3,1,637734765930599,637734930668428,637734978060766,15.839712142944336,16.35033,10.751520156860352,70.03776,163.681706,0.495719,637734982420635,True,True,,4.359869,637735049544870,331,71.484104,283.614271,67.124235,164.737829,47.392338
1297,06e9e5b9,Cam góc rộng toàn sân,330,39887468676787,Robot_6868,True,1790072097752.851,False,4,6,3,1,637734765930599,637734930668428,637734951089086,9.117247581481934,16.012696,10.751520156860352,70.03776,163.681706,0.495719,637734961450169,True,True,,10.361083,637735049538321,331,98.449235,283.607722,88.088152,164.737829,20.420658
1297,06e9e5b9,Cam góc rộng toàn sân,330,70711888968577,Robot_28100,False,1790072097752.851,False,4,6,3,1,637734765930599,637734930668428,637734993943578,10.092320442199707,11.032173,10.751520156860352,70.03776,163.681706,0.495719,637735000658782,True,True,,6.715204,637735049529579,331,55.586001,283.59898,48.870797,164.737829,63.27515
1297,06e9e5b9,Cam góc rộng toàn sân,1376,190452056632062,Robot_2001,True,1790072141755.47,False,4,6,3,1,637778768549731,637778934424143,637778983678930,11.548543930053711,13.586318,9.913599967956543,69.670614,165.389025,0.198222,637778988765061,True,True,,5.086131,637779051790313,1377,68.111383,283.240582,63.025252,165.874412,49.254787
1297,06e9e5b9,Cam góc rộng toàn sân,1376,39887468676787,Robot_6868,True,1790072141755.47,False,4,6,3,1,637778768549731,637778934424143,637778961749242,15.034208297729492,22.122378,9.913599967956543,69.670614,165.389025,0.198222,637778969362524,True,True,,7.613282,637779051787168,1377,90.037926,283.237437,82.424644,165.874412,27.325099
1297,06e9e5b9,Cam góc rộng toàn sân,1376,70711888968577,Robot_28100,False,1790072141755.47,False,4,6,3,1,637778768549731,637778934424143,637778998897680,9.52467155456543,10.265534,9.913599967956543,69.670614,165.389025,0.198222,637779004070798,True,True,,5.173118,637779051781771,1377,52.884091,283.23204,47.710973,165.874412,64.473537
1297,b1269e28,Cam 4,313,143948090256846,Robot_28100,True,1790072099519.698,False,4,8,4,1,637736532778061,637736567083080,637736656567602,12.3340482711792,12.8298,12.11622428894043,97.565359,33.276811,0.223336,637736664589909,True,True,,8.022307,637736815756068,317,159.188466,282.978007,151.166159,34.305019,89.484522
1297,06e9e5b9,Cam góc rộng toàn sân,712,190452056632062,Robot_2001,True,1790072113763.686,False,4,7,4,1,637750776765923,637750902823630,637750962807836,13.84870433807373,13.609413,7.6715521812438965,95.759819,124.119995,0.428829,637750969777376,True,True,,6.96954,637751059445453,713,96.637617,282.67953,89.668077,126.057707,59.984206
1297,06e9e5b9,Cam góc rộng toàn sân,712,39887468676787,Robot_6868,True,1790072113763.686,False,4,7,4,1,637750776765923,637750902823630,637750941893774,22.48441505432129,21.610954,7.6715521812438965,95.759819,124.119995,0.428829,637750948687287,True,True,,6.793513,637751059438839,713,117.545065,282.672916,110.751552,126.057707,39.070144
1297,06e9e5b9,Cam góc rộng toàn sân,712,70711888968577,Robot_28100,False,1790072113763.686,False,4,7,4,1,637750776765923,637750902823630,637750992163305,21.027328491210938,21.936629,7.6715521812438965,95.759819,124.119995,0.428829,637750998576028,True,True,,6.412723,637751059429653,713,67.266348,282.66373,60.853625,126.057707,89.339675
1297,06e9e5b9,Cam góc rộng toàn sân,473,190452056632062,Robot_2001,True,1790072103750.727,False,3,5,4,1,637740763806412,637740882871385,637740910014868,6.8170881271362305,6.772833,8.412799835205078,59.007134,118.596548,0.216852,637740913056231,True,True,,3.041363,637741046164340,474,136.149472,282.357928,133.108109,119.064973,27.143483
1297,06e9e5b9,Cam góc rộng toàn sân,473,39887468676787,Robot_6868,True,1790072103750.727,False,3,5,4,1,637740763806412,637740882871385,637740899085180,7.138751983642578,11.419338,8.412799835205078,59.007134,118.596548,0.216852,637740902974846,True,True,,3.889666,637741046160996,474,147.075816,282.354584,143.18615,119.064973,16.213795
1297,06e9e5b9,Cam góc rộng toàn sân,473,70711888968577,Robot_28100,False,1790072103750.727,False,3,5,4,1,637740763806412,637740882871385,637740937417211,14.868415832519531,14.869316,8.412799835205078,59.007134,118.596548,0.216852,637740941829903,True,True,,4.412692,637741046155386,474,108.738175,282.348974,104.325483,119.064973,54.545826
1297,e0606b55,Cam hướng ra cửa,761,259797768333273,Robot_6868,False,1790072115671.431,False,2,2,2,0,637752684510948,637752716835022,637752758446508,11.957023620605469,11.910147,10.957280158996582,46.152893,31.70821,0.306779,637752762962862,True,True,,4.516354,637752966512796,762,208.066288,282.001848,203.549934,32.324074,41.611486
1297,e0606b55,Cam hướng ra cửa,1046,259797768333273,Robot_6868,False,1790072127675.135,False,2,2,2,0,637764688215568,637764780272042,637764810889868,10.894047737121582,10.683513,8.172703742980957,44.535786,91.456219,0.267505,637764824730077,True,True,,13.840209,637764970090307,1047,159.200439,281.874739,145.36023,92.056474,30.617826
1297,e0606b55,Cam hướng ra cửa,1142,259797768333273,Robot_6868,False,1790072131681.411,False,2,2,2,0,637768694491388,637768732879412,637768758143774,9.972160339355469,9.942108,8.112704277038574,38.535928,37.556277,0.26351,637768771331945,True,True,,13.188171,637768976202565,1143,218.058791,281.711177,204.87062,38.388024,25.264362
1297,e0606b55,Cam hướng ra cửa,1471,259797768333273,Robot_6868,False,1790072145675.844,False,2,2,2,0,637782688923663,637782815567104,637782859698461,18.21990394592285,17.707464,10.732799530029297,48.776525,124.296937,0.494782,637782864223865,True,True,,4.525404,637782969944708,1472,110.246247,281.021045,105.720843,126.643441,44.131357
1297,b1269e28,Cam 4,1008,143948090256846,Robot_28100,True,1790072134244.559,False,4,8,6,1,637771257638474,637771338457184,637771456971899,13.337023735046387,14.175572,8.502335548400879,160.002561,79.962987,0.357722,637771464162268,True,True,,7.190369,637771538562246,1013,81.590347,280.923772,74.399978,80.81871,118.514715
1297,b1269e28,Cam 4,1008,5410850743960,Robot_28100,False,1790072134244.559,False,4,8,6,1,637771257638474,637771338457184,637771478960180,14.439104080200195,12.723472,8.502335548400879,160.002561,79.962987,0.357722,637771486018817,True,True,,7.058637,637771538555638,1013,59.595458,280.917164,52.536821,80.81871,140.502996
1297,06e9e5b9,Cam góc rộng toàn sân,808,190452056632062,Robot_2001,True,1790072117762.446,False,4,6,3,1,637754775526154,637754922898743,637754969784399,17.82419204711914,19.906877,8.147711753845215,68.464531,146.744755,0.229592,637754973508159,True,True,,3.72376,637755056410706,809,86.626307,280.884552,82.902547,147.372589,46.885656
1297,06e9e5b9,Cam góc rộng toàn sân,808,39887468676787,Robot_6868,True,1790072117762.446,False,4,6,3,1,637754775526154,637754922898743,637754945710180,13.202624320983887,15.166373,8.147711753845215,68.464531,146.744755,0.229592,637754949647869,True,True,,3.937689,637755056407198,809,110.697018,280.881044,106.759329,147.372589,22.811437
1297,06e9e5b9,Cam góc rộng toàn sân,808,70711888968577,Robot_28100,False,1790072117762.446,False,4,6,3,1,637754775526154,637754922898743,637754984350805,10.587648391723633,9.962989,8.147711753845215,68.464531,146.744755,0.229592,637754991269910,True,True,,6.919105,637755056401848,809,72.051043,280.875694,65.131938,147.372589,61.452062
1297,06e9e5b9,Cam góc rộng toàn sân,853,190452056632062,Robot_2001,True,1790072119763.892,False,4,6,4,1,637756776971529,637756793124709,637756842034399,13.241151809692383,13.005878,8.35308837890625,84.357427,15.696865,0.173757,637756847216697,True,True,,5.182298,637757057607113,854,215.572714,280.635584,210.390416,16.15318,48.90969
1297,06e9e5b9,Cam góc rộng toàn sân,853,39887468676787,Robot_6868,True,1790072119763.892,False,4,6,4,1,637756776971529,637756793124709,637756819417211,17.265472412109375,21.643556,8.35308837890625,84.357427,15.696865,0.173757,637756828586237,True,True,,9.169026,637757057601056,854,238.183845,280.629527,229.014819,16.15318,26.292502
1297,06e9e5b9,Cam góc rộng toàn sân,853,70711888968577,Robot_28100,False,1790072119763.892,False,4,6,4,1,637756776971529,637756793124709,637756860909399,12.094783782958984,13.423346,8.35308837890625,84.357427,15.696865,0.173757,637756865074715,True,True,,4.165316,637757057592756,854,196.683357,280.621227,192.518041,16.15318,67.78469
1297,e0606b55,Cam hướng ra cửa,1803,259797768333273,Robot_6868,False,1790072159672.597,False,2,2,2,0,637796685677477,637796735316877,637796762350805,10.457216262817383,10.091497,6.230976104736328,38.058466,49.025042,0.264246,637796773329072,True,True,,10.978267,637796966185737,1804,203.834932,280.50826,192.856665,49.6394,27.033928
1297,06e9e5b9,Cam góc rộng toàn sân,2238,190452056632062,Robot_2001,True,1790072177755.816,False,4,6,3,1,637814768896449,637814834312844,637814883624242,20.542335510253906,19.461656,8.70803165435791,67.747539,63.825573,1.130761,637814890080138,True,True,,6.455896,637815049271819,2239,165.647577,280.37537,159.191681,65.416395,49.311398
1297,06e9e5b9,Cam góc rộng toàn sân,2238,39887468676787,Robot_6868,True,1790072177755.816,False,4,6,3,1,637814768896449,637814834312844,637814854686742,10.705951690673828,13.716384,8.70803165435791,67.747539,63.825573,1.130761,637814862939487,True,True,,8.252745,637815049269001,2239,194.582259,280.372552,186.329514,65.416395,20.373898
1297,06e9e5b9,Cam góc rộng toàn sân,2238,70711888968577,Robot_28100,False,1790072177755.816,False,4,6,3,1,637814768896449,637814834312844,637814899085180,8.80297565460205,8.809008,8.70803165435791,67.747539,63.825573,1.130761,637814902041478,True,True,,2.956298,637815049264291,2239,150.179111,280.367842,147.222813,65.416395,64.772336
1297,06e9e5b9,Cam góc rộng toàn sân,1280,190452056632062,Robot_2001,True,1790072137753.852,False,4,6,3,1,637774766932061,637774903966068,637774943307836,7.788127899169922,8.490891,6.398848056793213,67.297187,136.532068,0.198446,637774948532982,True,True,,5.225146,637775047228894,1281,103.921058,280.296833,98.695912,137.034007,39.341768
1297,06e9e5b9,Cam góc rộng toàn sân,1280,39887468676787,Robot_6868,True,1790072137753.852,False,4,6,3,1,637774766932061,637774903966068,637774924276586,13.427264213562012,15.119313,6.398848056793213,67.297187,136.532068,0.198446,637774934546894,True,True,,10.270308,637775047225726,1281,122.94914,280.293665,112.678832,137.034007,20.310518
1297,06e9e5b9,Cam góc rộng toàn sân,1280,70711888968577,Robot_28100,False,1790072137753.852,False,4,6,3,1,637774766932061,637774903966068,637774963393774,14.666144371032715,14.160269,6.398848056793213,67.297187,136.532068,0.198446,637774971214374,True,True,,7.8206,637775047219956,1281,83.826182,280.287895,76.005582,137.034007,59.427706
1297,b1269e28,Cam 4,436,143948090256846,Robot_28100,True,1790072105649.098,False,4,8,4,1,637742662178271,637742752391713,637742921530492,11.090720176696777,10.611631,10.655584335327148,178.556239,89.58153,0.261725,637742930817797,True,True,,9.287305,637742941993945,441,20.463453,279.815674,11.176148,90.213442,169.138779
1297,b1269e28,Cam 4,436,210522476275567,Robot_2001,True,1790072105649.098,False,4,8,4,1,637742662178271,637742752391713,637742814393774,9.494272232055664,12.506236,10.655584335327148,178.556239,89.58153,0.261725,637742910016308,True,True,,95.622534,637742941988279,441,127.594505,279.810008,31.971971,90.213442,62.002061
1297,d1f37ed1,Cam hik 1,809,75633145492296,Robot_1,True,1790072117760.997,False,2,3,1,0,637754774076790,637754907446676,637754926081274,9.780896186828613,11.080832,8.332256317138672,24.664369,132.417588,0.48728,637754931974868,True,True,,5.893594,637755053675321,810,127.594047,279.598531,121.700453,133.369886,18.634598
1297,d1f37ed1,Cam hik 1,1335,75633145492296,Robot_1,True,1790072139750.626,False,1,2,2,0,637776763706079,637776832947306,637776864901586,19.384031295776367,19.389686,11.824416160583496,59.423868,68.495596,0.263782,637776874142993,True,True,,9.241407,637777043220855,1336,178.319269,279.514776,169.077862,69.241227,31.95428
1297,06e9e5b9,Cam góc rộng toàn sân,1234,190452056632062,Robot_2001,True,1790072135760.437,False,4,7,5,1,637772773517267,637772791884834,637772867721899,13.530879974365234,15.363513,14.013216018676758,110.373794,17.795868,0.231341,637772872403079,True,True,,4.68118,637773052813131,1235,185.091232,279.295864,180.410052,18.367567,75.837065
1297,06e9e5b9,Cam góc rộng toàn sân,1234,39887468676787,Robot_6868,True,1790072135760.437,False,4,7,5,1,637772773517267,637772791884834,637772847307836,20.355487823486328,17.751116,14.013216018676758,110.373794,17.795868,0.231341,637772851930073,True,True,,4.622237,637773052809992,1235,205.502156,279.292725,200.879919,18.367567,55.423002
1297,06e9e5b9,Cam góc rộng toàn sân,1187,190452056632062,Robot_2001,True,1790072133747.752,False,4,6,4,1,637770760832084,637770895435450,637770940800024,11.83836841583252,13.185628,9.450912475585938,88.716598,133.834173,0.39316,637770946880189,True,True,,6.080165,637771040124441,1188,99.324417,279.292357,93.244252,134.603366,45.364574
1297,06e9e5b9,Cam góc rộng toàn sân,1187,39887468676787,Robot_6868,True,1790072133747.752,False,4,6,4,1,637770760832084,637770895435450,637770919085180,13.72771167755127,16.971951,9.450912475585938,88.716598,133.834173,0.39316,637770927373265,True,True,,8.288085,637771040121505,1188,121.036325,279.289421,112.74824,134.603366,23.64973
1297,06e9e5b9,Cam góc rộng toàn sân,1234,70711888968577,Robot_28100,False,1790072135760.437,False,4,7,5,1,637772773517267,637772791884834,637772897425024,12.864640235900879,12.824247,14.013216018676758,110.373794,17.795868,0.231341,637772902287425,True,True,,4.862401,637773052803784,1235,155.37876,279.286517,150.516359,18.367567,105.54019
1297,06e9e5b9,Cam góc rộng toàn sân,1187,70711888968577,Robot_28100,False,1790072133747.752,False,4,6,4,1,637770760832084,637770895435450,637770979155492,23.147615432739258,23.138533,9.450912475585938,88.716598,133.834173,0.39316,637770984145679,True,True,,4.990187,637771040116059,1188,60.960567,279.283975,55.97038,134.603366,83.720042
1297,b1269e28,Cam 4,1100,5410850743960,Robot_28100,False,1790072138844.527,False,4,8,5,1,637775857606631,637775909131773,637776048815649,22.712223052978516,21.666697,7.126016139984131,148.766999,50.543366,0.408555,637776057796480,True,True,,8.980831,637776136604838,1105,87.789189,278.998207,78.808358,51.525142,139.683876
1297,b1269e28,Cam 4,1664,5410850743960,Robot_28100,False,1790072167047.555,False,4,8,6,1,637804060635239,637804130042215,637804262889868,11.374015808105469,11.370831,8.268192291259766,149.421103,67.812684,0.923286,637804267963069,True,True,,5.073201,637804339628769,1669,76.738901,278.99353,71.6657,69.406976,132.847653
1297,d1f37ed1,Cam hik 1,905,75633145492296,Robot_1,True,1790072121754.711,False,1,2,1,0,637758767791076,637758868248212,637758889491430,12.643232345581055,16.493355,6.567039966583252,28.769096,99.238766,0.201558,637758896944079,True,True,,7.452649,637759046748042,906,157.256612,278.956966,149.803963,100.457136,21.243218
1297,b1269e28,Cam 4,1436,143948090256846,Robot_28100,True,1790072155647.81,False,4,8,6,1,637792660889779,637792785663861,637792867022680,11.094176292419434,11.858348,6.334911823272705,124.043323,123.882358,0.333094,637792877801180,True,True,,10.7785,637792939579202,1441,72.556522,278.689423,61.778022,124.774082,81.358819
1297,b1269e28,Cam 4,1436,5410850743960,Robot_28100,False,1790072155647.81,False,4,8,6,1,637792660889779,637792785663861,637792890600805,12.555135726928711,12.409439,6.334911823272705,124.043323,123.882358,0.333094,637792900517463,True,True,,9.916658,637792939573000,1441,48.972195,278.683221,39.055537,124.774082,104.936944
1297,e0606b55,Cam hướng ra cửa,1189,259797768333273,Robot_6868,False,1790072133677.333,False,2,2,1,0,637770690413360,637770798456814,637770828257055,18.708831787109375,25.301311,10.35484790802002,38.644839,106.834625,0.299117,637770837074924,True,True,,8.817869,637770968965550,1190,140.708495,278.55219,131.890626,108.043454,29.800241
1297,e0606b55,Cam hướng ra cửa,1851,259797768333273,Robot_6868,False,1790072161681.982,False,2,2,1,0,637798695062143,637798695775406,637798719327368,11.289312362670898,17.629156,10.958784103393555,32.690898,0.212967,0.258742,637798728426572,True,True,,9.099204,637798973185414,1852,253.858046,278.123271,244.758842,0.713263,23.551962
1297,06e9e5b9,Cam góc rộng toàn sân,1759,190452056632062,Robot_2001,True,1790072157760.354,False,3,5,4,1,637794773434122,637794914722826,637794949366430,8.142016410827637,8.001682,6.634304046630859,67.70773,139.51012,1.397592,637794953389951,True,True,,4.023521,637795051485048,1760,102.118618,278.050926,98.095097,141.288704,34.643604
1297,06e9e5b9,Cam góc rộng toàn sân,1759,39887468676787,Robot_6868,True,1790072157760.354,False,3,5,4,1,637794773434122,637794914722826,637794933639868,11.734047889709473,15.078153,6.634304046630859,67.70773,139.51012,1.397592,637794941070373,True,True,,7.430505,637795051482162,1760,117.842294,278.04804,110.411789,141.288704,18.917042
1297,06e9e5b9,Cam góc rộng toàn sân,1759,70711888968577,Robot_28100,False,1790072157760.354,False,3,5,4,1,637794773434122,637794914722826,637794967538305,13.257280349731445,13.435039,6.634304046630859,67.70773,139.51012,1.397592,637794971735875,True,True,,4.19757,637795051476665,1760,83.93836,278.042543,79.74079,141.288704,52.815479
1297,b1269e28,Cam 4,1812,5410850743960,Robot_28100,False,1790072174444.378,False,4,8,5,1,637811457457876,637811530717494,637811661686742,21.25814437866211,20.72734,10.145407676696777,145.151078,72.422878,0.2651,637811675633262,True,True,,13.94652,637811735424904,1817,73.738162,277.967028,59.791642,73.259618,130.969248
1297,06e9e5b9,Cam góc rộng toàn sân,2094,190452056632062,Robot_2001,True,1790072171756.535,False,3,5,3,1,637808769615016,637808795487471,637808834905492,10.936639785766602,10.561372,13.300895690917969,70.901123,25.364733,0.197032,637808843424813,True,True,,8.519321,637809047439868,2095,212.534376,277.824852,204.015055,25.872455,39.418021
1297,06e9e5b9,Cam góc rộng toàn sân,2094,39887468676787,Robot_6868,True,1790072171756.535,False,3,5,3,1,637808769615016,637808795487471,637808819600805,10.143327713012695,19.058298,13.300895690917969,70.901123,25.364733,0.197032,637808823797262,True,True,,4.196457,637809047433871,2095,227.833066,277.818855,223.636609,25.872455,24.113334
1297,06e9e5b9,Cam góc rộng toàn sân,2094,70711888968577,Robot_28100,False,1790072171756.535,False,3,5,3,1,637808769615016,637808795487471,637808862194555,18.520320892333984,18.547761,13.300895690917969,70.901123,25.364733,0.197032,637808866328282,True,True,,4.133727,637809047426051,2095,185.231496,277.811035,181.097769,25.872455,66.707084
1297,e0606b55,Cam hướng ra cửa,1426,259797768333273,Robot_6868,False,1790072143674.791,False,2,2,2,0,637780687870684,637780735330051,637780760960180,9.893952369689941,9.563228,6.119647979736328,31.309757,46.869849,0.250983,637780766621885,True,True,,5.661705,637780965618186,1427,204.658006,277.747502,198.996301,47.459367,25.630129
1297,e0606b55,Cam hướng ra cửa,1710,259797768333273,Robot_6868,False,1790072155671.589,False,2,2,1,0,637792684668635,637792742674137,637792763085180,10.849727630615234,15.393754,7.535967826843262,29.393274,57.252911,0.352931,637792772061256,True,True,,8.976076,637792962342386,1711,199.257206,277.673751,190.28113,58.005502,20.411043
1297,06e9e5b9,Cam góc rộng toàn sân,760,190452056632062,Robot_2001,True,1790072115764.578,False,4,6,3,1,637752777657638,637752907252777,637752948608618,13.96947193145752,13.862111,9.31123161315918,66.004654,128.878852,0.369263,637752956991652,True,True,,8.383034,637753055092263,761,106.483645,277.434625,98.100611,129.595139,41.355841
1297,06e9e5b9,Cam góc rộng toàn sân,760,39887468676787,Robot_6868,True,1790072115764.578,False,4,6,3,1,637752777657638,637752907252777,637752928257055,11.022272109985352,14.673156,9.31123161315918,66.004654,128.878852,0.369263,637752934416128,True,True,,6.159073,637753055086507,761,126.829452,277.428869,120.670379,129.595139,21.004278
1297,06e9e5b9,Cam góc rộng toàn sân,760,70711888968577,Robot_28100,False,1790072115764.578,False,4,6,3,1,637752777657638,637752907252777,637752969657446,12.223711967468262,11.396022,9.31123161315918,66.004654,128.878852,0.369263,637752973266429,True,True,,3.608983,637753055078421,761,85.420975,277.420783,81.811992,129.595139,62.404669
1297,d1f37ed1,Cam hik 1,857,75633145492296,Robot_1,True,1790072119765.833,False,2,3,2,0,637756778913077,637756871104060,637756894557836,14.774592399597168,14.217746,7.655871868133545,42.94193,91.770245,0.164341,637756900741965,True,True,,6.184129,637757056030388,858,161.472552,277.117311,155.288423,92.190983,23.453776
1297,06e9e5b9,Cam góc rộng toàn sân,2286,190452056632062,Robot_2001,True,1790072179751.891,False,4,6,4,1,637816764970976,637816852083090,637816884108618,11.458944320678711,11.297843,5.844319820404053,67.532176,86.487822,0.304641,637816891372033,True,True,,7.263415,637817042061950,2287,157.953332,277.090974,150.689917,87.112114,32.025528
1297,b1269e28,Cam 4,1433,143948090256846,Robot_28100,True,1790072155523.043,False,4,8,5,1,637792536123033,637792567739278,637792666264868,18.235488891601562,18.11117,8.2892484664917,136.025699,30.949624,0.265088,637792673066231,True,True,,6.801363,637792813211446,1437,146.946578,277.088413,140.145215,31.616245,98.52559
1297,06e9e5b9,Cam góc rộng toàn sân,2286,39887468676787,Robot_6868,True,1790072179751.891,False,4,6,4,1,637816764970976,637816852083090,637816867850805,9.363615989685059,10.975015,5.844319820404053,67.532176,86.487822,0.304641,637816872516422,True,True,,4.665617,637817042055584,2287,174.204779,277.084608,169.539162,87.112114,15.767715
1297,b1269e28,Cam 4,1433,5410850743960,Robot_28100,False,1790072155523.043,False,4,8,5,1,637792536123033,637792567739278,637792684632055,11.30016040802002,11.295656,8.2892484664917,136.025699,30.949624,0.265088,637792703536226,True,True,,18.904171,637792813201586,1437,128.569531,277.078553,109.66536,31.616245,116.892777
1297,06e9e5b9,Cam góc rộng toàn sân,1854,190452056632062,Robot_2001,True,1790072161749.834,False,4,6,4,1,637798762914215,637798861505287,637798905639868,10.511520385742188,10.809921,9.130335807800293,86.650053,98.050077,0.240706,637798912497467,True,True,,6.857599,637799039990179,1855,134.350311,277.075964,127.492712,98.591072,44.134581
1297,06e9e5b9,Cam góc rộng toàn sân,2286,70711888968577,Robot_28100,False,1790072179751.891,False,4,6,4,1,637816764970976,637816852083090,637816903913305,11.300479888916016,12.021575,5.844319820404053,67.532176,86.487822,0.304641,637816908079649,True,True,,4.166344,637817042046842,2287,138.133537,277.075866,133.967193,87.112114,51.830215
1297,06e9e5b9,Cam góc rộng toàn sân,1854,39887468676787,Robot_6868,True,1790072161749.834,False,4,6,4,1,637798762914215,637798861505287,637798886491430,15.213695526123047,19.880881,9.130335807800293,86.650053,98.050077,0.240706,637798894589551,True,True,,8.098121,637799039983861,1855,153.492431,277.069646,145.39431,98.591072,24.986143
1297,06e9e5b9,Cam góc rộng toàn sân,1854,70711888968577,Robot_28100,False,1790072161749.834,False,4,6,4,1,637798762914215,637798861505287,637798927772680,15.024288177490234,13.989857,9.130335807800293,86.650053,98.050077,0.240706,637798934693177,True,True,,6.920497,637799039975545,1855,112.202865,277.06133,105.282368,98.591072,66.267393
1297,06e9e5b9,Cam góc rộng toàn sân,1902,190452056632062,Robot_2001,True,1790072163753.178,False,4,6,3,1,637800766258032,637800776835035,637800811108618,12.31987190246582,12.223965,8.127167701721191,63.149164,8.664064,1.396962,637800814863968,True,True,,3.75535,637801043179915,1903,232.071297,276.921883,228.315947,10.577003,34.273583
1297,06e9e5b9,Cam góc rộng toàn sân,1902,39887468676787,Robot_6868,True,1790072163753.178,False,4,6,3,1,637800766258032,637800776835035,637800794178930,8.751872062683105,12.663611,8.127167701721191,63.149164,8.664064,1.396962,637800798515064,True,True,,4.336134,637801043173781,1903,248.994851,276.915749,244.658717,10.577003,17.343895
1297,06e9e5b9,Cam góc rộng toàn sân,1902,70711888968577,Robot_28100,False,1790072163753.178,False,4,6,3,1,637800766258032,637800776835035,637800835053930,19.399967193603516,19.305244,8.127167701721191,63.149164,8.664064,1.396962,637800839925193,True,True,,4.871263,637801043165166,1903,208.111236,276.907134,203.239973,10.577003,58.218895
1297,e0606b55,Cam hướng ra cửa,2083,259797768333273,Robot_6868,False,1790072171672.767,False,2,2,2,0,637808685847069,637808794901832,637808824780492,8.718144416809082,8.65076,13.492735862731934,38.395033,107.649693,1.030407,637808833247448,True,True,,8.466956,637808962555153,2084,137.774661,276.708084,129.307705,109.054763,29.87866
1297,e0606b55,Cam hướng ra cửa,569,259797768333273,Robot_6868,False,1790072107687.931,False,2,2,1,0,637744701011147,637744765134324,637744792467992,13.615872383117676,22.776366,12.920703887939453,38.692704,63.412194,0.305032,637744803779568,True,True,,11.311576,637744977189489,570,184.721497,276.178342,173.409921,64.123177,27.333668
1297,b1269e28,Cam 4,1553,5410850743960,Robot_28100,False,1790072161525.812,False,4,8,6,1,637798538891405,637798542971965,637798647342992,11.84006404876709,11.185169,6.029056072235107,123.204155,3.519955,0.225969,637798656588741,True,True,,9.245749,637798814970719,1557,167.627727,276.079314,158.381978,4.08056,104.371027
1297,e0606b55,Cam hướng ra cửa,1991,259797768333273,Robot_6868,False,1790072167677.145,False,3,3,3,0,637804690225301,637804789682949,637804834663305,13.89680004119873,13.857123,8.243552207946777,53.628269,98.691884,0.360868,637804843328235,True,True,,8.66493,637804966254773,1992,131.591468,276.029472,122.926538,99.457648,44.980356
1297,e0606b55,Cam hướng ra cửa,1991,74312910012228,Robot_28100,False,1790072167677.145,False,3,3,3,0,637804690225301,637804789682949,637804804257055,5.22764778137207,7.79914,8.243552207946777,53.628269,98.691884,0.360868,637804810483050,True,True,,6.225995,637804966246443,1992,161.989388,276.021142,155.763393,99.457648,14.574106
1297,e0606b55,Cam hướng ra cửa,1758,259797768333273,Robot_6868,False,1790072157676.323,False,3,3,1,0,637794689402661,637794716046346,637794743780492,16.183744430541992,21.977503,11.125920295715332,32.191783,25.749605,0.363156,637794748215612,True,True,,4.43512,637794965337722,1759,221.55723,275.935061,217.12211,26.643685,27.734146
1297,06e9e5b9,Cam góc rộng toàn sân,1045,190452056632062,Robot_2001,True,1790072127756.456,False,4,6,4,1,637764769535690,637764863729382,637764902280492,11.224639892578125,11.1581,8.62883186340332,75.048338,93.623486,0.222944,637764906389254,True,True,,4.108762,637765045029493,1046,142.749001,275.493803,138.640239,94.193692,38.55111
1297,06e9e5b9,Cam góc rộng toàn sân,1045,39887468676787,Robot_6868,True,1790072127756.456,False,4,6,4,1,637764769535690,637764863729382,637764884022680,10.877408027648926,13.422716,8.62883186340332,75.048338,93.623486,0.222944,637764890819033,True,True,,6.796353,637765045025688,1046,161.003008,275.489998,154.206655,94.193692,20.293298
1297,06e9e5b9,Cam góc rộng toàn sân,1045,70711888968577,Robot_28100,False,1790072127756.456,False,4,6,4,1,637764769535690,637764863729382,637764918128149,11.44489574432373,10.660683,8.62883186340332,75.048338,93.623486,0.222944,637764924942337,True,True,,6.814188,637765045017279,1046,126.88913,275.481589,120.074942,94.193692,54.398767
1297,d1f37ed1,Cam hik 1,1383,75633145492296,Robot_1,True,1790072141758.06,False,1,2,1,0,637778771140371,637778821627961,637778848257055,14.960960388183594,21.792079,10.96787166595459,35.45673,49.891678,0.23962,637778856757791,True,True,,8.500736,637779046492122,1384,198.235067,275.351751,189.734331,50.48759,26.629094
1297,06e9e5b9,Cam góc rộng toàn sân,1328,190452056632062,Robot_2001,True,1790072139753.465,False,4,6,4,1,637776766544939,637776782515092,637776825393774,18.06003189086914,20.224438,8.70531177520752,84.663127,13.914623,1.65242,637776830911459,True,True,,5.517685,637777041895797,1329,216.502023,275.350858,210.984338,15.970153,42.878682
1297,06e9e5b9,Cam góc rộng toàn sân,1328,39887468676787,Robot_6868,True,1790072139753.465,False,4,6,4,1,637776766544939,637776782515092,637776799276586,7.509727954864502,12.188292,8.70531177520752,84.663127,13.914623,1.65242,637776804984984,True,True,,5.708398,637777041889095,1329,242.612509,275.344156,236.904111,15.970153,16.761494
1297,06e9e5b9,Cam góc rộng toàn sân,1328,70711888968577,Robot_28100,False,1790072139753.465,False,4,6,4,1,637776766544939,637776782515092,637776862878149,11.951711654663086,11.959049,8.70531177520752,84.663127,13.914623,1.65242,637776867142972,True,True,,4.264823,637777041880791,1329,179.002642,275.335852,174.737819,15.970153,80.363057
1297,e0606b55,Cam hướng ra cửa,1662,259797768333273,Robot_6868,False,1790072153679.869,False,3,3,2,0,637790692948666,637790777737809,637790815624242,11.646464347839355,11.646269,11.674304008483887,41.804985,84.121215,0.338993,637790819495703,True,True,,3.871461,637790967966561,1663,152.342319,275.017895,148.470858,84.789143,37.886433
1297,b1269e28,Cam 4,1236,195964480550089,Robot_1,True,1790072145644.568,False,4,8,5,1,637782657648107,637782815912854,637782866780492,12.662079811096191,11.75257,10.715423583984375,121.651343,157.168079,0.416761,637782876284392,True,True,,9.5039,637782932331898,1241,65.551406,274.683791,56.047506,158.264747,50.867638
1297,b1269e28,Cam 4,1236,143948090256846,Robot_28100,True,1790072145644.568,False,4,8,5,1,637782657648107,637782815912854,637782909717992,12.117952346801758,11.601336,10.715423583984375,121.651343,157.168079,0.416761,637782912772577,True,True,,3.054585,637782932326036,1241,22.608044,274.677929,19.553459,158.264747,93.805138
1297,b1269e28,Cam 4,1236,210522476275567,Robot_2001,True,1790072145644.568,False,4,8,5,1,637782657648107,637782815912854,637782891147680,14.576128005981445,14.493179,10.715423583984375,121.651343,157.168079,0.416761,637782897345456,True,True,,6.197776,637782932319889,1241,41.172209,274.671782,34.974433,158.264747,75.234826
1297,b1269e28,Cam 4,1236,243160032179633,Rack,True,1790072145644.568,False,4,8,5,1,637782657648107,637782815912854,637782847456274,20.403615951538086,26.997988,10.715423583984375,121.651343,157.168079,0.416761,637782853938810,True,True,,6.482536,637782932310604,1241,84.85433,274.662497,78.371794,158.264747,31.54342
1297,d1f37ed1,Cam hik 1,1575,75633145492296,Robot_1,True,1790072149751.883,False,1,2,2,0,637786764963307,637786806398472,637786824116430,7.450016021728516,10.51304,8.085408210754395,35.826102,40.670923,0.308509,637786832124034,True,True,,8.007604,637787039617010,1576,215.50058,274.653703,207.492976,41.435165,17.717958
1297,06e9e5b9,Cam góc rộng toàn sân,1615,190452056632062,Robot_2001,True,1790072151753.968,False,4,6,4,1,637788767047408,637788876239645,637788914249242,9.304160118103027,9.286818,7.7363200187683105,68.418329,106.894593,1.502086,637788917996377,True,True,,3.747135,637789041648439,1616,127.399197,274.601031,123.652062,109.192237,38.009597
1297,06e9e5b9,Cam góc rộng toàn sân,1615,39887468676787,Robot_6868,True,1790072151753.968,False,4,6,4,1,637788767047408,637788876239645,637788900913305,15.931136131286621,19.715754,7.7363200187683105,68.418329,106.894593,1.502086,637788904774131,True,True,,3.860826,637789041645559,1616,140.732254,274.598151,136.871428,109.192237,24.67366
1297,06e9e5b9,Cam góc rộng toàn sân,1615,70711888968577,Robot_28100,False,1790072151753.968,False,4,6,4,1,637788767047408,637788876239645,637788931210180,11.869248390197754,12.392886,7.7363200187683105,68.418329,106.894593,1.502086,637788934534732,True,True,,3.324552,637789041640425,1616,110.430245,274.593017,107.105693,109.192237,54.970535
1297,e0606b55,Cam hướng ra cửa,617,259797768333273,Robot_6868,False,1790072109675.94,False,2,2,1,0,637746689020281,637746720429865,637746743616430,9.752351760864258,17.583294,12.874079704284668,27.28934,30.832007,0.291992,637746747695865,True,True,,4.079435,637746963613289,618,219.996859,274.593008,215.917424,31.409584,23.186565
1297,d1f37ed1,Cam hik 1,1240,75633145492296,Robot_1,True,1790072135757.026,False,1,2,1,0,637772770106276,637772839088618,637772867553930,15.863679885864258,21.476991,8.488863945007324,32.772993,66.181246,1.504106,637772871841434,True,True,,4.287504,637773044399159,1241,176.845229,274.292883,172.557725,68.982342,28.465312
1297,06e9e5b9,Cam góc rộng toàn sân,949,190452056632062,Robot_2001,True,1790072123761.944,False,4,7,5,1,637760775023888,637760846954652,637760908522680,11.355744361877441,12.510156,9.360544204711914,93.732593,69.903531,0.567637,637760913117836,True,True,,4.595156,637761049299090,950,140.77641,274.275202,136.181254,71.930764,61.568028
1297,06e9e5b9,Cam góc rộng toàn sân,949,39887468676787,Robot_6868,True,1790072123761.944,False,4,7,5,1,637760775023888,637760846954652,637760889581274,11.911423683166504,11.87569,9.360544204711914,93.732593,69.903531,0.567637,637760895112959,True,True,,5.531685,637761049292910,950,159.711636,274.269022,154.179951,71.930764,42.626622
1297,06e9e5b9,Cam góc rộng toàn sân,949,70711888968577,Robot_28100,False,1790072123761.944,False,4,7,5,1,637760775023888,637760846954652,637760935284399,12.462944030761719,12.383529,9.360544204711914,93.732593,69.903531,0.567637,637760940675426,True,True,,5.391027,637761049284432,950,114.000033,274.260544,108.609006,71.930764,88.329747
1297,06e9e5b9,Cam góc rộng toàn sân,617,190452056632062,Robot_2001,True,1790072109769.473,False,4,6,3,1,637746782552523,637746930934251,637746970145727,13.912799835205078,13.962553,9.938591957092285,59.051875,147.855491,0.236292,637746974224494,True,True,,4.078767,637747056141375,618,85.995648,273.588852,81.916881,148.381728,39.211476
1297,06e9e5b9,Cam góc rộng toàn sân,617,39887468676787,Robot_6868,True,1790072109769.473,False,4,6,3,1,637746782552523,637746930934251,637746952387914,10.932000160217285,15.737254,9.938591957092285,59.051875,147.855491,0.236292,637746955834719,True,True,,3.446805,637747056138263,618,103.750349,273.58574,100.303544,148.381728,21.453663
1297,06e9e5b9,Cam góc rộng toàn sân,617,70711888968577,Robot_28100,False,1790072109769.473,False,4,6,3,1,637746782552523,637746930934251,637746985477758,10.815839767456055,10.864595,9.938591957092285,59.051875,147.855491,0.236292,637746989893734,True,True,,4.415976,637747056132599,618,70.654841,273.580076,66.238865,148.381728,54.543507
1297,d1f37ed1,Cam hik 1,1287,75633145492296,Robot_1,True,1790072137752.714,False,1,2,2,0,637774765794321,637774819916240,637774841632055,14.367327690124512,15.9932,6.862112045288086,36.673143,53.539302,0.226004,637774848521152,True,True,,6.889097,637775039190124,1288,197.558069,273.395803,190.668972,54.121919,21.715815
1297,e0606b55,Cam hướng ra cửa,2131,259797768333273,Robot_6868,False,1790072173691.833,False,3,3,3,0,637810704913019,637810774221790,637810816975805,9.987872123718262,9.989182,7.35587215423584,52.712063,68.616186,0.279614,637810826812092,True,True,,9.836287,637810977947117,2132,160.971312,273.034098,151.135025,69.308771,42.754015
1297,e0606b55,Cam hướng ra cửa,2131,71814450497889,Robot_28100,False,1790072173691.833,False,3,3,3,0,637810704913019,637810774221790,637810787030492,5.031199932098389,8.026755,7.35587215423584,52.712063,68.616186,0.279614,637810791421484,True,True,,4.390992,637810977938157,2132,190.907665,273.025138,186.516673,69.308771,12.808702
1297,d1f37ed1,Cam hik 1,1048,75633145492296,Robot_1,True,1790072127753.083,False,2,3,3,0,637764766162538,637764824975088,637764844964086,11.594911575317383,11.882322,7.717088222503662,64.624264,56.628365,1.804147,637764850972977,True,True,,6.008891,637765038786029,1049,193.821943,272.623491,187.813052,58.81255,19.988998
1297,e0606b55,Cam hướng ra cửa,2273,259797768333273,Robot_6868,False,1790072179677.326,False,2,2,1,0,637816690405720,637816767798534,637816786936742,12.282336235046387,14.666678,6.364096164703369,26.960638,76.922875,0.192584,637816794688402,True,True,,7.75166,637816962979525,2274,176.042783,272.573805,168.291123,77.392814,19.138208
1297,b1269e28,Cam 4,1636,5410850743960,Robot_28100,False,1790072165652.243,False,4,8,6,1,637802665323339,637802743123555,637802851772680,10.773823738098145,10.467143,7.5458879470825195,124.870524,76.96327,0.3067,637802857878840,True,True,,6.10616,637802937711296,1641,85.938616,272.387957,79.832456,77.800216,108.649125
1297,06e9e5b9,Cam góc rộng toàn sân,282,190452056632062,Robot_2001,True,1790072095767.219,False,3,5,4,1,637732780299326,637732824488729,637732870652563,14.357279777526855,13.429048,10.172608375549316,82.745909,43.48068,0.285958,637732877702898,True,True,,7.050335,637733052633055,283,181.980492,272.333729,174.930157,44.189403,46.163834
1297,06e9e5b9,Cam góc rộng toàn sân,282,39887468676787,Robot_6868,True,1790072095767.219,False,3,5,4,1,637732780299326,637732824488729,637732848712133,13.264512062072754,18.764193,10.172608375549316,82.745909,43.48068,0.285958,637732856069698,True,True,,7.357565,637733052630229,283,203.918096,272.330903,196.560531,44.189403,24.223404
1297,06e9e5b9,Cam góc rộng toàn sân,282,70711888968577,Robot_28100,False,1790072095767.219,False,3,5,4,1,637732780299326,637732824488729,637732902224828,15.387264251708984,14.612273,10.172608375549316,82.745909,43.48068,0.285958,637732907188456,True,True,,4.963628,637733052625288,283,150.40046,272.325962,145.436832,44.189403,77.736099
1297,e0606b55,Cam hướng ra cửa,952,259797768333273,Robot_6868,False,1790072123686.47,False,2,2,1,0,637760699549791,637760721333627,637760744112524,13.748224258422852,17.367972,8.254079818725586,28.960582,21.134295,0.318421,637760750204928,True,True,,6.092404,637760971637856,953,227.525332,272.088065,221.432928,21.783836,22.778897
1297,e0606b55,Cam hướng ra cửa,857,259797768333273,Robot_6868,False,1790072119680.285,False,2,2,2,0,637756693364547,637756788818087,637756829358618,14.770527839660645,14.754878,9.201536178588867,47.21927,94.034159,0.492426,637756835897579,True,True,,6.538961,637756965287993,858,135.929375,271.923446,129.390414,95.45354,40.540531
1297,b1269e28,Cam 4,513,195964480550089,Robot_1,True,1790072109541.588,False,4,8,4,1,637746554667923,637746588747191,637746638454321,20.505023956298828,20.926281,8.028287887573242,124.476292,33.492743,0.292317,637746653239446,True,True,,14.785125,637746826543339,517,188.089018,271.875416,173.303893,34.079268,49.70713
1297,b1269e28,Cam 4,513,143948090256846,Robot_28100,True,1790072109541.588,False,4,8,4,1,637746554667923,637746588747191,637746705913305,23.851648330688477,24.035184,8.028287887573242,124.476292,33.492743,0.292317,637746713123121,True,True,,7.209816,637746826540329,517,120.627024,271.872406,113.417208,34.079268,117.166114
1297,b1269e28,Cam 4,513,210522476275567,Robot_2001,True,1790072109541.588,False,4,8,4,1,637746554667923,637746588747191,637746672450414,18.485631942749023,18.919323,8.028287887573242,124.476292,33.492743,0.292317,637746681642555,True,True,,9.192141,637746826534661,517,154.084247,271.866738,144.892106,34.079268,83.703223
1297,06e9e5b9,Cam góc rộng toàn sân,1998,190452056632062,Robot_2001,True,1790072167756.449,False,3,5,3,1,637804769528568,637804932375947,637804975639868,11.198944091796875,11.22704,10.417792320251465,75.784928,161.94697,0.380828,637804984323038,True,True,,8.68317,637805041219804,1999,65.579936,271.691236,56.896766,162.847379,43.263921
1297,06e9e5b9,Cam góc rộng toàn sân,1998,39887468676787,Robot_6868,True,1790072167756.449,False,3,5,3,1,637804769528568,637804932375947,637804955639868,11.727487564086914,18.422151,10.417792320251465,75.784928,161.94697,0.380828,637804964220240,True,True,,8.580372,637805041215830,1999,85.575962,271.687262,76.99559,162.847379,23.263921
1297,06e9e5b9,Cam góc rộng toàn sân,1998,70711888968577,Robot_28100,False,1790072167756.449,False,3,5,3,1,637804769528568,637804932375947,637804997225805,12.58732795715332,12.710958,10.417792320251465,75.784928,161.94697,0.380828,637805008151672,True,True,,10.925867,637805041203181,1999,43.977376,271.674613,33.051509,162.847379,64.849858
1297,06e9e5b9,Cam góc rộng toàn sân,665,190452056632062,Robot_2001,True,1790072111763.104,False,4,6,3,1,637748776184525,637748878808559,637748921464086,13.200544357299805,14.047167,12.777312278747559,68.7512,102.259015,0.140128,637748931218365,True,True,,9.754279,637749047699794,666,126.235708,271.515269,116.481429,102.624034,42.655527
1297,06e9e5b9,Cam góc rộng toàn sân,665,39887468676787,Robot_6868,True,1790072111763.104,False,4,6,3,1,637748776184525,637748878808559,637748902827368,9.847295761108398,18.588286,12.777312278747559,68.7512,102.259015,0.140128,637748907178585,True,True,,4.351217,637749047693643,666,144.866275,271.509118,140.515058,102.624034,24.018809
1297,06e9e5b9,Cam góc rộng toàn sân,665,70711888968577,Robot_28100,False,1790072111763.104,False,4,6,3,1,637748776184525,637748878808559,637748943860571,11.618528366088867,11.266965,12.777312278747559,68.7512,102.259015,0.140128,637748947494093,True,True,,3.633522,637749047685236,666,103.824665,271.500711,100.191143,102.624034,65.052012
1297,06e9e5b9,Cam góc rộng toàn sân,521,190452056632062,Robot_2001,True,1790072105757.565,False,3,5,3,1,637742770645351,637742931059570,637742973137914,16.422016143798828,14.843057,8.704192161560059,67.030758,159.893681,0.220851,637742978904509,True,True,,5.766595,637743041621859,522,68.483945,270.976508,62.71735,160.414219,42.078344
1297,06e9e5b9,Cam góc rộng toàn sân,521,39887468676787,Robot_6868,True,1790072105757.565,False,3,5,3,1,637742770645351,637742931059570,637742951290258,10.984640121459961,15.651717,8.704192161560059,67.030758,159.893681,0.220851,637742956383720,True,True,,5.093462,637743041619059,522,90.328801,270.973708,85.235339,160.414219,20.230688
1297,06e9e5b9,Cam góc rộng toàn sân,521,70711888968577,Robot_28100,False,1790072105757.565,False,3,5,3,1,637742770645351,637742931059570,637742993329321,12.924127578735352,13.352364,8.704192161560059,67.030758,159.893681,0.220851,637742997631539,True,True,,4.302218,637743041613839,522,48.284518,270.968488,43.9823,160.414219,62.269751
1297,e0606b55,Cam hướng ra cửa,334,259797768333273,Robot_6868,False,1790072097673.616,False,3,3,2,0,637734686695839,637734745815937,637734771780492,15.286527633666992,15.504984,10.040351867675781,49.041689,58.254314,0.382221,637734778471619,True,True,,6.691127,637734957623421,335,185.842929,270.927582,179.151802,59.120098,25.964555
1297,e0606b55,Cam hướng ra cửa,334,127755247658784,Robot_6868,False,1790072097673.616,False,3,3,2,0,637734686695839,637734745815937,637734787805883,7.95795202255249,8.568946,10.040351867675781,49.041689,58.254314,0.382221,637734794816100,True,True,,7.010217,637734957612394,335,169.806511,270.916555,162.796294,59.120098,41.989946
1297,e0606b55,Cam hướng ra cửa,1094,259797768333273,Robot_6868,False,1790072129680.223,False,2,2,1,0,637766693303111,637766841706978,637766860491430,9.723039627075195,10.361274,7.095104217529297,25.666298,147.890705,0.270166,637766867307194,True,True,,6.815764,637766963940161,1095,103.448731,270.63705,96.632967,148.403867,18.784452
1297,b1269e28,Cam 4,1264,210522476275567,Robot_2001,True,1790072147047.577,False,4,8,6,1,637784060656586,637784134401809,637784224362524,14.55504035949707,14.429456,12.842304229736328,251.748743,73.081214,0.315978,637784325080312,True,True,,100.717788,637784331193833,1269,106.831309,270.537247,6.113521,73.745223,89.960715
1297,d1f37ed1,Cam hik 1,761,75633145492296,Robot_1,True,1790072115770.096,False,2,3,1,0,637752783176017,637752827930994,637752858044164,19.208480834960938,24.490166,10.250720024108887,37.614698,43.703532,0.226832,637752865522607,True,True,,7.478443,637753053353502,762,195.309338,270.177485,187.830895,44.754977,30.11317
1297,e0606b55,Cam hướng ra cửa,429,259797768333273,Robot_6868,False,1790072101683.213,False,2,2,2,0,637738696292581,637738727678572,637738772946508,16.689632415771484,16.547767,9.980416297912598,50.276961,30.574091,0.431664,637738777881427,True,True,,4.934919,637738966452990,430,193.506482,270.160409,188.571563,31.385991,45.267936
1297,06e9e5b9,Cam góc rộng toàn sân,1140,190452056632062,Robot_2001,True,1790072131768.475,False,4,6,4,1,637768781555081,637768875162864,637768908479711,9.351936340332031,9.653335,6.3949761390686035,76.150556,91.650839,0.786113,637768914724833,True,True,,6.245122,637769051455028,1141,142.975317,269.899947,136.730195,93.607783,33.316847
1297,06e9e5b9,Cam góc rộng toàn sân,1140,39887468676787,Robot_6868,True,1790072131768.475,False,4,6,4,1,637768781555081,637768875162864,637768894503149,12.300576210021973,13.055493,6.3949761390686035,76.150556,91.650839,0.786113,637768898941473,True,True,,4.438324,637769051452174,1141,156.949025,269.897093,152.510701,93.607783,19.340285
1297,06e9e5b9,Cam góc rộng toàn sân,1140,70711888968577,Robot_28100,False,1790072131768.475,False,4,6,4,1,637768781555081,637768875162864,637768942405492,15.395263671875,15.09202,6.3949761390686035,76.150556,91.650839,0.786113,637768951155911,True,True,,8.750419,637769051446870,1141,109.041378,269.891789,100.290959,93.607783,67.242628
1297,e0606b55,Cam hướng ra cửa,2225,259797768333273,Robot_6868,False,1790072177682.015,False,2,2,1,0,637814695095144,637814725433057,637814747257055,14.148480415344238,15.177024,7.03331184387207,32.377136,29.891555,0.182554,637814757695718,True,True,,10.438663,637814964406235,2226,217.14918,269.311091,206.710517,30.337913,21.823998
1297,e0606b55,Cam hướng ra cửa,521,259797768333273,Robot_6868,False,1790072105685.564,False,2,2,1,0,637742698644487,637742798307497,637742905040258,95.77788543701172,96.75263,10.137887954711914,114.203651,99.126593,0.20817,637742912500241,True,True,,7.459983,637742966318518,522,61.27826,267.674031,53.818277,99.66301,106.732761
1297,e0606b55,Cam hướng ra cửa,1566,259797768333273,Robot_6868,False,1790072149688.504,False,2,2,1,0,637786701584228,637786778803751,637786799749242,10.312959671020508,15.358453,7.370783805847168,27.478566,76.678977,0.250676,637786806276724,True,True,,6.527482,637786969251886,1567,169.502644,267.667658,162.975162,77.219523,20.945491
1297,d1f37ed1,Cam hik 1,1623,75633145492296,Robot_1,True,1790072151763.319,False,1,2,1,0,637788776398824,637788817149801,637788843788305,18.76278305053711,20.106119,7.306975841522217,38.518271,40.229834,0.241783,637788855514667,True,True,,11.726362,637789044004956,1624,200.216651,267.606132,188.490289,40.750977,26.638504
1297,d1f37ed1,Cam hik 1,1000,75633145492296,Robot_1,True,1790072125763.129,False,2,3,2,0,637762776208575,637762809938487,637762829366430,13.01574420928955,13.040875,5.980735778808594,53.460667,32.705799,0.560764,637762837825798,True,True,,8.459368,637763043427054,1001,214.060624,267.218479,205.601256,33.729912,19.427943
1297,e0606b55,Cam hướng ra cửa,1614,259797768333273,Robot_6868,False,1790072151686.5,False,2,2,1,0,637788699579807,637788788672469,637788810507055,10.129728317260742,10.593957,10.72156810760498,28.36682,88.622438,0.22342,637788816941092,True,True,,6.434037,637788966486133,1615,155.979078,266.906326,149.545041,89.092662,21.834586
1297,e0606b55,Cam hướng ra cửa,1381,259797768333273,Robot_6868,False,1790072141687.004,False,2,2,1,0,637778700083645,637778712171248,637778735503149,13.993375778198242,17.855404,8.477151870727539,28.848817,11.698783,0.165914,637778740954705,True,True,,5.451556,637778965834913,1382,230.331764,265.751268,224.880208,12.087603,23.331901
1297,d1f37ed1,Cam hik 1,953,75633145492296,Robot_1,True,1790072123772.138,False,2,3,2,0,637760785217882,637760798438391,637760828608618,20.39232063293457,20.909581,8.691743850708008,61.562901,12.781093,0.164262,637760839298098,True,True,,10.68948,637761050640925,954,222.032307,265.423043,211.342827,13.220509,30.170227
1297,e0606b55,Cam hướng ra cửa,809,259797768333273,Robot_6868,False,1790072117691.343,False,2,2,2,0,637754704422479,637754811014812,637754852026586,12.947296142578125,12.095551,6.876287937164307,47.711885,106.047936,0.229623,637754858673300,True,True,,6.646714,637754969254215,810,117.227629,264.831736,110.580915,106.592333,41.011774
1297,b1269e28,Cam 4,1300,5410850743960,Robot_28100,False,1790072148847.102,False,4,8,5,1,637785860182083,637785927352391,637786064030492,19.81862449645996,20.581994,13.309215545654297,141.886805,66.774014,0.151022,637786069116406,True,True,,5.085914,637786124522464,1305,60.491972,264.340381,55.406058,67.170308,136.678101
1297,e0606b55,Cam hướng ra cửa,1899,259797768333273,Robot_6868,False,1790072163688.119,False,2,2,1,0,637800701198571,637800727543706,637800749046118,9.053407669067383,18.113175,6.744192123413086,27.744039,25.545015,0.335007,637800755237498,True,True,,6.19138,637800964859706,1900,215.813588,263.661135,209.622208,26.345135,21.502412
1297,d1f37ed1,Cam hik 1,1096,75633145492296,Robot_1,True,1790072129771.432,False,2,3,2,0,637766784511572,637766935855270,637766961901586,16.004640579223633,16.00468,9.279647827148438,48.902219,150.746863,0.268876,637766967974363,True,True,,6.072777,637767047588761,1097,85.687175,263.077189,79.614398,151.343698,26.046316
1297,b1269e28,Cam 4,1234,195964480550089,Robot_1,True,1790072145557.328,False,4,8,6,1,637782570407907,637782616663578,637782664639868,16.897632598876953,16.763052,6.785376071929932,130.028035,45.703013,0.190647,637782670240545,True,True,,5.600677,637782833385847,1237,168.745979,262.97794,163.145302,46.255671,47.97629
1297,b1269e28,Cam 4,1234,143948090256846,Robot_28100,True,1790072145557.328,False,4,8,6,1,637782570407907,637782616663578,637782716026586,17.47987174987793,15.752227,6.785376071929932,130.028035,45.703013,0.190647,637782721144972,True,True,,5.118386,637782833380197,1237,117.353611,262.97229,112.235225,46.255671,99.363008
1297,b1269e28,Cam 4,1234,210522476275567,Robot_2001,True,1790072145557.328,False,4,8,6,1,637782570407907,637782616663578,637782686311742,15.834176063537598,15.446503,6.785376071929932,130.028035,45.703013,0.190647,637782698350916,True,True,,12.039174,637782833374136,1237,147.062394,262.966229,135.02322,46.255671,69.648164
1297,b1269e28,Cam 4,1234,5410850743960,Robot_28100,False,1790072145557.328,False,4,8,6,1,637782570407907,637782616663578,637782734432836,13.054911613464355,12.968284,6.785376071929932,130.028035,45.703013,0.190647,637782738889929,True,True,,4.457093,637782833364385,1237,98.931549,262.956478,94.474456,46.255671,117.769258
1297,b1269e28,Cam 4,1024,5410850743960,Robot_28100,False,1790072135043.62,False,5,9,7,1,637772056699843,637772077216284,637772216596899,19.987712860107422,19.560752,10.609696388244629,256.354691,18.449103,1.680814,637772223488281,True,True,,6.891382,637772318247072,1028,101.650173,261.547229,94.758791,20.516441,139.380615
1297,e0606b55,Cam hướng ra cửa,2177,259797768333273,Robot_6868,False,1790072175705.051,False,2,2,1,0,637812718131333,637812747982019,637812770585180,14.516223907470703,17.230405,7.519904136657715,28.122119,29.299659,0.258002,637812776090472,True,True,,5.505292,637812979257605,2178,208.672425,261.126272,203.167133,29.850686,22.603161
1297,b1269e28,Cam 4,953,143948090256846,Robot_28100,True,1790072131523.65,False,4,8,6,1,637768536729655,637768555689741,637768653139868,13.84182357788086,13.490205,6.9034881591796875,138.845082,18.571482,0.160293,637768662019703,True,True,,8.879835,637768796582033,957,143.442165,259.852378,134.56233,18.960086,97.450127
1297,b1269e28,Cam 4,953,5410850743960,Robot_28100,False,1790072131523.65,False,4,8,6,1,637768536729655,637768555689741,637768671382055,9.130720138549805,9.119732,6.9034881591796875,138.845082,18.571482,0.160293,637768678645694,True,True,,7.263639,637768796566445,957,125.18439,259.83679,117.920751,18.960086,115.692314
1297,b1269e28,Cam 4,1264,195964480550089,Robot_1,True,1790072147047.577,False,4,8,6,1,637784060656586,637784134401809,637784195632055,15.145343780517578,15.250187,12.842304229736328,251.748743,73.081214,0.315978,637784209470244,True,True,,13.838189,637784318028247,1268,122.396192,257.371661,108.558003,73.745223,61.230246
1297,b1269e28,Cam 4,1555,143948090256846,Robot_28100,True,1790072161611.21,False,4,8,5,1,637798624290214,637798747296504,637798830014868,11.225855827331543,11.228693,8.347583770751953,114.100878,122.448658,0.263881,637798836973772,True,True,,6.958904,637798880696008,1560,50.68114,256.405794,43.722236,123.00629,82.718364
1297,b1269e28,Cam 4,1555,5410850743960,Robot_28100,False,1790072161611.21,False,4,8,5,1,637798624290214,637798747296504,637798854163305,16.091232299804688,17.012908,8.347583770751953,114.100878,122.448658,0.263881,637798861315475,True,True,,7.15217,637798880686403,1560,26.523098,256.396189,19.370928,123.00629,106.866801
1297,06e9e5b9,Cam góc rộng toàn sân,569,190452056632062,Robot_2001,True,1790072107772.235,False,4,6,4,1,637744785315073,637744882642597,637744924307836,11.0315523147583,10.672185,12.492768287658691,78.085358,96.787975,0.199933,637744932095542,True,True,,7.787706,637745041601420,570,117.293584,256.286347,109.505878,97.327524,41.665239
1297,06e9e5b9,Cam góc rộng toàn sân,569,39887468676787,Robot_6868,True,1790072107772.235,False,4,6,4,1,637744785315073,637744882642597,637744905432836,9.734527587890625,16.031117,12.492768287658691,78.085358,96.787975,0.199933,637744912965518,True,True,,7.532682,637745041596423,570,136.163587,256.28135,128.630905,97.327524,22.790239
1297,06e9e5b9,Cam góc rộng toàn sân,569,70711888968577,Robot_28100,False,1790072107772.235,False,4,6,4,1,637744785315073,637744882642597,637744953624242,10.939840316772461,10.78258,12.492768287658691,78.085358,96.787975,0.199933,637744960707458,True,True,,7.083216,637745041589093,570,87.964851,256.27402,80.881635,97.327524,70.981645
1297,06e9e5b9,Cam góc rộng toàn sân,997,39887468676787,Robot_6868,True,1790072125772.121,False,3,5,3,1,637762785200762,637762979844922,637763005358618,16.782432556152344,21.139159,7.623424053192139,106.542538,193.914164,0.231055,637763021295297,True,True,,15.936679,637763040759823,998,35.401205,255.559061,19.464526,194.64416,25.513696
1297,b1269e28,Cam 4,1073,143948090256846,Robot_28100,True,1790072137524.128,False,4,8,6,1,637774537208015,637774544658643,637774650132055,15.219679832458496,16.375409,11.811871528625488,171.428018,6.782892,0.26204,637774663788921,True,True,,13.656866,637774785991143,1077,135.859088,248.783128,122.202222,7.450628,105.473412
1297,b1269e28,Cam 4,1073,5410850743960,Robot_28100,False,1790072137524.128,False,4,8,6,1,637774537208015,637774544658643,637774679171118,15.093695640563965,15.048608,11.811871528625488,171.428018,6.782892,0.26204,637774692446713,True,True,,13.275595,637774785984827,1077,106.813709,248.776812,93.538114,7.450628,134.512475
1297,b1269e28,Cam 4,1875,5410850743960,Robot_28100,False,1790072177612.069,False,4,8,5,1,637814625149388,637814704629196,637814822421118,14.013440132141113,14.00803,8.101568222045898,129.572952,77.888218,1.085374,637814834068472,True,True,,11.647354,637814872913320,1880,50.492202,247.763932,38.844848,79.479808,117.791922
1297,b1269e28,Cam 4,1114,195964480550089,Robot_1,True,1790072139561.714,False,5,9,7,1,637776574794160,637776612163606,637776673768774,18.764863967895508,18.757944,7.788576126098633,170.23684,36.60953,0.317047,637776686287081,True,True,,12.518307,637776819533361,1117,145.764587,244.739201,133.24628,37.369446,61.605168
1297,b1269e28,Cam 4,1114,143948090256846,Robot_28100,True,1790072139561.714,False,5,9,7,1,637776574794160,637776612163606,637776739342992,13.694080352783203,13.628119,7.788576126098633,170.23684,36.60953,0.317047,637776745023184,True,True,,5.680192,637776819527494,1117,80.184502,244.733334,74.50431,37.369446,127.179386
1297,b1269e28,Cam 4,1114,210522476275567,Robot_2001,True,1790072139561.714,False,5,9,7,1,637776574794160,637776612163606,637776717768774,31.10585594177246,30.014247,7.788576126098633,170.23684,36.60953,0.317047,637776725230708,True,True,,7.461934,637776819521386,1117,101.752612,244.727226,94.290678,37.369446,105.605168
1297,b1269e28,Cam 4,1114,5410850743960,Robot_28100,False,1790072139561.714,False,5,9,7,1,637776574794160,637776612163606,637776765811742,11.974431991577148,11.974923,7.788576126098633,170.23684,36.60953,0.317047,637776774546705,True,True,,8.734963,637776819509838,1117,53.698096,244.715678,44.963133,37.369446,153.648136
1297,b1269e28,Cam 4,1259,143948090256846,Robot_28100,True,1790072146805.09,False,4,8,5,1,637783818169804,637783901660587,637783995300024,16.43168067932129,17.705241,9.13212776184082,128.321339,82.826952,0.240077,637784010655567,True,True,,15.355543,637784061682770,1264,66.382746,243.512966,51.027203,83.490783,93.639437
1297,b1269e28,Cam 4,1259,5410850743960,Robot_28100,False,1790072146805.09,False,4,8,5,1,637783818169804,637783901660587,637784024585180,13.658880233764648,13.344992,9.13212776184082,128.321339,82.826952,0.240077,637784029905934,True,True,,5.320754,637784061677082,1264,37.091902,243.507278,31.771148,83.490783,122.924593
1297,b1269e28,Cam 4,394,195964480550089,Robot_1,True,1790072103560.521,False,4,8,4,1,637740573600476,637740608369393,637740654333227,11.032511711120605,10.896408,13.514176368713379,107.496651,34.37275,0.145184,637740661311269,True,True,,6.978042,637740816109411,397,161.776184,242.508935,154.798142,34.768917,45.963834
1297,b1269e28,Cam 4,394,143948090256846,Robot_28100,True,1790072103560.521,False,4,8,4,1,637740573600476,637740608369393,637740706524633,17.842336654663086,17.832223,13.514176368713379,107.496651,34.37275,0.145184,637740715676712,True,True,,9.152079,637740816106830,397,109.582197,242.506354,100.430118,34.768917,98.15524
1297,b1269e28,Cam 4,394,210522476275567,Robot_2001,True,1790072103560.521,False,4,8,4,1,637740573600476,637740608369393,637740681915258,20.273183822631836,20.088256,13.514176368713379,107.496651,34.37275,0.145184,637740688458673,True,True,,6.543415,637740816103742,397,134.188484,242.503266,127.645069,34.768917,73.545865
1297,b1269e28,Cam 4,674,195964480550089,Robot_1,True,1790072117568.219,False,4,8,4,1,637754581298851,637754620903875,637754667198461,13.057663917541504,13.180625,8.825728416442871,103.846256,38.381229,0.525025,637754673205216,True,True,,6.006755,637754823122512,677,155.924051,241.823661,149.917296,39.605024,46.294586
1297,b1269e28,Cam 4,674,143948090256846,Robot_28100,True,1790072117568.219,False,4,8,4,1,637754581298851,637754620903875,637754712339086,18.375232696533203,18.141833,8.825728416442871,103.846256,38.381229,0.525025,637754724644220,True,True,,12.305134,637754823119181,677,110.780095,241.82033,98.474961,39.605024,91.435211
1297,b1269e28,Cam 4,674,210522476275567,Robot_2001,True,1790072117568.219,False,4,8,4,1,637754581298851,637754620903875,637754686710180,12.868000030517578,12.608907,8.825728416442871,103.846256,38.381229,0.525025,637754693717033,True,True,,7.006853,637754823111207,677,136.401027,241.812356,129.394174,39.605024,65.806305
1297,b1269e28,Cam 4,1651,143948090256846,Robot_28100,True,1790072166418.046,False,4,8,5,1,637803431126242,637803512150863,637803621327368,19.247007369995117,19.906865,6.54099178314209,143.582734,80.00138,0.639725,637803631912737,True,True,,10.585369,637803672934540,1656,51.607172,241.808298,41.021803,81.024621,109.176505
1297,b1269e28,Cam 4,1651,5410850743960,Robot_28100,False,1790072166418.046,False,4,8,5,1,637803431126242,637803512150863,637803648124242,15.907360076904297,14.608619,6.54099178314209,143.582734,80.00138,0.639725,637803655714937,True,True,,7.590695,637803672928477,1656,24.804235,241.802235,17.21354,81.024621,135.973379
1297,b1269e28,Cam 4,1607,143948090256846,Robot_28100,True,1790072164206.855,False,4,8,6,1,637801219935096,637801253162447,637801424522680,14.778719902038574,15.244351,9.53219223022461,220.779423,32.449824,0.255888,637801429745643,True,True,,5.222963,637801461557957,1612,37.035277,241.622861,31.812314,33.227351,171.360233
1297,b1269e28,Cam 4,1607,5410850743960,Robot_28100,False,1790072164206.855,False,4,8,6,1,637801219935096,637801253162447,637801447960180,16.26416015625,18.008906,9.53219223022461,220.779423,32.449824,0.255888,637801454471977,True,True,,6.511797,637801461548594,1612,13.588414,241.613498,7.076617,33.227351,194.797733
1297,c7e22c1f,Cam mới,1068,116093134008527,Robot_28100,False,1790072126548.173,False,2,2,1,0,637763561253316,637763612180973,637763730538305,110.20783996582031,111.806104,7.665760040283203,123.560895,50.164067,0.316468,637763735658663,True,True,,5.120358,637763802759962,1074,72.221657,241.506646,67.101299,50.927657,118.357332
1297,b1269e28,Cam 4,1063,5410850743960,Robot_28100,False,1790072137009.714,False,5,9,6,1,637774022793893,637774100077421,637774226253149,12.183072090148926,12.183122,5.90880012512207,131.630047,76.483172,0.315556,637774231603329,True,True,,5.35018,637774263616299,1068,37.36315,240.822406,32.01297,77.283528,126.175728
1297,b1269e28,Cam 4,1395,5410850743960,Robot_28100,False,1790072153613.098,False,4,7,4,1,637790626177633,637790746686365,637790834272680,10.446111679077148,11.980302,6.512959957122803,98.524439,119.887101,0.292015,637790845165442,True,True,,10.892762,637790865930921,1400,31.658241,239.753288,20.765479,120.508732,87.586315
1297,b1269e28,Cam 4,1487,5410850743960,Robot_28100,False,1790072158209.631,False,4,8,5,1,637795222710960,637795305215779,637795431796118,17.263744354248047,16.851027,9.429887771606445,137.785083,81.006329,0.958498,637795442927327,True,True,,11.131209,637795462407635,1492,30.611517,239.696675,19.480308,82.504819,126.580339
1297,b1269e28,Cam 4,915,195964480550089,Robot_1,True,1790072129610.224,False,5,9,5,1,637766623303611,637766762039084,637766810635961,8.724224090576172,8.315471,11.870240211486816,111.350148,137.793733,0.586489,637766816983553,True,True,,6.347592,637766862298896,920,51.662935,238.995285,45.315343,138.735473,48.596877
1297,b1269e28,Cam 4,915,143948090256846,Robot_28100,True,1790072129610.224,False,5,9,5,1,637766623303611,637766762039084,637766848007055,14.565312385559082,13.415641,11.870240211486816,111.350148,137.793733,0.586489,637766852695654,True,True,,4.688599,637766862294081,920,14.287026,238.99047,9.598427,138.735473,85.967971
1297,b1269e28,Cam 4,915,210522476275567,Robot_2001,True,1790072129610.224,False,5,9,5,1,637766623303611,637766762039084,637766828757055,11.48639965057373,11.486864,11.870240211486816,111.350148,137.793733,0.586489,637766833191397,True,True,,4.434342,637766862284275,920,33.52722,238.980664,29.092878,138.735473,66.717971
1297,b1269e28,Cam 4,436,195964480550089,Robot_1,True,1790072105649.098,False,4,8,4,1,637742662178271,637742752391713,637742796280492,10.641695976257324,10.629657,10.655584335327148,178.556239,89.58153,0.261725,637742801648849,True,True,,5.368357,637742901019843,437,104.739351,238.841572,99.370994,90.213442,43.888779
1297,b1269e28,Cam 4,436,243160032179633,Rack,True,1790072105649.098,False,4,8,4,1,637742662178271,637742752391713,637742780567602,16.889568328857422,23.64224,10.655584335327148,178.556239,89.58153,0.261725,637742785415365,True,True,,4.847763,637742901013906,437,120.446304,238.835635,115.598541,90.213442,28.175889
1297,b1269e28,Cam 4,1474,195964480550089,Robot_1,True,1790072157566.14,False,4,8,5,1,637794579219616,637794596126370,637794652217992,10.874367713928223,11.600931,10.32703971862793,124.395853,15.820858,0.519898,637794659644127,True,True,,7.426135,637794817387161,1477,165.169169,238.167545,157.743034,16.906754,56.091622
1297,b1269e28,Cam 4,1474,143948090256846,Robot_28100,True,1790072157566.14,False,4,8,5,1,637794579219616,637794596126370,637794686710180,9.202655792236328,9.871727,10.32703971862793,124.395853,15.820858,0.519898,637794699086279,True,True,,12.376099,637794817382660,1477,130.67248,238.163044,118.296381,16.906754,90.58381
1297,b1269e28,Cam 4,1474,210522476275567,Robot_2001,True,1790072157566.14,False,4,8,5,1,637794579219616,637794596126370,637794670882055,10.252096176147461,11.069757,10.32703971862793,124.395853,15.820858,0.519898,637794676656729,True,True,,5.774674,637794817377538,1477,146.495483,238.157922,140.720809,16.906754,74.755685
1297,b1269e28,Cam 4,1474,5410850743960,Robot_28100,False,1790072157566.14,False,4,8,5,1,637794579219616,637794596126370,637794714342992,14.859231948852539,14.720953,10.32703971862793,124.395853,15.820858,0.519898,637794720440503,True,True,,6.097511,637794817369741,1477,103.026749,238.150125,96.929238,16.906754,118.216622
1297,b1269e28,Cam 4,995,195964480550089,Robot_1,True,1790072133610.416,False,4,8,5,1,637770623495681,637770768839925,637770811917211,13.880415916442871,13.866551,10.218879699707031,126.503935,144.591039,0.314378,637770822170512,True,True,,10.253301,637770861417865,1000,49.500654,237.922184,39.247353,145.344244,43.077286
1297,b1269e28,Cam 4,995,210522476275567,Robot_2001,True,1790072133610.416,False,4,8,5,1,637770623495681,637770768839925,637770837632055,15.241920471191406,14.581114,10.218879699707031,126.503935,144.591039,0.314378,637770847231961,True,True,,9.599906,637770861408424,1000,23.776369,237.912743,14.176463,145.344244,68.79213
1297,b1269e28,Cam 4,1673,143948090256846,Robot_28100,True,1790072167527.715,False,4,8,5,1,637804540794454,637804568457045,637804667569555,19.148223876953125,19.17277,8.916895866394043,146.557459,27.154673,0.192009,637804674914059,True,True,,7.344504,637804777759625,1677,110.19007,236.965171,102.845566,27.662591,99.11251
1297,b1269e28,Cam 4,1673,5410850743960,Robot_28100,False,1790072167527.715,False,4,8,5,1,637804540794454,637804568457045,637804702788305,27.67580795288086,27.679168,8.916895866394043,146.557459,27.154673,0.192009,637804714855652,True,True,,12.067347,637804777752701,1677,74.964396,236.958247,62.897049,27.662591,134.33126
1297,b1269e28,Cam 4,903,5410850743960,Robot_28100,False,1790072129020.559,False,5,9,7,1,637766033638697,637766098629604,637766209600805,12.269887924194336,11.833855,9.26358413696289,132.132558,63.723863,0.781286,637766221548565,True,True,,11.94776,637766267580681,908,57.979876,233.941984,46.032116,64.990907,110.971201
1297,b1269e28,Cam 4,1567,5410850743960,Robot_28100,False,1790072162218.6,False,4,8,6,1,637799231680294,637799323022485,637799438866430,18.50841522216797,18.445681,10.752032279968262,138.454198,89.651176,0.940709,637799447378543,True,True,,8.512113,637799465558131,1572,26.691701,233.877837,18.179588,91.342191,115.843945
1297,b1269e28,Cam 4,475,143948090256846,Robot_28100,True,1790072107618.157,False,4,8,6,1,637744631237503,637744756089996,637744853042211,18.626367568969727,19.40899,11.535103797912598,126.444286,123.969814,0.383557,637744859748819,True,True,,6.706608,637744864734213,480,11.692002,233.49671,4.985394,124.852493,96.952215
1297,b1269e28,Cam 4,1543,143948090256846,Robot_28100,True,1790072161014.266,False,4,8,5,1,637798027345501,637798131045237,637798211483618,16.104703903198242,16.104449,8.356608390808105,104.951361,103.31504,0.155254,637798216461104,True,True,,4.977486,637798258462562,1548,46.978944,231.117061,42.001458,103.699736,80.438381
1297,b1269e28,Cam 4,1543,5410850743960,Robot_28100,False,1790072161014.266,False,4,8,5,1,637798027345501,637798131045237,637798230702368,13.308863639831543,13.047762,8.356608390808105,104.951361,103.31504,0.155254,637798235905645,True,True,,5.203277,637798258453424,1548,27.751056,231.107923,22.547779,103.699736,99.657131
1297,b1269e28,Cam 4,1825,143948090256846,Robot_28100,True,1790072175143.941,False,4,8,6,1,637812157021120,637812216795177,637812342553930,23.50262451171875,23.583371,11.116255760192871,163.061751,58.454094,0.334897,637812347084831,True,True,,4.530901,637812385150370,1830,42.59644,228.12925,38.065539,59.774057,125.758753
1297,b1269e28,Cam 4,1825,5410850743960,Robot_28100,False,1790072175143.941,False,4,8,6,1,637812157021120,637812216795177,637812357194555,9.932479858398438,9.665077,11.116255760192871,163.061751,58.454094,0.334897,637812362948616,True,True,,5.754061,637812385137667,1830,27.943112,228.116547,22.189051,59.774057,140.399378
1297,b1269e28,Cam 4,1755,195964480550089,Robot_1,True,1790072171612.709,False,4,8,6,1,637808625789304,637808665040781,637808724561742,23.061983108520508,23.022457,10.999903678894043,130.344674,36.896166,1.848288,637808732073390,True,True,,7.511648,637808853327825,1757,128.766083,227.538521,121.254435,39.251477,59.520961
1297,b1269e28,Cam 4,1755,143948090256846,Robot_28100,True,1790072171612.709,False,4,8,6,1,637808625789304,637808665040781,637808756382055,8.405792236328125,8.29681,10.999903678894043,130.344674,36.896166,1.848288,637808763621804,True,True,,7.239749,637808853322483,1757,96.940428,227.533179,89.700679,39.251477,91.341274
1297,b1269e28,Cam 4,1755,210522476275567,Robot_2001,True,1790072171612.709,False,4,8,6,1,637808625789304,637808665040781,637808744335180,12.074591636657715,11.175817,10.999903678894043,130.344674,36.896166,1.848288,637808747739551,True,True,,3.404371,637808853317047,1757,108.981867,227.527743,105.577496,39.251477,79.294399
1297,b1269e28,Cam 4,1755,243160032179633,Rack,True,1790072171612.709,False,4,8,6,1,637808625789304,637808665040781,637808692124242,15.584575653076172,21.703398,10.999903678894043,130.344674,36.896166,1.848288,637808701347237,True,True,,9.222995,637808853310880,1757,161.186638,227.521576,151.963643,39.251477,27.083461
1297,b1269e28,Cam 4,1755,5410850743960,Robot_28100,False,1790072171612.709,False,4,8,6,1,637808625789304,637808665040781,637808779874242,15.467967987060547,16.068249,10.999903678894043,130.344674,36.896166,1.848288,637808783734752,True,True,,3.86051,637808853302017,1757,73.427775,227.512713,69.567265,39.251477,114.833461
1297,b1269e28,Cam 4,555,143948090256846,Robot_28100,True,1790072111613.198,False,4,8,6,1,637748626277732,637748751638632,637748844790258,16.367263793945312,14.801372,10.756159782409668,127.057997,124.547203,0.393452,637748850418615,True,True,,5.628357,637748852330602,560,7.540344,226.05287,1.911987,125.3609,93.151626
1297,b1269e28,Cam 4,555,210522476275567,Robot_2001,True,1790072111613.198,False,4,8,6,1,637748626277732,637748751638632,637748821048071,16.585472106933594,17.471173,10.756159782409668,127.057997,124.547203,0.393452,637748828166519,True,True,,7.118448,637748852324672,560,31.276601,226.04694,24.158153,125.3609,69.409439
1297,b1269e28,Cam 4,395,210522476275567,Robot_2001,True,1790072103617.861,False,4,8,6,1,637740630940704,637740784306668,637740837684789,12.188128471374512,12.175737,8.749567985534668,98.47614,152.632981,0.33591,637740843090522,True,True,,5.405733,637740856933372,400,19.248583,225.992668,13.84285,153.365964,53.378121
1297,b1269e28,Cam 4,856,5410850743960,Robot_28100,False,1790072126697.765,False,4,8,6,1,637763710844501,637763736201363,637763851846899,20.73206329345703,20.708255,12.333600044250488,133.094116,24.933528,0.169137,637763858957597,True,True,,7.110698,637763935684906,861,83.838007,224.840405,76.727309,25.356862,115.645536
1297,b1269e28,Cam 4,1089,143948090256846,Robot_28100,True,1790072138317.758,False,5,9,7,1,637775330838154,637775373939481,637775479155492,16.20902442932129,16.249063,9.081695556640625,161.700876,42.319189,0.332997,637775490766520,True,True,,11.611028,637775554030874,1093,74.875382,223.19272,63.264354,43.101327,105.216011
1297,b1269e28,Cam 4,1089,210522476275567,Robot_2001,True,1790072138317.758,False,5,9,7,1,637775330838154,637775373939481,637775456100805,9.931967735290527,10.095207,9.081695556640625,161.700876,42.319189,0.332997,637775462744261,True,True,,6.643456,637775554027189,1093,97.926384,223.189035,91.282928,43.101327,82.161324
1297,b1269e28,Cam 4,1089,5410850743960,Robot_28100,False,1790072138317.758,False,5,9,7,1,637775330838154,637775373939481,637775514007055,12.519552230834961,12.486765,9.081695556640625,161.700876,42.319189,0.332997,637775520568745,True,True,,6.56169,637775554020698,1093,40.013643,223.182544,33.451953,43.101327,140.067574
1297,b1269e28,Cam 4,849,143948090256846,Robot_28100,True,1790072126317.704,False,4,8,6,1,637763330784392,637763350021974,637763465932836,17.855199813842773,17.864808,10.699616432189941,179.469294,18.443423,0.317006,637763476487267,True,True,,10.554431,637763552314734,853,86.381898,221.530342,75.827467,19.237582,115.910862
1297,b1269e28,Cam 4,849,5410850743960,Robot_28100,False,1790072126317.704,False,4,8,6,1,637763330784392,637763350021974,637763500581274,23.015039443969727,23.789584,10.699616432189941,179.469294,18.443423,0.317006,637763509236069,True,True,,8.654795,637763552303434,853,51.72216,221.519042,43.067365,19.237582,150.5593
1297,b1269e28,Cam 4,1169,143948090256846,Robot_28100,True,1790072142318.075,False,5,9,7,1,637779331154799,637779358668578,637779461987524,24.373600006103516,24.498709,7.381984233856201,165.979593,26.196463,0.817809,637779472066448,True,True,,10.078924,637779551520267,1173,89.532743,220.365468,79.453819,27.513779,103.318946
1297,b1269e28,Cam 4,1169,5410850743960,Robot_28100,False,1790072142318.075,False,5,9,7,1,637779331154799,637779358668578,637779508639868,18.47337532043457,18.343292,7.381984233856201,165.979593,26.196463,0.817809,637779514697750,True,True,,6.057882,637779551510372,1173,42.870504,220.355573,36.812622,27.513779,149.97129
1297,b1269e28,Cam 4,453,143948090256846,Robot_28100,True,1790072106519.339,False,4,8,6,1,637743532418538,637743553991621,637743672932836,22.486080169677734,22.832607,14.893440246582031,167.309466,20.480605,0.643771,637743679640846,True,True,,6.70801,637743751768354,457,78.835518,219.349816,72.127508,21.573083,118.941215
1297,b1269e28,Cam 4,1727,5410850743960,Robot_28100,False,1790072170221.841,False,4,8,6,1,637807234920487,637807308168787,637807431022680,17.90108871459961,17.895511,10.965855598449707,144.416918,72.511623,0.264881,637807443306247,True,True,,12.283567,637807453918260,1732,22.89558,218.997773,10.612013,73.2483,122.853893
1297,b1269e28,Cam 4,257,143948090256846,Robot_28100,True,1790072096719.739,False,4,8,4,1,637733732818910,637733770812105,637733859951391,17.0828800201416,18.047504,13.16198444366455,94.116087,37.481808,0.230365,637733864877239,True,True,,4.925848,637733951101670,261,91.150279,218.28276,86.224431,37.993195,89.139286
1297,b1269e28,Cam 4,1328,5410850743960,Robot_28100,False,1790072150244.525,False,4,8,6,1,637787257604827,637787303152151,637787429811742,19.995967864990234,19.973451,6.315296173095703,149.159375,44.634239,0.374639,637787434945118,True,True,,5.133376,637787474989878,1332,45.178136,217.385051,40.04476,45.547324,126.659591
1297,b1269e28,Cam 4,1084,143948090256846,Robot_28100,True,1790072138037.682,False,5,8,5,1,637775050762426,637775101856829,637775209675024,15.232000350952148,15.068753,10.201279640197754,144.470936,50.456117,0.210853,637775224637845,True,True,,14.962821,637775267251701,1088,57.576677,216.489275,42.613856,51.094403,107.818195
1297,b1269e28,Cam 4,1084,5410850743960,Robot_28100,False,1790072138037.682,False,5,8,5,1,637775050762426,637775101856829,637775238034399,12.74614429473877,13.111679,10.201279640197754,144.470936,50.456117,0.210853,637775246299929,True,True,,8.26553,637775267241884,1088,29.207485,216.479458,20.941955,51.094403,136.17757
1297,b1269e28,Cam 4,1764,5410850743960,Robot_28100,False,1790072172036.355,False,4,8,5,1,637809049434843,637809107792132,637809234757055,19.632736206054688,19.014505,5.860703945159912,134.379592,57.801385,0.223725,637809242089358,True,True,,7.332303,637809265682412,1768,30.925357,216.247569,23.593054,58.357289,126.964923
1297,b1269e28,Cam 4,675,243160032179633,Rack,True,1790072117624.31,False,4,8,6,1,637754637389687,637754816906976,637754839690649,15.90294361114502,19.262378,6.402239799499512,105.899497,178.864103,0.320898,637754845270740,True,True,,5.580091,637754853500049,680,13.8094,216.110362,8.229309,179.517289,22.783673
1297,b1269e28,Cam 4,1380,143948090256846,Robot_28100,True,1790072152846.217,False,4,7,4,1,637789859297143,637789933062788,637790010811742,16.6876163482666,17.933052,11.950016021728516,106.109038,73.198718,0.27523,637790022409750,True,True,,11.598008,637790074847916,1384,64.036174,215.550773,52.438166,73.765645,77.748954
1297,b1269e28,Cam 4,1380,5410850743960,Robot_28100,False,1790072152846.217,False,4,7,4,1,637789859297143,637789933062788,637790034975805,12.250335693359375,11.811635,11.950016021728516,106.109038,73.198718,0.27523,637790039136766,True,True,,4.160961,637790074841898,1384,39.866093,215.544755,35.705132,73.765645,101.913017
1297,b1269e28,Cam 4,829,195964480550089,Robot_1,True,1790072125324.987,False,4,8,6,1,637762338066519,637762387271826,637762447729711,19.40435218811035,18.592211,9.537856101989746,142.858693,48.236044,0.492978,637762459357035,True,True,,11.627324,637762552940093,833,105.210382,214.873574,93.583058,49.205307,60.457885
1297,b1269e28,Cam 4,829,143948090256846,Robot_28100,True,1790072125324.987,False,4,8,6,1,637762338066519,637762387271826,637762495819555,18.226112365722656,19.958283,9.537856101989746,142.858693,48.236044,0.492978,637762501126681,True,True,,5.307126,637762552934429,833,57.114874,214.86791,51.807748,49.205307,108.547729
1297,b1269e28,Cam 4,829,210522476275567,Robot_2001,True,1790072125324.987,False,4,8,6,1,637762338066519,637762387271826,637762470760961,11.132415771484375,11.181641,9.537856101989746,142.858693,48.236044,0.492978,637762475581968,True,True,,4.821007,637762552928066,833,82.167105,214.861547,77.346098,49.205307,83.489135
1297,b1269e28,Cam 4,829,5410850743960,Robot_28100,False,1790072125324.987,False,4,8,6,1,637762338066519,637762387271826,637762511425024,9.801088333129883,9.618182,9.537856101989746,142.858693,48.236044,0.492978,637762517121601,True,True,,5.696577,637762552918980,833,41.493956,214.852461,35.797379,49.205307,124.153198
1297,b1269e28,Cam 4,1632,143948090256846,Robot_28100,True,1790072165439.18,False,4,8,5,1,637802452259868,637802503235137,637802618694555,23.6779842376709,23.657799,11.009407997131348,138.889262,50.239569,0.403282,637802623710537,True,True,,5.015982,637802666885857,1636,48.191302,214.625989,43.17532,50.975269,115.459418
1297,b1269e28,Cam 4,1632,5410850743960,Robot_28100,False,1790072165439.18,False,4,8,5,1,637802452259868,637802503235137,637802635335180,11.433952331542969,11.380769,11.009407997131348,138.889262,50.239569,0.403282,637802642063204,True,True,,6.728024,637802666876393,1636,31.541213,214.616525,24.813189,50.975269,132.100043
1297,b1269e28,Cam 4,320,143948090256846,Robot_28100,True,1790072099840.763,False,4,8,4,1,637736853843466,637736939134789,637737013315649,11.325504302978516,11.663255,7.338240146636963,78.975391,84.604568,0.268932,637737018070119,True,True,,4.75447,637737068379177,324,55.063528,214.535711,50.309058,85.291323,74.18086
1297,b1269e28,Cam 4,1614,5410850743960,Robot_28100,False,1790072164558.625,False,4,8,6,1,637801571704355,637801587194265,637801739858618,11.612704277038574,11.948583,11.18614387512207,170.418459,14.883819,0.250482,637801747330580,True,True,,7.471962,637801786020975,1618,46.162357,214.31662,38.690395,15.48991,152.664353
1297,b1269e28,Cam 4,1548,143948090256846,Robot_28100,True,1790072161244.134,False,4,8,6,1,637798257213740,637798314376028,637798406725805,12.30777645111084,14.475992,11.276127815246582,140.852338,56.399164,0.291809,637798417233515,True,True,,10.50771,637798471328340,1552,64.602535,214.1146,54.094825,57.162288,92.349777
1297,b1269e28,Cam 4,1548,5410850743960,Robot_28100,False,1790072161244.134,False,4,8,6,1,637798257213740,637798314376028,637798430725805,13.146016120910645,12.024354,11.276127815246582,140.852338,56.399164,0.291809,637798436647007,True,True,,5.921202,637798471315099,1552,40.589294,214.101359,34.668092,57.162288,116.349777
1297,b1269e28,Cam 4,1847,5410850743960,Robot_28100,False,1790072176196.952,False,4,8,6,1,637813210032385,637813251187199,637813375889868,23.67955207824707,23.305585,9.67750358581543,143.179686,36.11091,2.529226,637813385009593,True,True,,9.119725,637813423766185,1851,47.876317,213.7338,38.756592,41.154814,124.702669
1297,b1269e28,Cam 4,1133,143948090256846,Robot_28100,True,1790072140517.335,False,5,9,5,1,637777530415486,637777567593890,637777668069555,11.575743675231934,11.809298,8.272000312805176,129.297902,36.588711,0.284096,637777676214087,True,True,,8.144532,637777744097339,1137,76.027784,213.681853,67.883252,37.178404,100.475665
1297,b1269e28,Cam 4,1133,210522476275567,Robot_2001,True,1790072140517.335,False,5,9,5,1,637777530415486,637777567593890,637777647702368,15.228896141052246,15.092109,8.272000312805176,129.297902,36.588711,0.284096,637777655989937,True,True,,8.287569,637777744093573,1137,96.391205,213.678087,88.103636,37.178404,80.108478
1297,b1269e28,Cam 4,1133,5410850743960,Robot_28100,False,1790072140517.335,False,5,9,5,1,637777530415486,637777567593890,637777690241430,13.781248092651367,12.868265,8.272000312805176,129.297902,36.588711,0.284096,637777696863940,True,True,,6.62251,637777744084460,1137,53.84303,213.668974,47.22052,37.178404,122.64754
1297,b1269e28,Cam 4,1341,5410850743960,Robot_28100,False,1790072150918.697,False,4,7,4,1,637787931777337,637787959391407,637788070186742,22.225215911865234,23.215576,10.59171199798584,115.945158,26.642103,0.43462,637788075292983,True,True,,5.106241,637788144763251,1345,74.576509,212.985914,69.470268,27.61407,110.795335
1297,c7e22c1f,Cam mới,1915,116093134008527,Robot_28100,False,1790072160597.131,False,3,3,3,0,637797610210902,637797668512343,637797718866430,14.585951805114746,14.567168,16.35683250427246,70.726419,56.850664,0.862883,637797728195488,True,True,,9.329058,637797823013390,1920,104.14696,212.802488,94.817902,58.301441,50.354087
1297,b1269e28,Cam 4,1105,5410850743960,Robot_28100,False,1790072139121.863,False,4,8,6,1,637776134942919,637776138255453,637776250983618,11.31811237335205,11.150743,6.160416126251221,130.253322,2.543924,0.35893,637776260440984,True,True,,9.457366,637776347075006,1109,96.091388,212.132087,86.634022,3.312534,112.728165
1297,b1269e28,Cam 4,1701,5410850743960,Robot_28100,False,1790072168919.762,False,4,8,6,1,637805932842369,637805946756130,637806059296118,13.11622428894043,13.710954,6.599936008453369,138.62793,13.202811,0.253778,637806068898043,True,True,,9.601925,637806144614169,1705,85.318051,211.7718,75.716126,13.913761,112.539988
1297,b1269e28,Cam 4,1721,5410850743960,Robot_28100,False,1790072169916.045,False,4,8,6,1,637806929124620,637806958237317,637807073061742,13.16323184967041,12.345853,7.74179220199585,137.943189,28.223102,0.414044,637807084065201,True,True,,11.003459,637807140832032,1725,67.77029,211.707412,56.766831,29.112697,114.824425
1297,b1269e28,Cam 4,475,210522476275567,Robot_2001,True,1790072107618.157,False,4,8,6,1,637744631237503,637744756089996,637744824075414,12.688063621520996,12.894986,11.535103797912598,126.444286,123.969814,0.383557,637744833375260,True,True,,9.299846,637744842542795,478,18.467381,211.305292,9.167535,124.852493,67.985418
1297,b1269e28,Cam 4,1476,195964480550089,Robot_1,True,1790072157641.206,False,4,8,6,1,637794654286258,637794795110877,637794840780492,10.822239875793457,12.27815,11.151871681213379,119.517439,140.20785,0.218764,637794849840473,True,True,,9.059981,637794864106437,1480,23.325945,209.820179,14.265964,140.824619,45.669615
1297,b1269e28,Cam 4,1476,243160032179633,Rack,True,1790072157641.206,False,4,8,6,1,637794654286258,637794795110877,637794823749242,16.867359161376953,23.658711,11.151871681213379,119.517439,140.20785,0.218764,637794828337622,True,True,,4.58838,637794864094032,1480,40.34479,209.807774,35.75641,140.824619,28.638365
1297,b1269e28,Cam 4,596,210522476275567,Robot_2001,True,1790072113637.947,False,4,8,6,1,637750651026400,637750781128746,637750837272680,19.017536163330078,18.855836,7.487264156341553,121.588159,129.494434,0.242925,637750841687043,True,True,,4.414363,637750860789615,600,23.516935,209.763215,19.102572,130.102346,56.143934
1297,b1269e28,Cam 4,1395,143948090256846,Robot_28100,True,1790072153613.098,False,4,7,4,1,637790626177633,637790746686365,637790818288305,11.045791625976562,11.215342,6.512959957122803,98.524439,119.887101,0.292015,637790822065792,True,True,,3.777487,637790835823419,1399,17.535114,209.645786,13.757627,120.508732,71.60194
1297,b1269e28,Cam 4,1395,210522476275567,Robot_2001,True,1790072153613.098,False,4,7,4,1,637790626177633,637790746686365,637790798741430,18.84012794494629,18.814682,6.512959957122803,98.524439,119.887101,0.292015,637790806899354,True,True,,8.157924,637790835816851,1399,37.075421,209.639218,28.917497,120.508732,52.055065
1297,b1269e28,Cam 4,1784,5410850743960,Robot_28100,False,1790072173047.893,False,4,8,6,1,637810060973170,637810121606097,637810228757055,18.72265625,18.444361,11.627615928649902,128.333337,59.227983,0.569413,637810237704176,True,True,,8.947121,637810270536383,1788,41.779328,209.563213,32.832207,60.632927,107.150958
1297,b1269e28,Cam 4,1768,143948090256846,Robot_28100,True,1790072172250.956,False,4,8,6,1,637809264035705,637809321436781,637809415413305,12.728992462158203,12.710029,11.593536376953125,131.489605,56.404907,0.517789,637809423387174,True,True,,7.973869,637809473559311,1772,58.146006,209.523606,50.172137,57.401076,93.976524
1297,b1269e28,Cam 4,1768,5410850743960,Robot_28100,False,1790072172250.956,False,4,8,6,1,637809264035705,637809321436781,637809435421118,11.773152351379395,11.727036,11.593536376953125,131.489605,56.404907,0.517789,637809442945170,True,True,,7.524052,637809473549694,1772,38.128576,209.513989,30.604524,57.401076,113.984337
1297,b1269e28,Cam 4,1573,5410850743960,Robot_28100,False,1790072162523.082,False,4,8,6,1,637799536162165,637799545654370,637799665811742,15.648927688598633,15.46237,6.035840034484863,137.798426,7.521663,1.508735,637799673176341,True,True,,7.364599,637799745232174,1577,79.420432,209.070009,72.055833,9.492205,120.157372
1297,b1269e28,Cam 4,1453,5410850743960,Robot_28100,False,1790072156524.47,False,4,8,6,1,637793537549861,637793545587780,637793661233618,16.169952392578125,16.527783,10.992447853088379,133.178778,7.207873,0.293733,637793666479993,True,True,,5.246375,637793746545627,1457,85.312009,208.995766,80.065634,8.037919,115.645838
1297,b1269e28,Cam 4,1030,5410850743960,Robot_28100,False,1790072135356.85,False,4,8,6,1,637772369929891,637772417261312,637772532167211,24.794719696044922,24.928549,5.996384143829346,131.613727,45.873088,0.240676,637772538555540,True,True,,6.388329,637772578813916,1034,46.646705,208.884025,40.258376,47.331421,114.905899
1297,b1269e28,Cam 4,1761,143948090256846,Robot_28100,True,1790072171917.247,False,4,8,6,1,637808930326469,637808983550531,637809074171118,15.584320068359375,14.11813,10.259200096130371,124.121841,52.384695,0.373423,637809079334610,True,True,,5.163492,637809138858505,1765,64.687387,208.532036,59.523895,53.224062,90.620587
1297,b1269e28,Cam 4,1761,210522476275567,Robot_2001,True,1790072171917.247,False,4,8,6,1,637808930326469,637808983550531,637809043882055,12.41049575805664,12.135093,10.259200096130371,124.121841,52.384695,0.373423,637809058308522,True,True,,14.426467,637809138852042,1765,94.969987,208.525573,80.54352,53.224062,60.331524
1297,b1269e28,Cam 4,1761,5410850743960,Robot_28100,False,1790072171917.247,False,4,8,6,1,637808930326469,637808983550531,637809094366430,14.584383964538574,14.783496,10.259200096130371,124.121841,52.384695,0.373423,637809099613611,True,True,,5.247181,637809138840118,1765,44.473688,208.513649,39.226507,53.224062,110.815899
1297,b1269e28,Cam 4,516,243160032179633,Rack,True,1790072109634.881,False,4,8,6,1,637746647960864,637746801613164,637746836073461,18.938016891479492,28.578368,14.872032165527344,129.235863,153.237091,0.168257,637746841650645,True,True,,5.577184,637746856124391,520,20.05093,208.163527,14.473746,153.6523,34.460297
1297,b1269e28,Cam 4,825,143948090256846,Robot_28100,True,1790072125118.758,False,5,9,5,1,637762131837875,637762178452660,637762266491430,14.53769588470459,14.809436,8.910911560058594,118.005004,45.848479,0.283991,637762273768576,True,True,,7.277146,637762339945025,829,73.453595,208.10715,66.176449,46.614785,88.03877
1297,b1269e28,Cam 4,825,5410850743960,Robot_28100,False,1790072125118.758,False,5,9,5,1,637762131837875,637762178452660,637762287608618,13.546527862548828,12.379606,8.910911560058594,118.005004,45.848479,0.283991,637762296379055,True,True,,8.770437,637762339933085,829,52.324467,208.09521,43.55403,46.614785,109.155958
1297,b1269e28,Cam 4,1916,143948090256846,Robot_28100,True,1790072179643.124,False,4,8,5,1,637816656204275,637816741958245,637816830616430,14.961183547973633,14.866269,8.368512153625488,110.03487,84.88225,0.469284,637816835748021,True,True,,5.131591,637816864250908,1920,33.634478,208.046633,28.502887,85.75397,88.658185
1297,b1269e28,Cam 4,1916,210522476275567,Robot_2001,True,1790072179643.124,False,4,8,5,1,637816656204275,637816741958245,637816806835180,12.582783699035645,12.074933,8.368512153625488,110.03487,84.88225,0.469284,637816815403490,True,True,,8.56831,637816864247972,1920,57.412792,208.043697,48.844482,85.75397,64.876935
1297,b1269e28,Cam 4,1916,5410850743960,Robot_28100,False,1790072179643.124,False,4,8,5,1,637816656204275,637816741958245,637816846553930,10.018367767333984,10.165627,8.368512153625488,110.03487,84.88225,0.469284,637816851951554,True,True,,5.397624,637816864242332,1920,17.688402,208.038057,12.290778,85.75397,104.595685
1297,b1269e28,Cam 4,1321,143948090256846,Robot_28100,True,1790072149916.503,False,4,8,6,1,637786929582801,637786968802206,637787061139868,18.159008026123047,18.142422,9.619296073913574,127.227147,38.483245,0.322011,637787066068849,True,True,,4.928981,637787137586764,1325,76.446896,208.003963,71.517915,39.219405,92.337662
1297,b1269e28,Cam 4,1321,5410850743960,Robot_28100,False,1790072149916.503,False,4,8,6,1,637786929582801,637786968802206,637787076116430,9.851840019226074,9.828041,9.619296073913574,127.227147,38.483245,0.322011,637787086519775,True,True,,10.403345,637787137567561,1325,61.451131,207.98476,51.047786,39.219405,107.314224
1297,b1269e28,Cam 4,921,5410850743960,Robot_28100,False,1790072129920.39,False,5,9,7,1,637766933470246,637766964377765,637767089780492,15.744223594665527,15.295,9.770719528198242,146.38356,30.18912,0.269736,637767100114666,True,True,,10.334174,637767140835105,925,51.054613,207.364859,40.720439,30.907519,125.402727
1297,b1269e28,Cam 4,899,143948090256846,Robot_28100,True,1790072128814.971,False,4,8,5,1,637765828051284,637765876814020,637765985061742,15.78867244720459,16.622943,6.680255889892578,136.660885,48.094154,0.281938,637765990253695,True,True,,5.191953,637766035413975,903,50.352233,207.362691,45.16028,48.762736,108.247722
1297,b1269e28,Cam 4,899,5410850743960,Robot_28100,False,1790072128814.971,False,4,8,5,1,637765828051284,637765876814020,637766007327368,16.787296295166016,16.241507,6.680255889892578,136.660885,48.094154,0.281938,637766013444467,True,True,,6.117099,637766035406521,903,28.079153,207.355237,21.962054,48.762736,130.513348
1297,b1269e28,Cam 4,425,143948090256846,Robot_28100,True,1790072105124.654,False,4,8,6,1,637742137734334,637742175205010,637742255757055,14.862815856933594,15.114335,8.187264442443848,103.162791,36.892889,0.191491,637742260202366,True,True,,4.445311,637742345051268,429,89.294213,207.316934,84.848902,37.470676,80.552045
1297,b1269e28,Cam 4,465,143948090256846,Robot_28100,True,1790072107117.78,False,5,9,4,1,637744130859445,637744171116495,637744271073461,9.26028823852539,10.157201,10.630623817443848,104.059572,39.401989,0.414884,637744275137749,True,True,,4.064288,637744338153593,469,67.080132,207.294148,63.015844,40.25705,99.956966
1297,b1269e28,Cam 4,465,210522476275567,Robot_2001,True,1790072107117.78,False,5,9,4,1,637744130859445,637744171116495,637744250930883,22.322336196899414,22.051652,10.630623817443848,104.059572,39.401989,0.414884,637744260681124,True,True,,9.750241,637744338143616,469,87.212733,207.284171,77.462492,40.25705,79.814388
1297,b1269e28,Cam 4,1296,5410850743960,Robot_28100,False,1790072148641.169,False,4,8,6,1,637785654249347,637785707200163,637785818249242,10.218208312988281,10.77694,10.82044792175293,132.16649,52.314754,0.363167,637785822662461,True,True,,4.413219,637785861394335,1300,43.145093,207.144988,38.731874,52.950816,111.049079
1297,b1269e28,Cam 4,984,5410850743960,Robot_28100,False,1790072133043.762,False,4,8,6,1,637770056841981,637770115752360,637770225186742,16.191680908203125,15.897693,8.823871612548828,132.157962,58.403398,0.267883,637770232050436,True,True,,6.863694,637770263966827,988,38.780085,207.124846,31.916391,58.910379,109.434382
1297,b1269e28,Cam 4,444,143948090256846,Robot_28100,True,1790072106039.349,False,4,8,4,1,637743052428878,637743136585633,637743211341039,11.089856147766113,10.647738,6.523359775543213,83.878732,83.666205,0.214065,637743220391480,True,True,,9.050441,637743259550126,448,48.209087,207.121248,39.158646,84.156755,74.755406
1297,b1269e28,Cam 4,1555,210522476275567,Robot_2001,True,1790072161611.21,False,4,8,5,1,637798624290214,637798747296504,637798806842992,10.741215705871582,10.339697,8.347583770751953,114.100878,122.448658,0.263881,637798818612026,True,True,,11.769034,637798831255056,1559,24.412064,206.964842,12.64303,123.00629,59.546488
1297,b1269e28,Cam 4,1436,195964480550089,Robot_1,True,1790072155647.81,False,4,8,6,1,637792660889779,637792785663861,637792828007055,14.162367820739746,15.410477,6.334911823272705,124.043323,123.882358,0.333094,637792837126744,True,True,,9.119689,637792867327218,1440,39.320163,206.437439,30.200474,124.774082,42.343194
1297,b1269e28,Cam 4,1436,210522476275567,Robot_2001,True,1790072155647.81,False,4,8,6,1,637792660889779,637792785663861,637792849428930,11.170207977294922,12.028957,6.334911823272705,124.043323,123.882358,0.333094,637792854944174,True,True,,5.515244,637792867321331,1440,17.892401,206.431552,12.377157,124.774082,63.765069
1297,b1269e28,Cam 4,1868,5410850743960,Robot_28100,False,1790072177240.727,False,4,8,5,1,637814253806968,637814298942339,637814420866430,17.451871871948242,17.849178,7.85968017578125,130.016598,44.350553,0.288667,637814428542702,True,True,,7.676272,637814460170528,1872,39.304098,206.36356,31.627826,45.135371,121.924091
1297,b1269e28,Cam 4,967,143948090256846,Robot_28100,True,1790072132213.223,False,4,8,6,1,637769226302625,637769289649272,637769367628149,14.709792137145996,14.616905,8.093184471130371,126.320788,62.726964,0.264962,637769379848178,True,True,,12.220029,637769432553768,971,64.925619,206.251143,52.70559,63.346647,77.978877
1297,b1269e28,Cam 4,967,5410850743960,Robot_28100,False,1790072132213.223,False,4,8,6,1,637769226302625,637769289649272,637769393561742,13.393119812011719,12.844161,8.093184471130371,126.320788,62.726964,0.264962,637769400612293,True,True,,7.050551,637769432544313,971,38.982571,206.241688,31.93202,63.346647,103.91247
1297,b1269e28,Cam 4,288,143948090256846,Robot_28100,True,1790072098249.834,False,4,8,6,1,637735262913709,637735305774687,637735413976782,9.986016273498535,10.168032,8.095328330993652,137.034567,42.247746,0.252588,637735420030634,True,True,,6.053852,637735468763732,292,54.78695,205.850023,48.733098,42.860978,108.202095
1297,b1269e28,Cam 4,1349,5410850743960,Robot_28100,False,1790072151326.385,False,4,7,4,1,637788339464996,637788359267960,637788451991430,13.587871551513672,12.889787,12.223936080932617,103.716498,19.164436,0.216727,637788462842321,True,True,,10.850891,637788545233143,1353,93.241713,205.768147,82.390822,19.802964,92.72347
1297,b1269e28,Cam 4,1501,143948090256846,Robot_28100,True,1790072158925.168,False,4,8,5,1,637795938248264,637795965086760,637796066452368,20.434528350830078,21.315613,9.090911865234375,134.016206,26.211866,0.303513,637796074564294,True,True,,8.111926,637796143726486,1505,77.274118,205.478222,69.162192,26.838496,101.365608
1297,b1269e28,Cam 4,1501,5410850743960,Robot_28100,False,1790072158925.168,False,4,8,5,1,637795938248264,637795965086760,637796089225805,14.467007637023926,14.02045,9.090911865234375,134.016206,26.211866,0.303513,637796099031418,True,True,,9.805613,637796143720473,1505,54.494668,205.472209,44.689055,26.838496,124.139045
1297,b1269e28,Cam 4,1305,143948090256846,Robot_28100,True,1790072149109.703,False,4,8,6,1,637786122782737,637786165295900,637786253112524,15.19331169128418,15.926197,8.764608383178711,133.144267,41.658454,0.415171,637786261116497,True,True,,8.003973,637786327818376,1309,74.705852,205.035639,66.701879,42.513163,87.816624
1297,b1269e28,Cam 4,1305,5410850743960,Robot_28100,False,1790072149109.703,False,4,8,6,1,637786122782737,637786165295900,637786279303930,17.926015853881836,17.84249,8.764608383178711,133.144267,41.658454,0.415171,637786287121134,True,True,,7.817204,637786327809438,1309,48.505508,205.026701,40.688304,42.513163,114.00803
1297,b1269e28,Cam 4,1137,143948090256846,Robot_28100,True,1790072140729.482,False,5,9,7,1,637777742561801,637777770927435,637777862889868,11.448927879333496,12.271551,7.196544170379639,141.021269,27.487866,0.381023,637777870280409,True,True,,7.390541,637777947446202,1141,84.556334,204.884401,77.165793,28.365634,91.962433
1297,b1269e28,Cam 4,1137,5410850743960,Robot_28100,False,1790072140729.482,False,5,9,7,1,637777742561801,637777770927435,637777897428930,12.59017562866211,12.584021,7.196544170379639,141.021269,27.487866,0.381023,637777902690806,True,True,,5.261876,637777947438120,1141,50.00919,204.876319,44.747314,28.365634,126.501495
1297,b1269e28,Cam 4,956,143948090256846,Robot_28100,True,1790072131641.403,False,4,8,5,1,637768654482736,637768762867793,637768853659399,13.015551567077637,13.069794,8.934464454650879,112.204921,107.811734,0.214669,637768857916989,True,True,,4.25759,637768859218717,960,5.559318,204.735981,1.301728,108.385057,90.791606
1297,b1269e28,Cam 4,956,210522476275567,Robot_2001,True,1790072131641.403,False,4,8,5,1,637768654482736,637768762867793,637768833854711,18.845760345458984,19.106361,8.934464454650879,112.204921,107.811734,0.214669,637768840370943,True,True,,6.516232,637768859210661,960,25.35595,204.727925,18.839718,108.385057,70.986918
1297,b1269e28,Cam 4,844,5410850743960,Robot_28100,False,1790072126044.354,False,4,8,6,1,637763057434046,637763086512763,637763224866430,23.7992000579834,23.791097,13.837632179260254,162.224505,28.135961,0.38856,637763235438786,True,True,,10.572356,637763262121895,848,37.255465,204.687849,26.683109,29.078717,138.353667
1297,b1269e28,Cam 4,1561,5410850743960,Robot_28100,False,1790072161925.285,False,4,8,6,1,637798938364957,637798948264560,637799070319555,18.685823440551758,18.687876,6.5406718254089355,146.160811,9.037066,0.358466,637799078717674,True,True,,8.398119,637799142641089,1565,72.321534,204.276132,63.923415,9.899603,122.054995
1297,b1269e28,Cam 4,1441,143948090256846,Robot_28100,True,1790072155925.466,False,4,8,6,1,637792938545597,637792981009306,637793063046118,14.037952423095703,16.039006,6.509024143218994,119.346484,41.79929,0.252855,637793067352313,True,True,,4.306195,637793142564507,1445,79.518389,204.01891,75.212194,42.463709,82.036812
1297,b1269e28,Cam 4,1441,5410850743960,Robot_28100,False,1790072155925.466,False,4,8,6,1,637792938545597,637792981009306,637793080061742,12.270912170410156,12.128645,6.509024143218994,119.346484,41.79929,0.252855,637793085698267,True,True,,5.636525,637793142552510,1445,62.490768,204.006913,56.854243,42.463709,99.052436
1297,b1269e28,Cam 4,1912,143948090256846,Robot_28100,True,1790072179440.487,False,4,8,6,1,637816453567282,637816539463282,637816618186742,15.365376472473145,15.733088,6.480832099914551,126.407029,84.822529,0.446141,637816630908757,True,True,,12.722015,637816657483919,1916,39.297177,203.916637,26.575162,85.896,78.72346
1297,b1269e28,Cam 4,876,143948090256846,Robot_28100,True,1790072127648.38,False,4,8,5,1,637764661460004,637764739216170,637764837323461,9.653792381286621,10.197436,8.794591903686523,124.39552,77.039967,0.255565,637764843813117,True,True,,6.489656,637764865372830,880,28.049369,203.912826,21.559713,77.756166,98.107291
1297,b1269e28,Cam 4,1912,5410850743960,Robot_28100,False,1790072179440.487,False,4,8,6,1,637816453567282,637816539463282,637816647280492,16.078847885131836,13.660587,6.480832099914551,126.407029,84.822529,0.446141,637816655826717,True,True,,8.546225,637816657477290,1916,10.196798,203.910008,1.650573,85.896,107.81721
1297,b1269e28,Cam 4,876,210522476275567,Robot_2001,True,1790072127648.38,False,4,8,5,1,637764661460004,637764739216170,637764819995336,15.518303871154785,15.742295,8.794591903686523,124.39552,77.039967,0.255565,637764826807842,True,True,,6.812506,637764865369007,880,45.373671,203.909003,38.561165,77.756166,80.779166
1297,b1269e28,Cam 4,876,5410850743960,Robot_28100,False,1790072127648.38,False,4,8,5,1,637764661460004,637764739216170,637764856717992,11.745504379272461,12.660898,8.794591903686523,124.39552,77.039967,0.255565,637764863558616,True,True,,6.840624,637764865362643,880,8.644651,203.902639,1.804027,77.756166,117.501822
1297,b1269e28,Cam 4,1081,143948090256846,Robot_28100,True,1790072137916.208,False,4,8,6,1,637774929287941,637774971358390,637775063354711,9.522879600524902,8.758134,8.40015983581543,130.39686,41.368459,0.263223,637775067270883,True,True,,3.916172,637775133175156,1085,69.820445,203.887215,65.904273,42.070449,91.996321
1297,b1269e28,Cam 4,1081,210522476275567,Robot_2001,True,1790072137916.208,False,4,8,6,1,637774929287941,637774971358390,637775043436742,13.086400032043457,11.814211,8.40015983581543,130.39686,41.368459,0.263223,637775053594425,True,True,,10.157683,637775133168371,1085,89.731629,203.88043,79.573946,42.070449,72.078352
1297,b1269e28,Cam 4,1081,5410850743960,Robot_28100,False,1790072137916.208,False,4,8,6,1,637774929287941,637774971358390,637775082467992,14.756159782409668,15.014315,8.40015983581543,130.39686,41.368459,0.263223,637775090295153,True,True,,7.827161,637775133156709,1085,50.688717,203.868768,42.861556,42.070449,111.109602
1297,b1269e28,Cam 4,355,195964480550089,Robot_1,True,1790072101609.317,False,4,8,6,1,637738622396550,637738636189937,637738692618383,18.225215911865234,15.795348,9.282079696655273,139.174622,12.518551,0.631635,637738701743166,True,True,,9.124783,637738826066361,357,133.447978,203.669811,124.323195,13.793387,56.428446
1297,b1269e28,Cam 4,355,143948090256846,Robot_28100,True,1790072101609.317,False,4,8,6,1,637738622396550,637738636189937,637738742325414,14.061951637268066,13.944485,9.282079696655273,139.174622,12.518551,0.631635,637738748435464,True,True,,6.11005,637738826063608,357,83.738194,203.667058,77.628144,13.793387,106.135477
1297,b1269e28,Cam 4,355,210522476275567,Robot_2001,True,1790072101609.317,False,4,8,6,1,637738622396550,637738636189937,637738721092992,18.952287673950195,17.793013,9.282079696655273,139.174622,12.518551,0.631635,637738725946498,True,True,,4.853506,637738826060607,357,104.967615,203.664057,100.114109,13.793387,84.903055
1297,b1269e28,Cam 4,355,243160032179633,Rack,True,1790072101609.317,False,4,8,6,1,637738622396550,637738636189937,637738667569555,20.339008331298828,21.003129,9.282079696655273,139.174622,12.518551,0.631635,637738674116984,True,True,,6.547429,637738826054625,357,158.48507,203.658075,151.937641,13.793387,31.379618
1297,b1269e28,Cam 4,755,195964480550089,Robot_1,True,1790072121610.056,False,4,8,6,1,637758623135622,637758647307445,637758700827368,23.025888442993164,22.458942,9.583871841430664,127.837484,23.58974,0.215006,637758710734415,True,True,,9.907047,637758826671638,757,125.84427,203.536016,115.937223,24.171823,53.519923
1297,b1269e28,Cam 4,755,143948090256846,Robot_28100,True,1790072121610.056,False,4,8,6,1,637758623135622,637758647307445,637758747096899,11.71065616607666,13.058393,9.583871841430664,127.837484,23.58974,0.215006,637758753162992,True,True,,6.066093,637758826666008,757,79.569109,203.530386,73.503016,24.171823,99.789454
1297,b1269e28,Cam 4,755,210522476275567,Robot_2001,True,1790072121610.056,False,4,8,6,1,637758623135622,637758647307445,637758728073461,17.12486457824707,17.083027,9.583871841430664,127.837484,23.58974,0.215006,637758733820820,True,True,,5.747359,637758826659879,757,98.586418,203.524257,92.839059,24.171823,80.766016
1297,b1269e28,Cam 4,755,243160032179633,Rack,True,1790072121610.056,False,4,8,6,1,637758623135622,637758647307445,637758671901586,14.518143653869629,19.096949,9.583871841430664,127.837484,23.58974,0.215006,637758677565717,True,True,,5.664131,637758826647733,757,154.746147,203.512111,149.082016,24.171823,24.594141
1297,b1269e28,Cam 4,1792,143948090256846,Robot_28100,True,1790072173443.01,False,4,8,6,1,637810456089609,637810516211042,637810615710180,14.959648132324219,13.27978,8.47152042388916,151.585144,59.165751,0.412815,637810630903335,True,True,,15.193155,637810659575509,1796,43.865329,203.4859,28.672174,60.121433,99.499138
1297,b1269e28,Cam 4,1792,5410850743960,Robot_28100,False,1790072173443.01,False,4,8,6,1,637810456089609,637810516211042,637810645428930,14.24284839630127,14.225457,8.47152042388916,151.585144,59.165751,0.412815,637810651292215,True,True,,5.863285,637810659565611,1796,14.136681,203.476002,8.273396,60.121433,129.217888
1297,b1269e28,Cam 4,1196,195964480550089,Robot_1,True,1790072143644.953,False,4,8,5,1,637780658032718,637780786446389,637780839409399,20.035615921020508,18.200042,10.62393569946289,120.221062,127.528808,0.402387,637780844552114,True,True,,5.142715,637780861356454,1200,21.947055,203.323736,16.80434,128.413671,52.96301
1297,b1269e28,Cam 4,293,143948090256846,Robot_28100,True,1790072098522.526,False,4,8,6,1,637735535605587,637735549394139,637735661209203,13.597920417785645,13.405467,8.614815711975098,140.44275,12.361642,0.302697,637735666264375,True,True,,5.055172,637735738800053,297,77.59085,203.194466,72.535678,13.788552,111.815064
1297,b1269e28,Cam 4,933,143948090256846,Robot_28100,True,1790072130523.478,False,5,9,7,1,637767536558064,637767543819312,637767666925024,19.909696578979492,17.742231,6.186016082763672,174.919945,6.83796,0.167345,637767671562632,True,True,,4.637608,637767739730284,937,72.80526,203.17222,68.167652,7.261248,123.105712
1297,b1269e28,Cam 4,933,5410850743960,Robot_28100,False,1790072130523.478,False,5,9,7,1,637767536558064,637767543819312,637767703518774,10.34943962097168,10.350838,6.186016082763672,174.919945,6.83796,0.167345,637767708925102,True,True,,5.406328,637767739721223,937,36.202449,203.163159,30.796121,7.261248,159.699462
1297,b1269e28,Cam 4,1669,143948090256846,Robot_28100,True,1790072167325.415,False,4,8,6,1,637804338494720,637804373017663,637804451764868,15.71571159362793,15.713148,9.583647727966309,125.376762,33.85376,0.239259,637804460698464,True,True,,8.933596,637804541585564,1673,89.820696,203.090844,80.8871,34.522943,78.747205
1297,b1269e28,Cam 4,1669,5410850743960,Robot_28100,False,1790072167325.415,False,4,8,6,1,637804338494720,637804373017663,637804477038305,16.12214469909668,16.136616,9.583647727966309,125.376762,33.85376,0.239259,637804484743605,True,True,,7.7053,637804541579656,1673,64.541351,203.084936,56.836051,34.522943,104.020642
1297,b1269e28,Cam 4,1201,143948090256846,Robot_28100,True,1790072143931.676,False,4,8,6,1,637780944756210,637780980493990,637781069589086,19.8143367767334,21.882604,11.19603157043457,126.487679,33.65141,1.555839,637781075475862,True,True,,5.886776,637781147513333,1205,77.924247,202.757123,72.037471,35.73778,89.095096
1297,b1269e28,Cam 4,1201,5410850743960,Robot_28100,False,1790072143931.676,False,4,8,6,1,637780944756210,637780980493990,637781090854711,14.50550365447998,14.963811,11.19603157043457,126.487679,33.65141,1.555839,637781097661208,True,True,,6.806497,637781147502297,1205,56.647586,202.746087,49.841089,35.73778,110.360721
1297,b1269e28,Cam 4,1689,143948090256846,Robot_28100,True,1790072168324.006,False,4,8,5,1,637805337085546,637805375183379,637805460155492,16.742015838623047,16.593419,8.190815925598145,104.49733,37.508385,0.255797,637805464415715,True,True,,4.260223,637805539757455,1693,79.601963,202.671909,75.34174,38.097833,84.972113
1297,b1269e28,Cam 4,1689,5410850743960,Robot_28100,False,1790072168324.006,False,4,8,5,1,637805337085546,637805375183379,637805473038305,8.438464164733887,7.992591,8.190815925598145,104.49733,37.508385,0.255797,637805479562307,True,True,,6.524002,637805539751552,1693,66.713247,202.666006,60.189245,38.097833,97.854926
1297,b1269e28,Cam 4,1095,143948090256846,Robot_28100,True,1790072138595.226,False,4,8,6,1,637775608305801,637775645118063,637775767592992,24.677343368530273,24.283681,11.64243221282959,170.28193,36.315396,0.189351,637775776988194,True,True,,9.395202,637775810847334,1099,43.254342,202.541533,33.85914,36.812262,122.474929
1297,b1269e28,Cam 4,489,195964480550089,Robot_1,True,1790072108330.598,False,4,8,4,1,637745343677847,637745409504492,637745463907446,19.473119735717773,19.975546,11.081664085388184,105.301016,64.056547,1.373136,637745472739867,True,True,,8.832421,637745546216453,493,82.309007,202.538606,73.476586,65.826645,54.402954
1297,b1269e28,Cam 4,489,143948090256846,Robot_28100,True,1790072108330.598,False,4,8,4,1,637745343677847,637745409504492,637745508926977,10.345855712890625,9.420033,11.081664085388184,105.301016,64.056547,1.373136,637745514766418,True,True,,5.839441,637745546210652,493,37.283675,202.532805,31.444234,65.826645,99.422485
1297,b1269e28,Cam 4,1095,5410850743960,Robot_28100,False,1790072138595.226,False,4,8,6,1,637775608305801,637775645118063,637775786616430,9.37609577178955,9.281122,11.64243221282959,170.28193,36.315396,0.189351,637775796081916,True,True,,9.465486,637775810838073,1099,24.221643,202.532272,14.756157,36.812262,141.498367
1297,b1269e28,Cam 4,489,210522476275567,Robot_2001,True,1790072108330.598,False,4,8,4,1,637745343677847,637745409504492,637745488835180,15.73855972290039,15.85367,11.081664085388184,105.301016,64.056547,1.373136,637745498334458,True,True,,9.499278,637745546202887,493,57.367707,202.52504,47.868429,65.826645,79.330688
1297,b1269e28,Cam 4,1920,5410850743960,Robot_28100,False,1790072179850.315,False,4,8,6,1,637816863395095,637816919698818,637817022327368,11.306048393249512,12.435757,11.936800003051758,120.824394,55.771832,0.199753,637817028980059,True,True,,6.652691,637817065872809,1924,43.545441,202.477714,36.89275,56.303723,102.62855
1297,b1269e28,Cam 4,1697,5410850743960,Robot_28100,False,1790072168718.586,False,4,8,5,1,637805731665775,637805753651716,637805862710180,10.952159881591797,11.204298,11.889535903930664,113.774692,21.311389,0.273612,637805867392381,True,True,,4.682201,637805933852553,1701,71.142373,202.186778,66.460172,21.985941,109.058464
1297,b1269e28,Cam 4,948,5410850743960,Robot_28100,False,1790072131242.431,False,4,8,6,1,637768255511294,637768291732574,637768435737524,18.59974479675293,19.004686,8.951264381408691,176.232865,35.601018,0.317612,637768447251687,True,True,,11.514163,637768457622909,952,21.885385,202.111615,10.371222,36.22128,144.00495
1297,b1269e28,Cam 4,821,143948090256846,Robot_28100,True,1790072124918.031,False,4,8,6,1,637761931111246,637761973451790,637762065858618,14.549887657165527,14.769568,12.198431968688965,132.916353,41.684861,0.239387,637762072044009,True,True,,6.185391,637762133196497,825,67.337879,202.085251,61.152488,42.340544,92.406828
1297,b1269e28,Cam 4,821,5410850743960,Robot_28100,False,1790072124918.031,False,4,8,6,1,637761931111246,637761973451790,637762081702368,9.432991981506348,9.110339,12.198431968688965,132.916353,41.684861,0.239387,637762088999257,True,True,,7.296889,637762133187467,825,51.485099,202.076221,44.18821,42.340544,108.250578
1297,b1269e28,Cam 4,536,143948090256846,Robot_28100,True,1790072110637.652,False,4,8,6,1,637747650731606,637747702360918,637747817704321,22.223295211791992,22.033808,7.706079959869385,155.230916,51.169873,0.189361,637747823353854,True,True,,5.649533,637747852734905,540,35.030584,202.003299,29.381051,51.629312,115.343403
1297,b1269e28,Cam 4,1705,143948090256846,Robot_28100,True,1790072169129.214,False,4,8,5,1,637806142294155,637806175267075,637806264811742,10.703359603881836,10.712822,12.727840423583984,118.300548,30.93658,1.628963,637806271866662,True,True,,7.05492,637806344049418,1709,79.237676,201.755263,72.182756,32.97292,89.544667
1297,b1269e28,Cam 4,1705,5410850743960,Robot_28100,False,1790072169129.214,False,4,8,5,1,637806142294155,637806175267075,637806285249242,13.171039581298828,11.572962,12.727840423583984,118.300548,30.93658,1.628963,637806293506530,True,True,,8.257288,637806344040078,1709,58.790836,201.745923,50.533548,32.97292,109.982167
1297,b1269e28,Cam 4,796,143948090256846,Robot_28100,True,1790072123644.356,False,4,8,4,1,637760657436004,637760747410711,637760840311742,15.772128105163574,15.708249,9.367936134338379,99.454398,88.970244,0.436893,637760846753926,True,True,,6.442184,637760859041487,800,18.729745,201.605483,12.287561,89.974707,92.901031
1297,b1269e28,Cam 4,796,210522476275567,Robot_2001,True,1790072123644.356,False,4,8,4,1,637760657436004,637760747410711,637760810620336,15.327903747558594,15.329117,9.367936134338379,99.454398,88.970244,0.436893,637760824165233,True,True,,13.544897,637760859032793,800,48.412457,201.596789,34.86756,89.974707,63.209625
1297,b1269e28,Cam 4,1059,143948090256846,Robot_28100,True,1790072136809.769,False,5,8,6,1,637773822849249,637773873220774,637773962475805,10.808671951293945,11.259414,9.982111930847168,138.620586,49.976452,0.145511,637773974725596,True,True,,12.249791,637774024147894,1063,61.672089,201.298645,49.422298,50.371525,89.255031
1297,b1269e28,Cam 4,1059,5410850743960,Robot_28100,False,1790072136809.769,False,5,8,6,1,637773822849249,637773873220774,637773986280492,10.64252758026123,10.153069,9.982111930847168,138.620586,49.976452,0.145511,637773992550072,True,True,,6.26958,637774024141086,1063,37.860594,201.291837,31.591014,50.371525,113.059718
1297,b1269e28,Cam 4,924,5410850743960,Robot_28100,False,1790072130045.49,False,4,8,5,1,637767058569806,637767110847557,637767213100805,13.574239730834961,14.655983,6.667967796325684,110.65494,51.045774,0.19502,637767221436777,True,True,,8.335972,637767259850720,928,46.749915,201.280914,38.413943,52.277751,102.253248
1297,b1269e28,Cam 4,1420,143948090256846,Robot_28100,True,1790072154844.639,False,4,8,5,1,637791857719368,637791919871327,637792026303930,26.31996726989746,25.726722,7.624639987945557,140.370925,61.439718,0.248285,637792035895324,True,True,,9.591394,637792058930369,1424,32.626439,201.211001,23.035045,62.151959,106.432603
1297,b1269e28,Cam 4,867,5410850743960,Robot_28100,False,1790072127197.481,False,5,9,5,1,637764210561027,637764227908987,637764368550024,22.549760818481445,22.357291,13.1975679397583,154.083132,16.531316,0.332623,637764381943701,True,True,,13.393677,637764411736940,871,43.186916,201.175913,29.793239,17.34796,140.641037
1297,b1269e28,Cam 4,771,143948090256846,Robot_28100,True,1790072122414.169,False,4,8,4,1,637759427249358,637759485440686,637759577151586,13.912128448486328,13.901575,11.839520454406738,96.8601,56.465439,1.143869,637759582169753,True,True,,5.018167,637759628405374,775,51.253788,201.156016,46.235621,58.191328,91.7109
1297,b1269e28,Cam 4,1835,5410850743960,Robot_28100,False,1790072175620.871,False,4,8,5,1,637812633951042,637812689476688,637812809561742,11.502752304077148,11.465092,10.50864028930664,124.677941,54.962484,0.307481,637812813919719,True,True,,4.357977,637812834909012,1839,25.34727,200.95797,20.989293,55.525646,120.085054
1297,b1269e28,Cam 4,1165,5410850743960,Robot_28100,False,1790072142119.086,False,4,8,5,1,637779132165526,637779134714347,637779256921118,23.27440071105957,22.541781,5.999904155731201,130.656199,1.68024,0.43454,637779265261963,True,True,,8.340845,637779332914968,1169,75.99385,200.749442,67.653005,2.548821,122.206771
1297,b1269e28,Cam 4,461,143948090256846,Robot_28100,True,1790072106918.482,False,5,9,6,1,637743931562315,637743978103506,637744063202368,15.330400466918945,16.539841,7.038015842437744,112.580847,46.053791,0.222092,637744069761561,True,True,,6.559193,637744132292801,465,69.090433,200.730486,62.53124,46.541191,85.098862
1297,b1269e28,Cam 4,943,5410850743960,Robot_28100,False,1790072131006.691,False,4,8,5,1,637768019770748,637768066986426,637768175565649,17.585472106933594,17.777697,5.705215930938721,116.705375,46.486764,0.353785,637768183634076,True,True,,8.068427,637768220437323,947,44.871674,200.666575,36.803247,47.215678,108.579223
1297,b1269e28,Cam 4,1812,143948090256846,Robot_28100,True,1790072174444.378,False,4,8,5,1,637811457457876,637811530717494,637811634272680,15.961088180541992,15.459415,10.145407676696777,145.151078,72.422878,0.2651,637811640236957,True,True,,5.964277,637811658100597,1816,23.827917,200.642721,17.86364,73.259618,103.555186
1297,b1269e28,Cam 4,1595,195964480550089,Robot_1,True,1790072163611.667,False,4,8,5,1,637800624746528,637800660698529,637800713725805,25.284000396728516,26.480847,5.8433918952941895,116.053232,35.086009,0.444064,637800721558688,True,True,,7.832883,637800825324623,1597,111.598818,200.578095,103.765935,35.952001,53.027276
1297,06e9e5b9,Cam góc rộng toàn sân,732,70711888968577,Robot_28100,False,1790072114804.52,False,4,7,5,1,637751817599854,637751871181529,637751989454321,18.208927154541016,18.219779,10.521280288696289,126.307707,53.140577,0.205195,637751997457258,True,True,,8.002937,637752018172851,737,28.71853,200.572997,20.715593,53.581675,118.272792
1297,b1269e28,Cam 4,1595,143948090256846,Robot_28100,True,1790072163611.667,False,4,8,5,1,637800624746528,637800660698529,637800750975805,9.732447624206543,9.488082,5.8433918952941895,116.053232,35.086009,0.444064,637800755878788,True,True,,4.902983,637800825319399,1597,74.343594,200.572871,69.440611,35.952001,90.277276
1297,b1269e28,Cam 4,1595,210522476275567,Robot_2001,True,1790072163611.667,False,4,8,5,1,637800624746528,637800660698529,637800737116430,15.309887886047363,13.029868,5.8433918952941895,116.053232,35.086009,0.444064,637800740644791,True,True,,3.528361,637800825314109,1597,88.197679,200.567581,84.669318,35.952001,76.417901
1297,b1269e28,Cam 4,1595,243160032179633,Rack,True,1790072163611.667,False,4,8,5,1,637800624746528,637800660698529,637800681624242,14.594240188598633,15.4251,5.8433918952941895,116.053232,35.086009,0.444064,637800686609937,True,True,,4.985695,637800825307790,1597,143.683548,200.561262,138.697853,35.952001,20.925713
1297,b1269e28,Cam 4,1595,5410850743960,Robot_28100,False,1790072163611.667,False,4,8,5,1,637800624746528,637800660698529,637800770639868,14.571167945861816,14.426177,5.8433918952941895,116.053232,35.086009,0.444064,637800776732660,True,True,,6.092792,637800825298700,1597,54.658832,200.552172,48.56604,35.952001,109.941339
1297,b1269e28,Cam 4,475,195964480550089,Robot_1,True,1790072107618.157,False,4,8,6,1,637744631237503,637744756089996,637744803479711,13.456159591674805,13.58117,11.535103797912598,126.444286,123.969814,0.383557,637744810990056,True,True,,7.510345,637744831758829,477,28.279118,200.521326,20.768773,124.852493,47.389715
1297,b1269e28,Cam 4,475,243160032179633,Rack,True,1790072107618.157,False,4,8,6,1,637744631237503,637744756089996,637744783751196,14.134367942810059,20.824673,11.535103797912598,126.444286,123.969814,0.383557,637744789662578,True,True,,5.911382,637744831745387,477,47.994191,200.507884,42.082809,124.852493,27.6612
1297,b1269e28,Cam 4,653,195964480550089,Robot_1,True,1790072116537.434,False,4,8,6,1,637753550513933,637753616666127,637753662581274,17.24073600769043,18.389606,6.800704002380371,111.606244,65.086597,0.470017,637753668037981,True,True,,5.456707,637753750903527,657,88.322253,200.389594,82.865546,66.152194,45.915147
1297,b1269e28,Cam 4,653,143948090256846,Robot_28100,True,1790072116537.434,False,4,8,6,1,637753550513933,637753616666127,637753701069555,11.886688232421875,13.2909,6.800704002380371,111.606244,65.086597,0.470017,637753705606300,True,True,,4.536745,637753750897281,657,49.827726,200.383348,45.290981,66.152194,84.403428
1297,b1269e28,Cam 4,653,210522476275567,Robot_2001,True,1790072116537.434,False,4,8,6,1,637753550513933,637753616666127,637753681311742,13.028160095214844,11.471103,6.800704002380371,111.606244,65.086597,0.470017,637753687528849,True,True,,6.217107,637753750887295,657,69.575553,200.373362,63.358446,66.152194,64.645615
1297,b1269e28,Cam 4,621,143948090256846,Robot_28100,True,1790072114926.26,False,4,8,6,1,637751939340430,637751997591514,637752089960180,13.337183952331543,13.354335,9.601920127868652,121.501797,57.237011,0.447552,637752099920012,True,True,,9.959832,637752139696032,625,49.735852,200.355602,39.77602,58.251084,92.368666
1297,b1269e28,Cam 4,621,210522476275567,Robot_2001,True,1790072114926.26,False,4,8,6,1,637751939340430,637751997591514,637752069928930,14.792896270751953,14.798732,9.601920127868652,121.501797,57.237011,0.447552,637752076305183,True,True,,6.376253,637752139690579,625,69.761649,200.350149,63.385396,58.251084,72.337416
1297,c7e22c1f,Cam mới,2312,116093134008527,Robot_28100,False,1790072176598.425,False,3,3,3,0,637813611504755,637813689844140,637813733225805,12.796799659729004,12.751525,11.129152297973633,59.137271,76.484164,1.569699,637813740959247,True,True,,7.733442,637813811839563,2316,78.613758,200.334808,70.880316,78.339385,43.381665
1297,b1269e28,Cam 4,1796,143948090256846,Robot_28100,True,1790072173645.049,False,4,8,5,1,637810658128646,637810754437321,637810843749242,23.03443145751953,22.768676,10.09164810180664,142.621114,95.501104,0.349658,637810853508185,True,True,,9.758943,637810858419068,1800,14.669826,200.290422,4.910883,96.308675,89.311921
1297,b1269e28,Cam 4,641,143948090256846,Robot_28100,True,1790072115928.14,False,4,8,6,1,637752941220045,637752973357259,637753052423071,14.329119682312012,13.999459,7.041344165802002,114.528564,29.656197,1.171193,637753060977391,True,True,,8.55432,637753141393381,645,88.97031,200.173336,80.41599,32.137214,79.065812
1297,b1269e28,Cam 4,616,143948090256846,Robot_28100,True,1790072114649.914,False,4,8,6,1,637751662994237,637751715784412,637751838813696,18.96143913269043,19.686542,12.641119956970215,155.30562,51.778788,0.393846,637751846741522,True,True,,7.927826,637751862936388,620,24.122692,199.942151,16.194866,52.790175,123.029284
1297,b1269e28,Cam 4,1208,5410850743960,Robot_28100,False,1790072144247.909,False,4,8,6,1,637781260989430,637781301223738,637781423909399,11.375904083251953,12.352243,10.090080261230469,144.021968,39.439186,0.283803,637781431976848,True,True,,8.067449,637781460701433,1212,36.792034,199.712003,28.724585,40.234308,122.685661
1297,b1269e28,Cam 4,976,5410850743960,Robot_28100,False,1790072132647.825,False,4,8,6,1,637769660904998,637769709989649,637769816589086,13.643232345581055,14.09615,10.094688415527344,132.239578,47.545884,0.786953,637769826182870,True,True,,9.593784,637769860548718,980,43.959632,199.64372,34.365848,49.084651,106.599437
1297,b1269e28,Cam 4,1221,143948090256846,Robot_28100,True,1790072144926.86,False,4,8,5,1,637781939939923,637781977482510,637782072225805,15.7042875289917,15.96634,10.12713623046875,129.728968,35.616631,1.563835,637782079909147,True,True,,7.683342,637782139387334,1225,67.161529,199.447411,59.478187,37.542587,94.743295
1297,b1269e28,Cam 4,1221,210522476275567,Robot_2001,True,1790072144926.86,False,4,8,5,1,637781939939923,637781977482510,637782047175024,11.730976104736328,12.701193,10.12713623046875,129.728968,35.616631,1.563835,637782055923501,True,True,,8.748477,637782139380832,1225,92.205808,199.440909,83.457331,37.542587,69.692514
1297,b1269e28,Cam 4,1221,5410850743960,Robot_28100,False,1790072144926.86,False,4,8,5,1,637781939939923,637781977482510,637782102374242,22.108320236206055,22.164352,10.12713623046875,129.728968,35.616631,1.563835,637782107188679,True,True,,4.814437,637782139367959,1225,36.993717,199.428036,32.17928,37.542587,124.891732
1297,b1269e28,Cam 4,1661,5410850743960,Robot_28100,False,1790072166933.835,False,4,8,5,1,637803946914895,637803950265531,637804058210180,19.004608154296875,18.846052,7.973728179931641,114.021672,1.882796,0.517509,637804064213339,True,True,,6.003159,637804146176528,1665,87.966348,199.261633,81.963189,3.350636,107.944649
1297,b1269e28,Cam 4,1154,195964480550089,Robot_1,True,1790072141564.113,False,4,8,6,1,637778577192948,637778603911222,637778657362524,15.468064308166504,15.470697,7.039711952209473,142.025622,25.45255,0.293983,637778663729447,True,True,,6.366923,637778776417508,1157,119.054984,199.22456,112.688061,26.718274,53.451302
1297,b1269e28,Cam 4,1154,143948090256846,Robot_28100,True,1790072141564.113,False,4,8,6,1,637778577192948,637778603911222,637778701237524,17.03830337524414,18.468183,7.039711952209473,142.025622,25.45255,0.293983,637778711960971,True,True,,10.723447,637778776414406,1157,75.176882,199.221458,64.453435,26.718274,97.326302
1297,b1269e28,Cam 4,1154,210522476275567,Robot_2001,True,1790072141564.113,False,4,8,6,1,637778577192948,637778603911222,637778675675024,11.608863830566406,11.608704,7.039711952209473,142.025622,25.45255,0.293983,637778682589782,True,True,,6.914758,637778776410859,1157,100.735835,199.217911,93.821077,26.718274,71.763802
1297,b1269e28,Cam 4,1154,5410850743960,Robot_28100,False,1790072141564.113,False,4,8,6,1,637778577192948,637778603911222,637778724143774,11.208255767822266,11.604216,7.039711952209473,142.025622,25.45255,0.293983,637778732600016,True,True,,8.456242,637778776402019,1157,52.258245,199.209071,43.802003,26.718274,120.232552
1297,b1269e28,Cam 4,1492,143948090256846,Robot_28100,True,1790072158447.818,False,4,8,6,1,637795460897980,637795513205444,637795598842992,10.70803165435791,12.135493,6.685279846191406,138.868681,51.292328,0.563443,637795616928147,True,True,,18.085155,637795660072921,1496,61.229929,199.174941,43.144774,52.307464,85.637548
1297,b1269e28,Cam 4,1492,5410850743960,Robot_28100,False,1790072158447.818,False,4,8,6,1,637795460897980,637795513205444,637795627553930,10.320768356323242,10.146537,6.685279846191406,138.868681,51.292328,0.563443,637795634121481,True,True,,6.567551,637795660066574,1496,32.512644,199.168594,25.945093,52.307464,114.348486
1297,b1269e28,Cam 4,1040,5410850743960,Robot_28100,False,1790072135849.734,False,4,8,5,1,637772862814447,637772902405574,637773011967992,12.84489631652832,13.311238,11.788288116455078,115.473658,38.739715,0.312323,637773017780127,True,True,,5.812135,637773061967016,1044,49.999024,199.152569,44.186889,39.591127,109.562418
1297,b1269e28,Cam 4,1004,5410850743960,Robot_28100,False,1790072134047.198,False,4,8,5,1,637771060277765,637771103106332,637771234120336,16.580448150634766,16.923596,11.30185604095459,140.711257,41.912186,0.282394,637771243346876,True,True,,9.22654,637771259423829,1008,25.303493,199.146064,16.076953,42.828567,131.014004
1297,b1269e28,Cam 4,980,5410850743960,Robot_28100,False,1790072132845.619,False,4,8,5,1,637769858698696,637769912268103,637770016202368,17.303295135498047,16.925755,7.660607814788818,110.553108,52.893568,0.311209,637770022803057,True,True,,6.600689,637770057805497,984,41.603129,199.106801,35.00244,53.569407,103.934265
1297,b1269e28,Cam 4,1100,143948090256846,Robot_28100,True,1790072138844.527,False,4,8,5,1,637775857606631,637775909131773,637776012737524,15.417728424072266,14.754317,7.126016139984131,148.766999,50.543366,0.408555,637776025825165,True,True,,13.087641,637776056659743,1104,43.922219,199.053112,30.834578,51.525142,103.605751
1297,b1269e28,Cam 4,1124,143948090256846,Robot_28100,True,1790072140041.593,False,5,9,5,1,637777054673258,637777125667390,637777218776586,15.673439979553223,16.468745,10.942463874816895,126.443932,70.146871,0.472477,637777226985099,True,True,,8.208513,637777253651016,1128,34.87443,198.977758,26.665917,70.994132,93.109196
1297,b1269e28,Cam 4,1124,5410850743960,Robot_28100,False,1790072140041.593,False,5,9,5,1,637777054673258,637777125667390,637777240440649,13.221023559570312,12.466856,10.942463874816895,126.443932,70.146871,0.472477,637777252083425,True,True,,11.642776,637777253644740,1128,13.204091,198.971482,1.561315,70.994132,114.773259
1297,b1269e28,Cam 4,389,143948090256846,Robot_28100,True,1790072103319.145,False,4,8,6,1,637740332224726,637740341611212,637740471286352,12.293279647827148,11.280314,11.843392372131348,160.97657,7.347241,1.36289,637740475446120,True,True,,4.159768,637740531146334,393,59.859982,198.921608,55.700214,9.386486,129.67514
1297,b1269e28,Cam 4,389,210522476275567,Robot_2001,True,1790072103319.145,False,4,8,6,1,637740332224726,637740341611212,637740444327368,20.20899200439453,20.284335,11.843392372131348,160.97657,7.347241,1.36289,637740458626513,True,True,,14.299145,637740531140966,393,86.813598,198.91624,72.514453,9.386486,102.716156
1297,b1269e28,Cam 4,1063,143948090256846,Robot_28100,True,1790072137009.714,False,5,9,6,1,637774022793893,637774100077421,637774190694555,20.404287338256836,20.295016,5.90880012512207,131.630047,76.483172,0.315556,637774198437933,True,True,,7.743378,637774221528349,1067,30.833794,198.734456,23.090416,77.283528,90.617134
1297,b1269e28,Cam 4,1851,5410850743960,Robot_28100,False,1790072176409.175,False,4,8,5,1,637813422254929,637813475131958,637813577725805,13.240896224975586,13.25417,10.687711715698242,109.998788,52.062538,0.436795,637813585052502,True,True,,7.326697,637813620944510,1855,43.218705,198.689581,35.892008,52.877029,102.593847
1297,06e9e5b9,Cam góc rộng toàn sân,1292,70711888968577,Robot_28100,False,1790072138471.719,False,4,6,4,1,637775484798732,637775535765939,637775632354711,25.19139289855957,24.485809,8.693887710571289,109.235118,48.431119,0.634202,637775644940090,True,True,,12.585379,637775683465383,1297,51.110672,198.666651,38.525293,50.967207,96.588772
1297,b1269e28,Cam 4,988,143948090256846,Robot_28100,True,1790072133248.784,False,4,8,5,1,637770261864155,637770325085603,637770413425024,13.928000450134277,13.992471,7.750239849090576,111.083713,61.626892,1.315377,637770419225295,True,True,,5.800271,637770460470354,992,47.04533,198.606199,41.245059,63.221448,88.339421
1297,b1269e28,Cam 4,988,5410850743960,Robot_28100,False,1790072133248.784,False,4,8,5,1,637770261864155,637770325085603,637770430491430,11.044159889221191,10.132945,7.750239849090576,111.083713,61.626892,1.315377,637770436133463,True,True,,5.642033,637770460463460,992,29.97203,198.599305,24.329997,63.221448,105.405827
1297,b1269e28,Cam 4,1444,5410850743960,Robot_28100,False,1790072156046.163,False,4,8,5,1,637793059242724,637793100461470,637793220632055,20.215999603271484,21.084043,9.97270393371582,128.062372,40.7592,0.161501,637793228467134,True,True,,7.835079,637793257720005,1448,37.08795,198.477281,29.252871,41.218746,120.170585
1297,b1269e28,Cam 4,1908,5410850743960,Robot_28100,False,1790072179243.801,False,4,8,5,1,637816256880891,637816311411070,637816417678930,11.686592102050781,11.920911,9.85974407196045,113.85996,53.993661,0.208216,637816425114992,True,True,,7.436062,637816455275483,1912,37.596553,198.394592,30.160491,54.530179,106.26786
1297,b1269e28,Cam 4,1484,5410850743960,Robot_28100,False,1790072158040.541,False,4,8,5,1,637795053620731,637795106925266,637795217710180,12.196991920471191,13.015615,10.261792182922363,119.768462,52.878158,0.157151,637795226621824,True,True,,8.911644,637795251999945,1488,34.289765,198.379214,25.378121,53.304535,110.784914
1297,b1269e28,Cam 4,260,143948090256846,Robot_28100,True,1790072096842.28,False,4,8,6,1,637733855360188,637733940345338,637734025781469,7.956863880157471,8.461295,9.832672119140625,120.859756,84.568219,0.149431,637734031367768,True,True,,5.586299,637734053585341,264,27.803872,198.225153,22.217573,84.98515,85.436131
1297,b1269e28,Cam 4,260,210522476275567,Robot_2001,True,1790072096842.28,False,4,8,6,1,637733855360188,637733940345338,637734007610571,11.783519744873047,12.018666,9.832672119140625,120.859756,84.568219,0.149431,637734017066763,True,True,,9.456192,637734053575489,264,45.964918,198.215301,36.508726,84.98515,67.265233
1297,b1269e28,Cam 4,1300,143948090256846,Robot_28100,True,1790072148847.102,False,4,8,5,1,637785860182083,637785927352391,637786037721899,18.058208465576172,18.107066,13.309215545654297,141.886805,66.774014,0.151022,637786042852251,True,True,,5.130352,637786058328262,1304,20.606363,198.146179,15.476011,67.170308,110.369508
1297,b1269e28,Cam 4,1300,210522476275567,Robot_2001,True,1790072148847.102,False,4,8,5,1,637785860182083,637785927352391,637786007698461,17.011072158813477,17.505891,13.309215545654297,141.886805,66.774014,0.151022,637786019273436,True,True,,11.574975,637786058318016,1304,50.619555,198.135933,39.04458,67.170308,80.34607
1297,b1269e28,Cam 4,1345,143948090256846,Robot_28100,True,1790072151129.154,False,4,7,5,1,637788142233480,637788172773581,637788254733618,14.166175842285156,14.173814,8.781984329223633,117.993626,28.301344,1.558692,637788261096540,True,True,,6.362922,637788340364686,1349,85.631068,198.131206,79.268146,30.540101,81.960037
1297,b1269e28,Cam 4,1345,5410850743960,Robot_28100,False,1790072151129.154,False,4,7,5,1,637788142233480,637788172773581,637788272100805,10.812512397766113,10.798874,8.781984329223633,117.993626,28.301344,1.558692,637788277108025,True,True,,5.00722,637788340358554,1349,68.257749,198.125074,63.250529,30.540101,99.327224
1297,b1269e28,Cam 4,1607,210522476275567,Robot_2001,True,1790072164206.855,False,4,8,6,1,637801219935096,637801253162447,637801400319555,11.452320098876953,11.453811,9.53219223022461,220.779423,32.449824,0.255888,637801409037637,True,True,,8.718082,637801418021264,1611,17.701709,198.086168,8.983627,33.227351,147.157108
1297,b1269e28,Cam 4,961,5410850743960,Robot_28100,False,1790072131924.49,False,4,8,6,1,637768937569873,637768951427484,637769064854711,16.37398338317871,15.574092,10.868767738342285,134.922714,12.915061,0.470826,637769070337330,True,True,,5.482619,637769135367851,965,70.51314,197.797978,65.030521,13.857611,113.427227
1297,b1269e28,Cam 4,521,143948090256846,Robot_28100,True,1790072109929.596,False,4,8,6,1,637746942675633,637746990111486,637747071266821,13.313152313232422,13.221539,12.071840286254883,113.712623,46.417535,0.637161,637747076237425,True,True,,4.970604,637747140414085,525,69.147264,197.738452,64.17666,47.435853,81.155335
1297,b1269e28,Cam 4,1217,143948090256846,Robot_28100,True,1790072144732.058,False,4,8,6,1,637781745138265,637781754048668,637781855100805,17.613311767578125,17.035437,10.021984100341797,146.006731,8.395531,0.224005,637781860738153,True,True,,5.637348,637781942701096,1221,87.600291,197.562831,81.962943,8.910403,101.052137
1297,b1269e28,Cam 4,1217,5410850743960,Robot_28100,False,1790072144732.058,False,4,8,6,1,637781745138265,637781754048668,637781877858618,16.869823455810547,16.880723,10.021984100341797,146.006731,8.395531,0.224005,637781891144597,True,True,,13.285979,637781942689143,1221,64.830525,197.550878,51.544546,8.910403,123.80995
1297,b1269e28,Cam 4,1808,143948090256846,Robot_28100,True,1790072174248.343,False,4,8,6,1,637811261423181,637811309741724,637811412827368,19.373567581176758,19.302502,6.979872226715088,152.448889,47.912973,0.162652,637811422617665,True,True,,9.790297,637811458910564,1812,46.083196,197.487383,36.292899,48.318543,103.085644
1297,b1269e28,Cam 4,1808,5410850743960,Robot_28100,False,1790072174248.343,False,4,8,6,1,637811261423181,637811309741724,637811443264868,20.450496673583984,20.308524,6.979872226715088,152.448889,47.912973,0.162652,637811451312852,True,True,,8.047984,637811458901377,1812,15.636509,197.478196,7.588525,48.318543,133.523144
1297,b1269e28,Cam 4,1651,210522476275567,Robot_2001,True,1790072166418.046,False,4,8,5,1,637803431126242,637803512150863,637803588749242,17.62175941467285,17.546637,6.54099178314209,143.582734,80.00138,0.639725,637803601230150,True,True,,12.480908,637803628603249,1655,39.854007,197.477007,27.373099,81.024621,76.598379
1297,b1269e28,Cam 4,1487,143948090256846,Robot_28100,True,1790072158209.631,False,4,8,5,1,637795222710960,637795305215779,637795406928930,18.278623580932617,18.278905,9.429887771606445,137.785083,81.006329,0.958498,637795414324201,True,True,,7.395271,637795420131331,1491,13.202401,197.420371,5.80713,82.504819,101.713151
1297,b1269e28,Cam 4,1487,210522476275567,Robot_2001,True,1790072158209.631,False,4,8,5,1,637795222710960,637795305215779,637795377272680,14.393183708190918,14.724061,9.429887771606445,137.785083,81.006329,0.958498,637795388342612,True,True,,11.069932,637795420122556,1491,42.849876,197.411596,31.779944,82.504819,72.056901
1297,b1269e28,Cam 4,1188,5410850743960,Robot_28100,False,1790072143250.946,False,4,8,5,1,637780264026136,637780310592238,637780439948461,24.782976150512695,24.597819,10.32096004486084,137.783702,45.743111,0.264692,637780448355423,True,True,,8.406962,637780461344976,1192,21.396515,197.31884,12.989553,46.566102,129.356223
1297,b1269e28,Cam 4,417,143948090256846,Robot_28100,True,1790072104736.49,False,4,8,6,1,637741749569786,637741800045882,637741883141821,14.54041576385498,14.610583,9.452159881591797,110.347299,49.218395,0.308449,637741892200314,True,True,,9.058493,637741946732721,421,63.5909,197.162935,54.532407,50.476096,83.095939
1297,b1269e28,Cam 4,417,210522476275567,Robot_2001,True,1790072104736.49,False,4,8,6,1,637741749569786,637741800045882,637741862637914,17.975967407226562,17.977827,9.452159881591797,110.347299,49.218395,0.308449,637741868177161,True,True,,5.539247,637741946727271,421,84.089357,197.157485,78.55011,50.476096,62.592032
1297,b1269e28,Cam 4,908,5410850743960,Robot_28100,False,1790072129252.667,False,4,8,5,1,637766265746627,637766299227384,637766427167211,23.22822380065918,23.228778,8.87600040435791,133.546482,32.2417,0.592141,637766432728233,True,True,,5.561022,637766462863906,912,35.696695,197.117279,30.135673,33.480757,127.939827
1297,b1269e28,Cam 4,1429,5410850743960,Robot_28100,False,1790072155327.079,False,4,8,6,1,637792340158521,637792364237658,637792473616430,15.01683235168457,14.963199,8.578816413879395,129.636602,23.444632,0.319438,637792481089836,True,True,,7.473406,637792537203926,1433,63.587496,197.045405,56.11409,24.079137,109.378772
1297,b1269e28,Cam 4,1402,5410850743960,Robot_28100,False,1790072153964.719,False,4,8,5,1,637790977798885,637791013487434,637791122678930,17.381568908691406,16.31983,11.004480361938477,121.155573,35.105385,0.250361,637791134579866,True,True,,11.900936,637791174813019,1406,52.134089,197.014134,40.233153,35.688549,109.191496
1297,06e9e5b9,Cam góc rộng toàn sân,1964,70711888968577,Robot_28100,False,1790072166560.184,False,3,5,3,1,637803573263826,637803655825905,637803739600805,19.588319778442383,19.493434,9.553215980529785,89.175921,81.698354,0.473419,637803744973736,True,True,,5.372931,637803770210503,1969,30.609698,196.946677,25.236767,82.562079,83.7749
1297,b1269e28,Cam 4,395,195964480550089,Robot_1,True,1790072103617.861,False,4,8,6,1,637740630940704,637740784306668,637740821262914,12.248895645141602,13.18062,8.749567985534668,98.47614,152.632981,0.33591,637740825254721,True,True,,3.991807,637740827796985,399,6.534071,196.856281,2.542264,153.365964,36.956246
1297,b1269e28,Cam 4,253,143948090256846,Robot_28100,True,1790072096523.967,False,4,8,6,1,637733537046486,637733559009480,637733663254125,15.180095672607422,16.722665,11.807456016540527,135.306661,21.473459,0.179325,637733669691251,True,True,,6.437126,637733733793851,257,70.539726,196.747365,64.1026,21.962994,104.244645
1297,b1269e28,Cam 4,612,143948090256846,Robot_28100,True,1790072114454.996,False,4,8,4,1,637751468075805,637751523192700,637751619678930,19.64339256286621,19.643642,9.458047866821289,107.762592,54.290226,0.430792,637751630779218,True,True,,11.100288,637751664797597,616,45.118667,196.721792,34.018379,55.116895,96.48623
1297,b1269e28,Cam 4,928,143948090256846,Robot_28100,True,1790072130244.198,False,5,9,7,1,637767257277438,637767302870134,637767394667211,9.366751670837402,9.516641,11.410176277160645,144.175534,43.766958,1.173063,637767400205894,True,True,,5.538683,637767453952540,931,59.285329,196.675102,53.746646,45.592696,91.797077
1297,b1269e28,Cam 4,928,210522476275567,Robot_2001,True,1790072130244.198,False,5,9,7,1,637767257277438,637767302870134,637767377639868,18.183807373046875,18.193034,11.410176277160645,144.175534,43.766958,1.173063,637767384720929,True,True,,7.081061,637767453945966,931,76.306098,196.668528,69.225037,45.592696,74.769734
1297,b1269e28,Cam 4,928,5410850743960,Robot_28100,False,1790072130244.198,False,5,9,7,1,637767257277438,637767302870134,637767426475805,12.806943893432617,11.884789,11.410176277160645,144.175534,43.766958,1.173063,637767431710532,True,True,,5.234727,637767453933256,931,27.457451,196.655818,22.222724,45.592696,123.605671
1297,b1269e28,Cam 4,1424,143948090256846,Robot_28100,True,1790072155044.188,False,4,8,6,1,637792057268199,637792127708640,637792228694555,14.056672096252441,13.844855,12.817440032958984,144.420053,69.284373,0.631792,637792239576084,True,True,,10.881529,637792253788329,1428,25.093774,196.52013,14.212245,70.440441,100.985915
1297,06e9e5b9,Cam góc rộng toàn sân,2049,70711888968577,Robot_28100,False,1790072170123.273,False,4,6,4,1,637807136353371,637807204366196,637807289319555,12.898143768310547,13.339847,11.993375778198242,103.71558,65.918332,1.738608,637807298567441,True,True,,9.247886,637807332860005,2054,43.54045,196.506634,34.292564,68.012825,84.953359
1297,06e9e5b9,Cam góc rộng toàn sân,1538,70711888968577,Robot_28100,False,1790072148756.117,False,4,6,3,1,637785769196655,637785839454081,637785917917211,20.012928009033203,19.129923,12.38268756866455,87.783844,68.691224,1.143174,637785926823181,True,True,,8.90597,637785965670967,1543,47.753756,196.474312,38.847786,70.257426,78.46313
1297,b1269e28,Cam 4,800,143948090256846,Robot_28100,True,1790072123844.332,False,4,8,6,1,637760857411632,637760940792154,637761032561742,14.941408157348633,15.909133,7.610623836517334,120.830522,82.235025,0.690719,637761039575561,True,True,,7.013819,637761053785828,804,21.224086,196.374196,14.210267,83.380522,91.769588
1297,b1269e28,Cam 4,971,143948090256846,Robot_28100,True,1790072132417.766,False,4,8,5,1,637769430845823,637769492236564,637769572893774,14.850144386291504,14.599353,5.519552230834961,108.239277,60.593163,0.306843,637769582574983,True,True,,9.681209,637769627184185,975,54.290411,196.338362,44.609202,61.390741,80.65721
1297,b1269e28,Cam 4,971,5410850743960,Robot_28100,False,1790072132417.766,False,4,8,5,1,637769430845823,637769492236564,637769593319555,10.461312294006348,10.517763,5.519552230834961,108.239277,60.593163,0.306843,637769600386325,True,True,,7.06677,637769627177166,975,33.857611,196.331343,26.790841,61.390741,101.082991
1297,b1269e28,Cam 4,1372,5410850743960,Robot_28100,False,1790072152448.986,False,4,7,4,1,637789462066156,637789533554601,637789619780492,18.069791793823242,18.597072,7.893184185028076,95.734514,69.491411,1.374125,637789629229183,True,True,,9.448691,637789658363399,1376,38.582907,196.297243,29.134216,71.488445,86.225891
1297,b1269e28,Cam 4,552,143948090256846,Robot_28100,True,1790072111440.061,False,4,8,4,1,637748453140841,637748518980547,637748631550024,22.51036834716797,23.640311,13.780608177185059,124.121446,65.241845,0.251142,637748643043353,True,True,,11.493329,637748649337011,556,17.786987,196.19617,6.293658,65.839706,112.569477
1297,06e9e5b9,Cam góc rộng toàn sân,1592,70711888968577,Robot_28100,False,1790072150999.843,False,4,6,4,1,637788012922706,637788075434600,637788165108618,10.932543754577637,10.799763,12.786111831665039,97.251791,61.714767,0.283343,637788172603990,True,True,,7.495372,637788208809303,1597,43.700685,195.886597,36.205313,62.511894,89.674018
1297,b1269e28,Cam 4,316,143948090256846,Robot_28100,True,1790072099646.333,False,4,8,6,1,637736659412820,637736744923408,637736825946508,12.544447898864746,12.538323,7.23689603805542,117.572312,84.671208,0.328699,637736835291524,True,True,,9.345016,637736854968055,320,29.021547,195.555235,19.676531,85.510588,81.0231
1297,b1269e28,Cam 4,992,5410850743960,Robot_28100,False,1790072133446.274,False,5,8,6,1,637770459354464,637770515915576,637770634370336,24.34601593017578,24.358106,8.336000442504883,147.174574,55.958097,0.291707,637770644565873,True,True,,10.195537,637770654703861,996,20.333525,195.349397,10.137988,56.561112,118.45476
1297,b1269e28,Cam 4,249,143948090256846,Robot_28100,True,1790072096329.37,False,4,8,4,1,637733342449694,637733381822096,637733470031469,15.509504318237305,16.191517,12.995648384094238,95.364075,37.258377,1.373583,637733477114245,True,True,,7.082776,637733537743665,253,67.712196,195.293971,60.62942,39.372402,88.209373
1297,b1269e28,Cam 4,1497,5410850743960,Robot_28100,False,1790072158731.027,False,4,8,6,1,637795744106823,637795756235970,637795864475805,9.038656234741211,9.06124,11.789888381958008,125.989492,11.291,0.280577,637795872801448,True,True,,8.325643,637795939388620,1501,74.912815,195.281797,66.587172,12.129147,108.239835
1297,b1269e28,Cam 4,1008,195964480550089,Robot_1,True,1790072134244.559,False,4,8,6,1,637771257638474,637771338457184,637771403565649,19.234176635742188,19.303356,8.502335548400879,160.002561,79.962987,0.357722,637771419762526,True,True,,16.196877,637771452768551,1012,49.202902,195.130077,33.006025,80.81871,65.108465
1297,b1269e28,Cam 4,1008,210522476275567,Robot_2001,True,1790072134244.559,False,4,8,6,1,637771257638474,637771338457184,637771435573461,15.489439964294434,14.842645,8.502335548400879,160.002561,79.962987,0.357722,637771442520269,True,True,,6.946808,637771452760683,1012,17.187222,195.122209,10.240414,80.81871,97.116277
1297,b1269e28,Cam 4,1356,210522476275567,Robot_2001,True,1790072151641.633,False,4,8,5,1,637788654713030,637788756715568,637788821350805,17.575008392333984,16.869571,11.057663917541504,119.417991,101.434381,0.255007,637788830471450,True,True,,9.120645,637788849809496,1360,28.458691,195.096466,19.338046,102.002538,64.635237
1297,b1269e28,Cam 4,1183,143948090256846,Robot_28100,True,1790072143014.895,False,4,8,6,1,637780027974627,637780070308314,637780174374242,15.220735549926758,14.995447,10.622271537780762,149.436194,41.608936,0.246519,637780180800847,True,True,,6.426605,637780222912996,1187,48.538754,194.938369,42.112149,42.333687,104.065928
1297,b1269e28,Cam 4,1183,5410850743960,Robot_28100,False,1790072143014.895,False,4,8,6,1,637780027974627,637780070308314,637780194057836,11.313728332519531,12.358035,10.622271537780762,149.436194,41.608936,0.246519,637780205531421,True,True,,11.473585,637780222901857,1187,28.844021,194.92723,17.370436,42.333687,123.749522
1297,b1269e28,Cam 4,816,5410850743960,Robot_28100,False,1790072124649.616,False,4,8,6,1,637761662695624,637761677992097,637761784932836,5.796448230743408,5.346869,28.041792392730713,192.032775,14.568188,0.267109,637761849507104,True,True,,64.574268,637761857581515,820,72.648679,194.885891,8.074411,15.296473,106.940739
1297,b1269e28,Cam 4,1352,143948090256846,Robot_28100,True,1790072151447.702,False,4,7,5,1,637788460781615,637788540420176,637788631772680,19.60323143005371,20.160194,8.401951789855957,138.953466,79.081027,0.193181,637788638336857,True,True,,6.564177,637788655573923,1356,23.801243,194.792308,17.237066,79.638561,91.352504
1297,b1269e28,Cam 4,1457,5410850743960,Robot_28100,False,1790072156731.809,False,4,8,5,1,637793744888856,637793762958756,637793889569555,23.642528533935547,23.6549,6.958911895751953,136.094479,17.372722,0.269877,637793898969348,True,True,,9.399793,637793939555605,1461,49.98605,194.666749,40.586257,18.0699,126.610799
1297,b1269e28,Cam 4,1600,5410850743960,Robot_28100,False,1790072163851.157,False,4,8,5,1,637800864237097,637800928432700,637801035585180,16.17203140258789,17.65445,7.849247932434082,115.588655,62.968552,0.779691,637801043985206,True,True,,8.400026,637801058873987,1604,23.288807,194.63689,14.888781,64.195603,107.15248
1297,b1269e28,Cam 4,1392,5410850743960,Robot_28100,False,1790072153445.925,False,4,7,5,1,637790459004630,637790497408410,637790633928930,14.776479721069336,14.328986,11.939647674560547,154.857206,37.895434,0.154639,637790640643892,True,True,,6.714962,637790653563178,1396,19.634248,194.558548,12.919286,38.40378,136.52052
1297,b1269e28,Cam 4,1664,143948090256846,Robot_28100,True,1790072167047.555,False,4,8,6,1,637804060635239,637804130042215,637804237272680,21.870464324951172,21.961367,8.268192291259766,149.421103,67.812684,0.923286,637804251256174,True,True,,13.983494,637804255193355,1668,17.920675,194.558116,3.937181,69.406976,107.230465
1297,b1269e28,Cam 4,1664,210522476275567,Robot_2001,True,1790072167047.555,False,4,8,6,1,637804060635239,637804130042215,637804202132055,18.377727508544922,18.509208,8.268192291259766,149.421103,67.812684,0.923286,637804215076956,True,True,,12.944901,637804255187352,1668,53.055297,194.552113,40.110396,69.406976,72.08984
1297,b1269e28,Cam 4,711,143948090256846,Robot_28100,True,1790072119410.881,False,4,8,6,1,637756423960566,637756498954330,637756585596899,11.492704391479492,11.394662,6.192863941192627,119.932216,74.415372,0.216708,637756591074528,True,True,,5.477629,637756618414867,715,32.817968,194.454301,27.340339,74.993764,86.642569
1297,b1269e28,Cam 4,711,210522476275567,Robot_2001,True,1790072119410.881,False,4,8,6,1,637756423960566,637756498954330,637756560819555,12.679007530212402,12.511982,6.192863941192627,119.932216,74.415372,0.216708,637756573804965,True,True,,12.98541,637756618406892,715,57.587337,194.446326,44.601927,74.993764,61.865225
1297,b1269e28,Cam 4,1448,143948090256846,Robot_28100,True,1790072156242.915,False,4,8,6,1,637793255994827,637793310856491,637793417288305,15.209376335144043,16.013434,10.306816101074219,150.649291,53.883505,0.469651,637793427066025,True,True,,9.77772,637793450433081,1452,33.144776,194.438254,23.367056,54.861664,106.431814
1297,b1269e28,Cam 4,1448,5410850743960,Robot_28100,False,1790072156242.915,False,4,8,6,1,637793255994827,637793310856491,637793439358618,11.700063705444336,12.026436,10.306816101074219,150.649291,53.883505,0.469651,637793449365592,True,True,,10.006974,637793450427269,1452,11.068651,194.432442,1.061677,54.861664,128.502127
1297,b1269e28,Cam 4,1535,5410850743960,Robot_28100,False,1790072160618.708,False,4,8,5,1,637797631788122,637797676665882,637797785382055,9.30339241027832,11.549882,10.762880325317383,122.203394,43.910416,0.337875,637797798818505,True,True,,13.43645,637797826136478,1539,40.754423,194.348356,27.317973,44.87776,108.716173
1297,b1269e28,Cam 4,1068,143948090256846,Robot_28100,True,1790072137249.312,False,4,8,6,1,637774262391401,637774311011222,637774417917211,16.244287490844727,16.613963,9.512800216674805,151.917135,47.873313,0.396466,637774427894117,True,True,,9.976906,637774456654205,1072,38.736994,194.262804,28.760088,48.619821,106.905989
1297,b1269e28,Cam 4,1068,5410850743960,Robot_28100,False,1790072137249.312,False,4,8,6,1,637774262391401,637774311011222,637774438417211,10.167424201965332,9.729398,9.512800216674805,151.917135,47.873313,0.396466,637774445282100,True,True,,6.864889,637774456648325,1072,18.231114,194.256924,11.366225,48.619821,127.405989
1297,b1269e28,Cam 4,1129,5410850743960,Robot_28100,False,1790072140324.74,False,5,9,7,1,637777337820460,637777360538424,637777478925024,10.073504447937012,10.109576,7.356480121612549,136.392666,21.800851,0.295333,637777483477644,True,True,,4.55262,637777532009683,1133,53.084659,194.189223,48.532039,22.717964,118.3866
1297,b1269e28,Cam 4,1693,143948090256846,Robot_28100,True,1790072168525.78,False,4,8,6,1,637805538859952,637805553938728,637805652085180,13.024352073669434,13.141238,8.233920097351074,143.349027,14.469312,0.233189,637805665835338,True,True,,13.750158,637805732895576,1697,80.810396,194.035624,67.060238,15.078776,98.146452
1297,b1269e28,Cam 4,1693,5410850743960,Robot_28100,False,1790072168525.78,False,4,8,6,1,637805538859952,637805553938728,637805677514868,11.282815933227539,11.247937,8.233920097351074,143.349027,14.469312,0.233189,637805683271823,True,True,,5.756955,637805732886271,1697,55.371403,194.026319,49.614448,15.078776,123.57614
1297,06e9e5b9,Cam góc rộng toàn sân,1310,70711888968577,Robot_28100,False,1790072139210.108,False,4,7,5,1,637776223188375,637776268593777,637776381628149,30.139551162719727,30.127431,6.695583820343018,119.81886,44.131506,0.453034,637776388372424,True,True,,6.744275,637776417214191,1315,35.586042,194.025816,28.841767,45.405402,113.034372
1297,b1269e28,Cam 4,1685,143948090256846,Robot_28100,True,1790072168130.888,False,4,8,6,1,637805143968076,637805194295740,637805268913305,12.95308780670166,12.834364,6.157599925994873,112.541911,48.366927,1.59811,637805274869415,True,True,,5.95611,637805337975511,1689,69.062206,194.007435,63.106096,50.327664,74.617565
1297,b1269e28,Cam 4,1685,5410850743960,Robot_28100,False,1790072168130.888,False,4,8,6,1,637805143968076,637805194295740,637805288749242,13.579360008239746,11.038709,6.157599925994873,112.541911,48.366927,1.59811,637805299152870,True,True,,10.403628,637805337969271,1689,49.220029,194.001195,38.816401,50.327664,94.453502
1297,b1269e28,Cam 4,1245,5410850743960,Robot_28100,False,1790072146125.591,False,4,8,5,1,637783138671371,637783143475404,637783268053930,21.289344787597656,21.217111,5.980991840362549,130.432066,4.007713,0.290146,637783273843061,True,True,,5.789131,637783332612404,1249,64.558474,193.941033,58.769343,4.804033,124.578526
1297,06e9e5b9,Cam góc rộng toàn sân,1010,70711888968577,Robot_28100,False,1790072126511.085,False,4,6,4,1,637763524164869,637763529630610,637763616382055,20.580352783203125,20.554046,11.663328170776367,206.462035,5.035466,0.169983,637763713078420,True,True,,96.696365,637763717990287,1013,101.608232,193.825418,4.911867,5.465741,86.751445
1297,b1269e28,Cam 4,1567,195964480550089,Robot_1,True,1790072162218.6,False,4,8,6,1,637799231680294,637799323022485,637799372686742,14.76636791229248,14.219421,10.752032279968262,138.454198,89.651176,0.940709,637799381027470,True,True,,8.340728,637799425377737,1571,52.690995,193.697443,44.350267,91.342191,49.664257
1297,b1269e28,Cam 4,1567,143948090256846,Robot_28100,True,1790072162218.6,False,4,8,6,1,637799231680294,637799323022485,637799415405492,13.466496467590332,13.54271,10.752032279968262,138.454198,89.651176,0.940709,637799420008944,True,True,,4.603452,637799425374532,1571,9.96904,193.694238,5.365588,91.342191,92.383007
1297,b1269e28,Cam 4,1567,210522476275567,Robot_2001,True,1790072162218.6,False,4,8,6,1,637799231680294,637799323022485,637799393022680,11.109984397888184,11.162532,10.752032279968262,138.454198,89.651176,0.940709,637799401627277,True,True,,8.604597,637799425368122,1571,32.345442,193.687828,23.740845,91.342191,70.000195
1297,b1269e28,Cam 4,1875,195964480550089,Robot_1,True,1790072177612.069,False,4,8,5,1,637814625149388,637814704629196,637814750358618,12.71679973602295,13.206503,8.101568222045898,129.572952,77.888218,1.085374,637814755690927,True,True,,5.332309,637814818564834,1877,68.206216,193.415446,62.873907,79.479808,45.729422
1297,b1269e28,Cam 4,1875,143948090256846,Robot_28100,True,1790072177612.069,False,4,8,5,1,637814625149388,637814704629196,637814796569555,14.905856132507324,14.805256,8.101568222045898,129.572952,77.888218,1.085374,637814808211805,True,True,,11.64225,637814818558772,1877,21.989217,193.409384,10.346967,79.479808,91.940359
1297,b1269e28,Cam 4,1875,210522476275567,Robot_2001,True,1790072177612.069,False,4,8,5,1,637814625149388,637814704629196,637814769092992,13.207103729248047,13.143069,8.101568222045898,129.572952,77.888218,1.085374,637814781370195,True,True,,12.277203,637814818552200,1877,49.459208,193.402812,37.182005,79.479808,64.463796
1297,b1269e28,Cam 4,1875,243160032179633,Rack,True,1790072177612.069,False,4,8,5,1,637814625149388,637814704629196,637814730241430,16.453472137451172,18.264626,8.101568222045898,129.572952,77.888218,1.085374,637814736586418,True,True,,6.344988,637814818543068,1877,88.301638,193.39368,81.95665,79.479808,25.612234
1297,b1269e28,Cam 4,272,210522476275567,Robot_2001,True,1790072097444.721,False,4,8,6,1,637734457801280,637734545793685,637734634541235,23.338815689086914,23.322208,10.521856307983398,164.630339,86.044771,1.647677,637734646878311,True,True,,12.337076,637734651141277,276,16.600042,193.339997,4.262966,87.992405,88.74755
1297,b1269e28,Cam 4,1109,195964480550089,Robot_1,True,1790072139332.066,False,4,8,5,1,637776345146424,637776388540689,637776446542211,15.331839561462402,13.890656,12.02064037322998,129.977078,42.625821,0.319508,637776459941746,True,True,,13.399535,637776538483464,1113,91.941253,193.33704,78.541718,43.394265,58.001522
1297,b1269e28,Cam 4,1109,143948090256846,Robot_28100,True,1790072139332.066,False,4,8,5,1,637776345146424,637776388540689,637776498260961,12.751808166503906,12.337092,12.02064037322998,129.977078,42.625821,0.319508,637776502793135,True,True,,4.532174,637776538480782,1113,40.219821,193.334358,35.687647,43.394265,109.720272
1297,b1269e28,Cam 4,1109,210522476275567,Robot_2001,True,1790072139332.066,False,4,8,5,1,637776345146424,637776388540689,637776478342992,18.029983520507812,17.569091,12.02064037322998,129.977078,42.625821,0.319508,637776485296644,True,True,,6.953652,637776538477594,1113,60.134602,193.33117,53.18095,43.394265,89.802303
1297,b1269e28,Cam 4,1109,5410850743960,Robot_28100,False,1790072139332.066,False,4,8,5,1,637776345146424,637776388540689,637776512600805,9.578944206237793,9.50851,12.02064037322998,129.977078,42.625821,0.319508,637776518485368,True,True,,5.884563,637776538471249,1113,25.870444,193.324825,19.985881,43.394265,124.060116
1297,b1269e28,Cam 4,775,143948090256846,Robot_28100,True,1790072122613.997,False,4,8,6,1,637759627077329,637759674541209,637759769428930,16.21718406677246,16.071882,8.684160232543945,127.384986,46.666731,0.310376,637759777994544,True,True,,8.565614,637759820193478,779,50.764548,193.116149,42.198934,47.46388,94.887721
1297,b1269e28,Cam 4,1750,5410850743960,Robot_28100,False,1790072171378.456,False,4,8,5,1,637808391536063,637808441201415,637808543530492,12.378175735473633,12.273932,11.92790412902832,107.546487,48.749373,0.392878,637808548499035,True,True,,4.968543,637808584584789,1754,41.054297,193.048726,36.085754,49.665352,102.329077
1297,b1269e28,Cam 4,995,243160032179633,Rack,True,1790072133610.416,False,4,8,5,1,637770623495681,637770768839925,637770791616430,11.923680305480957,16.389966,10.218879699707031,126.503935,144.591039,0.314378,637770797843430,True,True,,6.227,637770816427589,997,24.811159,192.931908,18.584159,145.344244,22.776505
1297,b1269e28,Cam 4,326,143948090256846,Robot_28100,True,1790072100173.283,False,4,8,4,1,637737186363361,637737250499844,637737352534399,9.911935806274414,10.948872,7.932896137237549,109.495338,63.600302,0.216566,637737359915860,True,True,,7.381461,637737379030375,330,26.495976,192.667014,19.114515,64.136483,102.034555
1297,c7e22c1f,Cam mới,1468,116093134008527,Robot_28100,False,1790072142602.488,False,3,3,3,0,637779615567764,637779620576967,637779673018774,17.561567306518555,17.518695,14.364768028259277,81.378632,3.533633,1.163731,637779685367649,True,True,,12.348875,637779808224464,1472,135.20569,192.6567,122.856815,5.009203,52.441807
1297,b1269e28,Cam 4,792,143948090256846,Robot_28100,True,1790072123453.285,False,4,8,6,1,637760466365115,637760524557785,637760617444555,16.670015335083008,17.615874,11.097887992858887,138.136187,56.170371,1.400939,637760627615291,True,True,,10.170736,637760658955025,796,41.51047,192.58991,31.339734,58.19267,92.88677
1297,b1269e28,Cam 4,281,195964480550089,Robot_1,True,1790072097931.755,False,4,8,4,1,637734944834723,637735000799193,637735042590063,13.10534381866455,12.369931,8.492416381835938,90.048746,55.139278,0.340705,637735053036948,True,True,,10.446885,637735137361904,285,94.771841,192.527181,84.324956,55.96447,41.79087
1297,b1269e28,Cam 4,281,143948090256846,Robot_28100,True,1790072097931.755,False,4,8,4,1,637734944834723,637735000799193,637735079498266,12.259455680847168,13.001899,8.492416381835938,90.048746,55.139278,0.340705,637735090780865,True,True,,11.282599,637735137356544,285,57.858278,192.521821,46.575679,55.96447,78.699073
1297,b1269e28,Cam 4,281,210522476275567,Robot_2001,True,1790072097931.755,False,4,8,4,1,637734944834723,637735000799193,637735062233618,8.889920234680176,8.907133,8.492416381835938,90.048746,55.139278,0.340705,637735066234529,True,True,,4.000911,637735137350850,285,75.117232,192.516127,71.116321,55.96447,61.434425
1297,b1269e28,Cam 4,1622,143948090256846,Robot_28100,True,1790072164970.437,False,4,8,6,1,637801983516653,637802042180929,637802134046118,16.279264450073242,16.287876,12.24227237701416,137.085848,57.893853,0.39573,637802139262591,True,True,,5.216473,637802175984651,1626,41.938533,192.467998,36.72206,58.664276,91.865189
1297,b1269e28,Cam 4,1622,5410850743960,Robot_28100,False,1790072164970.437,False,4,8,6,1,637801983516653,637802042180929,637802150514868,9.911040306091309,10.156663,12.24227237701416,137.085848,57.893853,0.39573,637802155900371,True,True,,5.385503,637802175979009,1626,25.464141,192.462356,20.078638,58.664276,108.333939
1297,b1269e28,Cam 4,1469,5410850743960,Robot_28100,False,1790072157335.24,False,4,8,6,1,637794348319687,637794360319247,637794475897680,21.52124786376953,21.393749,11.753536224365234,135.958655,11.079401,0.448979,637794482491826,True,True,,6.594146,637794540418098,1473,64.520418,192.098411,57.926272,11.99956,115.578433
1297,b1269e28,Cam 4,635,195964480550089,Robot_1,True,1790072115607.323,False,4,8,6,1,637752620402979,637752635413626,637752677860571,11.10912036895752,11.882753,7.066751956939697,116.534759,14.386811,0.26295,637752684987032,True,True,,7.126461,637752812460111,637,134.59954,192.057132,127.473079,15.010647,42.446945
1297,b1269e28,Cam 4,635,143948090256846,Robot_28100,True,1790072115607.323,False,4,8,6,1,637752620402979,637752635413626,637752725526586,14.482336044311523,13.336408,7.066751956939697,116.534759,14.386811,0.26295,637752733645521,True,True,,8.118935,637752812454206,637,86.92762,192.051227,78.808685,15.010647,90.11296
1297,b1269e28,Cam 4,635,210522476275567,Robot_2001,True,1790072115607.323,False,4,8,6,1,637752620402979,637752635413626,637752702762914,17.508127212524414,16.914667,7.066751956939697,116.534759,14.386811,0.26295,637752710474521,True,True,,7.711607,637752812447859,637,109.684945,192.04488,101.973338,15.010647,67.349288
1297,b1269e28,Cam 4,635,243160032179633,Rack,True,1790072115607.323,False,4,8,6,1,637752620402979,637752635413626,637752656387914,12.358431816101074,15.228396,7.066751956939697,116.534759,14.386811,0.26295,637752665781402,True,True,,9.393488,637752812439149,637,156.051235,192.03617,146.657747,15.010647,20.974288
1297,b1269e28,Cam 4,1212,143948090256846,Robot_28100,True,1790072144446.619,False,4,8,5,1,637781459698531,637781537939485,637781639397680,14.57692813873291,14.989006,6.928287982940674,139.161901,77.600199,0.305853,637781648373985,True,True,,8.976305,637781651644374,1216,12.246694,191.945843,3.270389,78.240954,101.458195
1297,b1269e28,Cam 4,1212,210522476275567,Robot_2001,True,1790072144446.619,False,4,8,5,1,637781459698531,637781537939485,637781617577368,22.639232635498047,23.035576,6.928287982940674,139.161901,77.600199,0.305853,637781624165930,True,True,,6.588562,637781651638813,1216,34.061445,191.940282,27.472883,78.240954,79.637883
1297,b1269e28,Cam 4,1727,143948090256846,Robot_28100,True,1790072170221.841,False,4,8,6,1,637807234920487,637807308168787,637807405991430,11.122688293457031,10.753188,10.965855598449707,144.416918,72.511623,0.264881,637807412933171,True,True,,6.941741,637807426364886,1731,20.373456,191.444399,13.431715,73.2483,97.822643
1297,b1269e28,Cam 4,1727,210522476275567,Robot_2001,True,1790072170221.841,False,4,8,6,1,637807234920487,637807308168787,637807387147680,17.417184829711914,17.447247,10.965855598449707,144.416918,72.511623,0.264881,637807394356861,True,True,,7.209181,637807426355376,1731,39.207696,191.434889,31.998515,73.2483,78.978893
1297,b1269e28,Cam 4,1520,143948090256846,Robot_28100,True,1790072159855.158,False,4,8,5,1,637796868238450,637796937484594,637797011694555,16.990463256835938,16.667557,7.326560020446777,96.543914,68.793219,0.20444,637797018558667,True,True,,6.864112,637797059619875,1524,47.92532,191.381425,41.061208,69.246144,74.209961
1297,b1269e28,Cam 4,1520,5410850743960,Robot_28100,False,1790072159855.158,False,4,8,5,1,637796868238450,637796937484594,637797027928930,9.178688049316406,9.180001,7.326560020446777,96.543914,68.793219,0.20444,637797033986770,True,True,,6.05784,637797059610018,1524,31.681088,191.371568,25.623248,69.246144,90.444336
1297,b1269e28,Cam 4,1709,195964480550089,Robot_1,True,1790072169329.637,False,4,8,6,1,637806342717065,637806389054145,637806447249242,22.218496322631836,22.235818,10.339808464050293,155.103412,45.533237,0.364775,637806458624713,True,True,,11.375471,637806533745704,1713,86.496462,191.028639,75.120991,46.33708,58.195097
1297,b1269e28,Cam 4,1709,143948090256846,Robot_28100,True,1790072169329.637,False,4,8,6,1,637806342717065,637806389054145,637806498967992,15.936415672302246,16.181202,10.339808464050293,155.103412,45.533237,0.364775,637806505046497,True,True,,6.078505,637806533740204,1713,34.772212,191.023139,28.693707,46.33708,109.913847
1297,b1269e28,Cam 4,1709,210522476275567,Robot_2001,True,1790072169329.637,False,4,8,6,1,637806342717065,637806389054145,637806473725805,14.875616073608398,14.821547,10.339808464050293,155.103412,45.533237,0.364775,637806482526430,True,True,,8.800625,637806533734550,1713,60.008745,191.017485,51.20812,46.33708,84.67166
1297,b1269e28,Cam 4,1709,5410850743960,Robot_28100,False,1790072169329.637,False,4,8,6,1,637806342717065,637806389054145,637806518405492,13.1046724319458,12.74749,10.339808464050293,155.103412,45.533237,0.364775,637806529115821,True,True,,10.710329,637806533725988,1713,15.320496,191.008923,4.610167,46.33708,129.351347
1297,b1269e28,Cam 4,1715,195964480550089,Robot_1,True,1790072169614.73,False,4,8,6,1,637806627810313,637806637598006,637806698053930,18.226112365722656,18.96664,11.861727714538574,146.27582,8.953281,0.28593,637806703646639,True,True,,5.592709,637806818565019,1717,120.511089,190.754706,114.91838,9.787693,60.455924
1297,b1269e28,Cam 4,1715,143948090256846,Robot_28100,True,1790072169614.73,False,4,8,6,1,637806627810313,637806637598006,637806744335180,13.181568145751953,11.880128,11.861727714538574,146.27582,8.953281,0.28593,637806748317391,True,True,,3.982211,637806818562087,1717,74.226907,190.751774,70.244696,9.787693,106.737174
1297,b1269e28,Cam 4,1715,210522476275567,Robot_2001,True,1790072169614.73,False,4,8,6,1,637806627810313,637806637598006,637806721678930,17.76643180847168,17.767567,11.861727714538574,146.27582,8.953281,0.28593,637806730996053,True,True,,9.317123,637806818559441,1717,96.880511,190.749128,87.563388,9.787693,84.080924
1297,b1269e28,Cam 4,1715,243160032179633,Rack,True,1790072169614.73,False,4,8,6,1,637806627810313,637806637598006,637806665811742,15.681792259216309,19.711757,11.861727714538574,146.27582,8.953281,0.28593,637806678883828,True,True,,13.072086,637806818555938,1717,152.744196,190.745625,139.67211,9.787693,28.213736
1297,b1269e28,Cam 4,1715,5410850743960,Robot_28100,False,1790072169614.73,False,4,8,6,1,637806627810313,637806637598006,637806763811742,15.311552047729492,15.290184,11.861727714538574,146.27582,8.953281,0.28593,637806771546304,True,True,,7.734562,637806818547601,1717,54.735859,190.737288,47.001297,9.787693,126.213736
1297,b1269e28,Cam 4,1272,143948090256846,Robot_28100,True,1790072147430.584,False,4,8,6,1,637784443663933,637784483309403,637784562288305,11.757760047912598,10.789129,7.281472206115723,129.792132,39.141635,0.193705,637784574586562,True,True,,12.298257,637784634372165,1275,72.08386,190.708232,59.785603,39.64547,78.978902
1297,b1269e28,Cam 4,1272,5410850743960,Robot_28100,False,1790072147430.584,False,4,8,6,1,637784443663933,637784483309403,637784585780492,10.091936111450195,10.871539,7.281472206115723,129.792132,39.141635,0.193705,637784592357200,True,True,,6.576708,637784634365147,1275,48.584655,190.701214,42.007947,39.64547,102.471089
1297,b1269e28,Cam 4,1555,195964480550089,Robot_1,True,1790072161611.21,False,4,8,5,1,637798624290214,637798747296504,637798788671118,12.529024124145508,12.103707,8.347583770751953,114.100878,122.448658,0.263881,637798795875895,True,True,,7.204777,637798814985896,1557,26.314778,190.695682,19.110001,123.00629,41.374614
1297,b1269e28,Cam 4,1555,243160032179633,Rack,True,1790072161611.21,False,4,8,5,1,637798624290214,637798747296504,637798765069555,8.914848327636719,13.150959,8.347583770751953,114.100878,122.448658,0.263881,637798775951092,True,True,,10.881537,637798814979206,1557,49.909651,190.688992,39.028114,123.00629,17.773051
1297,b1269e28,Cam 4,915,243160032179633,Rack,True,1790072129610.224,False,5,9,5,1,637766623303611,637766762039084,637766796034399,21.239423751831055,27.589376,11.870240211486816,111.350148,137.793733,0.586489,637766801600391,True,True,,5.565992,637766813800452,919,17.766053,190.496841,12.200061,138.735473,33.995315
1297,06e9e5b9,Cam góc rộng toàn sân,312,70711888968577,Robot_28100,False,1790072097209.005,False,4,6,4,1,637734222084684,637734281641380,637734362412328,17.876991271972656,18.137206,13.645119667053223,105.337336,59.173826,0.156318,637734374039334,True,True,,11.627006,637734412534574,317,50.122246,190.44989,38.49524,59.556696,80.770948
1297,b1269e28,Cam 4,1275,5410850743960,Robot_28100,False,1790072147620.112,False,4,8,5,1,637784633192008,637784696078957,637784800085180,13.229663848876953,13.21516,8.608672142028809,115.22904,62.055142,0.517306,637784811253271,True,True,,11.168091,637784823122021,1279,23.036841,189.930013,11.86875,62.886949,104.006223
1297,b1269e28,Cam 4,1904,5410850743960,Robot_28100,False,1790072179054.958,False,4,8,6,1,637816068038545,637816076966710,637816218210180,15.84489631652832,14.97063,7.226655960083008,162.3263,7.731275,0.542396,637816225842240,True,True,,7.63206,637816257957758,1908,39.747578,189.919213,32.115518,8.928165,141.24347
1297,b1269e28,Cam 4,1365,143948090256846,Robot_28100,True,1790072152136.449,False,4,7,4,1,637789149528706,637789211330146,637789264639868,9.318464279174805,9.220661,7.07587194442749,77.141054,60.67285,0.523197,637789270314163,True,True,,5.674295,637789339387885,1369,74.748017,189.859179,69.073722,61.80144,53.309722
1297,b1269e28,Cam 4,1365,210522476275567,Robot_2001,True,1790072152136.449,False,4,7,4,1,637789149528706,637789211330146,637789247483618,11.366975784301758,9.533477,7.07587194442749,77.141054,60.67285,0.523197,637789255127436,True,True,,7.643818,637789339381658,1369,91.89804,189.852952,84.254222,61.80144,36.153472
1297,b1269e28,Cam 4,1365,5410850743960,Robot_28100,False,1790072152136.449,False,4,7,4,1,637789149528706,637789211330146,637789281186742,10.669919967651367,9.98291,7.07587194442749,77.141054,60.67285,0.523197,637789288262197,True,True,,7.075455,637789339372679,1369,58.185937,189.843973,51.110482,61.80144,69.856596
1297,b1269e28,Cam 4,548,143948090256846,Robot_28100,True,1790072111251.757,False,4,8,6,1,637748264836817,637748321664346,637748421270727,12.554719924926758,13.15623,6.791168212890625,134.941805,55.131058,1.290923,637748429238810,True,True,,7.968083,637748454032720,552,32.761993,189.195903,24.79391,56.827529,99.606381
1297,b1269e28,Cam 4,570,143948090256846,Robot_28100,True,1790072112374.537,False,4,8,4,1,637749387616748,637749430637853,637749519655492,11.123295783996582,10.951002,13.193663597106934,102.439851,42.218184,0.403947,637749532243617,True,True,,12.588125,637749576809926,574,57.154434,189.193178,44.566309,43.021105,89.017639
1297,b1269e28,Cam 4,1788,143948090256846,Robot_28100,True,1790072173255.516,False,4,8,5,1,637810268596123,637810329856609,637810417983618,13.066720008850098,13.29695,10.381343841552734,115.566751,59.636985,1.26496,637810425459699,True,True,,7.476081,637810457583050,1792,39.599432,188.986927,32.123351,61.260486,88.127009
1297,b1269e28,Cam 4,1788,5410850743960,Robot_28100,False,1790072173255.516,False,4,8,5,1,637810268596123,637810329856609,637810438280492,12.606656074523926,11.765727,10.381343841552734,115.566751,59.636985,1.26496,637810445360230,True,True,,7.079738,637810457571650,1792,19.291158,188.975527,12.21142,61.260486,108.423883
1297,06e9e5b9,Cam góc rộng toàn sân,1477,70711888968577,Robot_28100,False,1790072146228.151,False,4,7,5,1,637783241230839,637783274036018,637783397010961,19.994783401489258,19.976064,10.47657585144043,131.842913,32.089544,0.288693,637783405829737,True,True,,8.818776,637783430191374,1481,33.180413,188.960535,24.361637,32.805179,122.974943
1297,b1269e28,Cam 4,1733,143948090256846,Robot_28100,True,1790072170532.803,False,4,8,6,1,637807545882563,637807558473846,637807670803930,13.539008140563965,13.295098,14.608448028564453,145.158088,12.029139,0.216101,637807675480245,True,True,,4.676315,637807734628710,1737,63.82478,188.746147,59.148465,12.591283,112.330084
1297,b1269e28,Cam 4,1733,210522476275567,Robot_2001,True,1790072170532.803,False,4,8,6,1,637807545882563,637807558473846,637807650389868,26.588224411010742,26.174646,14.608448028564453,145.158088,12.029139,0.216101,637807656892108,True,True,,6.50224,637807734621080,1737,84.231212,188.738517,77.728972,12.591283,91.916022
1297,b1269e28,Cam 4,1733,5410850743960,Robot_28100,False,1790072170532.803,False,4,8,6,1,637807545882563,637807558473846,637807688608618,12.850751876831055,12.860521,14.608448028564453,145.158088,12.029139,0.216101,637807696285761,True,True,,7.677143,637807734610764,1737,46.002146,188.728201,38.325003,12.591283,130.134772
1297,b1269e28,Cam 4,1332,143948090256846,Robot_28100,True,1790072150460.348,False,4,8,5,1,637787473427862,637787523509209,637787604553930,14.074912071228027,14.699124,10.932448387145996,122.971837,48.994241,0.585912,637787621918225,True,True,,17.364295,637787662057687,1336,57.503757,188.629825,40.139462,50.081347,81.044721
1297,b1269e28,Cam 4,1332,5410850743960,Robot_28100,False,1790072150460.348,False,4,8,5,1,637787473427862,637787523509209,637787636999242,14.828927993774414,14.786658,10.932448387145996,122.971837,48.994241,0.585912,637787646421889,True,True,,9.422647,637787662048102,1336,25.04886,188.62024,15.626213,50.081347,113.490033
1297,b1269e28,Cam 4,1772,143948090256846,Robot_28100,True,1790072172458.885,False,5,8,5,1,637809471964592,637809520497370,637809626389868,15.417280197143555,15.253684,13.720895767211914,131.821795,47.52281,0.506157,637809630538689,True,True,,4.148821,637809660217763,1776,33.827895,188.253171,29.679074,48.532778,105.892498
1297,b1269e28,Cam 4,1772,5410850743960,Robot_28100,False,1790072172458.885,False,5,8,5,1,637809471964592,637809520497370,637809642960180,11.918335914611816,11.492504,13.720895767211914,131.821795,47.52281,0.506157,637809652288827,True,True,,9.328647,637809660211335,1776,17.251155,188.246743,7.922508,48.532778,122.46281
1297,06e9e5b9,Cam góc rộng toàn sân,1285,70711888968577,Robot_28100,False,1790072138202.064,False,4,7,5,1,637775215143682,637775246470724,637775359432836,18.865312576293945,18.679291,12.301312446594238,127.339494,30.31716,0.725848,637775373679079,True,True,,14.246243,637775403327852,1290,43.895016,188.18417,29.648773,31.327042,112.962112
1297,b1269e28,Cam 4,1259,210522476275567,Robot_2001,True,1790072146805.09,False,4,8,5,1,637783818169804,637783901660587,637783970530492,14.909600257873535,14.764023,9.13212776184082,128.321339,82.826952,0.240077,637783977400875,True,True,,6.870383,637784006279177,1263,35.748685,188.109373,28.878302,83.490783,68.869905
1297,b1269e28,Cam 4,1141,143948090256846,Robot_28100,True,1790072140933.072,False,5,9,5,1,637777946151898,637777979962900,637778068186742,13.127391815185547,12.627933,7.689568042755127,117.436904,33.125113,0.253927,637778074007192,True,True,,5.82045,637778134113366,1145,65.926624,187.961468,60.106174,33.811002,88.223842
1297,b1269e28,Cam 4,1141,5410850743960,Robot_28100,False,1790072140933.072,False,5,9,5,1,637777946151898,637777979962900,637778090577368,16.29631996154785,16.027655,7.689568042755127,117.436904,33.125113,0.253927,637778097367760,True,True,,6.790392,637778134103294,1145,43.525926,187.951396,36.735534,33.811002,110.614468
1297,b1269e28,Cam 4,1741,195964480550089,Robot_1,True,1790072170935.594,False,4,8,6,1,637807948674331,637808000369576,637808060889868,22.73027229309082,22.730601,10.806816101074219,136.75182,49.901868,1.469691,637808065616436,True,True,,4.726568,637808136405000,1745,75.515132,187.730669,70.788564,51.695245,60.520292
1297,b1269e28,Cam 4,1741,143948090256846,Robot_28100,True,1790072170935.594,False,4,8,6,1,637807948674331,637808000369576,637808098874242,12.850336074829102,12.797381,10.806816101074219,136.75182,49.901868,1.469691,637808102803792,True,True,,3.92955,637808136401787,1745,37.527545,187.727456,33.597995,51.695245,98.504666
1297,b1269e28,Cam 4,1741,210522476275567,Robot_2001,True,1790072170935.594,False,4,8,6,1,637807948674331,637808000369576,637808078046118,10.823936462402344,11.976934,10.806816101074219,136.75182,49.901868,1.469691,637808085661342,True,True,,7.615224,637808136398626,1745,58.352508,187.724295,50.737284,51.695245,77.676542
1297,b1269e28,Cam 4,1801,143948090256846,Robot_28100,True,1790072173929.552,False,4,8,6,1,637810942632125,637810970056496,637811053905492,12.678655624389648,12.6768,11.39078426361084,131.320415,25.645999,0.430585,637811060411112,True,True,,6.50562,637811130354631,1805,76.449139,187.722506,69.943519,27.424371,83.848996
1297,b1269e28,Cam 4,1741,5410850743960,Robot_28100,False,1790072170935.594,False,4,8,6,1,637807948674331,637808000369576,637808114608618,10.812064170837402,11.5639,10.806816101074219,136.75182,49.901868,1.469691,637808123907688,True,True,,9.29907,637808136392928,1745,21.78431,187.718597,12.48524,51.695245,114.239042
1297,b1269e28,Cam 4,1801,5410850743960,Robot_28100,False,1790072173929.552,False,4,8,6,1,637810942632125,637810970056496,637811072382055,10.928352355957031,11.028946,11.39078426361084,131.320415,25.645999,0.430585,637811083999097,True,True,,11.617042,637811130344593,1805,57.962538,187.712468,46.345496,27.424371,102.325559
1297,b1269e28,Cam 4,1636,143948090256846,Robot_28100,True,1790072165652.243,False,4,8,6,1,637802665323339,637802743123555,637802832905492,13.932607650756836,15.273227,7.5458879470825195,124.870524,76.96327,0.3067,637802840422608,True,True,,7.517116,637802852870686,1640,19.965194,187.547347,12.448078,77.800216,89.781937
1297,c7e22c1f,Cam mới,522,116093134008527,Robot_28100,False,1790072104597.852,False,3,3,3,0,637741610932139,637741651993436,637741680348852,11.850239753723145,11.825521,6.034239768981934,55.824294,40.506114,0.226409,637741687315176,True,True,,6.966324,637741797472549,527,117.123697,186.54041,110.157373,41.061297,28.355416
1297,b1269e28,Cam 4,1839,143948090256846,Robot_28100,True,1790072175819.878,False,4,8,6,1,637812832958427,637812893630937,637812984249242,15.618623733520508,15.766051,8.932767868041992,128.154539,59.064461,1.065098,637812989951449,True,True,,5.702207,637813019492001,1843,35.242759,186.533574,29.540552,60.67251,90.618305
1297,b1269e28,Cam 4,1839,5410850743960,Robot_28100,False,1790072175819.878,False,4,8,6,1,637812832958427,637812893630937,637813004303930,14.00483226776123,14.132517,8.932767868041992,128.154539,59.064461,1.065098,637813013244290,True,True,,8.94036,637813019485722,1843,15.181792,186.527295,6.241432,60.67251,110.672993
1297,b1269e28,Cam 4,1250,143948090256846,Robot_28100,True,1790072146375.959,False,4,8,6,1,637783389039526,637783406008756,637783530448461,19.559232711791992,19.876477,11.755135536193848,177.447755,15.552938,0.45812,637783540126683,True,True,,9.678222,637783575183085,1254,44.734624,186.143559,35.056402,16.96923,124.439705
1297,b1269e28,Cam 4,1250,5410850743960,Robot_28100,False,1790072146375.959,False,4,8,6,1,637783389039526,637783406008756,637783559534399,19.10051155090332,19.06919,11.755135536193848,177.447755,15.552938,0.45812,637783572128762,True,True,,12.594363,637783575176525,1254,15.642126,186.136999,3.047763,16.96923,153.525643
1297,c7e22c1f,Cam mới,919,116093134008527,Robot_28100,False,1790072120606.095,False,2,2,1,0,637757619175028,637757668683842,637757694053930,17.916576385498047,20.202065,6.9260478019714355,30.935039,48.745919,0.326459,637757699476953,True,True,,5.423023,637757805258358,924,111.204428,186.08333,105.781405,49.508814,25.370088
1297,06e9e5b9,Cam góc rộng toàn sân,1459,70711888968577,Robot_28100,False,1790072145443.522,False,4,6,4,1,637782456601631,637782519866456,637782609323461,18.680160522460938,18.671531,11.469535827636719,96.701814,61.906174,0.548346,637782616349382,True,True,,7.025921,637782642644299,1464,33.320838,186.042668,26.294917,63.264825,89.457005
1297,b1269e28,Cam 4,657,195964480550089,Robot_1,True,1790072116736.376,False,4,8,4,1,637753749456175,637753795209910,637753853850805,22.866912841796875,23.084337,7.458623886108398,104.196383,44.876336,0.510199,637753859014830,True,True,,5.164025,637753934653712,661,80.802907,185.197537,75.638882,45.753735,58.640895
1297,b1269e28,Cam 4,657,143948090256846,Robot_28100,True,1790072116736.376,False,4,8,4,1,637753749456175,637753795209910,637753888905492,13.52889633178711,12.521604,7.458623886108398,104.196383,44.876336,0.510199,637753899264006,True,True,,10.358514,637753934647580,661,45.742088,185.191405,35.383574,45.753735,93.695582
1297,b1269e28,Cam 4,657,210522476275567,Robot_2001,True,1790072116736.376,False,4,8,4,1,637753749456175,637753795209910,637753870354711,10.72339153289795,10.992254,7.458623886108398,104.196383,44.876336,0.510199,637753874994659,True,True,,4.639948,637753934639647,661,64.284936,185.183472,59.644988,45.753735,75.144801
1297,b1269e28,Cam 4,395,243160032179633,Rack,True,1790072103617.861,False,4,8,6,1,637740630940704,637740784306668,637740803141821,8.308799743652344,15.110759,8.749567985534668,98.47614,152.632981,0.33591,637740807863035,True,True,,4.721214,637740816097997,397,12.956176,185.157293,8.234962,153.365964,18.835153
1297,b1269e28,Cam 4,555,195964480550089,Robot_1,True,1790072111613.198,False,4,8,6,1,637748626277732,637748751638632,637748797505102,10.862239837646484,11.35958,10.756159782409668,127.057997,124.547203,0.393452,637748804097984,True,True,,6.592882,637748810562735,558,13.057633,184.285003,6.464751,125.3609,45.86647
1297,c7e22c1f,Cam mới,1517,116093134008527,Robot_28100,False,1790072144600.227,False,3,3,1,0,637781613306788,637781688099783,637781714882055,16.02979278564453,22.574162,8.465951919555664,38.387034,74.101248,0.252658,637781726415085,True,True,,11.53303,637781797475250,1522,82.593195,184.168462,71.060165,74.792995,26.782272
1297,b1269e28,Cam 4,607,143948090256846,Robot_28100,True,1790072114223.972,False,4,8,6,1,637751237052069,637751303652394,637751392786352,10.003840446472168,9.976145,7.190176010131836,141.39975,66.091577,0.251084,637751402960052,True,True,,10.1737,637751420841826,611,28.055474,183.789757,17.881774,66.600325,89.133958
1297,b1269e28,Cam 4,607,210522476275567,Robot_2001,True,1790072114223.972,False,4,8,6,1,637751237052069,637751303652394,637751375702368,21.86012840270996,21.375465,7.190176010131836,141.39975,66.091577,0.251084,637751382363321,True,True,,6.660953,637751420836304,611,45.133936,183.784235,38.472983,66.600325,72.049974
1297,06e9e5b9,Cam góc rộng toàn sân,1388,70711888968577,Robot_28100,False,1790072142486.012,False,4,7,5,1,637779499092267,637779524741368,637779630417211,18.112031936645508,17.974103,8.723999977111816,119.663581,24.523529,0.59372,637779644323144,True,True,,13.905933,637779682669106,1393,52.251895,183.576839,38.345962,25.649101,105.675843
1297,b1269e28,Cam 4,457,195964480550089,Robot_1,True,1790072106735.833,False,5,9,4,1,637743748912798,637743818913101,637743858405492,11.163840293884277,11.91563,6.219903945922852,88.087964,67.438467,0.917226,637743863802744,True,True,,5.397252,637743932332377,461,73.926885,183.419579,68.529633,70.000303,39.492391
1297,b1269e28,Cam 4,457,143948090256846,Robot_28100,True,1790072106735.833,False,5,9,4,1,637743748912798,637743818913101,637743900010961,12.876352310180664,15.355572,6.219903945922852,88.087964,67.438467,0.917226,637743906842347,True,True,,6.831386,637743932329525,461,32.318564,183.416727,25.487178,70.000303,81.09786
1297,b1269e28,Cam 4,457,210522476275567,Robot_2001,True,1790072106735.833,False,5,9,4,1,637743748912798,637743818913101,637743878217992,14.190048217773438,13.976421,6.219903945922852,88.087964,67.438467,0.917226,637743884418689,True,True,,6.200697,637743932323521,461,54.105529,183.410723,47.904832,70.000303,59.304891
1297,b1269e28,Cam 4,1543,210522476275567,Robot_2001,True,1790072161014.266,False,4,8,5,1,637798027345501,637798131045237,637798185835180,10.689120292663574,11.344907,8.356608390808105,104.951361,103.31504,0.155254,637798195044334,True,True,,9.209154,637798210689380,1547,24.8542,183.343879,15.645046,103.699736,54.789943
1297,b1269e28,Cam 4,1825,195964480550089,Robot_1,True,1790072175143.941,False,4,8,6,1,637812157021120,637812216795177,637812272616430,22.204416275024414,22.723987,11.116255760192871,163.061751,58.454094,0.334897,637812283469105,True,True,,10.852675,637812339966440,1829,67.35001,182.94532,56.497335,59.774057,55.821253
1297,b1269e28,Cam 4,1825,210522476275567,Robot_2001,True,1790072175143.941,False,4,8,6,1,637812157021120,637812216795177,637812309678930,25.96143913269043,25.929635,11.116255760192871,163.061751,58.454094,0.334897,637812318703959,True,True,,9.025029,637812339958705,1829,30.279775,182.937585,21.254746,59.774057,92.883753
1297,b1269e28,Cam 4,903,143948090256846,Robot_28100,True,1790072129020.559,False,5,9,7,1,637766033638697,637766098629604,637766182143774,10.109663963317871,9.778073,9.26358413696289,132.132558,63.723863,0.781286,637766187958979,True,True,,5.815205,637766215672023,907,33.528249,182.033326,27.713044,64.990907,83.51417
1297,b1269e28,Cam 4,272,195964480550089,Robot_1,True,1790072097444.721,False,4,8,6,1,637734457801280,637734545793685,637734601541235,14.384703636169434,14.347495,10.521856307983398,164.630339,86.044771,1.647677,637734610917276,True,True,,9.376041,637734639682949,275,38.141714,181.881669,28.765673,87.992405,55.74755
1297,b1269e28,Cam 4,272,243160032179633,Rack,True,1790072097444.721,False,4,8,6,1,637734457801280,637734545793685,637734580552953,22.300960540771484,22.287024,10.521856307983398,164.630339,86.044771,1.647677,637734586805932,True,True,,6.252979,637734639672473,275,59.11952,181.871193,52.866541,87.992405,34.759268
1297,b1269e28,Cam 4,527,143948090256846,Robot_28100,True,1790072110216.478,False,4,8,6,1,637747229557915,637747289245140,637747381800024,13.185440063476562,14.379056,11.381535530090332,124.123021,58.995383,0.345848,637747388087480,True,True,,6.287456,637747410864691,531,29.064667,181.306776,22.777211,59.687225,92.554884
1297,b1269e28,Cam 4,1764,143948090256846,Robot_28100,True,1790072172036.355,False,4,8,5,1,637809049434843,637809107792132,637809205467992,14.305055618286133,14.423186,5.860703945159912,134.379592,57.801385,0.223725,637809214695042,True,True,,9.22705,637809230403815,1767,24.935823,180.968972,15.708773,58.357289,97.67586
1297,c7e22c1f,Cam mới,669,116093134008527,Robot_28100,False,1790072110604.62,False,3,3,1,0,637747617699677,637747675760259,637747701917211,17.43292808532715,20.765515,6.985439777374268,31.042036,57.607793,0.236773,637747706700996,True,True,,4.783785,637747798667709,674,96.750498,180.968032,91.966713,58.060582,26.156952
1297,b1269e28,Cam 4,1764,210522476275567,Robot_2001,True,1790072172036.355,False,4,8,5,1,637809049434843,637809107792132,637809180663305,14.039392471313477,14.679192,5.860703945159912,134.379592,57.801385,0.223725,637809190769540,True,True,,10.106235,637809230396074,1767,49.732769,180.961231,39.626534,58.357289,72.871173
1297,06e9e5b9,Cam góc rộng toàn sân,1676,70711888968577,Robot_28100,False,1790072154504.912,False,4,6,4,1,637791517991984,637791567960683,637791640319555,17.061311721801758,17.071629,13.875840187072754,106.013755,49.002675,0.484178,637791656134041,True,True,,15.814486,637791698944080,1680,58.624525,180.952096,42.810039,49.968699,72.358872
1297,c7e22c1f,Cam mới,1766,116093134008527,Robot_28100,False,1790072154605.553,False,3,3,3,0,637791618632974,637791677227778,637791713647680,8.998720169067383,8.452458,13.704480171203613,58.669297,58.127296,0.233821,637791723899045,True,True,,10.251365,637791799412294,1771,85.764614,180.77932,75.513249,58.594804,36.419902
1297,b1269e28,Cam 4,696,143948090256846,Robot_28100,True,1790072118639.974,False,4,8,6,1,637755653053853,637755662988220,637755763116430,20.799680709838867,20.543499,7.792223930358887,131.252023,8.944644,0.626251,637755776214275,True,True,,13.097845,637755833558407,699,70.441977,180.504554,57.344132,9.934367,100.12821
1297,b1269e28,Cam 4,384,143948090256846,Robot_28100,True,1790072103040.66,False,4,8,6,1,637740053740383,637740102004843,637740205958227,14.806495666503906,16.025205,11.354751586914062,146.020585,46.137458,1.593443,637740216464284,True,True,,10.506057,637740233771097,387,27.81287,180.030714,17.306813,48.26446,103.953384
1297,b1269e28,Cam 4,384,210522476275567,Robot_2001,True,1790072103040.66,False,4,8,6,1,637740053740383,637740102004843,637740183553930,18.801151275634766,18.464402,11.354751586914062,146.020585,46.137458,1.593443,637740189660283,True,True,,6.106353,637740233762145,387,50.208215,180.021762,44.101862,48.26446,81.549087
