camera,frame,previous_frame,epoch_ms,tracker_gap_ms
c7e22c1f,289,288,1790072095193.896,37.924832
c7e22c1f,290,289,1790072095228.66,34.764105
c7e22c1f,291,290,1790072095276.22,47.560031
c7e22c1f,292,291,1790072095325.209,48.988894
c7e22c1f,293,292,1790072095353.271,28.061187
c7e22c1f,294,293,1790072095400.389,47.118424
c7e22c1f,295,294,1790072095427.415,27.025981
c7e22c1f,296,295,1790072095480.252,52.837068
c7e22c1f,297,296,1790072095502.901,22.64908
c7e22c1f,298,297,1790072095546.298,43.396441
c7e22c1f,299,298,1790072095587.22,40.922737
c7e22c1f,300,299,1790072095634.364,47.143529
c7e22c1f,301,300,1790072095676.393,42.029556
c7e22c1f,302,301,1790072095710.475,34.081292
c7e22c1f,303,302,1790072095761.765,51.290604
c7e22c1f,304,303,1790072095797.763,35.998128
c7e22c1f,305,304,1790072095832.546,34.782432
c7e22c1f,306,305,1790072095876.423,43.876772
c7e22c1f,307,306,1790072095914.773,38.350055
c7e22c1f,308,307,1790072095954.606,39.83361
c7e22c1f,309,308,1790072095990.564,35.958106
c7e22c1f,310,309,1790072096036.736,46.171717
c7e22c1f,311,310,1790072096067.343,30.607123
c7e22c1f,312,311,1790072096112.552,45.208716
c7e22c1f,313,312,1790072096157.19,44.638365
c7e22c1f,314,313,1790072096204.733,47.54262
c7e22c1f,315,314,1790072096230.804,26.071063
c7e22c1f,316,315,1790072096273.285,42.481502
c7e22c1f,317,316,1790072096309.27,35.984616
c7e22c1f,318,317,1790072096352.381,43.11127
c7e22c1f,319,318,1790072096389.806,37.424848
c7e22c1f,320,319,1790072096434.637,44.830731
c7e22c1f,321,320,1790072096461.828,27.190624
c7e22c1f,322,321,1790072096508.687,46.859278
c7e22c1f,323,322,1790072096548.221,39.534596
c7e22c1f,324,323,1790072096602.509,54.287898
c7e22c1f,325,324,1790072096603.552,1.042276
c7e22c1f,326,325,1790072096606.112,2.560517
c7e22c1f,327,326,1790072096607.348,1.236119
c7e22c1f,328,327,1790072096661.192,53.843665
c7e22c1f,329,328,1790072096788.249,127.057266
c7e22c1f,330,329,1790072096827.076,38.827008
c7e22c1f,331,330,1790072096874.183,47.106435
c7e22c1f,332,331,1790072096911.55,37.367749
c7e22c1f,333,332,1790072096948.97,37.419789
c7e22c1f,334,333,1790072096992.4,43.430125
c7e22c1f,335,334,1790072097031.867,39.466395
c7e22c1f,336,335,1790072097072.914,41.047198
c7e22c1f,337,336,1790072097098.96,26.045884
c7e22c1f,338,337,1790072097159.536,60.575955
c7e22c1f,339,338,1790072097184.728,25.192254
c7e22c1f,340,339,1790072097237.383,52.654627
c7e22c1f,341,340,1790072097260.816,23.433513
c7e22c1f,342,341,1790072097304.695,43.878575
c7e22c1f,343,342,1790072097347.251,42.555965
c7e22c1f,344,343,1790072097386.072,38.820902
c7e22c1f,345,344,1790072097437.374,51.302287
c7e22c1f,346,345,1790072097480.9,43.526229
c7e22c1f,347,346,1790072097508.828,27.928253
c7e22c1f,348,347,1790072097556.623,47.79501
c7e22c1f,349,348,1790072097595.835,39.211515
c7e22c1f,350,349,1790072097634.86,39.02549
c7e22c1f,351,350,1790072097680.045,45.184817
c7e22c1f,352,351,1790072097717.75,37.705445
c7e22c1f,353,352,1790072097745.832,28.081308
c7e22c1f,354,353,1790072097797.35,51.517868
c7e22c1f,355,354,1790072097821.108,23.758164
c7e22c1f,356,355,1790072097873.278,52.170498
c7e22c1f,357,356,1790072097904.431,31.1522
c7e22c1f,358,357,1790072097945.853,41.422563
c7e22c1f,359,358,1790072097985.531,39.677218
c7e22c1f,360,359,1790072098027.312,41.781203
c7e22c1f,361,360,1790072098069.491,42.179236
c7e22c1f,362,361,1790072098120.958,51.467271
c7e22c1f,363,362,1790072098154.23,33.272286
c7e22c1f,364,363,1790072098193.246,39.015776
c7e22c1f,365,364,1790072098225.476,32.229381
c7e22c1f,366,365,1790072098273.745,48.269389
c7e22c1f,367,366,1790072098308.606,34.8609
c7e22c1f,368,367,1790072098353.884,45.278358
c7e22c1f,369,368,1790072098383.833,29.948333
c7e22c1f,370,369,1790072098424.936,41.103559
c7e22c1f,371,370,1790072098467.797,42.861257
c7e22c1f,372,371,1790072098511.382,43.58425
c7e22c1f,373,372,1790072098551.102,39.720156
c7e22c1f,374,373,1790072098598.693,47.590908
c7e22c1f,375,374,1790072098599.763,1.070583
c7e22c1f,376,375,1790072098601.361,1.597714
c7e22c1f,377,376,1790072098693.879,92.518375
c7e22c1f,378,377,1790072098788.724,94.844648
c7e22c1f,379,378,1790072098828.806,40.082284
c7e22c1f,380,379,1790072098869.18,40.374014
c7e22c1f,381,380,1790072098909.579,40.399109
c7e22c1f,382,381,1790072098955.27,45.69043
c7e22c1f,383,382,1790072098987.885,32.614633
c7e22c1f,384,383,1790072099031.164,43.279382
c7e22c1f,385,384,1790072099075.859,44.694897
c7e22c1f,386,385,1790072099105.856,29.997035
c7e22c1f,387,386,1790072099153.991,48.135147
c7e22c1f,388,387,1790072099198.496,44.504825
c7e22c1f,389,388,1790072099237.173,38.677125
c7e22c1f,390,389,1790072099277.386,40.213486
c7e22c1f,391,390,1790072099314.589,37.20233
c7e22c1f,392,391,1790072099363.903,49.314376
c7e22c1f,393,392,1790072099389.17,25.266621
c7e22c1f,394,393,1790072099428.541,39.371125
c7e22c1f,395,394,1790072099470.563,42.022181
c7e22c1f,396,395,1790072099509.036,38.472556
c7e22c1f,397,396,1790072099551.619,42.583371
c7e22c1f,398,397,1790072099591.058,39.439177
c7e22c1f,399,398,1790072099621.846,30.788077
c7e22c1f,400,399,1790072099674.599,52.752459
c7e22c1f,401,400,1790072099713.061,38.461848
c7e22c1f,402,401,1790072099753.18,40.119303
c7e22c1f,403,402,1790072099788.956,35.776185
c7e22c1f,404,403,1790072099824.95,35.994446
c7e22c1f,405,404,1790072099872.906,47.955378
c7e22c1f,406,405,1790072099923.16,50.254413
c7e22c1f,407,406,1790072099953.364,30.203292
c7e22c1f,408,407,1790072099988.837,35.473193
c7e22c1f,409,408,1790072100032.44,43.602986
c7e22c1f,410,409,1790072100077.066,44.626491
c7e22c1f,411,410,1790072100109.74,32.673311
c7e22c1f,412,411,1790072100156.051,46.31135
c7e22c1f,413,412,1790072100182.385,26.333833
c7e22c1f,414,413,1790072100237.544,55.15898
c7e22c1f,415,414,1790072100259.784,22.239987
c7e22c1f,416,415,1790072100317.798,58.014201
c7e22c1f,417,416,1790072100341.344,23.545865
c7e22c1f,418,417,1790072100389.906,48.561967
c7e22c1f,419,418,1790072100425.105,35.198966
c7e22c1f,420,419,1790072100476.968,51.863435
c7e22c1f,421,420,1790072100507.896,30.928197
c7e22c1f,422,421,1790072100548.305,40.408751
c7e22c1f,423,422,1790072100607.932,59.627102
c7e22c1f,424,423,1790072100610.897,2.965033
c7e22c1f,425,424,1790072100612.245,1.347478
c7e22c1f,426,425,1790072100616.547,4.302055
c7e22c1f,427,426,1790072100664.498,47.951354
c7e22c1f,428,427,1790072100793.161,128.663179
c7e22c1f,429,428,1790072100843.043,49.881974
c7e22c1f,430,429,1790072100867.434,24.39082
c7e22c1f,431,430,1790072100907.409,39.975223
c7e22c1f,432,431,1790072100956.148,48.738756
c7e22c1f,433,432,1790072100992.267,36.118673
c7e22c1f,434,433,1790072101038.746,46.479581
c7e22c1f,435,434,1790072101068.89,30.143773
c7e22c1f,436,435,1790072101107.901,39.011067
c7e22c1f,437,436,1790072101150.427,42.525721
c7e22c1f,438,437,1790072101206.743,56.316601
c7e22c1f,439,438,1790072101221.786,15.042199
c7e22c1f,440,439,1790072101271.008,49.222723
c7e22c1f,441,440,1790072101307.99,36.981177
c7e22c1f,442,441,1790072101357.571,49.580949
c7e22c1f,443,442,1790072101391.742,34.171506
c7e22c1f,444,443,1790072101423.992,32.249909
c7e22c1f,445,444,1790072101465.949,41.956842
c7e22c1f,446,445,1790072101506.67,40.721478
c7e22c1f,447,446,1790072101556.591,49.921175
c7e22c1f,448,447,1790072101593.796,37.205049
c7e22c1f,449,448,1790072101638.068,44.27151
c7e22c1f,450,449,1790072101659.407,21.33911
c7e22c1f,451,450,1790072101735.534,76.12725
c7e22c1f,452,451,1790072101741.842,6.308086
c7e22c1f,453,452,1790072101797.35,55.507851
c7e22c1f,454,453,1790072101823.772,26.421407
c7e22c1f,455,454,1790072101864.196,40.423838
c7e22c1f,456,455,1790072101901.655,37.45928
c7e22c1f,457,456,1790072101949.203,47.548193
c7e22c1f,458,457,1790072101986.117,36.914212
c7e22c1f,459,458,1790072102026.453,40.335467
c7e22c1f,460,459,1790072102069.849,43.396449
c7e22c1f,461,460,1790072102112.071,42.221405
c7e22c1f,462,461,1790072102156.947,44.876286
c7e22c1f,463,462,1790072102189.362,32.414733
c7e22c1f,464,463,1790072102239.484,50.12207
c7e22c1f,465,464,1790072102292.869,53.385766
c7e22c1f,466,465,1790072102303.245,10.375399
c7e22c1f,467,466,1790072102356.17,52.925326
c7e22c1f,468,467,1790072102384.628,28.457594
c7e22c1f,469,468,1790072102425.525,40.897745
c7e22c1f,470,469,1790072102467.803,42.277419
c7e22c1f,471,470,1790072102510.263,42.459858
c7e22c1f,472,471,1790072102551.841,41.578747
c7e22c1f,473,472,1790072102604.166,52.324465
c7e22c1f,474,473,1790072102606.732,2.566172
c7e22c1f,475,474,1790072102609.135,2.403188
c7e22c1f,476,475,1790072102662.483,53.34808
c7e22c1f,477,476,1790072102789.883,127.399625
c7e22c1f,478,477,1790072102845.135,55.252551
c7e22c1f,479,478,1790072102868.717,23.581253
c7e22c1f,480,479,1790072102924.982,56.265727
c7e22c1f,481,480,1790072102948.506,23.523786
c7e22c1f,482,481,1790072102989.236,40.729668
c7e22c1f,483,482,1790072103029.809,40.573396
c7e22c1f,484,483,1790072103080.034,50.224896
c7e22c1f,485,484,1790072103119.219,39.184193
c7e22c1f,486,485,1790072103147.517,28.298364
c7e22c1f,487,486,1790072103192.955,45.438149
c7e22c1f,488,487,1790072103223.635,30.680117
c7e22c1f,489,488,1790072103282.55,58.915275
c7e22c1f,490,489,1790072103301.493,18.94277
c7e22c1f,491,490,1790072103348.624,47.131234
c7e22c1f,492,491,1790072103385.171,36.546868
c7e22c1f,493,492,1790072103431.818,46.647109
c7e22c1f,494,493,1790072103467.608,35.790138
c7e22c1f,495,494,1790072103507.112,39.503733
c7e22c1f,496,495,1790072103550.053,42.940687
c7e22c1f,497,496,1790072103590.3,40.247048
c7e22c1f,498,497,1790072103630.175,39.874793
c7e22c1f,499,498,1790072103672.918,42.743123
c7e22c1f,500,499,1790072103702.701,29.783506
c7e22c1f,501,500,1790072103753.886,51.185158
c7e22c1f,502,501,1790072103788.572,34.684946
c7e22c1f,503,502,1790072103840.46,51.889074
c7e22c1f,504,503,1790072103863.154,22.693415
c7e22c1f,505,504,1790072103902.574,39.420047
c7e22c1f,506,505,1790072103942.961,40.386819
c7e22c1f,507,506,1790072103984.985,42.02436
c7e22c1f,508,507,1790072104027.334,42.349044
c7e22c1f,509,508,1790072104073.569,46.234855
c7e22c1f,510,509,1790072104106.833,33.26364
c7e22c1f,511,510,1790072104149.748,42.914991
c7e22c1f,512,511,1790072104187.313,37.565759
c7e22c1f,513,512,1790072104245.63,58.316114
c7e22c1f,514,513,1790072104273.771,28.141735
c7e22c1f,515,514,1790072104318.403,44.631633
c7e22c1f,516,515,1790072104348.333,29.929673
c7e22c1f,517,516,1790072104392.729,44.39631
c7e22c1f,518,517,1790072104421.662,28.932666
c7e22c1f,519,518,1790072104473.077,51.415045
c7e22c1f,520,519,1790072104513.664,40.586956
c7e22c1f,521,520,1790072104548.242,34.57875
c7e22c1f,522,521,1790072104597.852,49.609872
c7e22c1f,523,522,1790072104599.057,1.204933
c7e22c1f,524,523,1790072104600.75,1.693182
c7e22c1f,525,524,1790072104603.023,2.272837
c7e22c1f,526,525,1790072104671.863,68.840062
c7e22c1f,527,526,1790072104783.513,111.650304
c7e22c1f,528,527,1790072104834.183,50.669693
c7e22c1f,529,528,1790072104867.046,32.862952
c7e22c1f,530,529,1790072104921.69,54.644223
c7e22c1f,531,530,1790072104943.04,21.349422
c7e22c1f,532,531,1790072104984.519,41.479444
c7e22c1f,533,532,1790072105026.842,42.322622
c7e22c1f,534,533,1790072105075.702,48.859771
c7e22c1f,535,534,1790072105116.057,40.355069
c7e22c1f,536,535,1790072105160.32,44.263431
c7e22c1f,537,536,1790072105191.468,31.148028
c7e22c1f,538,537,1790072105233.054,41.585497
c7e22c1f,539,538,1790072105287.438,54.384814
c7e22c1f,540,539,1790072105312.13,24.691288
c7e22c1f,541,540,1790072105340.773,28.643406
c7e22c1f,542,541,1790072105409.862,69.088965
c7e22c1f,543,542,1790072105428.885,19.022321
c7e22c1f,544,543,1790072105482.531,53.646323
c7e22c1f,545,544,1790072105502.044,19.513189
c7e22c1f,546,545,1790072105541.807,39.763448
c7e22c1f,547,546,1790072105584.379,42.571804
c7e22c1f,548,547,1790072105626.084,41.705278
c7e22c1f,549,548,1790072105674.447,48.361975
c7e22c1f,550,549,1790072105714.689,40.242369
c7e22c1f,551,550,1790072105755.283,40.594702
c7e22c1f,552,551,1790072105781.954,26.670678
c7e22c1f,553,552,1790072105890.841,108.886981
c7e22c1f,554,553,1790072105893.157,2.316336
c7e22c1f,555,554,1790072105911.338,18.180351
c7e22c1f,556,555,1790072105940.231,28.893394
c7e22c1f,557,556,1790072106000.422,60.190925
c7e22c1f,558,557,1790072106020.531,20.109302
c7e22c1f,559,558,1790072106074.858,54.326966
c7e22c1f,560,559,1790072106102.544,27.685617
c7e22c1f,561,560,1790072106145.918,43.373739
c7e22c1f,562,561,1790072106192.232,46.314708
c7e22c1f,563,562,1790072106227.375,35.141999
c7e22c1f,564,563,1790072106275.836,48.461847
c7e22c1f,565,564,1790072106324.84,49.003285
c7e22c1f,566,565,1790072106356.608,31.767984
c7e22c1f,567,566,1790072106394.526,37.917942
c7e22c1f,568,567,1790072106420.342,25.816345
c7e22c1f,569,568,1790072106495.455,75.113167
c7e22c1f,570,569,1790072106504.671,9.215984
c7e22c1f,571,570,1790072106554.258,49.587321
c7e22c1f,572,571,1790072106595.016,40.75794
c7e22c1f,573,572,1790072106597.365,2.348481
c7e22c1f,574,573,1790072106675.749,78.384215
c7e22c1f,575,574,1790072106786.306,110.557195
c7e22c1f,576,575,1790072106835.353,49.047135
c7e22c1f,577,576,1790072106863.625,28.27196
c7e22c1f,578,577,1790072106915.949,52.323437
c7e22c1f,579,578,1790072106943.957,28.007716
c7e22c1f,580,579,1790072106988.544,44.587116
c7e22c1f,581,580,1790072107026.98,38.436027
c7e22c1f,582,581,1790072107073.72,46.740856
c7e22c1f,583,582,1790072107109.434,35.713044
c7e22c1f,584,583,1790072107146.56,37.126023
c7e22c1f,585,584,1790072107187.629,41.069182
c7e22c1f,586,585,1790072107217.804,30.175253
c7e22c1f,587,586,1790072107276.158,58.353676
c7e22c1f,588,587,1790072107319.339,43.181197
c7e22c1f,589,588,1790072107351.737,32.398176
c7e22c1f,590,589,1790072107383.391,31.654128
c7e22c1f,591,590,1790072107447.464,64.073022
c7e22c1f,592,591,1790072107459.592,12.127288
c7e22c1f,593,592,1790072107527.836,68.244758
c7e22c1f,594,593,1790072107541.877,14.040358
c7e22c1f,595,594,1790072107599.007,57.130093
c7e22c1f,596,595,1790072107623.384,24.377495
c7e22c1f,597,596,1790072107665.176,41.791375
c7e22c1f,598,597,1790072107717.526,52.350126
c7e22c1f,599,598,1790072107768.963,51.437337
c7e22c1f,600,599,1790072107796.144,27.181274
c7e22c1f,601,600,1790072107836.817,40.672968
c7e22c1f,602,601,1790072107871.08,34.262833
c7e22c1f,603,602,1790072107915.073,43.992723
c7e22c1f,604,603,1790072107954.627,39.554215
c7e22c1f,605,604,1790072107990.771,36.14348
c7e22c1f,606,605,1790072108024.908,34.137897
c7e22c1f,607,606,1790072108075.711,50.802251
c7e22c1f,608,607,1790072108102.686,26.975109
c7e22c1f,609,608,1790072108156.97,54.284098
c7e22c1f,610,609,1790072108188.542,31.572563
c7e22c1f,611,610,1790072108226.589,38.046848
c7e22c1f,612,611,1790072108271.536,44.946944
c7e22c1f,613,612,1790072108310.678,39.141441
c7e22c1f,614,613,1790072108349.114,38.436625
c7e22c1f,615,614,1790072108389.838,40.723552
c7e22c1f,616,615,1790072108419.763,29.924929
c7e22c1f,617,616,1790072108480.426,60.662882
c7e22c1f,618,617,1790072108521.384,40.958739
c7e22c1f,619,618,1790072108551.409,30.024688
c7e22c1f,620,619,1790072108596.654,45.244578
c7e22c1f,621,620,1790072108601.114,4.460223
c7e22c1f,622,621,1790072108602.011,0.897194
c7e22c1f,623,622,1790072108668.491,66.480395
c7e22c1f,624,623,1790072108783.772,115.280578
c7e22c1f,625,624,1790072108834.177,50.404603
c7e22c1f,626,625,1790072108862.498,28.320791
c7e22c1f,627,626,1790072108912.505,50.008024
c7e22c1f,628,627,1790072108952.003,39.497934
c7e22c1f,629,628,1790072108985.77,33.766934
c7e22c1f,630,629,1790072109029.75,43.979658
c7e22c1f,631,630,1790072109067.335,37.585047
c7e22c1f,632,631,1790072109109.363,42.028052
c7e22c1f,633,632,1790072109170.807,61.444357
c7e22c1f,634,633,1790072109201.833,31.025992
c7e22c1f,635,634,1790072109242.337,40.50389
c7e22c1f,636,635,1790072109284.625,42.28723
c7e22c1f,637,636,1790072109306.632,22.007517
c7e22c1f,638,637,1790072109370.669,64.037107
c7e22c1f,639,638,1790072109396.071,25.402102
c7e22c1f,640,639,1790072109423.631,27.559427
c7e22c1f,641,640,1790072109482.883,59.252044
c7e22c1f,642,641,1790072109534.882,51.998984
c7e22c1f,643,642,1790072109548.082,13.199892
c7e22c1f,644,643,1790072109593.078,44.996853
c7e22c1f,645,644,1790072109632.322,39.243872
c7e22c1f,646,645,1790072109669.227,36.904439
c7e22c1f,647,646,1790072109725.43,56.203206
c7e22c1f,648,647,1790072109767.812,42.381663
c7e22c1f,649,648,1790072109807.247,39.434865
c7e22c1f,650,649,1790072109845.495,38.248217
c7e22c1f,651,650,1790072109866.195,20.700564
c7e22c1f,652,651,1790072109901.574,35.378702
c7e22c1f,653,652,1790072109948.592,47.017901
c7e22c1f,654,653,1790072110003.798,55.20576
c7e22c1f,655,654,1790072110036.746,32.948097
c7e22c1f,656,655,1790072110069.306,32.560022
c7e22c1f,657,656,1790072110122.524,53.218324
c7e22c1f,658,657,1790072110151.322,28.797822
c7e22c1f,659,658,1790072110184.143,32.820659
c7e22c1f,660,659,1790072110238.564,54.421173
c7e22c1f,661,660,1790072110262.774,24.209789
c7e22c1f,662,661,1790072110316.387,53.613075
c7e22c1f,663,662,1790072110345.105,28.7183
c7e22c1f,664,663,1790072110386.727,41.622322
c7e22c1f,665,664,1790072110424.384,37.65635
c7e22c1f,666,665,1790072110469.88,45.496355
c7e22c1f,667,666,1790072110507.239,37.358593
c7e22c1f,668,667,1790072110561.349,54.110778
c7e22c1f,669,668,1790072110604.62,43.270393
c7e22c1f,670,669,1790072110606.965,2.345371
c7e22c1f,671,670,1790072110608.221,1.255573
c7e22c1f,672,671,1790072110609.579,1.358457
c7e22c1f,673,672,1790072110679.205,69.625829
c7e22c1f,674,673,1790072110784.828,105.62301
c7e22c1f,675,674,1790072110824.777,39.949276
c7e22c1f,676,675,1790072110865.061,40.283899
c7e22c1f,677,676,1790072110909.011,43.94978
c7e22c1f,678,677,1790072110947.77,38.759444
c7e22c1f,679,678,1790072110990.365,42.594672
c7e22c1f,680,679,1790072111028.903,38.53834
c7e22c1f,681,680,1790072111071.73,42.826324
c7e22c1f,682,681,1790072111108.557,36.827702
c7e22c1f,683,682,1790072111149.783,41.226093
c7e22c1f,684,683,1790072111195.198,45.414794
c7e22c1f,685,684,1790072111247.852,52.653341
c7e22c1f,686,685,1790072111259.78,11.928556
c7e22c1f,687,686,1790072111322.504,62.72372
c7e22c1f,688,687,1790072111343.139,20.635558
c7e22c1f,689,688,1790072111408.699,65.559893
c7e22c1f,690,689,1790072111423.194,14.49509
c7e22c1f,691,690,1790072111463.239,40.044147
c7e22c1f,692,691,1790072111530.646,67.406919
c7e22c1f,693,692,1790072111547.214,16.568528
c7e22c1f,694,693,1790072111609.869,62.654585
c7e22c1f,695,694,1790072111629.246,19.377599
c7e22c1f,696,695,1790072111667.775,38.528703
c7e22c1f,697,696,1790072111719.585,51.810032
c7e22c1f,698,697,1790072111760.946,41.360828
c7e22c1f,699,698,1790072111790.861,29.915194
c7e22c1f,700,699,1790072111835.373,44.511988
c7e22c1f,701,700,1790072111864.653,29.279552
c7e22c1f,702,701,1790072111914.049,49.39615
c7e22c1f,703,702,1790072111957.559,43.509996
c7e22c1f,704,703,1790072111985.677,28.118485
c7e22c1f,705,704,1790072112028.344,42.667247
c7e22c1f,706,705,1790072112068.467,40.122968
c7e22c1f,707,706,1790072112110.021,41.554154
c7e22c1f,708,707,1790072112155.082,45.06076
c7e22c1f,709,708,1790072112188.123,33.040713
c7e22c1f,710,709,1790072112245.405,57.281898
c7e22c1f,711,710,1790072112268.325,22.919834
c7e22c1f,712,711,1790072112317.722,49.39688
c7e22c1f,713,712,1790072112356.841,39.119308
c7e22c1f,714,713,1790072112393.958,37.117564
c7e22c1f,715,714,1790072112424.79,30.831776
c7e22c1f,716,715,1790072112464.825,40.035051
c7e22c1f,717,716,1790072112506.644,41.818602
c7e22c1f,718,717,1790072112547.031,40.387314
c7e22c1f,719,718,1790072112608.474,61.442533
c7e22c1f,720,719,1790072112609.808,1.333755
c7e22c1f,721,720,1790072112611.32,1.511949
c7e22c1f,722,721,1790072112614.26,2.940964
c7e22c1f,723,722,1790072112662.885,48.624901
c7e22c1f,724,723,1790072112795.511,132.625631
c7e22c1f,725,724,1790072112830.984,35.473324
c7e22c1f,726,725,1790072112871.351,40.366617
c7e22c1f,727,726,1790072112913.323,41.972606
c7e22c1f,728,727,1790072112963.668,50.344411
c7e22c1f,729,728,1790072112988.875,25.207406
c7e22c1f,730,729,1790072113030.749,41.873131
c7e22c1f,731,730,1790072113069.208,38.459354
c7e22c1f,732,731,1790072113104.686,35.477752
c7e22c1f,733,732,1790072113172.839,68.153385
c7e22c1f,734,733,1790072113182.14,9.301283
c7e22c1f,735,734,1790072113248.348,66.207863
c7e22c1f,736,735,1790072113266.891,18.542434
c7e22c1f,737,736,1790072113318.192,51.30153
c7e22c1f,738,737,1790072113343.997,25.804548
c7e22c1f,739,738,1790072113387.505,43.50834
c7e22c1f,740,739,1790072113431.319,43.813917
c7e22c1f,741,740,1790072113469.282,37.963024
c7e22c1f,742,741,1790072113516.073,46.790906
c7e22c1f,743,742,1790072113539.834,23.761334
c7e22c1f,744,743,1790072113593.731,53.89672
c7e22c1f,745,744,1790072113621.799,28.068596
c7e22c1f,746,745,1790072113671.851,50.051983
c7e22c1f,747,746,1790072113710.278,38.426864
c7e22c1f,748,747,1790072113768.596,58.31765
c7e22c1f,749,748,1790072113791.52,22.924316
c7e22c1f,750,749,1790072113845.104,53.583835
c7e22c1f,751,750,1790072113865.38,20.275882
c7e22c1f,752,751,1790072113902.256,36.876204
c7e22c1f,753,752,1790072113944.581,42.324492
c7e22c1f,754,753,1790072113995.968,51.387059
c7e22c1f,755,754,1790072114029.965,33.997477
c7e22c1f,756,755,1790072114067.254,37.288775
c7e22c1f,757,756,1790072114123.266,56.012419
c7e22c1f,758,757,1790072114149.981,26.715017
c7e22c1f,759,758,1790072114197.388,47.407062
c7e22c1f,760,759,1790072114231.85,34.461071
c7e22c1f,761,760,1790072114286.308,54.4588
c7e22c1f,762,761,1790072114318.479,32.170429
c7e22c1f,763,762,1790072114340.99,22.510888
c7e22c1f,764,763,1790072114392.97,51.980646
c7e22c1f,765,764,1790072114424.282,31.311567
c7e22c1f,766,765,1790072114481.444,57.161884
c7e22c1f,767,766,1790072114507.703,26.259062
c7e22c1f,768,767,1790072114550.133,42.429631
c7e22c1f,769,768,1790072114599.039,48.906521
c7e22c1f,770,769,1790072114600.607,1.568474
c7e22c1f,771,770,1790072114602.054,1.446469
c7e22c1f,772,771,1790072114603.303,1.249626
c7e22c1f,773,772,1790072114669.592,66.288466
c7e22c1f,774,773,1790072114787.711,118.118788
c7e22c1f,775,774,1790072114834.354,46.643656
c7e22c1f,776,775,1790072114876.499,42.144865
c7e22c1f,777,776,1790072114900.373,23.873537
c7e22c1f,778,777,1790072114944.241,43.868018
c7e22c1f,779,778,1790072115001.68,57.439129
c7e22c1f,780,779,1790072115036.833,35.153117
c7e22c1f,781,780,1790072115067.172,30.339179
c7e22c1f,782,781,1790072115113.352,46.17994
c7e22c1f,783,782,1790072115143.251,29.898387
c7e22c1f,784,783,1790072115188.211,44.960371
c7e22c1f,785,784,1790072115243.447,55.235578
c7e22c1f,786,785,1790072115267.017,23.570148
c7e22c1f,787,786,1790072115311.338,44.321649
c7e22c1f,788,787,1790072115348.143,36.804637
c7e22c1f,789,788,1790072115382.529,34.386155
c7e22c1f,790,789,1790072115432.407,49.878197
c7e22c1f,791,790,1790072115474.565,42.157887
c7e22c1f,792,791,1790072115513.125,38.559157
c7e22c1f,793,792,1790072115546.123,32.998288
c7e22c1f,794,793,1790072115587.686,41.563643
c7e22c1f,795,794,1790072115633.632,45.94561
c7e22c1f,796,795,1790072115669.523,35.891059
c7e22c1f,797,796,1790072115717.061,47.53819
c7e22c1f,798,797,1790072115754.969,37.908138
c7e22c1f,799,798,1790072115803.596,48.626626
c7e22c1f,800,799,1790072115835.823,32.22671
c7e22c1f,801,800,1790072115862.505,26.682479
c7e22c1f,802,801,1790072115915.175,52.669913
c7e22c1f,803,802,1790072115941.559,26.383944
c7e22c1f,804,803,1790072115994.439,52.880215
c7e22c1f,805,804,1790072116021.944,27.505169
c7e22c1f,806,805,1790072116067.455,45.510477
c7e22c1f,807,806,1790072116108.869,41.413871
c7e22c1f,808,807,1790072116149.472,40.603634
c7e22c1f,809,808,1790072116187.815,38.342797
c7e22c1f,810,809,1790072116229.466,41.650475
c7e22c1f,811,810,1790072116269.981,40.515619
c7e22c1f,812,811,1790072116321.456,51.474603
c7e22c1f,813,812,1790072116352.459,31.002923
c7e22c1f,814,813,1790072116406.74,54.281561
c7e22c1f,815,814,1790072116434.491,27.750845
c7e22c1f,816,815,1790072116482.909,48.417986
c7e22c1f,817,816,1790072116503.47,20.560814
c7e22c1f,818,817,1790072116544.186,40.71568
c7e22c1f,819,818,1790072116595.025,50.839424
c7e22c1f,820,819,1790072116596.042,1.016991
c7e22c1f,821,820,1790072116601.263,5.220672
c7e22c1f,822,821,1790072116603.967,2.704101
c7e22c1f,823,822,1790072116673.253,69.286213
c7e22c1f,824,823,1790072116784.038,110.785015
c7e22c1f,825,824,1790072116823.806,39.767982
c7e22c1f,826,825,1790072116865.603,41.796568
c7e22c1f,827,826,1790072116909.49,43.887279
c7e22c1f,828,827,1790072116948.086,38.596064
c7e22c1f,829,828,1790072117000.497,52.411249
c7e22c1f,830,829,1790072117040.354,39.857079
c7e22c1f,831,830,1790072117072.067,31.712233
c7e22c1f,832,831,1790072117113.725,41.658552
c7e22c1f,833,832,1790072117150.34,36.614524
c7e22c1f,834,833,1790072117195.297,44.957349
c7e22c1f,835,834,1790072117230.89,35.593056
c7e22c1f,836,835,1790072117259.895,29.004858
c7e22c1f,837,836,1790072117325.197,65.302416
c7e22c1f,838,837,1790072117345.48,20.282569
c7e22c1f,839,838,1790072117407.631,62.150677
c7e22c1f,840,839,1790072117421.745,14.114614
c7e22c1f,841,840,1790072117464.352,42.606405
c7e22c1f,842,841,1790072117502.855,38.503408
c7e22c1f,843,842,1790072117552.059,49.204424
c7e22c1f,844,843,1790072117587.275,35.215323
c7e22c1f,845,844,1790072117636.764,49.489455
c7e22c1f,846,845,1790072117679.617,42.852711
c7e22c1f,847,846,1790072117713.917,34.300664
c7e22c1f,848,847,1790072117759.235,45.317752
c7e22c1f,849,848,1790072117792.094,32.858537
c7e22c1f,850,849,1790072117830.801,38.706931
c7e22c1f,851,850,1790072117882.4,51.598831
c7e22c1f,852,851,1790072117905.914,23.514644
c7e22c1f,853,852,1790072117952.046,46.132059
c7e22c1f,854,853,1790072117996.604,44.557976
c7e22c1f,855,854,1790072118027.255,30.650901
c7e22c1f,856,855,1790072118063.103,35.84761
c7e22c1f,857,856,1790072118108.848,45.745225
c7e22c1f,858,857,1790072118156.783,47.934803
c7e22c1f,859,858,1790072118196.199,39.415947
c7e22c1f,860,859,1790072118221.988,25.789371
c7e22c1f,861,860,1790072118265.12,43.132167
c7e22c1f,862,861,1790072118312.618,47.498006
c7e22c1f,863,862,1790072118340.693,28.074953
c7e22c1f,864,863,1790072118384.561,43.868088
c7e22c1f,865,864,1790072118422.381,37.819271
c7e22c1f,866,865,1790072118474.77,52.389223
c7e22c1f,867,866,1790072118503.491,28.72137
c7e22c1f,868,867,1790072118561.292,57.80052
c7e22c1f,869,868,1790072118603.689,42.397196
c7e22c1f,870,869,1790072118605.943,2.253895
c7e22c1f,871,870,1790072118608.484,2.540815
c7e22c1f,872,871,1790072118609.887,1.403212
c7e22c1f,873,872,1790072118665.133,55.245824
c7e22c1f,874,873,1790072118816.376,151.242987
c7e22c1f,875,874,1790072118833.98,17.604483
c7e22c1f,876,875,1790072118880.146,46.165685
c7e22c1f,877,876,1790072118912.228,32.082314
c7e22c1f,878,877,1790072118949.999,37.770668
c7e22c1f,879,878,1790072118997.354,47.355708
c7e22c1f,880,879,1790072119025.747,28.392677
c7e22c1f,881,880,1790072119072.043,46.296234
c7e22c1f,882,881,1790072119101.628,29.584877
c7e22c1f,883,882,1790072119152.797,51.168366
c7e22c1f,884,883,1790072119187.749,34.952678
c7e22c1f,885,884,1790072119234.22,46.470519
c7e22c1f,886,885,1790072119267.386,33.166648
c7e22c1f,887,886,1790072119322.182,54.795444
c7e22c1f,888,887,1790072119361.469,39.28751
c7e22c1f,889,888,1790072119407.214,45.744184
c7e22c1f,890,889,1790072119438.23,31.016093
c7e22c1f,891,890,1790072119474.133,35.903637
c7e22c1f,892,891,1790072119500.522,26.38868
c7e22c1f,893,892,1790072119552.05,51.527847
c7e22c1f,894,893,1790072119580.709,28.659296
c7e22c1f,895,894,1790072119633.445,52.735704
c7e22c1f,896,895,1790072119670.092,36.647205
c7e22c1f,897,896,1790072119715.92,45.827942
c7e22c1f,898,897,1790072119760.428,44.508397
c7e22c1f,899,898,1790072119800.018,39.589186
c7e22c1f,900,899,1790072119839.377,39.35934
c7e22c1f,901,900,1790072119883.708,44.330945
c7e22c1f,902,901,1790072119918.517,34.808844
c7e22c1f,903,902,1790072119950.343,31.825654
c7e22c1f,904,903,1790072120003.306,52.96336
c7e22c1f,905,904,1790072120041.346,38.040719
c7e22c1f,906,905,1790072120074.942,33.595759
c7e22c1f,907,906,1790072120124.274,49.331746
c7e22c1f,908,907,1790072120142.042,17.767632
c7e22c1f,909,908,1790072120186.426,44.383992
c7e22c1f,910,909,1790072120235.67,49.244026
c7e22c1f,911,910,1790072120274.644,38.97451
c7e22c1f,912,911,1790072120310.945,36.301213
c7e22c1f,913,912,1790072120348.455,37.509115
c7e22c1f,914,913,1790072120401.936,53.481841
c7e22c1f,915,914,1790072120430.563,28.627081
c7e22c1f,916,915,1790072120466.833,36.269358
c7e22c1f,917,916,1790072120515.18,48.347235
c7e22c1f,918,917,1790072120553.645,38.464645
c7e22c1f,919,918,1790072120606.095,52.450421
c7e22c1f,920,919,1790072120607.403,1.307837
c7e22c1f,921,920,1790072120608.757,1.35411
c7e22c1f,922,921,1790072120610.518,1.761054
c7e22c1f,923,922,1790072120674.529,64.010827
c7e22c1f,924,923,1790072120791.375,116.846555
c7e22c1f,925,924,1790072120848.405,57.029244
c7e22c1f,926,925,1790072120884.008,35.602953
c7e22c1f,927,926,1790072120913.391,29.383344
c7e22c1f,928,927,1790072120952.309,38.917553
c7e22c1f,929,928,1790072120988.619,36.310766
c7e22c1f,930,929,1790072121048.007,59.387241
c7e22c1f,931,930,1790072121061.728,13.721557
c7e22c1f,932,931,1790072121108.051,46.32317
c7e22c1f,933,932,1790072121165.28,57.228697
c7e22c1f,934,933,1790072121186.488,21.207955
c7e22c1f,935,934,1790072121246.583,60.095249
c7e22c1f,936,935,1790072121267.573,20.989794
c7e22c1f,937,936,1790072121307.792,40.219021
c7e22c1f,938,937,1790072121366.581,58.788806
c7e22c1f,939,938,1790072121394.283,27.701846
c7e22c1f,940,939,1790072121439.514,45.230996
c7e22c1f,941,940,1790072121465.012,25.498144
c7e22c1f,942,941,1790072121525.584,60.57216
c7e22c1f,943,942,1790072121543.38,17.79601
c7e22c1f,944,943,1790072121585.711,42.331024
c7e22c1f,945,944,1790072121626.708,40.996887
c7e22c1f,946,945,1790072121668.637,41.929246
c7e22c1f,947,946,1790072121708.886,40.249055
c7e22c1f,948,947,1790072121750.424,41.537313
c7e22c1f,949,948,1790072121791.384,40.96086
c7e22c1f,950,949,1790072121837.942,46.557927
c7e22c1f,951,950,1790072121867.643,29.700247
c7e22c1f,952,951,1790072121919.734,52.091857
c7e22c1f,953,952,1790072121943.282,23.547638
c7e22c1f,954,953,1790072122001.607,58.324764
c7e22c1f,955,954,1790072122024.339,22.732006
c7e22c1f,956,955,1790072122063.58,39.241402
c7e22c1f,957,956,1790072122111.069,47.488363
c7e22c1f,958,957,1790072122152.415,41.346525
c7e22c1f,959,958,1790072122193.701,41.285672
c7e22c1f,960,959,1790072122230.277,36.576071
c7e22c1f,961,960,1790072122287.094,56.817088
c7e22c1f,962,961,1790072122310.458,23.363656
c7e22c1f,963,962,1790072122342.309,31.851441
c7e22c1f,964,963,1790072122411.68,69.37119
c7e22c1f,965,964,1790072122425.233,13.552557
c7e22c1f,966,965,1790072122462.688,37.455646
c7e22c1f,967,966,1790072122505.59,42.901534
c7e22c1f,968,967,1790072122546.652,41.062185
c7e22c1f,969,968,1790072122598.571,51.919094
c7e22c1f,970,969,1790072122599.727,1.155761
c7e22c1f,971,970,1790072122601.897,2.17025
c7e22c1f,972,971,1790072122605.433,3.53559
c7e22c1f,973,972,1790072122687.011,81.57835
c7e22c1f,974,973,1790072122785.152,98.141045
c7e22c1f,975,974,1790072122825.847,40.694642
c7e22c1f,976,975,1790072122871.07,45.223216
c7e22c1f,977,976,1790072122911.634,40.563443
c7e22c1f,978,977,1790072122947.488,35.853961
c7e22c1f,979,978,1790072122989.982,42.494418
c7e22c1f,980,979,1790072123029.86,39.878119
c7e22c1f,981,980,1790072123069.083,39.223421
c7e22c1f,982,981,1790072123109.807,40.723515
c7e22c1f,983,982,1790072123160.56,50.753413
c7e22c1f,984,983,1790072123203.591,43.030824
c7e22c1f,985,984,1790072123237.418,33.826531
c7e22c1f,986,985,1790072123263.417,25.999106
c7e22c1f,987,986,1790072123312.903,49.485927
c7e22c1f,988,987,1790072123350.976,38.073165
c7e22c1f,989,988,1790072123405.388,54.412619
c7e22c1f,990,989,1790072123424.97,19.581115
c7e22c1f,991,990,1790072123463.691,38.721098
c7e22c1f,992,991,1790072123506.265,42.574638
c7e22c1f,993,992,1790072123547.518,41.252228
c7e22c1f,994,993,1790072123597.468,49.949873
c7e22c1f,995,994,1790072123632.61,35.14234
c7e22c1f,996,995,1790072123683.939,51.329355
c7e22c1f,997,996,1790072123715.154,31.214344
c7e22c1f,998,997,1790072123769.791,54.637049
c7e22c1f,999,998,1790072123801.012,31.221549
c7e22c1f,1000,999,1790072123821.597,20.58512
c7e22c1f,1001,1000,1790072123872.119,50.52161
c7e22c1f,1002,1001,1790072123909.228,37.10934
c7e22c1f,1003,1002,1790072123949.973,40.744388
c7e22c1f,1004,1003,1790072123991.4,41.42773
c7e22c1f,1005,1004,1790072124026.742,35.342214
c7e22c1f,1006,1005,1790072124073.141,46.39885
c7e22c1f,1007,1006,1790072124111.454,38.312306
c7e22c1f,1008,1007,1790072124156.876,45.422763
c7e22c1f,1009,1008,1790072124189.764,32.887813
c7e22c1f,1010,1009,1790072124220.341,30.576311
c7e22c1f,1011,1010,1790072124283.155,62.814495
c7e22c1f,1012,1011,1790072124300.996,17.841087
c7e22c1f,1013,1012,1790072124362.087,61.09087
c7e22c1f,1014,1013,1790072124397.376,35.288889
c7e22c1f,1015,1014,1790072124426.682,29.30577
c7e22c1f,1016,1015,1790072124465.682,39.000811
c7e22c1f,1017,1016,1790072124507.273,41.59075
c7e22c1f,1018,1017,1790072124547.317,40.043633
c7e22c1f,1019,1018,1790072124605.177,57.860489
c7e22c1f,1020,1019,1790072124606.691,1.513828
c7e22c1f,1021,1020,1790072124608.31,1.61863
c7e22c1f,1022,1021,1790072124610.926,2.616555
c7e22c1f,1023,1022,1790072124668.829,57.902503
c7e22c1f,1024,1023,1790072124808.272,139.443384
c7e22c1f,1025,1024,1790072124839.68,31.408075
c7e22c1f,1026,1025,1790072124873.454,33.773491
c7e22c1f,1027,1026,1790072124908.699,35.245355
c7e22c1f,1028,1027,1790072124950.842,42.143167
c7e22c1f,1029,1028,1790072124999.624,48.781694
c7e22c1f,1030,1029,1790072125034.555,34.931046
c7e22c1f,1031,1030,1790072125081.054,46.49899
c7e22c1f,1032,1031,1790072125115.705,34.650788
c7e22c1f,1033,1032,1790072125140.567,24.862622
c7e22c1f,1034,1033,1790072125210.06,69.4927
c7e22c1f,1035,1034,1790072125221.457,11.396365
c7e22c1f,1036,1035,1790072125278.65,57.19377
c7e22c1f,1037,1036,1790072125300.792,22.141451
c7e22c1f,1038,1037,1790072125345.283,44.491634
c7e22c1f,1039,1038,1790072125394.324,49.040714
c7e22c1f,1040,1039,1790072125438.675,44.351215
c7e22c1f,1041,1040,1790072125474.056,35.380408
c7e22c1f,1042,1041,1790072125510.654,36.597881
c7e22c1f,1043,1042,1790072125549.528,38.873951
c7e22c1f,1044,1043,1790072125596.759,47.231196
c7e22c1f,1045,1044,1790072125644.917,48.158728
c7e22c1f,1046,1045,1790072125673.068,28.150816
c7e22c1f,1047,1046,1790072125701.0,27.931445
c7e22c1f,1048,1047,1790072125770.341,69.341504
c7e22c1f,1049,1048,1790072125786.981,16.639434
c7e22c1f,1050,1049,1790072125832.877,45.896105
c7e22c1f,1051,1050,1790072125874.469,41.592442
c7e22c1f,1052,1051,1790072125911.143,36.673464
c7e22c1f,1053,1052,1790072125945.881,34.737842
c7e22c1f,1054,1053,1790072125992.915,47.034437
c7e22c1f,1055,1054,1790072126030.667,37.752148
c7e22c1f,1056,1055,1790072126072.437,41.769699
c7e22c1f,1057,1056,1790072126114.15,41.713427
c7e22c1f,1058,1057,1790072126149.574,35.423406
c7e22c1f,1059,1058,1790072126182.238,32.664443
c7e22c1f,1060,1059,1790072126244.114,61.875358
c7e22c1f,1061,1060,1790072126262.769,18.655647
c7e22c1f,1062,1061,1790072126300.995,38.22621
c7e22c1f,1063,1062,1790072126357.731,56.735777
c7e22c1f,1064,1063,1790072126386.799,29.067991
c7e22c1f,1065,1064,1790072126423.352,36.552573
c7e22c1f,1066,1065,1790072126468.505,45.153517
c7e22c1f,1067,1066,1790072126508.012,39.506628
c7e22c1f,1068,1067,1790072126548.173,40.161553
c7e22c1f,1069,1068,1790072126599.682,51.508364
c7e22c1f,1070,1069,1790072126693.438,93.756296
c7e22c1f,1071,1070,1790072126694.404,0.965916
c7e22c1f,1072,1071,1790072126694.901,0.496999
c7e22c1f,1073,1072,1790072126699.905,5.004293
c7e22c1f,1074,1073,1790072126789.021,89.115222
c7e22c1f,1075,1074,1790072126827.646,38.625053
c7e22c1f,1076,1075,1790072126868.559,40.913862
c7e22c1f,1077,1076,1790072126910.01,41.450625
c7e22c1f,1078,1077,1790072126953.14,43.13047
c7e22c1f,1079,1078,1790072126989.97,36.830089
c7e22c1f,1080,1079,1790072127027.986,38.015656
c7e22c1f,1081,1080,1790072127074.505,46.518905
c7e22c1f,1082,1081,1790072127111.056,36.551346
c7e22c1f,1083,1082,1790072127142.652,31.595545
c7e22c1f,1084,1083,1790072127192.844,50.191716
c7e22c1f,1085,1084,1790072127222.696,29.851868
c7e22c1f,1086,1085,1790072127262.899,40.203722
c7e22c1f,1087,1086,1790072127319.356,56.456829
c7e22c1f,1088,1087,1790072127352.679,33.323249
c7e22c1f,1089,1088,1790072127392.295,39.616092
c7e22c1f,1090,1089,1790072127438.044,45.74869
c7e22c1f,1091,1090,1790072127469.136,31.091504
c7e22c1f,1092,1091,1790072127512.294,43.158542
c7e22c1f,1093,1092,1790072127548.562,36.26719
c7e22c1f,1094,1093,1790072127597.753,49.191886
c7e22c1f,1095,1094,1790072127637.709,39.955808
c7e22c1f,1096,1095,1790072127683.519,45.8095
c7e22c1f,1097,1096,1790072127706.817,23.298895
c7e22c1f,1098,1097,1790072127749.808,42.990138
c7e22c1f,1099,1098,1790072127791.427,41.619884
c7e22c1f,1100,1099,1790072127832.094,40.666357
c7e22c1f,1101,1100,1790072127867.798,35.703683
c7e22c1f,1102,1101,1790072127909.453,41.654983
c7e22c1f,1103,1102,1790072127951.543,42.090154
c7e22c1f,1104,1103,1790072127991.064,39.521509
c7e22c1f,1105,1104,1790072128023.631,32.567182
c7e22c1f,1106,1105,1790072128074.294,50.662506
c7e22c1f,1107,1106,1790072128101.872,27.578217
c7e22c1f,1108,1107,1790072128154.53,52.657748
c7e22c1f,1109,1108,1790072128183.874,29.343786
c7e22c1f,1110,1109,1790072128225.969,42.095704
c7e22c1f,1111,1110,1790072128266.755,40.785393
c7e22c1f,1112,1111,1790072128314.381,47.626512
c7e22c1f,1113,1112,1790072128357.605,43.223688
c7e22c1f,1114,1113,1790072128390.955,33.350183
c7e22c1f,1115,1114,1790072128428.645,37.689975
c7e22c1f,1116,1115,1790072128472.805,44.159841
c7e22c1f,1117,1116,1790072128511.919,39.114427
c7e22c1f,1118,1117,1790072128555.149,43.229375
c7e22c1f,1119,1118,1790072128599.534,44.385412
c7e22c1f,1120,1119,1790072128600.905,1.370731
c7e22c1f,1121,1120,1790072128601.564,0.659253
c7e22c1f,1122,1121,1790072128605.695,4.130596
c7e22c1f,1123,1122,1790072128669.221,63.526566
c7e22c1f,1124,1123,1790072128810.569,141.34815
c7e22c1f,1125,1124,1790072128838.413,27.843431
c7e22c1f,1126,1125,1790072128860.423,22.010005
c7e22c1f,1127,1126,1790072128916.339,55.916014
c7e22c1f,1128,1127,1790072128943.125,26.786689
c7e22c1f,1129,1128,1790072128995.36,52.234658
c7e22c1f,1130,1129,1790072129024.591,29.230211
c7e22c1f,1131,1130,1790072129066.191,41.600191
c7e22c1f,1132,1131,1790072129108.01,41.819458
c7e22c1f,1133,1132,1790072129146.096,38.085913
c7e22c1f,1134,1133,1790072129187.03,40.933764
c7e22c1f,1135,1134,1790072129243.325,56.295049
c7e22c1f,1136,1135,1790072129276.622,33.297151
c7e22c1f,1137,1136,1790072129312.252,35.630222
c7e22c1f,1138,1137,1790072129348.33,36.077442
c7e22c1f,1139,1138,1790072129405.149,56.819794
c7e22c1f,1140,1139,1790072129421.866,16.716412
c7e22c1f,1141,1140,1790072129471.635,49.769673
c7e22c1f,1142,1141,1790072129501.648,30.012454
c7e22c1f,1143,1142,1790072129555.364,53.715663
c7e22c1f,1144,1143,1790072129584.434,29.070202
c7e22c1f,1145,1144,1790072129625.098,40.664031
c7e22c1f,1146,1145,1790072129674.379,49.280978
c7e22c1f,1147,1146,1790072129710.201,35.82191
c7e22c1f,1148,1147,1790072129749.23,39.02978
c7e22c1f,1149,1148,1790072129797.567,48.336061
c7e22c1f,1150,1149,1790072129832.102,34.535146
c7e22c1f,1151,1150,1790072129885.343,53.241487
c7e22c1f,1152,1151,1790072129902.041,16.698028
c7e22c1f,1153,1152,1790072129951.433,49.391291
c7e22c1f,1154,1153,1790072129982.386,30.953131
c7e22c1f,1155,1154,1790072130038.971,56.585523
c7e22c1f,1156,1155,1790072130064.9,25.928808
c7e22c1f,1157,1156,1790072130113.455,48.555174
c7e22c1f,1158,1157,1790072130144.343,30.887787
c7e22c1f,1159,1158,1790072130193.042,48.699331
c7e22c1f,1160,1159,1790072130235.111,42.069097
c7e22c1f,1161,1160,1790072130270.065,34.953238
c7e22c1f,1162,1161,1790072130315.506,45.441399
c7e22c1f,1163,1162,1790072130356.261,40.754919
c7e22c1f,1164,1163,1790072130391.486,35.225349
c7e22c1f,1165,1164,1790072130434.344,42.85741
c7e22c1f,1166,1165,1790072130462.447,28.102801
c7e22c1f,1167,1166,1790072130521.564,59.117463
c7e22c1f,1168,1167,1790072130547.734,26.169745
c7e22c1f,1169,1168,1790072130603.351,55.617358
c7e22c1f,1170,1169,1790072130612.497,9.145403
c7e22c1f,1171,1170,1790072130614.497,1.999971
c7e22c1f,1172,1171,1790072130668.074,53.577678
c7e22c1f,1173,1172,1790072130793.493,125.418846
c7e22c1f,1174,1173,1790072130821.021,27.527779
c7e22c1f,1175,1174,1790072130860.167,39.146107
c7e22c1f,1176,1175,1790072130914.713,54.546546
c7e22c1f,1177,1176,1790072130942.505,27.791769
c7e22c1f,1178,1177,1790072130999.043,56.538246
c7e22c1f,1179,1178,1790072131027.61,28.566443
c7e22c1f,1180,1179,1790072131074.095,46.484991
c7e22c1f,1181,1180,1790072131102.097,28.001766
c7e22c1f,1182,1181,1790072131153.161,51.06484
c7e22c1f,1183,1182,1790072131194.238,41.076475
c7e22c1f,1184,1183,1790072131227.816,33.577872
c7e22c1f,1185,1184,1790072131271.306,43.490613
c7e22c1f,1186,1185,1790072131308.071,36.764352
c7e22c1f,1187,1186,1790072131348.777,40.705835
c7e22c1f,1188,1187,1790072131392.88,44.10329
c7e22c1f,1189,1188,1790072131420.232,27.352093
c7e22c1f,1190,1189,1790072131473.132,52.900229
c7e22c1f,1191,1190,1790072131503.7,30.567938
c7e22c1f,1192,1191,1790072131547.606,43.90591
c7e22c1f,1193,1192,1790072131586.109,38.502836
c7e22c1f,1194,1193,1790072131633.84,47.731516
c7e22c1f,1195,1194,1790072131676.069,42.22881
c7e22c1f,1196,1195,1790072131711.339,35.269593
c7e22c1f,1197,1196,1790072131748.094,36.755642
c7e22c1f,1198,1197,1790072131793.251,45.156521
c7e22c1f,1199,1198,1790072131835.63,42.379262
c7e22c1f,1200,1199,1790072131875.037,39.4067
c7e22c1f,1201,1200,1790072131899.964,24.927319
c7e22c1f,1202,1201,1790072131963.698,63.733445
c7e22c1f,1203,1202,1790072131996.346,32.647917
c7e22c1f,1204,1203,1790072132032.239,35.893436
c7e22c1f,1205,1204,1790072132062.349,30.110243
c7e22c1f,1206,1205,1790072132113.816,51.46685
c7e22c1f,1207,1206,1790072132146.44,32.624286
c7e22c1f,1208,1207,1790072132189.17,42.729256
c7e22c1f,1209,1208,1790072132240.003,50.833477
c7e22c1f,1210,1209,1790072132269.571,29.567685
c7e22c1f,1211,1210,1790072132311.43,41.859265
c7e22c1f,1212,1211,1790072132357.41,45.979698
c7e22c1f,1213,1212,1790072132384.038,26.627997
c7e22c1f,1214,1213,1790072132441.102,57.063702
c7e22c1f,1215,1214,1790072132463.953,22.851881
c7e22c1f,1216,1215,1790072132517.519,53.565297
c7e22c1f,1217,1216,1790072132542.085,24.566832
c7e22c1f,1218,1217,1790072132610.642,68.556005
c7e22c1f,1219,1218,1790072132612.003,1.361131
c7e22c1f,1220,1219,1790072132615.214,3.211297
c7e22c1f,1221,1220,1790072132616.864,1.649905
c7e22c1f,1222,1221,1790072132660.349,43.48518
c7e22c1f,1223,1222,1790072132796.004,135.654966
c7e22c1f,1224,1223,1790072132823.927,27.922571
c7e22c1f,1225,1224,1790072132866.062,42.13534
c7e22c1f,1226,1225,1790072132912.967,46.904823
c7e22c1f,1227,1226,1790072132949.846,36.879592
c7e22c1f,1228,1227,1790072132994.856,45.00927
c7e22c1f,1229,1228,1790072133033.288,38.431889
c7e22c1f,1230,1229,1790072133076.152,42.864055
c7e22c1f,1231,1230,1790072133101.883,25.731028
c7e22c1f,1232,1231,1790072133162.301,60.418015
c7e22c1f,1233,1232,1790072133190.441,28.140889
c7e22c1f,1234,1233,1790072133242.363,51.92103
c7e22c1f,1235,1234,1790072133262.833,20.469959
c7e22c1f,1236,1235,1790072133307.42,44.587833
c7e22c1f,1237,1236,1790072133343.295,35.874493
c7e22c1f,1238,1237,1790072133386.372,43.077263
c7e22c1f,1239,1238,1790072133431.281,44.90846
c7e22c1f,1240,1239,1790072133473.857,42.576106
c7e22c1f,1241,1240,1790072133520.967,47.109957
c7e22c1f,1242,1241,1790072133548.194,27.227619
c7e22c1f,1243,1242,1790072133592.738,44.543886
c7e22c1f,1244,1243,1790072133634.111,41.372495
c7e22c1f,1245,1244,1790072133672.929,38.818086
c7e22c1f,1246,1245,1790072133717.046,44.11729
c7e22c1f,1247,1246,1790072133746.461,29.415462
c7e22c1f,1248,1247,1790072133801.038,54.576385
c7e22c1f,1249,1248,1790072133825.993,24.955243
c7e22c1f,1250,1249,1790072133864.451,38.458344
c7e22c1f,1251,1250,1790072133904.203,39.751927
c7e22c1f,1252,1251,1790072133948.06,43.856929
c7e22c1f,1253,1252,1790072133988.394,40.334003
c7e22c1f,1254,1253,1790072134028.565,40.170978
c7e22c1f,1255,1254,1790072134074.869,46.303476
c7e22c1f,1256,1255,1790072134113.828,38.959586
c7e22c1f,1257,1256,1790072134153.026,39.197928
c7e22c1f,1258,1257,1790072134188.761,35.734789
c7e22c1f,1259,1258,1790072134221.096,32.335121
c7e22c1f,1260,1259,1790072134280.15,59.05363
c7e22c1f,1261,1260,1790072134301.279,21.129118
c7e22c1f,1262,1261,1790072134346.707,45.428447
c7e22c1f,1263,1262,1790072134390.522,43.814306
c7e22c1f,1264,1263,1790072134426.476,35.954103
c7e22c1f,1265,1264,1790072134471.667,45.191545
c7e22c1f,1266,1265,1790072134510.754,39.086533
c7e22c1f,1267,1266,1790072134550.675,39.920634
c7e22c1f,1268,1267,1790072134601.689,51.01435
c7e22c1f,1269,1268,1790072134603.113,1.424214
c7e22c1f,1270,1269,1790072134603.892,0.77862
c7e22c1f,1271,1270,1790072134605.406,1.514788
c7e22c1f,1272,1271,1790072134668.333,62.926222
c7e22c1f,1273,1272,1790072134785.039,116.706685
c7e22c1f,1274,1273,1790072134824.266,39.226833
c7e22c1f,1275,1274,1790072134878.292,54.025559
c7e22c1f,1276,1275,1790072134908.217,29.925026
c7e22c1f,1277,1276,1790072134947.593,39.375783
c7e22c1f,1278,1277,1790072134988.018,40.425508
c7e22c1f,1279,1278,1790072135031.796,43.77769
c7e22c1f,1280,1279,1790072135088.87,57.074261
c7e22c1f,1281,1280,1790072135115.013,26.143231
c7e22c1f,1282,1281,1790072135141.168,26.154545
c7e22c1f,1283,1282,1790072135196.086,54.918416
c7e22c1f,1284,1283,1790072135298.599,102.512701
c7e22c1f,1285,1284,1790072135305.711,7.111841
c7e22c1f,1286,1285,1790072135311.393,5.681931
c7e22c1f,1287,1286,1790072135347.577,36.184317
c7e22c1f,1288,1287,1790072135390.155,42.577608
c7e22c1f,1289,1288,1790072135427.573,37.418495
c7e22c1f,1290,1289,1790072135467.734,40.160866
c7e22c1f,1291,1290,1790072135511.79,44.055482
c7e22c1f,1292,1291,1790072135555.466,43.676338
c7e22c1f,1293,1292,1790072135592.637,37.171243
c7e22c1f,1294,1293,1790072135622.992,30.354866
c7e22c1f,1295,1294,1790072135674.472,51.480369
c7e22c1f,1296,1295,1790072135707.62,33.148146
c7e22c1f,1297,1296,1790072135754.458,46.837758
c7e22c1f,1298,1297,1790072135806.103,51.645048
c7e22c1f,1299,1298,1790072135834.952,28.848619
c7e22c1f,1300,1299,1790072135873.431,38.478935
c7e22c1f,1301,1300,1790072135916.339,42.908661
c7e22c1f,1302,1301,1790072135952.718,36.378729
c7e22c1f,1303,1302,1790072135989.533,36.815286
c7e22c1f,1304,1303,1790072136043.432,53.898391
c7e22c1f,1305,1304,1790072136079.789,36.357389
c7e22c1f,1306,1305,1790072136109.528,29.738382
c7e22c1f,1307,1306,1790072136155.925,46.397588
c7e22c1f,1308,1307,1790072136182.659,26.733461
c7e22c1f,1309,1308,1790072136246.687,64.028096
c7e22c1f,1310,1309,1790072136261.842,15.155493
c7e22c1f,1311,1310,1790072136321.164,59.321479
c7e22c1f,1312,1311,1790072136349.725,28.561379
c7e22c1f,1313,1312,1790072136395.335,45.610104
c7e22c1f,1314,1313,1790072136431.297,35.961911
c7e22c1f,1315,1314,1790072136468.086,36.788653
c7e22c1f,1316,1315,1790072136521.632,53.545746
c7e22c1f,1317,1316,1790072136562.222,40.590652
c7e22c1f,1318,1317,1790072136606.69,44.467509
c7e22c1f,1319,1318,1790072136607.726,1.036696
c7e22c1f,1320,1319,1790072136609.318,1.591421
c7e22c1f,1321,1320,1790072136610.533,1.215358
c7e22c1f,1322,1321,1790072136685.316,74.782933
c7e22c1f,1323,1322,1790072136803.123,117.806665
c7e22c1f,1324,1323,1790072136831.986,28.86311
c7e22c1f,1325,1324,1790072136877.364,45.37779
c7e22c1f,1326,1325,1790072136907.983,30.618991
c7e22c1f,1327,1326,1790072136953.958,45.975559
c7e22c1f,1328,1327,1790072136989.479,35.521326
c7e22c1f,1329,1328,1790072137034.044,44.564904
c7e22c1f,1330,1329,1790072137071.327,37.282423
c7e22c1f,1331,1330,1790072137115.906,44.578661
c7e22c1f,1332,1331,1790072137154.782,38.876303
c7e22c1f,1333,1332,1790072137182.016,27.233883
c7e22c1f,1334,1333,1790072137238.905,56.888922
c7e22c1f,1335,1334,1790072137261.39,22.485525
c7e22c1f,1336,1335,1790072137322.404,61.013831
c7e22c1f,1337,1336,1790072137344.461,22.05725
c7e22c1f,1338,1337,1790072137384.137,39.676069
c7e22c1f,1339,1338,1790072137429.483,45.345994
c7e22c1f,1340,1339,1790072137473.573,44.08935
c7e22c1f,1341,1340,1790072137507.938,34.365402
c7e22c1f,1342,1341,1790072137552.327,44.389444
c7e22c1f,1343,1342,1790072137604.337,52.009448
c7e22c1f,1344,1343,1790072137642.852,38.515418
c7e22c1f,1345,1344,1790072137677.938,35.085093
c7e22c1f,1346,1345,1790072137702.963,25.025229
c7e22c1f,1347,1346,1790072137759.425,56.462325
c7e22c1f,1348,1347,1790072137794.364,34.938642
c7e22c1f,1349,1348,1790072137827.016,32.652811
c7e22c1f,1350,1349,1790072137867.545,40.528242
c7e22c1f,1351,1350,1790072137913.044,45.499829
c7e22c1f,1352,1351,1790072137950.189,37.144642
c7e22c1f,1353,1352,1790072137990.523,40.334213
c7e22c1f,1354,1353,1790072138030.835,40.312087
c7e22c1f,1355,1354,1790072138060.341,29.505746
c7e22c1f,1356,1355,1790072138121.734,61.393154
c7e22c1f,1357,1356,1790072138147.604,25.869105
c7e22c1f,1358,1357,1790072138198.269,50.665345
c7e22c1f,1359,1358,1790072138227.66,29.390879
c7e22c1f,1360,1359,1790072138283.877,56.216955
c7e22c1f,1361,1360,1790072138305.67,21.793287
c7e22c1f,1362,1361,1790072138343.444,37.773606
c7e22c1f,1363,1362,1790072138385.207,41.763839
c7e22c1f,1364,1363,1790072138427.687,42.479867
c7e22c1f,1365,1364,1790072138468.191,40.50368
c7e22c1f,1366,1365,1790072138515.657,47.46627
c7e22c1f,1367,1366,1790072138549.552,33.895054
c7e22c1f,1368,1367,1790072138600.267,50.715067
c7e22c1f,1369,1368,1790072138602.992,2.725184
c7e22c1f,1370,1369,1790072138604.833,1.84092
c7e22c1f,1371,1370,1790072138614.225,9.391701
c7e22c1f,1372,1371,1790072138660.4,46.175169
c7e22c1f,1373,1372,1790072138784.176,123.775419
c7e22c1f,1374,1373,1790072138837.193,53.017387
c7e22c1f,1375,1374,1790072138866.681,29.4881
c7e22c1f,1376,1375,1790072138916.662,49.98051
c7e22c1f,1377,1376,1790072138954.206,37.544071
c7e22c1f,1378,1377,1790072139001.865,47.659289
c7e22c1f,1379,1378,1790072139030.447,28.581524
c7e22c1f,1380,1379,1790072139062.787,32.340597
c7e22c1f,1381,1380,1790072139115.011,52.224261
c7e22c1f,1382,1381,1790072139141.22,26.208772
c7e22c1f,1383,1382,1790072139213.082,71.861449
c7e22c1f,1384,1383,1790072139221.745,8.663605
c7e22c1f,1385,1384,1790072139285.21,63.464358
c7e22c1f,1386,1385,1790072139307.033,21.823441
c7e22c1f,1387,1386,1790072139342.358,35.325278
c7e22c1f,1388,1387,1790072139398.288,55.92996
c7e22c1f,1389,1388,1790072139434.81,36.52178
c7e22c1f,1390,1389,1790072139469.195,34.384594
c7e22c1f,1391,1390,1790072139514.354,45.159626
c7e22c1f,1392,1391,1790072139555.136,40.782183
c7e22c1f,1393,1392,1790072139613.545,58.409015
c7e22c1f,1394,1393,1790072139623.944,10.398423
c7e22c1f,1395,1394,1790072139671.218,47.274151
c7e22c1f,1396,1395,1790072139701.588,30.370323
c7e22c1f,1397,1396,1790072139756.192,54.603383
c7e22c1f,1398,1397,1790072139802.53,46.33822
c7e22c1f,1399,1398,1790072139832.734,30.204039
c7e22c1f,1400,1399,1790072139867.985,35.250537
c7e22c1f,1401,1400,1790072139906.909,38.924492
c7e22c1f,1402,1401,1790072139955.641,48.73211
c7e22c1f,1403,1402,1790072139992.701,37.060092
c7e22c1f,1404,1403,1790072140031.03,38.328548
c7e22c1f,1405,1404,1790072140078.104,47.073816
c7e22c1f,1406,1405,1790072140107.699,29.595859
c7e22c1f,1407,1406,1790072140153.58,45.879967
c7e22c1f,1408,1407,1790072140196.114,42.53483
c7e22c1f,1409,1408,1790072140227.858,31.743359
c7e22c1f,1410,1409,1790072140265.647,37.789482
c7e22c1f,1411,1410,1790072140310.246,44.599307
c7e22c1f,1412,1411,1790072140351.492,41.245965
c7e22c1f,1413,1412,1790072140388.688,37.195125
c7e22c1f,1414,1413,1790072140436.006,47.3183
c7e22c1f,1415,1414,1790072140475.767,39.760723
c7e22c1f,1416,1415,1790072140512.417,36.650664
c7e22c1f,1417,1416,1790072140570.389,57.971834
c7e22c1f,1418,1417,1790072140602.881,32.491861
c7e22c1f,1419,1418,1790072140604.176,1.294916
c7e22c1f,1420,1419,1790072140606.7,2.524317
c7e22c1f,1421,1420,1790072140608.1,1.399807
c7e22c1f,1422,1421,1790072140663.416,55.315506
c7e22c1f,1423,1422,1790072140791.138,127.723069
c7e22c1f,1424,1423,1790072140831.303,40.164495
c7e22c1f,1425,1424,1790072140865.95,34.646722
c7e22c1f,1426,1425,1790072140913.057,47.106864
c7e22c1f,1427,1426,1790072140939.679,26.622028
c7e22c1f,1428,1427,1790072140994.557,54.878037
c7e22c1f,1429,1428,1790072141021.576,27.018898
c7e22c1f,1430,1429,1790072141074.37,52.794609
c7e22c1f,1431,1430,1790072141108.086,33.71616
c7e22c1f,1432,1431,1790072141157.891,49.80486
c7e22c1f,1433,1432,1790072141186.721,28.830067
c7e22c1f,1434,1433,1790072141234.29,47.568188
c7e22c1f,1435,1434,1790072141262.262,27.972531
c7e22c1f,1436,1435,1790072141304.462,42.199844
c7e22c1f,1437,1436,1790072141346.469,42.006941
c7e22c1f,1438,1437,1790072141387.423,40.953819
c7e22c1f,1439,1438,1790072141441.288,53.865791
c7e22c1f,1440,1439,1790072141469.645,28.356774
c7e22c1f,1441,1440,1790072141509.26,39.614889
c7e22c1f,1442,1441,1790072141554.328,45.068089
c7e22c1f,1443,1442,1790072141603.298,48.970188
c7e22c1f,1444,1443,1790072141636.275,32.976278
c7e22c1f,1445,1444,1790072141663.191,26.916295
c7e22c1f,1446,1445,1790072141716.656,53.464888
c7e22c1f,1447,1446,1790072141748.903,32.247154
c7e22c1f,1448,1447,1790072141796.249,47.345733
c7e22c1f,1449,1448,1790072141834.565,38.316775
c7e22c1f,1450,1449,1790072141872.562,37.995991
c7e22c1f,1451,1450,1790072141918.36,45.798982
c7e22c1f,1452,1451,1790072141948.833,30.472025
c7e22c1f,1453,1452,1790072141988.135,39.302218
c7e22c1f,1454,1453,1790072142039.519,51.384673
c7e22c1f,1455,1454,1790072142068.05,28.53065
c7e22c1f,1456,1455,1790072142113.063,45.012888
c7e22c1f,1457,1456,1790072142146.041,32.977544
c7e22c1f,1458,1457,1790072142191.565,45.524871
c7e22c1f,1459,1458,1790072142222.989,31.423115
c7e22c1f,1460,1459,1790072142278.557,55.568993
c7e22c1f,1461,1460,1790072142303.618,25.060325
c7e22c1f,1462,1461,1790072142344.655,41.037578
c7e22c1f,1463,1462,1790072142388.281,43.62549
c7e22c1f,1464,1463,1790072142427.419,39.138005
c7e22c1f,1465,1464,1790072142471.37,43.95083
c7e22c1f,1466,1465,1790072142521.048,49.678428
c7e22c1f,1467,1466,1790072142551.337,30.288926
c7e22c1f,1468,1467,1790072142602.488,51.150831
c7e22c1f,1469,1468,1790072142605.413,2.925274
c7e22c1f,1470,1469,1790072142606.556,1.142917
c7e22c1f,1471,1470,1790072142661.458,54.902411
c7e22c1f,1472,1471,1790072142794.083,132.625075
c7e22c1f,1473,1472,1790072142824.929,30.845379
c7e22c1f,1474,1473,1790072142865.653,40.724005
c7e22c1f,1475,1474,1790072142906.418,40.765672
c7e22c1f,1476,1475,1790072142947.093,40.67399
c7e22c1f,1477,1476,1790072143006.063,58.970474
c7e22c1f,1478,1477,1790072143028.313,22.249899
c7e22c1f,1479,1478,1790072143073.498,45.18464
c7e22c1f,1480,1479,1790072143112.576,39.078523
c7e22c1f,1481,1480,1790072143152.219,39.642673
c7e22c1f,1482,1481,1790072143181.694,29.475604
c7e22c1f,1483,1482,1790072143233.35,51.655637
c7e22c1f,1484,1483,1790072143260.955,27.605216
c7e22c1f,1485,1484,1790072143318.466,57.511145
c7e22c1f,1486,1485,1790072143347.674,29.208046
c7e22c1f,1487,1486,1790072143391.98,44.305622
c7e22c1f,1488,1487,1790072143424.951,32.971283
c7e22c1f,1489,1488,1790072143472.449,47.498106
c7e22c1f,1490,1489,1790072143518.802,46.352073
c7e22c1f,1491,1490,1790072143553.407,34.60542
c7e22c1f,1492,1491,1790072143592.596,39.189123
c7e22c1f,1493,1492,1790072143641.826,49.229558
c7e22c1f,1494,1493,1790072143671.487,29.660985
c7e22c1f,1495,1494,1790072143711.942,40.455135
c7e22c1f,1496,1495,1790072143750.596,38.654716
c7e22c1f,1497,1496,1790072143801.049,50.452935
c7e22c1f,1498,1497,1790072143840.534,39.484432
c7e22c1f,1499,1498,1790072143864.393,23.858903
c7e22c1f,1500,1499,1790072143915.621,51.22867
c7e22c1f,1501,1500,1790072143950.622,35.000642
c7e22c1f,1502,1501,1790072143986.811,36.189399
c7e22c1f,1503,1502,1790072144041.477,54.665108
c7e22c1f,1504,1503,1790072144071.621,30.144143
c7e22c1f,1505,1504,1790072144117.3,45.679501
c7e22c1f,1506,1505,1790072144152.82,35.520005
c7e22c1f,1507,1506,1790072144187.444,34.623861
c7e22c1f,1508,1507,1790072144244.033,56.589162
c7e22c1f,1509,1508,1790072144259.999,15.966108
c7e22c1f,1510,1509,1790072144315.146,55.146215
c7e22c1f,1511,1510,1790072144346.671,31.525444
c7e22c1f,1512,1511,1790072144385.361,38.690408
c7e22c1f,1513,1512,1790072144426.727,41.365695
c7e22c1f,1514,1513,1790072144471.219,44.491622
c7e22c1f,1515,1514,1790072144518.211,46.992372
c7e22c1f,1516,1515,1790072144549.999,31.787696
c7e22c1f,1517,1516,1790072144600.227,50.228102
c7e22c1f,1518,1517,1790072144601.531,1.303591
c7e22c1f,1519,1518,1790072144602.358,0.827701
c7e22c1f,1520,1519,1790072144604.63,2.272295
c7e22c1f,1521,1520,1790072144690.439,85.808499
c7e22c1f,1522,1521,1790072144783.721,93.282301
c7e22c1f,1523,1522,1790072144823.514,39.792693
c7e22c1f,1524,1523,1790072144868.075,44.561543
c7e22c1f,1525,1524,1790072144922.26,54.18414
c7e22c1f,1526,1525,1790072144952.252,29.992561
c7e22c1f,1527,1526,1790072144988.444,36.191507
c7e22c1f,1528,1527,1790072145028.579,40.134981
c7e22c1f,1529,1528,1790072145068.045,39.466304
c7e22c1f,1530,1529,1790072145111.857,43.812517
c7e22c1f,1531,1530,1790072145141.748,29.890088
c7e22c1f,1532,1531,1790072145191.6,49.852763
c7e22c1f,1533,1532,1790072145223.233,31.632963
c7e22c1f,1534,1533,1790072145269.45,46.216935
c7e22c1f,1535,1534,1790072145307.315,37.864571
c7e22c1f,1536,1535,1790072145346.853,39.538574
c7e22c1f,1537,1536,1790072145387.768,40.914984
c7e22c1f,1538,1537,1790072145439.447,51.678681
c7e22c1f,1539,1538,1790072145468.787,29.340267
c7e22c1f,1540,1539,1790072145523.199,54.411533
c7e22c1f,1541,1540,1790072145554.453,31.253771
c7e22c1f,1542,1541,1790072145595.088,40.63525
c7e22c1f,1543,1542,1790072145627.459,32.371635
c7e22c1f,1544,1543,1790072145678.556,51.096633
c7e22c1f,1545,1544,1790072145708.785,30.228964
c7e22c1f,1546,1545,1790072145747.152,38.367377
c7e22c1f,1547,1546,1790072145793.868,46.716042
c7e22c1f,1548,1547,1790072145827.962,34.093127
c7e22c1f,1549,1548,1790072145876.034,48.072718
c7e22c1f,1550,1549,1790072145913.429,37.394369
c7e22c1f,1551,1550,1790072145952.903,39.473785
c7e22c1f,1552,1551,1790072145989.99,37.086882
c7e22c1f,1553,1552,1790072146029.982,39.992793
c7e22c1f,1554,1553,1790072146080.439,50.45687
c7e22c1f,1555,1554,1790072146102.614,22.174599
c7e22c1f,1556,1555,1790072146152.256,49.642466
c7e22c1f,1557,1556,1790072146188.887,36.630938
c7e22c1f,1558,1557,1790072146236.968,48.080825
c7e22c1f,1559,1558,1790072146261.31,24.342094
c7e22c1f,1560,1559,1790072146307.885,46.57498
c7e22c1f,1561,1560,1790072146346.247,38.361866
c7e22c1f,1562,1561,1790072146388.479,42.232212
c7e22c1f,1563,1562,1790072146439.522,51.043023
c7e22c1f,1564,1563,1790072146468.98,29.458047
c7e22c1f,1565,1564,1790072146508.33,39.349691
c7e22c1f,1566,1565,1790072146549.03,40.699757
c7e22c1f,1567,1566,1790072146599.643,50.613172
c7e22c1f,1568,1567,1790072146601.859,2.21652
c7e22c1f,1569,1568,1790072146604.69,2.830651
c7e22c1f,1570,1569,1790072146679.687,74.996556
c7e22c1f,1571,1570,1790072146796.128,116.441652
c7e22c1f,1572,1571,1790072146829.999,33.870543
c7e22c1f,1573,1572,1790072146867.831,37.832742
c7e22c1f,1574,1573,1790072146909.25,41.418357
c7e22c1f,1575,1574,1790072146949.413,40.162928
c7e22c1f,1576,1575,1790072146989.684,40.271237
c7e22c1f,1577,1576,1790072147040.334,50.650242
c7e22c1f,1578,1577,1790072147080.237,39.902752
c7e22c1f,1579,1578,1790072147110.016,29.779428
c7e22c1f,1580,1579,1790072147150.359,40.343066
c7e22c1f,1581,1580,1790072147184.592,34.232075
c7e22c1f,1582,1581,1790072147305.024,120.432538
c7e22c1f,1583,1582,1790072147309.167,4.143123
c7e22c1f,1584,1583,1790072147321.374,12.206397
c7e22c1f,1585,1584,1790072147345.159,23.785728
c7e22c1f,1586,1585,1790072147388.716,43.556957
c7e22c1f,1587,1586,1790072147425.664,36.948065
c7e22c1f,1588,1587,1790072147469.339,43.67437
c7e22c1f,1589,1588,1790072147509.402,40.063465
c7e22c1f,1590,1589,1790072147539.605,30.202648
c7e22c1f,1591,1590,1790072147593.947,54.342352
c7e22c1f,1592,1591,1790072147622.817,28.869725
c7e22c1f,1593,1592,1790072147678.273,55.456291
c7e22c1f,1594,1593,1790072147707.056,28.782706
c7e22c1f,1595,1594,1790072147755.325,48.269663
c7e22c1f,1596,1595,1790072147789.918,34.592288
c7e22c1f,1597,1596,1790072147829.465,39.547289
c7e22c1f,1598,1597,1790072147863.663,34.197955
c7e22c1f,1599,1598,1790072147912.005,48.341897
c7e22c1f,1600,1599,1790072147951.38,39.374776
c7e22c1f,1601,1600,1790072148002.122,50.742624
c7e22c1f,1602,1601,1790072148028.373,26.251069
c7e22c1f,1603,1602,1790072148072.056,43.68276
c7e22c1f,1604,1603,1790072148108.737,36.680528
c7e22c1f,1605,1604,1790072148150.975,42.238307
c7e22c1f,1606,1605,1790072148191.393,40.418443
c7e22c1f,1607,1606,1790072148227.125,35.731546
c7e22c1f,1608,1607,1790072148287.961,60.836509
c7e22c1f,1609,1608,1790072148305.974,18.012836
c7e22c1f,1610,1609,1790072148356.615,50.640376
c7e22c1f,1611,1610,1790072148383.576,26.961821
c7e22c1f,1612,1611,1790072148431.805,48.22826
c7e22c1f,1613,1612,1790072148468.393,36.588274
c7e22c1f,1614,1613,1790072148517.338,48.944894
c7e22c1f,1615,1614,1790072148553.99,36.651945
c7e22c1f,1616,1615,1790072148606.02,52.030216
c7e22c1f,1617,1616,1790072148609.972,3.951944
c7e22c1f,1618,1617,1790072148611.003,1.031207
c7e22c1f,1619,1618,1790072148614.167,3.163222
c7e22c1f,1620,1619,1790072148671.606,57.43937
c7e22c1f,1621,1620,1790072148789.675,118.06884
c7e22c1f,1622,1621,1790072148833.102,43.427711
c7e22c1f,1623,1622,1790072148869.726,36.623581
c7e22c1f,1624,1623,1790072148913.333,43.606909
c7e22c1f,1625,1624,1790072148940.516,27.182771
c7e22c1f,1626,1625,1790072148983.919,43.403609
c7e22c1f,1627,1626,1790072149040.681,56.761518
c7e22c1f,1628,1627,1790072149071.625,30.94475
c7e22c1f,1629,1628,1790072149111.68,40.054386
c7e22c1f,1630,1629,1790072149146.023,34.342719
c7e22c1f,1631,1630,1790072149196.915,50.89179
c7e22c1f,1632,1631,1790072149221.883,24.968915
c7e22c1f,1633,1632,1790072149268.997,47.113377
c7e22c1f,1634,1633,1790072149308.049,39.052681
c7e22c1f,1635,1634,1790072149342.121,34.071214
c7e22c1f,1636,1635,1790072149394.621,52.500227
c7e22c1f,1637,1636,1790072149427.608,32.987665
c7e22c1f,1638,1637,1790072149468.239,40.630066
c7e22c1f,1639,1638,1790072149513.014,44.775229
c7e22c1f,1640,1639,1790072149548.381,35.367417
c7e22c1f,1641,1640,1790072149593.12,44.738766
c7e22c1f,1642,1641,1790072149621.823,28.703432
c7e22c1f,1643,1642,1790072149674.067,52.243998
c7e22c1f,1644,1643,1790072149702.543,28.475312
c7e22c1f,1645,1644,1790072149755.675,53.132199
c7e22c1f,1646,1645,1790072149792.014,36.338867
c7e22c1f,1647,1646,1790072149824.725,32.711361
c7e22c1f,1648,1647,1790072149865.451,40.72549
c7e22c1f,1649,1648,1790072149913.739,48.288358
c7e22c1f,1650,1649,1790072149949.26,35.520587
c7e22c1f,1651,1650,1790072149999.162,49.902714
c7e22c1f,1652,1651,1790072150027.414,28.252111
c7e22c1f,1653,1652,1790072150072.599,45.184958
c7e22c1f,1654,1653,1790072150103.046,30.44692
c7e22c1f,1655,1654,1790072150153.89,50.844194
c7e22c1f,1656,1655,1790072150182.714,28.823391
c7e22c1f,1657,1656,1790072150235.532,52.818047
c7e22c1f,1658,1657,1790072150264.07,28.53784
c7e22c1f,1659,1658,1790072150313.96,49.890734
c7e22c1f,1660,1659,1790072150348.918,34.95775
c7e22c1f,1661,1660,1790072150382.803,33.884945
c7e22c1f,1662,1661,1790072150425.736,42.932823
c7e22c1f,1663,1662,1790072150467.676,41.939772
c7e22c1f,1664,1663,1790072150527.231,59.555132
c7e22c1f,1665,1664,1790072150548.537,21.306178
c7e22c1f,1666,1665,1790072150600.294,51.756685
c7e22c1f,1667,1666,1790072150601.669,1.375096
c7e22c1f,1668,1667,1790072150602.42,0.750807
c7e22c1f,1669,1668,1790072150605.19,2.770344
c7e22c1f,1670,1669,1790072150672.165,66.975299
c7e22c1f,1671,1670,1790072150785.42,113.254704
c7e22c1f,1672,1671,1790072150824.334,38.914007
c7e22c1f,1673,1672,1790072150876.066,51.732368
c7e22c1f,1674,1673,1790072150908.667,32.601129
c7e22c1f,1675,1674,1790072150946.798,38.130011
c7e22c1f,1676,1675,1790072150989.818,43.020078
c7e22c1f,1677,1676,1790072151032.466,42.648536
c7e22c1f,1678,1677,1790072151088.239,55.772745
c7e22c1f,1679,1678,1790072151101.217,12.978399
c7e22c1f,1680,1679,1790072151154.683,53.465363
c7e22c1f,1681,1680,1790072151181.983,27.300049
c7e22c1f,1682,1681,1790072151234.936,52.953583
c7e22c1f,1683,1682,1790072151261.047,26.111032
c7e22c1f,1684,1683,1790072151302.55,41.502273
c7e22c1f,1685,1684,1790072151343.012,40.462609
c7e22c1f,1686,1685,1790072151386.601,43.588683
c7e22c1f,1687,1686,1790072151441.139,54.538345
c7e22c1f,1688,1687,1790072151468.969,27.829645
c7e22c1f,1689,1688,1790072151510.542,41.572832
c7e22c1f,1690,1689,1790072151548.039,37.497172
c7e22c1f,1691,1690,1790072151581.901,33.861623
c7e22c1f,1692,1691,1790072151620.228,38.327063
c7e22c1f,1693,1692,1790072151690.663,70.43525
c7e22c1f,1694,1693,1790072151710.345,19.682022
c7e22c1f,1695,1694,1790072151765.653,55.307793
c7e22c1f,1696,1695,1790072151797.361,31.708798
c7e22c1f,1697,1696,1790072151832.343,34.981612
c7e22c1f,1698,1697,1790072151873.911,41.567722
c7e22c1f,1699,1698,1790072151907.055,33.144548
c7e22c1f,1700,1699,1790072151948.895,41.839101
c7e22c1f,1701,1700,1790072151987.396,38.501713
c7e22c1f,1702,1701,1790072152032.54,45.143608
c7e22c1f,1703,1702,1790072152076.239,43.699222
c7e22c1f,1704,1703,1790072152113.664,37.424891
c7e22c1f,1705,1704,1790072152150.918,37.254567
c7e22c1f,1706,1705,1790072152180.026,29.107592
c7e22c1f,1707,1706,1790072152219.683,39.657284
c7e22c1f,1708,1707,1790072152263.106,43.423048
c7e22c1f,1709,1708,1790072152300.711,37.604991
c7e22c1f,1710,1709,1790072152344.616,43.905195
c7e22c1f,1711,1710,1790072152396.723,52.106424
c7e22c1f,1712,1711,1790072152428.802,32.079123
c7e22c1f,1713,1712,1790072152469.499,40.697023
c7e22c1f,1714,1713,1790072152516.823,47.32445
c7e22c1f,1715,1714,1790072152555.731,38.907172
c7e22c1f,1716,1715,1790072152604.1,48.369156
c7e22c1f,1717,1716,1790072152605.51,1.410501
c7e22c1f,1718,1717,1790072152606.651,1.14034
c7e22c1f,1719,1718,1790072152611.076,4.425649
c7e22c1f,1720,1719,1790072152677.754,66.678118
c7e22c1f,1721,1720,1790072152785.575,107.820604
c7e22c1f,1722,1721,1790072152833.437,47.861435
c7e22c1f,1723,1722,1790072152870.934,37.497052
c7e22c1f,1724,1723,1790072152909.24,38.306139
c7e22c1f,1725,1724,1790072152953.258,44.017797
c7e22c1f,1726,1725,1790072152988.423,35.165841
c7e22c1f,1727,1726,1790072153051.814,63.391142
c7e22c1f,1728,1727,1790072153069.626,17.811634
c7e22c1f,1729,1728,1790072153111.651,42.024749
c7e22c1f,1730,1729,1790072153158.882,47.231372
c7e22c1f,1731,1730,1790072153182.764,23.881788
c7e22c1f,1732,1731,1790072153233.71,50.945678
c7e22c1f,1733,1732,1790072153269.114,35.404334
c7e22c1f,1734,1733,1790072153305.104,35.990161
c7e22c1f,1735,1734,1790072153349.265,44.160439
c7e22c1f,1736,1735,1790072153391.636,42.371325
c7e22c1f,1737,1736,1790072153428.154,36.517459
c7e22c1f,1738,1737,1790072153471.642,43.488302
c7e22c1f,1739,1738,1790072153508.705,37.063028
c7e22c1f,1740,1739,1790072153549.72,41.015423
c7e22c1f,1741,1740,1790072153586.778,37.057323
c7e22c1f,1742,1741,1790072153620.72,33.942147
c7e22c1f,1743,1742,1790072153682.088,61.368824
c7e22c1f,1744,1743,1790072153709.691,27.602515
c7e22c1f,1745,1744,1790072153756.036,46.345087
c7e22c1f,1746,1745,1790072153790.504,34.467974
c7e22c1f,1747,1746,1790072153823.911,33.407073
c7e22c1f,1748,1747,1790072153865.48,41.568475
c7e22c1f,1749,1748,1790072153908.371,42.891342
c7e22c1f,1750,1749,1790072153947.043,38.672308
c7e22c1f,1751,1750,1790072153987.092,40.048561
c7e22c1f,1752,1751,1790072154038.714,51.621931
c7e22c1f,1753,1752,1790072154070.059,31.344911
c7e22c1f,1754,1753,1790072154112.271,42.212293
c7e22c1f,1755,1754,1790072154146.721,34.450565
c7e22c1f,1756,1755,1790072154201.055,54.333437
c7e22c1f,1757,1756,1790072154223.1,22.045252
c7e22c1f,1758,1757,1790072154277.754,54.653896
c7e22c1f,1759,1758,1790072154303.498,25.743352
c7e22c1f,1760,1759,1790072154346.935,43.437915
c7e22c1f,1761,1760,1790072154399.345,52.410093
c7e22c1f,1762,1761,1790072154427.131,27.785817
c7e22c1f,1763,1762,1790072154467.203,40.071329
c7e22c1f,1764,1763,1790072154506.703,39.499919
c7e22c1f,1765,1764,1790072154555.537,48.834734
c7e22c1f,1766,1765,1790072154605.553,50.015753
c7e22c1f,1767,1766,1790072154607.074,1.521124
c7e22c1f,1768,1767,1790072154608.433,1.359057
c7e22c1f,1769,1768,1790072154610.614,2.180207
c7e22c1f,1770,1769,1790072154661.447,50.833927
c7e22c1f,1771,1770,1790072154785.359,123.911679
c7e22c1f,1772,1771,1790072154832.126,46.766835
c7e22c1f,1773,1772,1790072154867.859,35.73331
c7e22c1f,1774,1773,1790072154919.137,51.278342
c7e22c1f,1775,1774,1790072154952.26,33.122038
c7e22c1f,1776,1775,1790072154990.268,38.008711
c7e22c1f,1777,1776,1790072155038.478,48.21011
c7e22c1f,1778,1777,1790072155070.325,31.846686
c7e22c1f,1779,1778,1790072155135.909,65.583596
c7e22c1f,1780,1779,1790072155143.312,7.403351
c7e22c1f,1781,1780,1790072155192.51,49.198081
c7e22c1f,1782,1781,1790072155222.952,30.442254
c7e22c1f,1783,1782,1790072155276.059,53.106784
c7e22c1f,1784,1783,1790072155307.339,31.280048
c7e22c1f,1785,1784,1790072155345.861,38.521663
c7e22c1f,1786,1785,1790072155388.641,42.779895
c7e22c1f,1787,1786,1790072155440.414,51.773194
c7e22c1f,1788,1787,1790072155476.857,36.44302
c7e22c1f,1789,1788,1790072155511.249,34.392443
c7e22c1f,1790,1789,1790072155543.704,32.454777
c7e22c1f,1791,1790,1790072155610.59,66.885421
c7e22c1f,1792,1791,1790072155623.009,12.419065
c7e22c1f,1793,1792,1790072155681.026,58.017216
c7e22c1f,1794,1793,1790072155705.758,24.732364
c7e22c1f,1795,1794,1790072155755.407,49.64853
c7e22c1f,1796,1795,1790072155793.265,37.858696
c7e22c1f,1797,1796,1790072155826.134,32.868504
c7e22c1f,1798,1797,1790072155869.168,43.034573
c7e22c1f,1799,1798,1790072155909.648,40.479072
c7e22c1f,1800,1799,1790072155950.402,40.754081
c7e22c1f,1801,1800,1790072155983.059,32.657087
c7e22c1f,1802,1801,1790072156042.563,59.504751
c7e22c1f,1803,1802,1790072156070.108,27.544078
c7e22c1f,1804,1803,1790072156120.514,50.406496
c7e22c1f,1805,1804,1790072156160.896,40.382316
c7e22c1f,1806,1805,1790072156197.086,36.190029
c7e22c1f,1807,1806,1790072156228.278,31.191843
c7e22c1f,1808,1807,1790072156268.869,40.590337
c7e22c1f,1809,1808,1790072156316.702,47.833695
c7e22c1f,1810,1809,1790072156346.13,29.427391
c7e22c1f,1811,1810,1790072156387.257,41.127707
c7e22c1f,1812,1811,1790072156428.208,40.951015
c7e22c1f,1813,1812,1790072156477.75,49.541009
c7e22c1f,1814,1813,1790072156501.056,23.306529
c7e22c1f,1815,1814,1790072156552.017,50.960622
c7e22c1f,1816,1815,1790072156602.802,50.785991
c7e22c1f,1817,1816,1790072156603.819,1.016103
c7e22c1f,1818,1817,1790072156604.708,0.88947
c7e22c1f,1819,1818,1790072156608.452,3.743902
c7e22c1f,1820,1819,1790072156663.703,55.251339
c7e22c1f,1821,1820,1790072156798.821,135.117606
c7e22c1f,1822,1821,1790072156842.265,43.443628
c7e22c1f,1823,1822,1790072156870.58,28.315303
c7e22c1f,1824,1823,1790072156912.599,42.018781
c7e22c1f,1825,1824,1790072156951.528,38.929215
c7e22c1f,1826,1825,1790072156989.768,38.240124
c7e22c1f,1827,1826,1790072157041.121,51.352592
c7e22c1f,1828,1827,1790072157073.479,32.357766
c7e22c1f,1829,1828,1790072157114.067,40.588566
c7e22c1f,1830,1829,1790072157141.736,27.668584
c7e22c1f,1831,1830,1790072157198.718,56.981915
c7e22c1f,1832,1831,1790072157221.641,22.92398
c7e22c1f,1833,1832,1790072157284.194,62.552177
c7e22c1f,1834,1833,1790072157309.366,25.172555
c7e22c1f,1835,1834,1790072157342.668,33.301894
c7e22c1f,1836,1835,1790072157398.218,55.549709
c7e22c1f,1837,1836,1790072157440.711,42.493724
c7e22c1f,1838,1837,1790072157468.498,27.786187
c7e22c1f,1839,1838,1790072157516.76,48.262121
c7e22c1f,1840,1839,1790072157551.571,34.811354
c7e22c1f,1841,1840,1790072157601.282,49.710972
c7e22c1f,1842,1841,1790072157635.847,34.564765
c7e22c1f,1843,1842,1790072157673.712,37.865012
c7e22c1f,1844,1843,1790072157699.909,26.196848
c7e22c1f,1845,1844,1790072157767.952,68.043274
c7e22c1f,1846,1845,1790072157799.907,31.95502
c7e22c1f,1847,1846,1790072157833.402,33.494773
c7e22c1f,1848,1847,1790072157868.809,35.407229
c7e22c1f,1849,1848,1790072157910.888,42.079157
c7e22c1f,1850,1849,1790072157949.831,38.942585
c7e22c1f,1851,1850,1790072157993.062,43.230784
c7e22c1f,1852,1851,1790072158036.634,43.571989
c7e22c1f,1853,1852,1790072158073.385,36.751551
c7e22c1f,1854,1853,1790072158109.83,36.444385
c7e22c1f,1855,1854,1790072158157.944,48.114248
c7e22c1f,1856,1855,1790072158184.262,26.318565
c7e22c1f,1857,1856,1790072158235.629,51.367125
c7e22c1f,1858,1857,1790072158263.426,27.796932
c7e22c1f,1859,1858,1790072158308.3,44.873174
c7e22c1f,1860,1859,1790072158347.834,39.534161
c7e22c1f,1861,1860,1790072158386.449,38.615492
c7e22c1f,1862,1861,1790072158437.241,50.792108
c7e22c1f,1863,1862,1790072158467.057,29.815466
c7e22c1f,1864,1863,1790072158512.224,45.167165
c7e22c1f,1865,1864,1790072158557.556,45.331667
c7e22c1f,1866,1865,1790072158599.873,42.317082
c7e22c1f,1867,1866,1790072158600.824,0.950913
c7e22c1f,1868,1867,1790072158601.926,1.102753
c7e22c1f,1869,1868,1790072158666.799,64.872928
c7e22c1f,1870,1869,1790072158788.102,121.302747
c7e22c1f,1871,1870,1790072158827.618,39.515964
c7e22c1f,1872,1871,1790072158881.131,53.513183
c7e22c1f,1873,1872,1790072158911.725,30.593602
c7e22c1f,1874,1873,1790072158963.617,51.89272
c7e22c1f,1875,1874,1790072158992.355,28.737768
c7e22c1f,1876,1875,1790072159033.238,40.882511
c7e22c1f,1877,1876,1790072159059.542,26.30411
c7e22c1f,1878,1877,1790072159122.975,63.433316
c7e22c1f,1879,1878,1790072159141.013,18.038269
c7e22c1f,1880,1879,1790072159207.324,66.311024
c7e22c1f,1881,1880,1790072159227.139,19.814607
c7e22c1f,1882,1881,1790072159262.589,35.450212
c7e22c1f,1883,1882,1790072159314.108,51.518866
c7e22c1f,1884,1883,1790072159348.416,34.30788
c7e22c1f,1885,1884,1790072159388.134,39.71742
c7e22c1f,1886,1885,1790072159433.382,45.248063
c7e22c1f,1887,1886,1790072159468.028,34.646427
c7e22c1f,1888,1887,1790072159508.745,40.716779
c7e22c1f,1889,1888,1790072159554.913,46.168441
c7e22c1f,1890,1889,1790072159595.299,40.385511
c7e22c1f,1891,1890,1790072159627.546,32.247479
c7e22c1f,1892,1891,1790072159666.213,38.666599
c7e22c1f,1893,1892,1790072159708.484,42.270864
c7e22c1f,1894,1893,1790072159749.439,40.955659
c7e22c1f,1895,1894,1790072159792.788,43.349121
c7e22c1f,1896,1895,1790072159852.981,60.192792
c7e22c1f,1897,1896,1790072159880.565,27.583882
c7e22c1f,1898,1897,1790072159914.455,33.890158
c7e22c1f,1899,1898,1790072159954.984,40.528686
c7e22c1f,1900,1899,1790072159999.404,44.420387
c7e22c1f,1901,1900,1790072160036.903,37.498822
c7e22c1f,1902,1901,1790072160069.841,32.93777
c7e22c1f,1903,1902,1790072160100.323,30.48243
c7e22c1f,1904,1903,1790072160173.582,73.258271
c7e22c1f,1905,1904,1790072160185.017,11.435808
c7e22c1f,1906,1905,1790072160224.124,39.106779
c7e22c1f,1907,1906,1790072160266.01,41.88624
c7e22c1f,1908,1907,1790072160309.578,43.567487
c7e22c1f,1909,1908,1790072160352.601,43.022523
c7e22c1f,1910,1909,1790072160401.594,48.993566
c7e22c1f,1911,1910,1790072160428.046,26.451622
c7e22c1f,1912,1911,1790072160470.492,42.446366
c7e22c1f,1913,1912,1790072160516.863,46.370756
c7e22c1f,1914,1913,1790072160550.957,34.094477
c7e22c1f,1915,1914,1790072160597.131,46.173696
c7e22c1f,1916,1915,1790072160602.371,5.240378
c7e22c1f,1917,1916,1790072160613.969,11.597906
c7e22c1f,1918,1917,1790072160615.399,1.429634
c7e22c1f,1919,1918,1790072160683.154,67.755102
c7e22c1f,1920,1919,1790072160808.866,125.712021
c7e22c1f,1921,1920,1790072160842.676,33.809764
c7e22c1f,1922,1921,1790072160876.704,34.027842
c7e22c1f,1923,1922,1790072160919.936,43.231992
c7e22c1f,1924,1923,1790072160953.364,33.428115
c7e22c1f,1925,1924,1790072161009.689,56.325392
c7e22c1f,1926,1925,1790072161021.008,11.31923
c7e22c1f,1927,1926,1790072161073.26,52.251388
c7e22c1f,1928,1927,1790072161102.113,28.85361
c7e22c1f,1929,1928,1790072161142.835,40.72203
c7e22c1f,1930,1929,1790072161188.402,45.566256
c7e22c1f,1931,1930,1790072161239.148,50.746912
c7e22c1f,1932,1931,1790072161267.597,28.448472
c7e22c1f,1933,1932,1790072161298.083,30.486313
c7e22c1f,1934,1933,1790072161350.244,52.160531
c7e22c1f,1935,1934,1790072161389.325,39.081628
c7e22c1f,1936,1935,1790072161436.091,46.765075
c7e22c1f,1937,1936,1790072161462.427,26.337033
c7e22c1f,1938,1937,1790072161524.635,62.207602
c7e22c1f,1939,1938,1790072161546.324,21.6893
c7e22c1f,1940,1939,1790072161599.086,52.761468
c7e22c1f,1941,1940,1790072161637.218,38.131909
c7e22c1f,1942,1941,1790072161684.659,47.440992
c7e22c1f,1943,1942,1790072161714.203,29.544134
c7e22c1f,1944,1943,1790072161755.322,41.119344
c7e22c1f,1945,1944,1790072161798.887,43.564532
c7e22c1f,1946,1945,1790072161837.024,38.137478
c7e22c1f,1947,1946,1790072161868.365,31.341167
c7e22c1f,1948,1947,1790072161910.911,42.545171
c7e22c1f,1949,1948,1790072161944.78,33.869691
c7e22c1f,1950,1949,1790072161992.624,47.843702
c7e22c1f,1951,1950,1790072162022.899,30.274627
c7e22c1f,1952,1951,1790072162068.822,45.923565
c7e22c1f,1953,1952,1790072162103.329,34.507152
c7e22c1f,1954,1953,1790072162152.899,49.570081
c7e22c1f,1955,1954,1790072162189.496,36.596923
c7e22c1f,1956,1955,1790072162231.906,42.409442
c7e22c1f,1957,1956,1790072162269.343,37.436574
c7e22c1f,1958,1957,1790072162331.099,61.756083
c7e22c1f,1959,1958,1790072162362.591,31.492128
c7e22c1f,1960,1959,1790072162392.839,30.24796
c7e22c1f,1961,1960,1790072162418.941,26.102839
c7e22c1f,1962,1961,1790072162478.947,60.005395
c7e22c1f,1963,1962,1790072162510.632,31.685126
c7e22c1f,1964,1963,1790072162552.71,42.078534
c7e22c1f,1965,1964,1790072162603.742,51.03146
c7e22c1f,1966,1965,1790072162606.907,3.165254
c7e22c1f,1967,1966,1790072162613.382,6.474519
c7e22c1f,1968,1967,1790072162616.025,2.643411
c7e22c1f,1969,1968,1790072162668.042,52.017177
c7e22c1f,1970,1969,1790072162800.75,132.707779
c7e22c1f,1971,1970,1790072162830.898,30.147878
c7e22c1f,1972,1971,1790072162859.094,28.195435
c7e22c1f,1973,1972,1790072162915.326,56.232843
c7e22c1f,1974,1973,1790072162944.084,28.758332
c7e22c1f,1975,1974,1790072162997.35,53.265859
c7e22c1f,1976,1975,1790072163026.101,28.750891
c7e22c1f,1977,1976,1790072163064.56,38.458255
c7e22c1f,1978,1977,1790072163118.991,54.431323
c7e22c1f,1979,1978,1790072163150.975,31.984154
c7e22c1f,1980,1979,1790072163188.213,37.237971
c7e22c1f,1981,1980,1790072163232.171,43.957974
c7e22c1f,1982,1981,1790072163267.823,35.651556
c7e22c1f,1983,1982,1790072163319.137,51.314686
c7e22c1f,1984,1983,1790072163342.573,23.43596
c7e22c1f,1985,1984,1790072163391.759,49.185242
c7e22c1f,1986,1985,1790072163426.702,34.943741
c7e22c1f,1987,1986,1790072163483.886,57.184146
c7e22c1f,1988,1987,1790072163511.559,27.67246
c7e22c1f,1989,1988,1790072163548.105,36.546259
c7e22c1f,1990,1989,1790072163589.488,41.382678
c7e22c1f,1991,1990,1790072163620.277,30.788816
c7e22c1f,1992,1991,1790072163691.028,70.751279
c7e22c1f,1993,1992,1790072163705.073,14.044895
c7e22c1f,1994,1993,1790072163759.719,54.646717
c7e22c1f,1995,1994,1790072163785.207,25.487158
c7e22c1f,1996,1995,1790072163837.741,52.534233
c7e22c1f,1997,1996,1790072163861.342,23.600734
c7e22c1f,1998,1997,1790072163901.522,40.180718
c7e22c1f,1999,1998,1790072163944.7,43.177927
c7e22c1f,2000,1999,1790072163986.752,42.051561
c7e22c1f,2001,2000,1790072164025.988,39.235762
c7e22c1f,2002,2001,1790072164070.081,44.093099
c7e22c1f,2003,2002,1790072164113.571,43.489814
c7e22c1f,2004,2003,1790072164165.516,51.945319
c7e22c1f,2005,2004,1790072164193.805,28.289657
c7e22c1f,2006,2005,1790072164228.448,34.642148
c7e22c1f,2007,2006,1790072164352.183,123.735485
c7e22c1f,2008,2007,1790072164369.644,17.461073
c7e22c1f,2009,2008,1790072164379.67,10.025789
c7e22c1f,2010,2009,1790072164394.615,14.945607
c7e22c1f,2011,2010,1790072164427.159,32.543977
c7e22c1f,2012,2011,1790072164480.506,53.346342
c7e22c1f,2013,2012,1790072164500.855,20.349663
c7e22c1f,2014,2013,1790072164551.387,50.532056
c7e22c1f,2015,2014,1790072164606.141,54.752975
c7e22c1f,2016,2015,1790072164609.791,3.649979
c7e22c1f,2017,2016,1790072164612.917,3.126793
c7e22c1f,2018,2017,1790072164615.179,2.26131
c7e22c1f,2019,2018,1790072164677.051,61.872611
c7e22c1f,2020,2019,1790072164785.94,108.888752
c7e22c1f,2021,2020,1790072164838.927,52.987344
c7e22c1f,2022,2021,1790072164861.857,22.929592
c7e22c1f,2023,2022,1790072164939.287,77.430462
c7e22c1f,2024,2023,1790072164942.259,2.971543
c7e22c1f,2025,2024,1790072164984.324,42.065049
c7e22c1f,2026,2025,1790072165024.446,40.122273
c7e22c1f,2027,2026,1790072165071.491,47.044771
c7e22c1f,2028,2027,1790072165110.848,39.357063
c7e22c1f,2029,2028,1790072165149.279,38.431304
c7e22c1f,2030,2029,1790072165187.976,38.696979
c7e22c1f,2031,2030,1790072165242.96,54.983791
c7e22c1f,2032,2031,1790072165271.362,28.402056
c7e22c1f,2033,2032,1790072165329.618,58.255865
c7e22c1f,2034,2033,1790072165360.023,30.405371
c7e22c1f,2035,2034,1790072165389.59,29.566128
c7e22c1f,2036,2035,1790072165424.814,35.22407
c7e22c1f,2037,2036,1790072165473.131,48.316869
c7e22c1f,2038,2037,1790072165507.844,34.713812
c7e22c1f,2039,2038,1790072165542.003,34.158563
c7e22c1f,2040,2039,1790072165584.579,42.575651
c7e22c1f,2041,2040,1790072165648.32,63.741147
c7e22c1f,2042,2041,1790072165675.236,26.91638
c7e22c1f,2043,2042,1790072165711.905,36.668533
c7e22c1f,2044,2043,1790072165753.352,41.447145
c7e22c1f,2045,2044,1790072165792.818,39.465882
c7e22c1f,2046,2045,1790072165826.337,33.519247
c7e22c1f,2047,2046,1790072165883.329,56.992402
c7e22c1f,2048,2047,1790072165910.97,27.640436
c7e22c1f,2049,2048,1790072165943.786,32.816312
c7e22c1f,2050,2049,1790072165988.952,45.166081
c7e22c1f,2051,2050,1790072166033.394,44.442158
c7e22c1f,2052,2051,1790072166070.868,37.474169
c7e22c1f,2053,2052,1790072166110.159,39.290687
c7e22c1f,2054,2053,1790072166156.54,46.380944
c7e22c1f,2055,2054,1790072166191.896,35.356045
c7e22c1f,2056,2055,1790072166239.717,47.82069
c7e22c1f,2057,2056,1790072166270.512,30.795218
c7e22c1f,2058,2057,1790072166312.763,42.251458
c7e22c1f,2059,2058,1790072166342.284,29.520955
c7e22c1f,2060,2059,1790072166413.873,71.588449
c7e22c1f,2061,2060,1790072166423.437,9.5639
c7e22c1f,2062,2061,1790072166467.027,43.590608
c7e22c1f,2063,2062,1790072166509.297,42.269464
c7e22c1f,2064,2063,1790072166553.896,44.599202
c7e22c1f,2065,2064,1790072166606.396,52.499469
c7e22c1f,2066,2065,1790072166609.993,3.597206
c7e22c1f,2067,2066,1790072166610.842,0.849615
c7e22c1f,2068,2067,1790072166611.881,1.038855
c7e22c1f,2069,2068,1790072166663.486,51.604984
c7e22c1f,2070,2069,1790072166796.139,132.652789
c7e22c1f,2071,2070,1790072166823.438,27.299456
c7e22c1f,2072,2071,1790072166870.118,46.679373
c7e22c1f,2073,2072,1790072166902.928,32.809966
c7e22c1f,2074,2073,1790072166963.558,60.629783
c7e22c1f,2075,2074,1790072166996.713,33.155834
c7e22c1f,2076,2075,1790072167031.778,35.06433
c7e22c1f,2077,2076,1790072167076.292,44.514252
c7e22c1f,2078,2077,1790072167113.301,37.008824
c7e22c1f,2079,2078,1790072167153.812,40.510646
c7e22c1f,2080,2079,1790072167179.485,25.67362
c7e22c1f,2081,2080,1790072167234.548,55.062536
c7e22c1f,2082,2081,1790072167259.889,25.34116
c7e22c1f,2083,2082,1790072167314.731,54.84213
c7e22c1f,2084,2083,1790072167344.042,29.310787
c7e22c1f,2085,2084,1790072167384.794,40.752181
c7e22c1f,2086,2085,1790072167423.541,38.746862
c7e22c1f,2087,2086,1790072167468.116,44.574893
c7e22c1f,2088,2087,1790072167518.392,50.276211
c7e22c1f,2089,2088,1790072167549.734,31.342244
c7e22c1f,2090,2089,1790072167592.717,42.982691
c7e22c1f,2091,2090,1790072167632.219,39.502389
c7e22c1f,2092,2091,1790072167673.337,41.117472
c7e22c1f,2093,2092,1790072167699.652,26.315692
c7e22c1f,2094,2093,1790072167752.74,53.088201
c7e22c1f,2095,2094,1790072167790.125,37.384883
c7e22c1f,2096,2095,1790072167825.267,35.141262
c7e22c1f,2097,2096,1790072167868.018,42.750983
c7e22c1f,2098,2097,1790072167903.028,35.009883
c7e22c1f,2099,2098,1790072167948.707,45.679788
c7e22c1f,2100,2099,1790072167989.896,41.188249
c7e22c1f,2101,2100,1790072168030.096,40.200973
c7e22c1f,2102,2101,1790072168068.06,37.963835
c7e22c1f,2103,2102,1790072168123.413,55.352437
c7e22c1f,2104,2103,1790072168149.276,25.863036
c7e22c1f,2105,2104,1790072168198.655,49.378936
c7e22c1f,2106,2105,1790072168240.829,42.174611
c7e22c1f,2107,2106,1790072168280.167,39.338072
c7e22c1f,2108,2107,1790072168309.032,28.864779
c7e22c1f,2109,2108,1790072168352.692,43.659335
c7e22c1f,2110,2109,1790072168383.479,30.787409
c7e22c1f,2111,2110,1790072168434.538,51.058676
c7e22c1f,2112,2111,1790072168463.27,28.731887
c7e22c1f,2113,2112,1790072168510.378,47.108181
c7e22c1f,2114,2113,1790072168555.544,45.166266
c7e22c1f,2115,2114,1790072168599.958,44.41438
c7e22c1f,2116,2115,1790072168601.126,1.167516
c7e22c1f,2117,2116,1790072168675.976,74.850246
c7e22c1f,2118,2117,1790072168793.872,117.895428
c7e22c1f,2119,2118,1790072168830.593,36.721557
c7e22c1f,2120,2119,1790072168872.143,41.549964
c7e22c1f,2121,2120,1790072168906.194,34.050731
c7e22c1f,2122,2121,1790072168951.365,45.171243
c7e22c1f,2123,2122,1790072168980.657,29.292217
c7e22c1f,2124,2123,1790072169031.093,50.435338
c7e22c1f,2125,2124,1790072169059.993,28.900839
c7e22c1f,2126,2125,1790072169113.138,53.144228
c7e22c1f,2127,2126,1790072169146.785,33.647019
c7e22c1f,2128,2127,1790072169185.498,38.712842
c7e22c1f,2129,2128,1790072169223.427,37.929533
c7e22c1f,2130,2129,1790072169275.433,52.0056
c7e22c1f,2131,2130,1790072169309.739,34.306633
c7e22c1f,2132,2131,1790072169350.285,40.546179
c7e22c1f,2133,2132,1790072169408.224,57.938841
c7e22c1f,2134,2133,1790072169436.603,28.378811
c7e22c1f,2135,2134,1790072169471.096,34.493067
c7e22c1f,2136,2135,1790072169501.526,30.43003
c7e22c1f,2137,2136,1790072169553.478,51.951642
c7e22c1f,2138,2137,1790072169584.27,30.791573
c7e22c1f,2139,2138,1790072169656.413,72.143198
c7e22c1f,2140,2139,1790072169666.913,10.500307
c7e22c1f,2141,2140,1790072169707.647,40.734375
c7e22c1f,2142,2141,1790072169747.552,39.904419
c7e22c1f,2143,2142,1790072169792.113,44.561219
c7e22c1f,2144,2143,1790072169836.131,44.017686
c7e22c1f,2145,2144,1790072169877.563,41.43217
c7e22c1f,2146,2145,1790072169911.281,33.718613
c7e22c1f,2147,2146,1790072169956.184,44.902678
c7e22c1f,2148,2147,1790072169994.583,38.398523
c7e22c1f,2149,2148,1790072170041.648,47.065264
c7e22c1f,2150,2149,1790072170064.742,23.094178
c7e22c1f,2151,2150,1790072170120.211,55.468809
c7e22c1f,2152,2151,1790072170143.544,23.333265
c7e22c1f,2153,2152,1790072170220.353,76.808786
c7e22c1f,2154,2153,1790072170224.627,4.273771
c7e22c1f,2155,2154,1790072170267.103,42.476443
c7e22c1f,2156,2155,1790072170312.162,45.059323
c7e22c1f,2157,2156,1790072170349.14,36.977117
c7e22c1f,2158,2157,1790072170388.441,39.301287
c7e22c1f,2159,2158,1790072170433.711,45.269795
c7e22c1f,2160,2159,1790072170472.971,39.260149
c7e22c1f,2161,2160,1790072170526.045,53.07438
c7e22c1f,2162,2161,1790072170541.577,15.53165
c7e22c1f,2163,2162,1790072170599.602,58.025398
c7e22c1f,2164,2163,1790072170600.847,1.245055
c7e22c1f,2165,2164,1790072170601.882,1.034752
c7e22c1f,2166,2165,1790072170669.721,67.839082
c7e22c1f,2167,2166,1790072170806.403,136.681442
c7e22c1f,2168,2167,1790072170841.677,35.274132
c7e22c1f,2169,2168,1790072170869.604,27.927216
c7e22c1f,2170,2169,1790072170923.0,53.395688
c7e22c1f,2171,2170,1790072170950.804,27.804855
c7e22c1f,2172,2171,1790072170990.209,39.404295
c7e22c1f,2173,2172,1790072171033.482,43.273471
c7e22c1f,2174,2173,1790072171069.78,36.297821
c7e22c1f,2175,2174,1790072171102.642,32.862325
c7e22c1f,2176,2175,1790072171150.984,48.341724
c7e22c1f,2177,2176,1790072171191.0,40.016325
c7e22c1f,2178,2177,1790072171241.739,50.73868
c7e22c1f,2179,2178,1790072171261.586,19.846562
c7e22c1f,2180,2179,1790072171302.98,41.394051
c7e22c1f,2181,2180,1790072171351.721,48.741146
c7e22c1f,2182,2181,1790072171385.469,33.748105
c7e22c1f,2183,2182,1790072171447.917,62.447437
c7e22c1f,2184,2183,1790072171472.276,24.35937
c7e22c1f,2185,2184,1790072171511.154,38.878358
c7e22c1f,2186,2185,1790072171567.817,56.662509
c7e22c1f,2187,2186,1790072171601.471,33.654868
c7e22c1f,2188,2187,1790072171628.377,26.905159
c7e22c1f,2189,2188,1790072171668.617,40.240796
c7e22c1f,2190,2189,1790072171712.676,44.058277
c7e22c1f,2191,2190,1790072171743.412,30.735883
c7e22c1f,2192,2191,1790072171800.781,57.369925
c7e22c1f,2193,2192,1790072171833.602,32.820432
c7e22c1f,2194,2193,1790072171882.28,48.677914
c7e22c1f,2195,2194,1790072171903.57,21.290463
c7e22c1f,2196,2195,1790072171944.026,40.455164
c7e22c1f,2197,2196,1790072171990.491,46.465209
c7e22c1f,2198,2197,1790072172031.176,40.685437
c7e22c1f,2199,2198,1790072172073.363,42.186889
c7e22c1f,2200,2199,1790072172115.563,42.200438
c7e22c1f,2201,2200,1790072172153.999,38.435174
c7e22c1f,2202,2201,1790072172185.019,31.020722
c7e22c1f,2203,2202,1790072172239.848,54.828825
c7e22c1f,2204,2203,1790072172260.311,20.462333
c7e22c1f,2205,2204,1790072172334.151,73.840324
c7e22c1f,2206,2205,1790072172342.181,8.030404
c7e22c1f,2207,2206,1790072172384.155,41.973482
c7e22c1f,2208,2207,1790072172430.451,46.296724
c7e22c1f,2209,2208,1790072172469.032,38.58015
c7e22c1f,2210,2209,1790072172507.816,38.784339
c7e22c1f,2211,2210,1790072172554.178,46.361689
c7e22c1f,2212,2211,1790072172611.137,56.959245
c7e22c1f,2213,2212,1790072172617.24,6.103245
c7e22c1f,2214,2213,1790072172620.062,2.82129
c7e22c1f,2215,2214,1790072172623.91,3.848455
c7e22c1f,2216,2215,1790072172683.072,59.16155
c7e22c1f,2217,2216,1790072172784.056,100.984468
c7e22c1f,2218,2217,1790072172840.28,56.223823
c7e22c1f,2219,2218,1790072172870.525,30.245097
c7e22c1f,2220,2219,1790072172904.287,33.761944
c7e22c1f,2221,2220,1790072172949.115,44.828217
c7e22c1f,2222,2221,1790072172991.753,42.637626
c7e22c1f,2223,2222,1790072173031.234,39.481154
c7e22c1f,2224,2223,1790072173071.429,40.195686
c7e22c1f,2225,2224,1790072173119.114,47.684453
c7e22c1f,2226,2225,1790072173150.02,30.906028
c7e22c1f,2227,2226,1790072173208.196,58.176337
c7e22c1f,2228,2227,1790072173239.149,30.953023
c7e22c1f,2229,2228,1790072173261.041,21.89199
c7e22c1f,2230,2229,1790072173318.802,57.760224
c7e22c1f,2231,2230,1790072173341.518,22.716312
c7e22c1f,2232,2231,1790072173391.772,50.254234
c7e22c1f,2233,2232,1790072173425.264,33.491728
c7e22c1f,2234,2233,1790072173466.239,40.975462
c7e22c1f,2235,2234,1790072173517.021,50.781935
c7e22c1f,2236,2235,1790072173539.652,22.631204
c7e22c1f,2237,2236,1790072173603.179,63.526382
c7e22c1f,2238,2237,1790072173624.198,21.019769
c7e22c1f,2239,2238,1790072173694.27,70.071598
c7e22c1f,2240,2239,1790072173718.815,24.544681
c7e22c1f,2241,2240,1790072173759.332,40.517568
c7e22c1f,2242,2241,1790072173783.947,24.614099
c7e22c1f,2243,2242,1790072173827.658,43.71144
c7e22c1f,2244,2243,1790072173867.526,39.867852
c7e22c1f,2245,2244,1790072173901.748,34.222123
c7e22c1f,2246,2245,1790072173945.892,44.144099
c7e22c1f,2247,2246,1790072173996.819,50.927414
c7e22c1f,2248,2247,1790072174030.61,33.790176
c7e22c1f,2249,2248,1790072174068.77,38.160739
c7e22c1f,2250,2249,1790072174110.978,42.207572
c7e22c1f,2251,2250,1790072174154.673,43.695421
c7e22c1f,2252,2251,1790072174193.398,38.7247
c7e22c1f,2253,2252,1790072174224.571,31.172633
c7e22c1f,2254,2253,1790072174278.58,54.009284
c7e22c1f,2255,2254,1790072174311.192,32.611805
c7e22c1f,2256,2255,1790072174351.584,40.392447
c7e22c1f,2257,2256,1790072174393.653,42.068905
c7e22c1f,2258,2257,1790072174425.899,32.245469
c7e22c1f,2259,2258,1790072174472.036,46.13736
c7e22c1f,2260,2259,1790072174511.511,39.474984
c7e22c1f,2261,2260,1790072174549.925,38.413924
c7e22c1f,2262,2261,1790072174600.474,50.549267
c7e22c1f,2263,2262,1790072174601.627,1.152613
c7e22c1f,2264,2263,1790072174603.291,1.664623
c7e22c1f,2265,2264,1790072174605.969,2.678248
c7e22c1f,2266,2265,1790072174660.28,54.310014
c7e22c1f,2267,2266,1790072174793.933,133.653857
c7e22c1f,2268,2267,1790072174828.08,34.146323
c7e22c1f,2269,2268,1790072174874.331,46.251569
c7e22c1f,2270,2269,1790072174913.382,39.050338
c7e22c1f,2271,2270,1790072174948.245,34.86322
c7e22c1f,2272,2271,1790072174990.917,42.67257
c7e22c1f,2273,2272,1790072175030.605,39.687934
c7e22c1f,2274,2273,1790072175072.565,41.959776
c7e22c1f,2275,2274,1790072175125.126,52.561229
c7e22c1f,2276,2275,1790072175147.696,22.569488
c7e22c1f,2277,2276,1790072175194.722,47.025676
c7e22c1f,2278,2277,1790072175224.097,29.375681
c7e22c1f,2279,2278,1790072175275.991,51.894116
c7e22c1f,2280,2279,1790072175308.933,32.941964
c7e22c1f,2281,2280,1790072175359.341,50.408006
c7e22c1f,2282,2281,1790072175392.081,32.739521
c7e22c1f,2283,2282,1790072175441.714,49.632965
c7e22c1f,2284,2283,1790072175474.652,32.938192
c7e22c1f,2285,2284,1790072175509.27,34.617673
c7e22c1f,2286,2285,1790072175556.289,47.018817
c7e22c1f,2287,2286,1790072175589.635,33.345955
c7e22c1f,2288,2287,1790072175646.48,56.845355
c7e22c1f,2289,2288,1790072175670.475,23.995244
c7e22c1f,2290,2289,1790072175709.082,38.606816
c7e22c1f,2291,2290,1790072175755.652,46.570293
c7e22c1f,2292,2291,1790072175786.833,31.180666
c7e22c1f,2293,2292,1790072175840.431,53.598513
c7e22c1f,2294,2293,1790072175868.663,28.231365
c7e22c1f,2295,2294,1790072175902.939,34.276602
c7e22c1f,2296,2295,1790072175946.22,43.280472
c7e22c1f,2297,2296,1790072175991.401,45.180825
c7e22c1f,2298,2297,1790072176037.705,46.30415
c7e22c1f,2299,2298,1790072176069.514,31.809355
c7e22c1f,2300,2299,1790072176109.342,39.827634
c7e22c1f,2301,2300,1790072176150.264,40.922584
c7e22c1f,2302,2301,1790072176184.392,34.127964
c7e22c1f,2303,2302,1790072176253.311,68.918384
c7e22c1f,2304,2303,1790072176260.335,7.024038
c7e22c1f,2305,2304,1790072176312.126,51.790921
c7e22c1f,2306,2305,1790072176342.196,30.070147
c7e22c1f,2307,2306,1790072176407.071,64.875279
c7e22c1f,2308,2307,1790072176427.091,20.019924
c7e22c1f,2309,2308,1790072176479.423,52.332324
c7e22c1f,2310,2309,1790072176508.725,29.301591
c7e22c1f,2311,2310,1790072176551.879,43.154072
c7e22c1f,2312,2311,1790072176598.425,46.54581
c7e22c1f,2313,2312,1790072176601.055,2.629864
c7e22c1f,2314,2313,1790072176603.467,2.412696
c7e22c1f,2315,2314,1790072176681.988,78.520427
c7e22c1f,2316,2315,1790072176797.706,115.718196
c7e22c1f,2317,2316,1790072176824.783,27.077379
c7e22c1f,2318,2317,1790072176875.457,50.673483
c7e22c1f,2319,2318,1790072176900.946,25.488654
c7e22c1f,2320,2319,1790072176942.536,41.590364
c7e22c1f,2321,2320,1790072176987.362,44.826185
c7e22c1f,2322,2321,1790072177033.677,46.315038
c7e22c1f,2323,2322,1790072177067.022,33.345418
c7e22c1f,2324,2323,1790072177113.757,46.734783
c7e22c1f,2325,2324,1790072177157.756,43.99865
c7e22c1f,2326,2325,1790072177181.759,24.002647
c7e22c1f,2327,2326,1790072177232.301,50.541875
c7e22c1f,2328,2327,1790072177258.686,26.385403
c7e22c1f,2329,2328,1790072177332.941,74.255514
c7e22c1f,2330,2329,1790072177341.588,8.646541
c7e22c1f,2331,2330,1790072177406.099,64.511185
c7e22c1f,2332,2331,1790072177439.267,33.167657
c7e22c1f,2333,2332,1790072177472.064,32.797516
c7e22c1f,2334,2333,1790072177507.702,35.637777
c7e22c1f,2335,2334,1790072177553.997,46.295192
c7e22c1f,2336,2335,1790072177591.19,37.192362
c7e22c1f,2337,2336,1790072177635.566,44.376469
c7e22c1f,2338,2337,1790072177685.145,49.578698
c7e22c1f,2339,2338,1790072177726.941,41.796745
c7e22c1f,2340,2339,1790072177758.1,31.158008
c7e22c1f,2341,2340,1790072177786.271,28.171677
c7e22c1f,2342,2341,1790072177841.716,55.444645
c7e22c1f,2343,2342,1790072177865.866,24.149929
c7e22c1f,2344,2343,1790072177915.638,49.77259
c7e22c1f,2345,2344,1790072177943.077,27.438671
c7e22c1f,2346,2345,1790072177984.828,41.750879
c7e22c1f,2347,2346,1790072178027.658,42.830023
c7e22c1f,2348,2347,1790072178072.944,45.286259
c7e22c1f,2349,2348,1790072178112.775,39.830619
c7e22c1f,2350,2349,1790072178149.399,36.624204
c7e22c1f,2351,2350,1790072178193.204,43.804862
c7e22c1f,2352,2351,1790072178246.303,53.099521
c7e22c1f,2353,2352,1790072178279.378,33.074622
c7e22c1f,2354,2353,1790072178319.197,39.819018
c7e22c1f,2355,2354,1790072178341.119,21.922362
c7e22c1f,2356,2355,1790072178401.893,60.773735
c7e22c1f,2357,2356,1790072178427.297,25.403916
c7e22c1f,2358,2357,1790072178473.554,46.256674
c7e22c1f,2359,2358,1790072178501.925,28.371529
c7e22c1f,2360,2359,1790072178551.062,49.136484
c7e22c1f,2361,2360,1790072178603.601,52.539262
c7e22c1f,2362,2361,1790072178605.323,1.722143
c7e22c1f,2363,2362,1790072178605.754,0.431186
c7e22c1f,2364,2363,1790072178607.532,1.77793
c7e22c1f,2365,2364,1790072178681.778,74.245839
c7e22c1f,2366,2365,1790072178798.371,116.593293
c7e22c1f,2367,2366,1790072178834.578,36.206905
c7e22c1f,2368,2367,1790072178864.318,29.739976
c7e22c1f,2369,2368,1790072178904.038,39.719477
c7e22c1f,2370,2369,1790072178950.93,46.892265
c7e22c1f,2371,2370,1790072179000.458,49.5284
c7e22c1f,2372,2371,1790072179033.953,33.494693
c7e22c1f,2373,2372,1790072179075.648,41.694648
c7e22c1f,2374,2373,1790072179115.741,40.092851
c7e22c1f,2375,2374,1790072179149.07,33.329597
c7e22c1f,2376,2375,1790072179188.688,39.618212
c7e22c1f,2377,2376,1790072179237.846,49.15792
c7e22c1f,2378,2377,1790072179264.393,26.54662
c7e22c1f,2379,2378,1790072179317.063,52.670138
c7e22c1f,2380,2379,1790072179359.149,42.085961
c7e22c1f,2381,2380,1790072179400.581,41.431742
c7e22c1f,2382,2381,1790072179431.555,30.973939
c7e22c1f,2383,2382,1790072179473.213,41.658344
c7e22c1f,2384,2383,1790072179505.374,32.161055
c7e22c1f,2385,2384,1790072179546.398,41.02346
c7e22c1f,2386,2385,1790072179587.406,41.008393
c7e22c1f,2387,2386,1790072179628.405,40.999008
c7e22c1f,2388,2387,1790072179676.021,47.616257
c7e22c1f,2389,2388,1790072179709.446,33.424184
c7e22c1f,2390,2389,1790072179749.989,40.543768
c7e22c1f,2391,2390,1790072179797.715,47.725648
c7e22c1f,2392,2391,1790072179834.078,36.363287
c7e22c1f,2393,2392,1790072179871.05,36.971343
c7e22c1f,2394,2393,1790072179920.538,49.48811
c7e22c1f,2395,2394,1790072179950.831,30.292935
c7e22c1f,2396,2395,1790072179981.533,30.70275
c7e22c1f,2397,2396,1790072180046.022,64.48897
c7e22c1f,2398,2397,1790072180068.047,22.025199
c7e22c1f,2399,2398,1790072180110.665,42.617085
c7e22c1f,2400,2399,1790072180145.562,34.897252
c7e22c1f,2401,2400,1790072180196.495,50.933496
b1269e28,226,225,1790072095165.497,39.776143
b1269e28,227,226,1790072095202.651,37.154048
b1269e28,228,227,1790072095260.518,57.866715
b1269e28,229,228,1790072095327.547,67.029511
b1269e28,230,229,1790072095366.74,39.193363
b1269e28,231,230,1790072095403.313,36.572893
b1269e28,232,231,1790072095447.499,44.185385
b1269e28,233,232,1790072095538.136,90.637123
b1269e28,234,233,1790072095556.23,18.093718
b1269e28,235,234,1790072095619.373,63.143314
b1269e28,236,235,1790072095638.726,19.353138
b1269e28,237,236,1790072095792.354,153.627759
b1269e28,238,237,1790072095793.966,1.611796
b1269e28,239,238,1790072095809.057,15.091181
b1269e28,240,239,1790072095858.614,49.55724
b1269e28,241,240,1790072095921.114,62.499711
b1269e28,242,241,1790072095965.252,44.138016
b1269e28,243,242,1790072096000.067,34.814812
b1269e28,244,243,1790072096042.175,42.108749
b1269e28,245,244,1790072096124.009,81.833845
b1269e28,246,245,1790072096161.998,37.988936
b1269e28,247,246,1790072096213.519,51.520803
b1269e28,248,247,1790072096247.49,33.970413
b1269e28,249,248,1790072096329.37,81.880354
b1269e28,250,249,1790072096384.877,55.50714
b1269e28,251,250,1790072096406.841,21.964202
b1269e28,252,251,1790072096450.42,43.578722
b1269e28,253,252,1790072096523.967,73.546728
b1269e28,254,253,1790072096574.067,50.100492
b1269e28,255,254,1790072096612.907,38.840015
b1269e28,256,255,1790072096653.754,40.847417
b1269e28,257,256,1790072096719.739,65.9845
b1269e28,258,257,1790072096780.903,61.163966
b1269e28,259,258,1790072096795.324,14.420873
b1269e28,260,259,1790072096842.28,46.956439
b1269e28,261,260,1790072096935.59,93.309795
b1269e28,262,261,1790072096963.677,28.086893
b1269e28,263,262,1790072097000.287,36.610488
b1269e28,264,263,1790072097038.539,38.251609
b1269e28,265,264,1790072097123.667,85.127699
b1269e28,266,265,1790072097175.868,52.201029
b1269e28,267,266,1790072097211.071,35.203
b1269e28,268,267,1790072097243.106,32.035426
b1269e28,269,268,1790072097324.904,81.797799
b1269e28,270,269,1790072097363.155,38.251115
b1269e28,271,270,1790072097406.78,43.624791
b1269e28,272,271,1790072097444.721,37.941448
b1269e28,273,272,1790072097532.547,87.826011
b1269e28,274,273,1790072097563.674,31.126348
b1269e28,275,274,1790072097624.729,61.055583
b1269e28,276,275,1790072097637.334,12.605034
b1269e28,277,276,1790072097793.506,156.171838
b1269e28,278,277,1790072097805.57,12.063838
b1269e28,279,278,1790072097812.77,7.199879
b1269e28,280,279,1790072097837.43,24.660549
b1269e28,281,280,1790072097931.755,94.324363
b1269e28,282,281,1790072097960.777,29.022185
b1269e28,283,282,1790072098004.543,43.765938
b1269e28,284,283,1790072098037.398,32.854899
b1269e28,285,284,1790072098123.315,85.917689
b1269e28,286,285,1790072098165.143,41.827107
b1269e28,287,286,1790072098210.944,45.801563
b1269e28,288,287,1790072098249.834,38.889605
b1269e28,289,288,1790072098325.531,75.696829
b1269e28,290,289,1790072098360.859,35.328508
b1269e28,291,290,1790072098401.428,40.569063
b1269e28,292,291,1790072098453.369,51.940444
b1269e28,293,292,1790072098522.526,69.157034
b1269e28,294,293,1790072098564.602,42.076542
b1269e28,295,294,1790072098603.779,39.177045
b1269e28,296,295,1790072098635.22,31.440592
b1269e28,297,296,1790072098724.668,89.448289
b1269e28,298,297,1790072098756.492,31.823707
b1269e28,299,298,1790072098800.327,43.835604
b1269e28,300,299,1790072098853.855,53.527316
b1269e28,301,300,1790072098923.733,69.878535
b1269e28,302,301,1790072098966.219,42.486231
b1269e28,303,302,1790072098999.812,33.592379
b1269e28,304,303,1790072099039.013,39.200879
b1269e28,305,304,1790072099123.822,84.809591
b1269e28,306,305,1790072099160.589,36.766685
b1269e28,307,306,1790072099210.325,49.735595
b1269e28,308,307,1790072099238.424,28.099236
b1269e28,309,308,1790072099331.685,93.260792
b1269e28,310,309,1790072099377.198,45.513645
b1269e28,311,310,1790072099406.064,28.865316
b1269e28,312,311,1790072099447.211,41.14763
b1269e28,313,312,1790072099519.698,72.486865
b1269e28,314,313,1790072099574.953,55.254568
b1269e28,315,314,1790072099612.96,38.007042
b1269e28,316,315,1790072099646.333,33.373149
b1269e28,317,316,1790072099801.534,155.201109
b1269e28,318,317,1790072099803.8,2.265958
b1269e28,319,318,1790072099808.708,4.907726
b1269e28,320,319,1790072099840.763,32.055853
b1269e28,321,320,1790072099933.994,93.230478
b1269e28,322,321,1790072099962.126,28.132104
b1269e28,323,322,1790072099997.828,35.701484
b1269e28,324,323,1790072100053.067,55.239519
b1269e28,325,324,1790072100123.743,70.676146
b1269e28,326,325,1790072100173.283,49.540164
b1269e28,327,326,1790072100198.484,25.200848
b1269e28,328,327,1790072100253.501,55.01642
b1269e28,329,328,1790072100331.477,77.976607
b1269e28,330,329,1790072100365.102,33.624316
b1269e28,331,330,1790072100400.008,34.906531
b1269e28,332,331,1790072100450.412,50.403944
b1269e28,333,332,1790072100529.213,78.80113
b1269e28,334,333,1790072100557.418,28.204737
b1269e28,335,334,1790072100613.345,55.927565
b1269e28,336,335,1790072100639.431,26.085532
b1269e28,337,336,1790072100732.158,92.72656
b1269e28,338,337,1790072100766.74,34.582019
b1269e28,339,338,1790072100797.192,30.452674
b1269e28,340,339,1790072100852.116,54.92394
b1269e28,341,340,1790072100917.401,65.28446
b1269e28,342,341,1790072100989.354,71.95376
b1269e28,343,342,1790072101011.613,22.258332
b1269e28,344,343,1790072101043.803,32.190373
b1269e28,345,344,1790072101123.729,79.925702
b1269e28,346,345,1790072101156.09,32.360648
b1269e28,347,346,1790072101210.574,54.485025
b1269e28,348,347,1790072101247.247,36.672052
b1269e28,349,348,1790072101335.302,88.055322
b1269e28,350,349,1790072101360.37,25.067988
b1269e28,351,350,1790072101412.958,52.587717
b1269e28,352,351,1790072101448.141,35.183807
b1269e28,353,352,1790072101515.985,67.84327
b1269e28,354,353,1790072101566.613,50.628517
b1269e28,355,354,1790072101609.317,42.703393
b1269e28,356,355,1790072101640.183,30.866697
b1269e28,357,356,1790072101811.968,171.784476
b1269e28,358,357,1790072101813.412,1.444661
b1269e28,359,358,1790072101814.345,0.932949
b1269e28,360,359,1790072101848.299,33.953797
b1269e28,361,360,1790072101915.555,67.256162
b1269e28,362,361,1790072101957.043,41.487595
b1269e28,363,362,1790072101993.493,36.450579
b1269e28,364,363,1790072102040.712,47.218521
b1269e28,365,364,1790072102118.332,77.619653
b1269e28,366,365,1790072102181.971,63.639303
b1269e28,367,366,1790072102212.102,30.130468
b1269e28,368,367,1790072102244.747,32.645453
b1269e28,369,368,1790072102331.158,86.410861
b1269e28,370,369,1790072102369.409,38.25081
b1269e28,371,370,1790072102406.397,36.988383
b1269e28,372,371,1790072102437.173,30.775869
b1269e28,373,372,1790072102519.852,82.67878
b1269e28,374,373,1790072102564.603,44.751192
b1269e28,375,374,1790072102601.336,36.733698
b1269e28,376,375,1790072102642.963,41.626728
b1269e28,377,376,1790072102717.475,74.511802
b1269e28,378,377,1790072102765.675,48.199653
b1269e28,379,378,1790072102807.464,41.789521
b1269e28,380,379,1790072102852.749,45.284745
b1269e28,381,380,1790072102938.516,85.766989
b1269e28,382,381,1790072102961.272,22.756272
b1269e28,383,382,1790072103004.707,43.434781
b1269e28,384,383,1790072103040.66,35.953435
b1269e28,385,384,1790072103128.089,87.428575
b1269e28,386,385,1790072103156.112,28.022818
b1269e28,387,386,1790072103217.438,61.326518
b1269e28,388,387,1790072103246.672,29.233445
b1269e28,389,388,1790072103319.145,72.472987
b1269e28,390,389,1790072103367.163,48.01816
b1269e28,391,390,1790072103403.555,36.392372
b1269e28,392,391,1790072103441.817,38.261607
b1269e28,393,392,1790072103517.412,75.595148
b1269e28,394,393,1790072103560.521,43.108463
b1269e28,395,394,1790072103617.861,57.340228
b1269e28,396,395,1790072103643.787,25.925821
b1269e28,397,396,1790072103802.249,158.462377
b1269e28,398,397,1790072103803.672,1.422977
b1269e28,399,398,1790072103814.131,10.45914
b1269e28,400,399,1790072103842.967,28.835628
b1269e28,401,400,1790072103922.554,79.587262
b1269e28,402,401,1790072103965.25,42.696292
b1269e28,403,402,1790072104002.596,37.346136
b1269e28,404,403,1790072104035.833,33.236962
b1269e28,405,404,1790072104128.327,92.493819
b1269e28,406,405,1790072104160.912,32.584548
b1269e28,407,406,1790072104214.431,53.519723
b1269e28,408,407,1790072104249.641,35.209453
b1269e28,409,408,1790072104325.23,75.589118
b1269e28,410,409,1790072104357.389,32.159471
b1269e28,411,410,1790072104402.186,44.796722
b1269e28,412,411,1790072104440.107,37.920953
b1269e28,413,412,1790072104527.036,86.928871
b1269e28,414,413,1790072104565.141,38.10532
b1269e28,415,414,1790072104611.132,45.990721
b1269e28,416,415,1790072104639.12,27.988045
b1269e28,417,416,1790072104736.49,97.369723
b1269e28,418,417,1790072104763.975,27.484681
b1269e28,419,418,1790072104809.997,46.022448
b1269e28,420,419,1790072104845.319,35.321538
b1269e28,421,420,1790072104932.829,87.510445
b1269e28,422,421,1790072104967.234,34.405164
b1269e28,423,422,1790072105020.494,53.259575
b1269e28,424,423,1790072105047.41,26.91653
b1269e28,425,424,1790072105124.654,77.244167
b1269e28,426,425,1790072105176.893,52.238611
b1269e28,427,426,1790072105202.221,25.328558
b1269e28,428,427,1790072105240.897,38.675289
b1269e28,429,428,1790072105330.964,90.06732
b1269e28,430,429,1790072105379.538,48.573441
b1269e28,431,430,1790072105411.673,32.135117
b1269e28,432,431,1790072105458.435,46.762281
b1269e28,433,432,1790072105520.284,61.849043
b1269e28,434,433,1790072105565.737,45.452512
b1269e28,435,434,1790072105610.197,44.460527
b1269e28,436,435,1790072105649.098,38.901238
b1269e28,437,436,1790072105886.284,237.185567
b1269e28,438,437,1790072105888.431,2.147316
b1269e28,439,438,1790072105889.19,0.759109
b1269e28,440,439,1790072105892.212,3.021857
b1269e28,441,440,1790072105926.601,34.388828
b1269e28,442,441,1790072105957.388,30.786953
b1269e28,443,442,1790072106004.04,46.652292
b1269e28,444,443,1790072106039.349,35.308685
b1269e28,445,444,1790072106124.425,85.07582
b1269e28,446,445,1790072106160.784,36.358919
b1269e28,447,446,1790072106203.493,42.708982
b1269e28,448,447,1790072106245.159,41.666806
b1269e28,449,448,1790072106330.883,85.723071
b1269e28,450,449,1790072106368.986,38.103092
b1269e28,451,450,1790072106408.162,39.176539
b1269e28,452,451,1790072106453.263,45.101248
b1269e28,453,452,1790072106519.339,66.075183
b1269e28,454,453,1790072106565.572,46.233397
b1269e28,455,454,1790072106612.268,46.696101
b1269e28,456,455,1790072106645.865,33.597139
b1269e28,457,456,1790072106735.833,89.967623
b1269e28,458,457,1790072106767.045,31.212546
b1269e28,459,458,1790072106807.076,40.030654
b1269e28,460,459,1790072106840.355,33.279009
b1269e28,461,460,1790072106918.482,78.127308
b1269e28,462,461,1790072106969.139,50.656827
b1269e28,463,462,1790072107002.444,33.304809
b1269e28,464,463,1790072107047.456,45.012303
b1269e28,465,464,1790072107117.78,70.323191
b1269e28,466,465,1790072107162.536,44.75656
b1269e28,467,466,1790072107204.785,42.248546
b1269e28,468,467,1790072107244.037,39.252674
b1269e28,469,468,1790072107323.984,79.946543
b1269e28,470,469,1790072107374.518,50.534242
b1269e28,471,470,1790072107395.574,21.055554
b1269e28,472,471,1790072107451.267,55.693816
b1269e28,473,472,1790072107531.823,80.555612
b1269e28,474,473,1790072107560.656,28.832934
b1269e28,475,474,1790072107618.157,57.501577
b1269e28,476,475,1790072107644.149,25.991473
b1269e28,477,476,1790072107817.277,173.127479
b1269e28,478,477,1790072107827.862,10.585451
b1269e28,479,478,1790072107830.311,2.449328
b1269e28,480,479,1790072107850.234,19.922859
b1269e28,481,480,1790072107924.712,74.477745
b1269e28,482,481,1790072107966.18,41.468267
b1269e28,483,482,1790072107994.988,28.80799
b1269e28,484,483,1790072108042.731,47.74265
b1269e28,485,484,1790072108123.72,80.989741
b1269e28,486,485,1790072108177.964,54.243511
b1269e28,487,486,1790072108214.946,36.982187
b1269e28,488,487,1790072108252.341,37.394268
b1269e28,489,488,1790072108330.598,78.257395
b1269e28,490,489,1790072108357.342,26.74358
b1269e28,491,490,1790072108414.406,57.064196
b1269e28,492,491,1790072108443.165,28.759502
b1269e28,493,492,1790072108531.185,88.020051
b1269e28,494,493,1790072108566.183,34.997487
b1269e28,495,494,1790072108599.222,33.038902
b1269e28,496,495,1790072108648.392,49.170097
b1269e28,497,496,1790072108721.519,73.127127
b1269e28,498,497,1790072108769.186,47.666944
b1269e28,499,498,1790072108803.209,34.023405
b1269e28,500,499,1790072108835.341,32.132202
b1269e28,501,500,1790072108921.271,85.930185
b1269e28,502,501,1790072108957.54,36.268717
b1269e28,503,502,1790072108998.882,41.341784
b1269e28,504,503,1790072109044.296,45.413904
b1269e28,505,504,1790072109110.836,66.540161
b1269e28,506,505,1790072109178.638,67.801554
b1269e28,507,506,1790072109206.868,28.230812
b1269e28,508,507,1790072109243.863,36.994697
b1269e28,509,508,1790072109330.777,86.914004
b1269e28,510,509,1790072109366.2,35.422542
b1269e28,511,510,1790072109408.223,42.023669
b1269e28,512,511,1790072109443.977,35.753497
b1269e28,513,512,1790072109541.588,97.611057
b1269e28,514,513,1790072109552.699,11.111554
b1269e28,515,514,1790072109597.15,44.450089
b1269e28,516,515,1790072109634.881,37.731298
b1269e28,517,516,1790072109812.512,177.631176
b1269e28,518,517,1790072109814.134,1.621871
b1269e28,519,518,1790072109815.442,1.307931
b1269e28,520,519,1790072109842.386,26.94402
b1269e28,521,520,1790072109929.596,87.209771
b1269e28,522,521,1790072109952.862,23.266169
b1269e28,523,522,1790072110007.595,54.733544
b1269e28,524,523,1790072110044.75,37.154448
b1269e28,525,524,1790072110126.516,81.765949
b1269e28,526,525,1790072110155.692,29.17602
b1269e28,527,526,1790072110216.478,60.786152
b1269e28,528,527,1790072110237.134,20.655728
b1269e28,529,528,1790072110311.734,74.600305
b1269e28,530,529,1790072110355.627,43.892782
b1269e28,531,530,1790072110396.974,41.347416
b1269e28,532,531,1790072110436.476,39.501929
b1269e28,533,532,1790072110522.612,86.136114
b1269e28,534,533,1790072110585.226,62.613713
b1269e28,535,534,1790072110601.949,16.723163
b1269e28,536,535,1790072110637.652,35.702541
b1269e28,537,536,1790072110722.26,84.608894
b1269e28,538,537,1790072110756.502,34.242005
b1269e28,539,538,1790072110798.946,42.443793
b1269e28,540,539,1790072110838.564,39.617528
b1269e28,541,540,1790072110910.704,72.139994
b1269e28,542,541,1790072110953.728,43.02426
b1269e28,543,542,1790072110992.403,38.674936
b1269e28,544,543,1790072111032.096,39.69322
b1269e28,545,544,1790072111113.142,81.04528
b1269e28,546,545,1790072111157.563,44.42178
b1269e28,547,546,1790072111201.64,44.076943
b1269e28,548,547,1790072111251.757,50.116578
b1269e28,549,548,1790072111330.322,78.565273
b1269e28,550,549,1790072111367.031,36.708608
b1269e28,551,550,1790072111395.143,28.112139
b1269e28,552,551,1790072111440.061,44.918004
b1269e28,553,552,1790072111538.439,98.378406
b1269e28,554,553,1790072111549.482,11.042793
b1269e28,555,554,1790072111613.198,63.715692
b1269e28,556,555,1790072111635.389,22.191581
b1269e28,557,556,1790072111788.525,153.135554
b1269e28,558,557,1790072111796.91,8.384995
b1269e28,559,558,1790072111807.566,10.655783
b1269e28,560,559,1790072111838.094,30.528393
b1269e28,561,560,1790072111911.442,73.347881
b1269e28,562,561,1790072111961.486,50.044197
b1269e28,563,562,1790072111997.506,36.020003
b1269e28,564,563,1790072112040.17,42.664206
b1269e28,565,564,1790072112118.603,78.432089
b1269e28,566,565,1790072112158.517,39.914638
b1269e28,567,566,1790072112199.115,40.597968
b1269e28,568,567,1790072112250.41,51.295065
b1269e28,569,568,1790072112314.449,64.039392
b1269e28,570,569,1790072112374.537,60.087271
b1269e28,571,570,1790072112391.438,16.90073
b1269e28,572,571,1790072112443.443,52.005044
b1269e28,573,572,1790072112517.143,73.700001
b1269e28,574,573,1790072112562.458,45.315202
b1269e28,575,574,1790072112601.654,39.196471
b1269e28,576,575,1790072112657.909,56.254589
b1269e28,577,576,1790072112715.85,57.941475
b1269e28,578,577,1790072112765.386,49.535472
b1269e28,579,578,1790072112804.521,39.135212
b1269e28,580,579,1790072112843.608,39.087067
b1269e28,581,580,1790072112929.44,85.831747
b1269e28,582,581,1790072112973.784,44.344453
b1269e28,583,582,1790072112997.471,23.686542
b1269e28,584,583,1790072113045.162,47.691049
b1269e28,585,584,1790072113130.713,85.550766
b1269e28,586,585,1790072113174.106,43.393738
b1269e28,587,586,1790072113212.433,38.326324
b1269e28,588,587,1790072113250.422,37.989012
b1269e28,589,588,1790072113340.074,89.652237
b1269e28,590,589,1790072113356.103,16.028716
b1269e28,591,590,1790072113395.693,39.590139
b1269e28,592,591,1790072113438.75,43.057158
b1269e28,593,592,1790072113524.554,85.803963
b1269e28,594,593,1790072113565.724,41.16984
b1269e28,595,594,1790072113600.474,34.75037
b1269e28,596,595,1790072113637.947,37.472335
b1269e28,597,596,1790072113808.467,170.520821
b1269e28,598,597,1790072113810.215,1.748098
b1269e28,599,598,1790072113811.543,1.327889
b1269e28,600,599,1790072113846.931,35.387868
b1269e28,601,600,1790072113922.22,75.289034
b1269e28,602,601,1790072113965.744,43.524095
b1269e28,603,602,1790072114007.8,42.055481
b1269e28,604,603,1790072114055.359,47.559338
b1269e28,605,604,1790072114132.739,77.37968
b1269e28,606,605,1790072114158.89,26.151207
b1269e28,607,606,1790072114223.972,65.082158
b1269e28,608,607,1790072114238.141,14.168941
b1269e28,609,608,1790072114332.267,94.126346
b1269e28,610,609,1790072114365.225,32.957191
b1269e28,611,610,1790072114406.903,41.678591
b1269e28,612,611,1790072114454.996,48.092667
b1269e28,613,612,1790072114540.645,85.649105
b1269e28,614,613,1790072114559.865,19.219684
b1269e28,615,614,1790072114606.279,46.414769
b1269e28,616,615,1790072114649.914,43.634874
b1269e28,617,616,1790072114733.129,83.214417
b1269e28,618,617,1790072114764.131,31.00219
b1269e28,619,618,1790072114808.093,43.962387
b1269e28,620,619,1790072114848.584,40.490691
b1269e28,621,620,1790072114926.26,77.676508
b1269e28,622,621,1790072114956.408,30.147274
b1269e28,623,622,1790072115009.479,53.071099
b1269e28,624,623,1790072115047.084,37.605463
b1269e28,625,624,1790072115125.838,78.753685
b1269e28,626,625,1790072115162.559,36.720857
b1269e28,627,626,1790072115209.18,46.621117
b1269e28,628,627,1790072115254.513,45.332734
b1269e28,629,628,1790072115330.085,75.572413
b1269e28,630,629,1790072115366.9,36.81442
b1269e28,631,630,1790072115411.02,44.120834
b1269e28,632,631,1790072115448.734,37.713877
b1269e28,633,632,1790072115518.894,70.159899
b1269e28,634,633,1790072115567.774,48.879547
b1269e28,635,634,1790072115607.323,39.54933
b1269e28,636,635,1790072115649.128,41.804607
b1269e28,637,636,1790072115796.828,147.700834
b1269e28,638,637,1790072115800.077,3.248518
b1269e28,639,638,1790072115805.055,4.978086
b1269e28,640,639,1790072115839.556,34.501066
b1269e28,641,640,1790072115928.14,88.583955
b1269e28,642,641,1790072115967.328,39.188152
b1269e28,643,642,1790072116010.352,43.023651
b1269e28,644,643,1790072116044.883,34.530815
b1269e28,645,644,1790072116124.481,79.598615
b1269e28,646,645,1790072116165.712,41.231063
b1269e28,647,646,1790072116207.357,41.644684
b1269e28,648,647,1790072116243.97,36.613335
b1269e28,649,648,1790072116328.067,84.096218
b1269e28,650,649,1790072116378.47,50.403899
b1269e28,651,650,1790072116407.877,29.406764
b1269e28,652,651,1790072116459.613,51.735894
b1269e28,653,652,1790072116537.434,77.820798
b1269e28,654,653,1790072116558.496,21.062324
b1269e28,655,654,1790072116613.546,55.05011
b1269e28,656,655,1790072116643.933,30.3866
b1269e28,657,656,1790072116736.376,92.443208
b1269e28,658,657,1790072116758.344,21.968139
b1269e28,659,658,1790072116807.525,49.180457
b1269e28,660,659,1790072116843.044,35.519028
b1269e28,661,660,1790072116919.761,76.71733
b1269e28,662,661,1790072116966.757,46.996227
b1269e28,663,662,1790072117009.441,42.683216
b1269e28,664,663,1790072117045.053,35.612943
b1269e28,665,664,1790072117125.323,80.269069
b1269e28,666,665,1790072117172.703,47.380013
b1269e28,667,666,1790072117205.84,33.137617
b1269e28,668,667,1790072117248.925,43.084699
b1269e28,669,668,1790072117321.428,72.503161
b1269e28,670,669,1790072117358.043,36.615012
b1269e28,671,670,1790072117409.062,51.019335
b1269e28,672,671,1790072117448.756,39.693622
b1269e28,673,672,1790072117525.589,76.832729
b1269e28,674,673,1790072117568.219,42.630079
b1269e28,675,674,1790072117624.31,56.090836
b1269e28,676,675,1790072117640.544,16.234228
b1269e28,677,676,1790072117808.432,167.887628
b1269e28,678,677,1790072117813.745,5.313488
b1269e28,679,678,1790072117815.36,1.61522
b1269e28,680,679,1790072117839.491,24.131243
b1269e28,681,680,1790072117934.683,95.191225
b1269e28,682,681,1790072117972.207,37.524432
b1269e28,683,682,1790072118004.572,32.365089
b1269e28,684,683,1790072118044.425,39.852925
b1269e28,685,684,1790072118119.865,75.440322
b1269e28,686,685,1790072118165.657,45.792038
b1269e28,687,686,1790072118201.067,35.409447
b1269e28,688,687,1790072118244.363,43.29596
b1269e28,689,688,1790072118317.806,73.443348
b1269e28,690,689,1790072118360.04,42.233639
b1269e28,691,690,1790072118410.026,49.98646
b1269e28,692,691,1790072118444.805,34.778491
b1269e28,693,692,1790072118520.198,75.393184
b1269e28,694,693,1790072118569.485,49.286867
b1269e28,695,694,1790072118599.348,29.863409
b1269e28,696,695,1790072118639.974,40.625523
b1269e28,697,696,1790072118720.243,80.269092
b1269e28,698,697,1790072118759.422,39.178671
b1269e28,699,698,1790072118819.066,59.644086
b1269e28,700,699,1790072118850.071,31.004927
b1269e28,701,700,1790072118920.042,69.97092
b1269e28,702,701,1790072118958.422,38.380473
b1269e28,703,702,1790072119001.606,43.183828
b1269e28,704,703,1790072119037.249,35.643181
b1269e28,705,704,1790072119128.366,91.117027
b1269e28,706,705,1790072119159.228,30.861885
b1269e28,707,706,1790072119201.028,41.800371
b1269e28,708,707,1790072119247.017,45.988541
b1269e28,709,708,1790072119328.617,81.600145
b1269e28,710,709,1790072119366.241,37.623689
b1269e28,711,710,1790072119410.881,44.639877
b1269e28,712,711,1790072119440.816,29.935843
b1269e28,713,712,1790072119526.074,85.257759
b1269e28,714,713,1790072119557.021,30.946364
b1269e28,715,714,1790072119604.233,47.212448
b1269e28,716,715,1790072119645.802,41.568516
b1269e28,717,716,1790072119769.224,123.422376
b1269e28,718,717,1790072119792.81,23.586467
b1269e28,719,718,1790072119808.803,15.992422
b1269e28,720,719,1790072119857.852,49.049488
b1269e28,721,720,1790072119929.761,71.908356
b1269e28,722,721,1790072119967.531,37.770567
b1269e28,723,722,1790072120008.622,41.090822
b1269e28,724,723,1790072120045.751,37.12949
b1269e28,725,724,1790072120125.715,79.963531
b1269e28,726,725,1790072120177.599,51.883846
b1269e28,727,726,1790072120200.643,23.043975
b1269e28,728,727,1790072120251.454,50.810657
b1269e28,729,728,1790072120333.532,82.078223
b1269e28,730,729,1790072120377.006,43.474518
b1269e28,731,730,1790072120406.714,29.707249
b1269e28,732,731,1790072120439.54,32.8263
b1269e28,733,732,1790072120519.715,80.175208
b1269e28,734,733,1790072120564.693,44.978344
b1269e28,735,734,1790072120614.193,49.499549
b1269e28,736,735,1790072120649.786,35.59316
b1269e28,737,736,1790072120730.867,81.080697
b1269e28,738,737,1790072120764.852,33.985437
b1269e28,739,738,1790072120801.426,36.573489
b1269e28,740,739,1790072120851.874,50.447994
b1269e28,741,740,1790072120923.248,71.374188
b1269e28,742,741,1790072120966.385,43.136527
b1269e28,743,742,1790072120999.625,33.240502
b1269e28,744,743,1790072121053.903,54.277748
b1269e28,745,744,1790072121127.022,73.118979
b1269e28,746,745,1790072121170.238,43.216607
b1269e28,747,746,1790072121211.953,41.714865
b1269e28,748,747,1790072121263.277,51.323978
b1269e28,749,748,1790072121318.3,55.022433
b1269e28,750,749,1790072121369.633,51.333656
b1269e28,751,750,1790072121406.364,36.731146
b1269e28,752,751,1790072121445.986,39.621417
b1269e28,753,752,1790072121533.42,87.434292
b1269e28,754,753,1790072121573.946,40.525897
b1269e28,755,754,1790072121610.056,36.109726
b1269e28,756,755,1790072121654.006,43.949907
b1269e28,757,756,1790072121811.934,157.928762
b1269e28,758,757,1790072121817.285,5.350703
b1269e28,759,758,1790072121818.888,1.603285
b1269e28,760,759,1790072121840.033,21.145186
b1269e28,761,760,1790072121922.055,82.021603
b1269e28,762,761,1790072121963.558,41.502499
b1269e28,763,762,1790072122003.887,40.329606
b1269e28,764,763,1790072122046.985,43.097783
b1269e28,765,764,1790072122115.757,68.771572
b1269e28,766,765,1790072122168.082,52.325804
b1269e28,767,766,1790072122197.504,29.421718
b1269e28,768,767,1790072122246.158,48.653506
b1269e28,769,768,1790072122317.362,71.204307
b1269e28,770,769,1790072122363.628,46.265957
b1269e28,771,770,1790072122414.169,50.541538
b1269e28,772,771,1790072122436.596,22.426917
b1269e28,773,772,1790072122524.182,87.586128
b1269e28,774,773,1790072122559.935,35.752661
b1269e28,775,774,1790072122613.997,54.062265
b1269e28,776,775,1790072122639.118,25.120558
b1269e28,777,776,1790072122726.833,87.715024
b1269e28,778,777,1790072122760.689,33.856324
b1269e28,779,778,1790072122804.407,43.717994
b1269e28,780,779,1790072122869.51,65.10308
b1269e28,781,780,1790072122925.08,55.569626
b1269e28,782,781,1790072122959.619,34.539096
b1269e28,783,782,1790072123000.063,40.443884
b1269e28,784,783,1790072123039.885,39.821704
b1269e28,785,784,1790072123127.267,87.382676
b1269e28,786,785,1790072123169.174,41.906947
b1269e28,787,786,1790072123209.151,39.976793
b1269e28,788,787,1790072123241.23,32.07903
b1269e28,789,788,1790072123325.893,84.663162
b1269e28,790,789,1790072123364.935,39.041496
b1269e28,791,790,1790072123412.529,47.594058
b1269e28,792,791,1790072123453.285,40.756334
b1269e28,793,792,1790072123538.865,85.579914
b1269e28,794,793,1790072123559.702,20.836529
b1269e28,795,794,1790072123608.612,48.91059
b1269e28,796,795,1790072123644.356,35.743856
b1269e28,797,796,1790072123805.897,161.540601
b1269e28,798,797,1790072123807.572,1.674847
b1269e28,799,798,1790072123808.762,1.190569
b1269e28,800,799,1790072123844.332,35.569611
b1269e28,801,800,1790072123934.887,90.555544
b1269e28,802,801,1790072123964.127,29.240012
b1269e28,803,802,1790072124003.8,39.672273
b1269e28,804,803,1790072124039.472,35.672397
b1269e28,805,804,1790072124124.969,85.497258
b1269e28,806,805,1790072124162.68,37.711222
b1269e28,807,806,1790072124200.398,37.717542
b1269e28,808,807,1790072124255.674,55.275853
b1269e28,809,808,1790072124323.424,67.749996
b1269e28,810,809,1790072124363.484,40.060146
b1269e28,811,810,1790072124406.691,43.206793
b1269e28,812,811,1790072124439.896,33.20526
b1269e28,813,812,1790072124533.399,93.503112
b1269e28,814,813,1790072124564.625,31.22644
b1269e28,815,814,1790072124602.526,37.90054
b1269e28,816,815,1790072124649.616,47.089604
b1269e28,817,816,1790072124724.846,75.2301
b1269e28,818,817,1790072124762.465,37.618935
b1269e28,819,818,1790072124817.815,55.350784
b1269e28,820,819,1790072124843.802,25.986299
b1269e28,821,820,1790072124918.031,74.229504
b1269e28,822,821,1790072124967.613,49.581426
b1269e28,823,822,1790072125010.338,42.725297
b1269e28,824,823,1790072125039.644,29.30622
b1269e28,825,824,1790072125118.758,79.113686
b1269e28,826,825,1790072125165.731,46.973044
b1269e28,827,826,1790072125213.374,47.643271
b1269e28,828,827,1790072125247.026,33.652099
b1269e28,829,828,1790072125324.987,77.96023
b1269e28,830,829,1790072125353.531,28.544578
b1269e28,831,830,1790072125407.385,53.853759
b1269e28,832,831,1790072125442.581,35.196201
b1269e28,833,832,1790072125538.214,95.633064
b1269e28,834,833,1790072125557.701,19.487332
b1269e28,835,834,1790072125603.042,45.340703
b1269e28,836,835,1790072125647.103,44.060921
b1269e28,837,836,1790072125773.559,126.455386
b1269e28,838,837,1790072125784.657,11.098967
b1269e28,839,838,1790072125806.525,21.868007
b1269e28,840,839,1790072125838.413,31.887576
b1269e28,841,840,1790072125916.8,78.386697
b1269e28,842,841,1790072125984.395,67.595455
b1269e28,843,842,1790072126000.371,15.975552
b1269e28,844,843,1790072126044.354,43.983329
b1269e28,845,844,1790072126123.548,79.193518
b1269e28,846,845,1790072126156.49,32.941843
b1269e28,847,846,1790072126207.82,51.330624
b1269e28,848,847,1790072126248.245,40.424445
b1269e28,849,848,1790072126317.704,69.459916
b1269e28,850,849,1790072126367.599,49.894552
b1269e28,851,850,1790072126399.13,31.53143
b1269e28,852,851,1790072126443.889,44.758167
b1269e28,853,852,1790072126537.316,93.427134
b1269e28,854,853,1790072126557.895,20.57957
b1269e28,855,854,1790072126606.099,48.204005
b1269e28,856,855,1790072126697.765,91.665251
b1269e28,857,856,1790072126737.891,40.126693
b1269e28,858,857,1790072126763.297,25.405842
b1269e28,859,858,1790072126798.994,35.696971
b1269e28,860,859,1790072126840.509,41.51496
b1269e28,861,860,1790072126921.06,80.550726
b1269e28,862,861,1790072126963.229,42.169036
b1269e28,863,862,1790072127000.333,37.104284
b1269e28,864,863,1790072127035.911,35.577891
b1269e28,865,864,1790072127133.928,98.01751
b1269e28,866,865,1790072127165.558,31.629236
b1269e28,867,866,1790072127197.481,31.923377
b1269e28,868,867,1790072127243.209,45.727573
b1269e28,869,868,1790072127327.234,84.025783
b1269e28,870,869,1790072127361.11,33.875293
b1269e28,871,870,1790072127397.646,36.535677
b1269e28,872,871,1790072127446.945,49.299618
b1269e28,873,872,1790072127526.375,79.429421
b1269e28,874,873,1790072127563.491,37.11683
b1269e28,875,874,1790072127605.372,41.8803
b1269e28,876,875,1790072127648.38,43.008482
b1269e28,877,876,1790072127799.883,151.502771
b1269e28,878,877,1790072127801.986,2.103536
b1269e28,879,878,1790072127809.372,7.385501
b1269e28,880,879,1790072127851.051,41.678729
b1269e28,881,880,1790072127915.153,64.102827
b1269e28,882,881,1790072127963.084,47.93058
b1269e28,883,882,1790072128007.724,44.639994
b1269e28,884,883,1790072128055.929,48.205057
b1269e28,885,884,1790072128118.395,62.465448
b1269e28,886,885,1790072128171.622,53.227883
b1269e28,887,886,1790072128198.785,27.162241
b1269e28,888,887,1790072128234.44,35.655806
b1269e28,889,888,1790072128325.957,91.516532
b1269e28,890,889,1790072128364.412,38.45462
b1269e28,891,890,1790072128402.147,37.735902
b1269e28,892,891,1790072128443.719,41.571565
b1269e28,893,892,1790072128517.877,74.157727
b1269e28,894,893,1790072128565.293,47.415838
b1269e28,895,894,1790072128597.806,32.513228
b1269e28,896,895,1790072128643.552,45.746757
b1269e28,897,896,1790072128718.757,75.203937
b1269e28,898,897,1790072128760.523,41.766697
b1269e28,899,898,1790072128814.971,54.448104
b1269e28,900,899,1790072128839.843,24.871084
b1269e28,901,900,1790072128924.566,84.72324
b1269e28,902,901,1790072128966.49,41.924416
b1269e28,903,902,1790072129020.559,54.068673
b1269e28,904,903,1790072129035.044,14.485122
b1269e28,905,904,1790072129121.114,86.069779
b1269e28,906,905,1790072129158.59,37.47591
b1269e28,907,906,1790072129201.211,42.621757
b1269e28,908,907,1790072129252.667,51.455362
b1269e28,909,908,1790072129319.509,66.84208
b1269e28,910,909,1790072129370.553,51.04458
b1269e28,911,910,1790072129409.143,38.589395
b1269e28,912,911,1790072129448.161,39.018262
b1269e28,913,912,1790072129527.129,78.968465
b1269e28,914,913,1790072129561.465,34.335656
b1269e28,915,914,1790072129610.224,48.758546
b1269e28,916,915,1790072129637.487,27.26348
b1269e28,917,916,1790072129772.618,135.130924
b1269e28,918,917,1790072129774.321,1.702635
b1269e28,919,918,1790072129800.161,25.839956
b1269e28,920,919,1790072129847.531,47.370103
b1269e28,921,920,1790072129920.39,72.859537
b1269e28,922,921,1790072129971.073,50.682623
b1269e28,923,922,1790072130002.807,31.734183
b1269e28,924,923,1790072130045.49,42.682754
b1269e28,925,924,1790072130126.283,80.793466
b1269e28,926,925,1790072130160.016,33.732869
b1269e28,927,926,1790072130205.656,45.640242
b1269e28,928,927,1790072130244.198,38.541055
b1269e28,929,928,1790072130325.218,81.020679
b1269e28,930,929,1790072130365.937,40.718399
b1269e28,931,930,1790072130438.94,73.003087
b1269e28,932,931,1790072130443.701,4.761845
b1269e28,933,932,1790072130523.478,79.776616
b1269e28,934,933,1790072130569.268,45.789565
b1269e28,935,934,1790072130593.393,24.125479
b1269e28,936,935,1790072130633.361,39.967378
b1269e28,937,936,1790072130725.581,92.220667
b1269e28,938,937,1790072130755.67,30.088956
b1269e28,939,938,1790072130795.397,39.72696
b1269e28,940,939,1790072130846.531,51.134264
b1269e28,941,940,1790072130927.867,81.336105
b1269e28,942,941,1790072130958.559,30.691837
b1269e28,943,942,1790072131006.691,48.131473
b1269e28,944,943,1790072131034.559,27.868383
b1269e28,945,944,1790072131125.005,90.445631
b1269e28,946,945,1790072131163.032,38.027666
b1269e28,947,946,1790072131205.805,42.772931
b1269e28,948,947,1790072131242.431,36.625935
b1269e28,949,948,1790072131328.272,85.840376
b1269e28,950,949,1790072131363.6,35.32787
b1269e28,951,950,1790072131411.119,47.519665
b1269e28,952,951,1790072131442.872,31.75302
b1269e28,953,952,1790072131523.65,80.77743
b1269e28,954,953,1790072131564.477,40.827205
b1269e28,955,954,1790072131599.497,35.019933
b1269e28,956,955,1790072131641.403,41.905943
b1269e28,957,956,1790072131780.335,138.932751
b1269e28,958,957,1790072131791.1,10.763988
b1269e28,959,958,1790072131809.18,18.080099
b1269e28,960,959,1790072131843.662,34.481977
b1269e28,961,960,1790072131924.49,80.828322
b1269e28,962,961,1790072131965.303,40.813144
b1269e28,963,962,1790072132007.375,42.072295
b1269e28,964,963,1790072132042.168,34.792544
b1269e28,965,964,1790072132121.269,79.100732
b1269e28,966,965,1790072132166.321,45.052187
b1269e28,967,966,1790072132213.223,46.90185
b1269e28,968,967,1790072132241.928,28.705261
b1269e28,969,968,1790072132329.542,87.613787
b1269e28,970,969,1790072132360.388,30.84655
b1269e28,971,970,1790072132417.766,57.3776
b1269e28,972,971,1790072132446.403,28.636764
b1269e28,973,972,1790072132526.483,80.07991
b1269e28,974,973,1790072132565.849,39.366292
b1269e28,975,974,1790072132613.207,47.358091
b1269e28,976,975,1790072132647.825,34.618118
b1269e28,977,976,1790072132724.975,77.149558
b1269e28,978,977,1790072132763.267,38.29238
b1269e28,979,978,1790072132807.831,44.563984
b1269e28,980,979,1790072132845.619,37.787776
b1269e28,981,980,1790072132925.242,79.623257
b1269e28,982,981,1790072132969.128,43.88619
b1269e28,983,982,1790072133003.899,34.770915
b1269e28,984,983,1790072133043.762,39.862923
b1269e28,985,984,1790072133126.036,82.274133
b1269e28,986,985,1790072133166.543,40.506936
b1269e28,987,986,1790072133206.832,40.28926
b1269e28,988,987,1790072133248.784,41.951845
b1269e28,989,988,1790072133331.834,83.049925
b1269e28,990,989,1790072133361.491,29.657148
b1269e28,991,990,1790072133400.532,39.04108
b1269e28,992,991,1790072133446.274,45.742156
b1269e28,993,992,1790072133540.274,93.999052
b1269e28,994,993,1790072133565.949,25.675837
b1269e28,995,994,1790072133610.416,44.466328
b1269e28,996,995,1790072133640.429,30.012894
b1269e28,997,996,1790072133802.246,161.817784
b1269e28,998,997,1790072133803.833,1.586894
b1269e28,999,998,1790072133805.573,1.739943
b1269e28,1000,999,1790072133846.486,40.912514
b1269e28,1001,1000,1790072133929.752,83.266005
b1269e28,1002,1001,1790072133964.337,34.585
b1269e28,1003,1002,1790072134006.06,41.723041
b1269e28,1004,1003,1790072134047.198,41.138009
b1269e28,1005,1004,1790072134118.776,71.57842
b1269e28,1006,1005,1790072134161.481,42.70531
b1269e28,1007,1006,1790072134214.001,52.519493
b1269e28,1008,1007,1790072134244.559,30.557486
b1269e28,1009,1008,1790072134326.027,81.468126
b1269e28,1010,1009,1790072134364.525,38.498653
b1269e28,1011,1010,1790072134401.228,36.702566
b1269e28,1012,1011,1790072134438.732,37.503906
b1269e28,1013,1012,1790072134523.208,84.475679
b1269e28,1014,1013,1790072134556.744,33.536238
b1269e28,1015,1014,1790072134597.413,40.669601
b1269e28,1016,1015,1790072134645.617,48.20416
b1269e28,1017,1016,1790072134718.261,72.643694
b1269e28,1018,1017,1790072134758.8,40.539032
b1269e28,1019,1018,1790072134797.406,38.606147
b1269e28,1020,1019,1790072134848.454,51.047199
b1269e28,1021,1020,1790072134916.087,67.633102
b1269e28,1022,1021,1790072134965.5,49.413116
b1269e28,1023,1022,1790072134999.829,34.328936
b1269e28,1024,1023,1790072135043.62,43.791214
b1269e28,1025,1024,1790072135129.591,85.971487
b1269e28,1026,1025,1790072135158.651,29.059567
b1269e28,1027,1026,1790072135202.393,43.742331
b1269e28,1028,1027,1790072135304.343,101.949649
b1269e28,1029,1028,1790072135332.796,28.45323
b1269e28,1030,1029,1790072135356.85,24.053784
b1269e28,1031,1030,1790072135409.014,52.164171
b1269e28,1032,1031,1790072135443.388,34.37382
b1269e28,1033,1032,1790072135516.917,73.528876
b1269e28,1034,1033,1790072135563.693,46.775917
b1269e28,1035,1034,1790072135616.65,52.957458
b1269e28,1036,1035,1790072135645.415,28.765056
b1269e28,1037,1036,1790072135770.289,124.873556
b1269e28,1038,1037,1790072135802.938,32.649112
b1269e28,1039,1038,1790072135807.113,4.175278
b1269e28,1040,1039,1790072135849.734,42.621312
b1269e28,1041,1040,1790072135922.978,73.243462
b1269e28,1042,1041,1790072135958.127,35.149384
b1269e28,1043,1042,1790072135997.301,39.173411
b1269e28,1044,1043,1790072136047.994,50.693639
b1269e28,1045,1044,1790072136125.521,77.526181
b1269e28,1046,1045,1790072136162.006,36.48532
b1269e28,1047,1046,1790072136199.367,37.361516
b1269e28,1048,1047,1790072136250.586,51.21873
b1269e28,1049,1048,1790072136324.936,74.349788
b1269e28,1050,1049,1790072136364.203,39.266778
b1269e28,1051,1050,1790072136404.76,40.556846
b1269e28,1052,1051,1790072136442.316,37.556712
b1269e28,1053,1052,1790072136526.283,83.967251
b1269e28,1054,1053,1790072136574.57,48.286666
b1269e28,1055,1054,1790072136604.222,29.651683
b1269e28,1056,1055,1790072136635.517,31.295277
b1269e28,1057,1056,1790072136726.117,90.600308
b1269e28,1058,1057,1790072136756.664,30.546387
b1269e28,1059,1058,1790072136809.769,53.105463
b1269e28,1060,1059,1790072136839.253,29.483585
b1269e28,1061,1060,1790072136918.24,78.987433
b1269e28,1062,1061,1790072136959.468,41.227345
b1269e28,1063,1062,1790072137009.714,50.246281
b1269e28,1064,1063,1790072137039.203,29.489119
b1269e28,1065,1064,1790072137125.45,86.246775
b1269e28,1066,1065,1790072137159.757,34.306655
b1269e28,1067,1066,1790072137207.284,47.527953
b1269e28,1068,1067,1790072137249.312,42.027006
b1269e28,1069,1068,1790072137334.741,85.429853
b1269e28,1070,1069,1790072137360.943,26.201748
b1269e28,1071,1070,1790072137406.42,45.477193
b1269e28,1072,1071,1790072137442.329,35.908424
b1269e28,1073,1072,1790072137524.128,81.799396
b1269e28,1074,1073,1790072137558.7,34.572139
b1269e28,1075,1074,1790072137609.573,50.87295
b1269e28,1076,1075,1790072137644.362,34.789159
b1269e28,1077,1076,1790072137771.75,127.387456
b1269e28,1078,1077,1790072137800.249,28.498797
b1269e28,1079,1078,1790072137803.068,2.819158
b1269e28,1080,1079,1790072137855.88,52.812616
b1269e28,1081,1080,1790072137916.208,60.327651
b1269e28,1082,1081,1790072137976.175,59.967243
b1269e28,1083,1082,1790072138004.835,28.659401
b1269e28,1084,1083,1790072138037.682,32.847841
b1269e28,1085,1084,1790072138117.553,79.870604
b1269e28,1086,1085,1790072138163.466,45.912476
b1269e28,1087,1086,1790072138205.117,41.651677
b1269e28,1088,1087,1790072138252.331,47.214173
b1269e28,1089,1088,1790072138317.758,65.426798
b1269e28,1090,1089,1790072138365.539,47.780606
b1269e28,1091,1090,1790072138400.881,35.341949
b1269e28,1092,1091,1790072138443.858,42.977182
b1269e28,1093,1092,1790072138538.69,94.832204
b1269e28,1094,1093,1790072138557.233,18.543
b1269e28,1095,1094,1790072138595.226,37.992706
b1269e28,1096,1095,1790072138654.505,59.27948
b1269e28,1097,1096,1790072138731.16,76.654306
b1269e28,1098,1097,1790072138761.621,30.461486
b1269e28,1099,1098,1790072138795.123,33.502271
b1269e28,1100,1099,1790072138844.527,49.403287
b1269e28,1101,1100,1790072138930.638,86.110921
b1269e28,1102,1101,1790072138967.906,37.267914
b1269e28,1103,1102,1790072139007.754,39.848193
b1269e28,1104,1103,1790072139041.878,34.124272
b1269e28,1105,1104,1790072139121.863,79.984988
b1269e28,1106,1105,1790072139167.409,45.545903
b1269e28,1107,1106,1790072139216.7,49.291266
b1269e28,1108,1107,1790072139244.073,27.372671
b1269e28,1109,1108,1790072139332.066,87.993665
b1269e28,1110,1109,1790072139358.596,26.529901
b1269e28,1111,1110,1790072139404.669,46.072448
b1269e28,1112,1111,1790072139444.002,39.333438
b1269e28,1113,1112,1790072139524.353,80.35025
b1269e28,1114,1113,1790072139561.714,37.361699
b1269e28,1115,1114,1790072139618.222,56.507939
b1269e28,1116,1115,1790072139646.031,27.809054
b1269e28,1117,1116,1790072139804.761,158.730295
b1269e28,1118,1117,1790072139807.014,2.252494
b1269e28,1119,1118,1790072139808.545,1.531189
b1269e28,1120,1119,1790072139842.902,34.357257
b1269e28,1121,1120,1790072139916.233,73.330481
b1269e28,1122,1121,1790072139964.288,48.05474
b1269e28,1123,1122,1790072140006.955,42.667271
b1269e28,1124,1123,1790072140041.593,34.638378
b1269e28,1125,1124,1790072140131.561,89.967869
b1269e28,1126,1125,1790072140162.558,30.99714
b1269e28,1127,1126,1790072140205.426,42.867355
b1269e28,1128,1127,1790072140239.612,34.186428
b1269e28,1129,1128,1790072140324.74,85.12841
b1269e28,1130,1129,1790072140366.756,42.015301
b1269e28,1131,1130,1790072140398.772,32.016722
b1269e28,1132,1131,1790072140443.582,44.809625
b1269e28,1133,1132,1790072140517.335,73.753378
b1269e28,1134,1133,1790072140573.112,55.776288
b1269e28,1135,1134,1790072140609.246,36.133949
b1269e28,1136,1135,1790072140639.395,30.149227
b1269e28,1137,1136,1790072140729.482,90.086851
b1269e28,1138,1137,1790072140758.294,28.81218
b1269e28,1139,1138,1790072140806.868,48.574464
b1269e28,1140,1139,1790072140837.397,30.528416
b1269e28,1141,1140,1790072140933.072,95.675037
b1269e28,1142,1141,1790072140979.837,46.764619
b1269e28,1143,1142,1790072140998.656,18.820009
b1269e28,1144,1143,1790072141046.906,48.249567
b1269e28,1145,1144,1790072141119.437,72.530727
b1269e28,1146,1145,1790072141164.2,44.76349
b1269e28,1147,1146,1790072141197.761,33.560621
b1269e28,1148,1147,1790072141237.995,40.233526
b1269e28,1149,1148,1790072141336.329,98.334057
b1269e28,1150,1149,1790072141358.882,22.553551
b1269e28,1151,1150,1790072141405.615,46.732297
b1269e28,1152,1151,1790072141448.48,42.865425
b1269e28,1153,1152,1790072141517.911,69.431121
b1269e28,1154,1153,1790072141564.113,46.20204
b1269e28,1155,1154,1790072141611.815,47.70224
b1269e28,1156,1155,1790072141647.362,35.546239
b1269e28,1157,1156,1790072141762.223,114.861282
b1269e28,1158,1157,1790072141785.094,22.871078
b1269e28,1159,1158,1790072141806.443,21.349341
b1269e28,1160,1159,1790072141838.2,31.756542
b1269e28,1161,1160,1790072141941.207,103.007019
b1269e28,1162,1161,1790072141971.625,30.418804
b1269e28,1163,1162,1790072142010.931,39.30546
b1269e28,1164,1163,1790072142045.46,34.52867
b1269e28,1165,1164,1790072142119.086,73.625903
b1269e28,1166,1165,1790072142164.265,45.179075
b1269e28,1167,1166,1790072142211.76,47.495454
b1269e28,1168,1167,1790072142248.583,36.823035
b1269e28,1169,1168,1790072142318.075,69.491709
b1269e28,1170,1169,1790072142364.692,46.617267
b1269e28,1171,1170,1790072142408.67,43.977968
b1269e28,1172,1171,1790072142443.541,34.871291
b1269e28,1173,1172,1790072142534.282,90.741195
b1269e28,1174,1173,1790072142556.977,22.694138
b1269e28,1175,1174,1790072142608.115,51.138886
b1269e28,1176,1175,1790072142644.853,36.736942
b1269e28,1177,1176,1790072142716.061,71.208567
b1269e28,1178,1177,1790072142767.849,51.787904
b1269e28,1179,1178,1790072142809.783,41.934223
b1269e28,1180,1179,1790072142845.0,35.217146
b1269e28,1181,1180,1790072142925.9,80.899651
b1269e28,1182,1181,1790072142965.506,39.606291
b1269e28,1183,1182,1790072143014.895,49.388359
b1269e28,1184,1183,1790072143043.386,28.491592
b1269e28,1185,1184,1790072143119.493,76.106381
b1269e28,1186,1185,1790072143159.257,39.764227
b1269e28,1187,1186,1790072143207.307,48.050141
b1269e28,1188,1187,1790072143250.946,43.639168
b1269e28,1189,1188,1790072143320.427,69.481166
b1269e28,1190,1189,1790072143365.436,45.008343
b1269e28,1191,1190,1790072143409.785,44.349577
b1269e28,1192,1191,1790072143446.232,36.446931
b1269e28,1193,1192,1790072143523.289,77.057219
b1269e28,1194,1193,1790072143572.388,49.098881
b1269e28,1195,1194,1790072143610.037,37.648452
b1269e28,1196,1195,1790072143644.953,34.916013
b1269e28,1197,1196,1790072143806.586,161.63349
b1269e28,1198,1197,1790072143809.847,3.261263
b1269e28,1199,1198,1790072143811.771,1.923126
b1269e28,1200,1199,1790072143846.528,34.756995
b1269e28,1201,1200,1790072143931.676,85.148618
b1269e28,1202,1201,1790072143956.695,25.019097
b1269e28,1203,1202,1790072144007.151,50.455973
b1269e28,1204,1203,1790072144048.11,40.95899
b1269e28,1205,1204,1790072144133.458,85.347144
b1269e28,1206,1205,1790072144160.968,27.510014
b1269e28,1207,1206,1790072144212.542,51.574895
b1269e28,1208,1207,1790072144247.909,35.367107
b1269e28,1209,1208,1790072144320.875,72.96515
b1269e28,1210,1209,1790072144367.254,46.379035
b1269e28,1211,1210,1790072144407.048,39.79447
b1269e28,1212,1211,1790072144446.619,39.570446
b1269e28,1213,1212,1790072144535.69,89.071485
b1269e28,1214,1213,1790072144565.322,29.632084
b1269e28,1215,1214,1790072144598.142,32.820262
b1269e28,1216,1215,1790072144635.521,37.378348
b1269e28,1217,1216,1790072144732.058,96.537555
b1269e28,1218,1217,1790072144765.875,33.816683
b1269e28,1219,1218,1790072144805.45,39.57516
b1269e28,1220,1219,1790072144838.469,33.019433
b1269e28,1221,1220,1790072144926.86,88.390382
b1269e28,1222,1221,1790072144983.483,56.623058
b1269e28,1223,1222,1790072145013.8,30.316891
b1269e28,1224,1223,1790072145038.847,25.046879
b1269e28,1225,1224,1790072145124.564,85.717655
b1269e28,1226,1225,1790072145166.51,41.94559
b1269e28,1227,1226,1790072145197.813,31.303431
b1269e28,1228,1227,1790072145244.024,46.210844
b1269e28,1229,1228,1790072145318.455,74.430964
b1269e28,1230,1229,1790072145357.143,38.687794
b1269e28,1231,1230,1790072145394.211,37.067936
b1269e28,1232,1231,1790072145441.932,47.721171
b1269e28,1233,1232,1790072145525.382,83.449667
b1269e28,1234,1233,1790072145557.328,31.946104
b1269e28,1235,1234,1790072145603.887,46.559481
b1269e28,1236,1235,1790072145644.568,40.680719
b1269e28,1237,1236,1790072145818.278,173.710281
b1269e28,1238,1237,1790072145821.165,2.886654
b1269e28,1239,1238,1790072145822.052,0.886367
b1269e28,1240,1239,1790072145838.38,16.328467
b1269e28,1241,1240,1790072145917.783,79.403009
b1269e28,1242,1241,1790072145961.127,43.343774
b1269e28,1243,1242,1790072145991.364,30.237205
b1269e28,1244,1243,1790072146036.755,45.391391
b1269e28,1245,1244,1790072146125.591,88.836116
b1269e28,1246,1245,1790072146155.029,29.437602
b1269e28,1247,1246,1790072146192.47,37.441046
b1269e28,1248,1247,1790072146232.605,40.135046
b1269e28,1249,1248,1790072146317.263,84.657642
b1269e28,1250,1249,1790072146375.959,58.696819
b1269e28,1251,1250,1790072146412.866,36.906819
b1269e28,1252,1251,1790072146444.771,31.905163
b1269e28,1253,1252,1790072146515.132,70.360213
b1269e28,1254,1253,1790072146560.596,45.463823
b1269e28,1255,1254,1790072146597.749,37.153521
b1269e28,1256,1255,1790072146644.204,46.454444
b1269e28,1257,1256,1790072146730.721,86.517158
b1269e28,1258,1257,1790072146765.011,34.290237
b1269e28,1259,1258,1790072146805.09,40.0789
b1269e28,1260,1259,1790072146834.75,29.660425
b1269e28,1261,1260,1790072146921.097,86.346806
b1269e28,1262,1261,1790072146956.121,35.024369
b1269e28,1263,1262,1790072146992.389,36.267697
b1269e28,1264,1263,1790072147047.577,55.187485
b1269e28,1265,1264,1790072147120.299,72.72206
b1269e28,1266,1265,1790072147160.306,40.007095
b1269e28,1267,1266,1790072147190.984,30.678321
b1269e28,1268,1267,1790072147303.968,112.983666
b1269e28,1269,1268,1790072147317.263,13.294903
b1269e28,1270,1269,1790072147355.898,38.63542
b1269e28,1271,1270,1790072147396.6,40.701422
b1269e28,1272,1271,1790072147430.584,33.98446
b1269e28,1273,1272,1790072147510.89,80.306263
b1269e28,1274,1273,1790072147558.524,47.633751
b1269e28,1275,1274,1790072147620.112,61.588061
b1269e28,1276,1275,1790072147633.161,13.049082
b1269e28,1277,1276,1790072147793.529,160.367704
b1269e28,1278,1277,1790072147796.88,3.351624
b1269e28,1279,1278,1790072147809.358,12.477238
b1269e28,1280,1279,1790072147838.297,28.939421
b1269e28,1281,1280,1790072147931.941,93.643539
b1269e28,1282,1281,1790072147971.276,39.334857
b1269e28,1283,1282,1790072148005.613,34.337652
b1269e28,1284,1283,1790072148044.084,38.471171
b1269e28,1285,1284,1790072148112.175,68.090526
b1269e28,1286,1285,1790072148152.466,40.290938
b1269e28,1287,1286,1790072148194.142,41.676229
b1269e28,1288,1287,1790072148235.79,41.647927
b1269e28,1289,1288,1790072148319.023,83.232922
b1269e28,1290,1289,1790072148358.079,39.056323
b1269e28,1291,1290,1790072148395.088,37.008745
b1269e28,1292,1291,1790072148445.909,50.821406
b1269e28,1293,1292,1790072148524.296,78.386836
b1269e28,1294,1293,1790072148559.561,35.264958
b1269e28,1295,1294,1790072148607.274,47.712885
b1269e28,1296,1295,1790072148641.169,33.895356
b1269e28,1297,1296,1790072148718.18,77.010506
b1269e28,1298,1297,1790072148758.428,40.248221
b1269e28,1299,1298,1790072148794.99,36.56188
b1269e28,1300,1299,1790072148847.102,52.112129
b1269e28,1301,1300,1790072148921.567,74.464645
b1269e28,1302,1301,1790072148956.382,34.815062
b1269e28,1303,1302,1790072148990.975,34.593111
b1269e28,1304,1303,1790072149043.494,52.519478
b1269e28,1305,1304,1790072149109.703,66.208358
b1269e28,1306,1305,1790072149166.937,57.234051
b1269e28,1307,1306,1790072149207.84,40.903033
b1269e28,1308,1307,1790072149234.858,27.017679
b1269e28,1309,1308,1790072149312.27,77.412652
b1269e28,1310,1309,1790072149363.259,50.989178
b1269e28,1311,1310,1790072149405.495,42.235455
b1269e28,1312,1311,1790072149432.717,27.222213
b1269e28,1313,1312,1790072149521.489,88.77183
b1269e28,1314,1313,1790072149562.93,41.440863
b1269e28,1315,1314,1790072149618.963,56.033497
b1269e28,1316,1315,1790072149650.896,31.932755
b1269e28,1317,1316,1790072149775.615,124.719123
b1269e28,1318,1317,1790072149785.018,9.402457
b1269e28,1319,1318,1790072149811.38,26.362004
b1269e28,1320,1319,1790072149839.618,28.238155
b1269e28,1321,1320,1790072149916.503,76.885119
b1269e28,1322,1321,1790072149971.261,54.757891
b1269e28,1323,1322,1790072150007.578,36.317576
b1269e28,1324,1323,1790072150043.122,35.543852
b1269e28,1325,1324,1790072150123.055,79.93252
b1269e28,1326,1325,1790072150157.826,34.771798
b1269e28,1327,1326,1790072150210.266,52.439448
b1269e28,1328,1327,1790072150244.525,34.258941
b1269e28,1329,1328,1790072150322.893,78.368422
b1269e28,1330,1329,1790072150359.718,36.824922
b1269e28,1331,1330,1790072150410.773,51.054458
b1269e28,1332,1331,1790072150460.348,49.575233
b1269e28,1333,1332,1790072150532.899,72.550998
b1269e28,1334,1333,1790072150558.135,25.235728
b1269e28,1335,1334,1790072150597.704,39.569719
b1269e28,1336,1335,1790072150648.001,50.29626
b1269e28,1337,1336,1790072150723.324,75.323681
b1269e28,1338,1337,1790072150765.021,41.696277
b1269e28,1339,1338,1790072150798.615,33.594755
b1269e28,1340,1339,1790072150848.353,49.737323
b1269e28,1341,1340,1790072150918.697,70.344734
b1269e28,1342,1341,1790072150961.622,42.924565
b1269e28,1343,1342,1790072151005.243,43.620704
b1269e28,1344,1343,1790072151044.394,39.151673
b1269e28,1345,1344,1790072151129.154,84.759201
b1269e28,1346,1345,1790072151161.938,32.783924
b1269e28,1347,1346,1790072151215.819,53.88184
b1269e28,1348,1347,1790072151243.194,27.374645
b1269e28,1349,1348,1790072151326.385,83.191107
b1269e28,1350,1349,1790072151367.745,41.360128
b1269e28,1351,1350,1790072151405.52,37.774578
b1269e28,1352,1351,1790072151447.702,42.181913
b1269e28,1353,1352,1790072151527.132,79.430135
b1269e28,1354,1353,1790072151563.171,36.039283
b1269e28,1355,1354,1790072151610.978,47.806441
b1269e28,1356,1355,1790072151641.633,30.655556
b1269e28,1357,1356,1790072151769.508,127.874579
b1269e28,1358,1357,1790072151777.566,8.058458
b1269e28,1359,1358,1790072151804.322,26.755585
b1269e28,1360,1359,1790072151835.625,31.303533
b1269e28,1361,1360,1790072151924.338,88.712592
b1269e28,1362,1361,1790072151965.424,41.086181
b1269e28,1363,1362,1790072151995.201,29.776703
b1269e28,1364,1363,1790072152035.121,39.920466
b1269e28,1365,1364,1790072152136.449,101.327579
b1269e28,1366,1365,1790072152158.858,22.408824
b1269e28,1367,1366,1790072152199.794,40.93664
b1269e28,1368,1367,1790072152240.472,40.677691
b1269e28,1369,1368,1790072152325.02,84.547876
b1269e28,1370,1369,1790072152371.794,46.774644
b1269e28,1371,1370,1790072152406.612,34.817921
b1269e28,1372,1371,1790072152448.986,42.373854
b1269e28,1373,1372,1790072152532.479,83.492755
b1269e28,1374,1373,1790072152559.788,27.308884
b1269e28,1375,1374,1790072152609.149,49.361016
b1269e28,1376,1375,1790072152644.17,35.021405
b1269e28,1377,1376,1790072152723.252,79.081806
b1269e28,1378,1377,1790072152758.336,35.083847
b1269e28,1379,1378,1790072152793.55,35.214193
b1269e28,1380,1379,1790072152846.217,52.667081
b1269e28,1381,1380,1790072152927.386,81.168651
b1269e28,1382,1381,1790072152975.609,48.223596
b1269e28,1383,1382,1790072153004.171,28.56185
b1269e28,1384,1383,1790072153061.097,56.926109
b1269e28,1385,1384,1790072153120.222,59.124725
b1269e28,1386,1385,1790072153161.94,41.718089
b1269e28,1387,1386,1790072153205.111,43.17075
b1269e28,1388,1387,1790072153236.222,31.110987
b1269e28,1389,1388,1790072153324.831,88.609146
b1269e28,1390,1389,1790072153356.364,31.532524
b1269e28,1391,1390,1790072153413.967,57.603176
b1269e28,1392,1391,1790072153445.925,31.957884
b1269e28,1393,1392,1790072153524.572,78.647351
b1269e28,1394,1393,1790072153563.689,39.117462
b1269e28,1395,1394,1790072153613.098,49.40819
b1269e28,1396,1395,1790072153640.029,26.931413
b1269e28,1397,1396,1790072153774.104,134.075128
b1269e28,1398,1397,1790072153786.816,12.711542
b1269e28,1399,1398,1790072153821.42,34.60444
b1269e28,1400,1399,1790072153852.064,30.643897
b1269e28,1401,1400,1790072153922.967,70.902832
b1269e28,1402,1401,1790072153964.719,41.752
b1269e28,1403,1402,1790072153993.626,28.907278
b1269e28,1404,1403,1790072154040.059,46.432482
b1269e28,1405,1404,1790072154116.783,76.724235
b1269e28,1406,1405,1790072154159.618,42.8348
b1269e28,1407,1406,1790072154205.011,45.393183
b1269e28,1408,1407,1790072154253.395,48.383998
b1269e28,1409,1408,1790072154332.258,78.86322
b1269e28,1410,1409,1790072154373.467,41.209044
b1269e28,1411,1410,1790072154406.256,32.789105
b1269e28,1412,1411,1790072154444.997,38.740355
b1269e28,1413,1412,1790072154523.811,78.814064
b1269e28,1414,1413,1790072154574.635,50.824783
b1269e28,1415,1414,1790072154603.384,28.748092
b1269e28,1416,1415,1790072154637.673,34.289547
b1269e28,1417,1416,1790072154731.776,94.103239
b1269e28,1418,1417,1790072154769.556,37.779833
b1269e28,1419,1418,1790072154803.533,33.976428
b1269e28,1420,1419,1790072154844.639,41.106797
b1269e28,1421,1420,1790072154924.441,79.801851
b1269e28,1422,1421,1790072154958.224,33.782835
b1269e28,1423,1422,1790072155006.18,47.956388
b1269e28,1424,1423,1790072155044.188,38.007757
b1269e28,1425,1424,1790072155139.176,94.987191
b1269e28,1426,1425,1790072155171.793,32.617361
b1269e28,1427,1426,1790072155215.495,43.702304
b1269e28,1428,1427,1790072155239.8,24.305092
b1269e28,1429,1428,1790072155327.079,87.278374
b1269e28,1430,1429,1790072155367.755,40.676643
b1269e28,1431,1430,1790072155409.179,41.423473
b1269e28,1432,1431,1790072155443.85,34.670941
b1269e28,1433,1432,1790072155523.043,79.193455
b1269e28,1434,1433,1790072155578.251,55.208345
b1269e28,1435,1434,1790072155612.972,34.72098
b1269e28,1436,1435,1790072155647.81,34.837421
b1269e28,1437,1436,1790072155797.304,149.494724
b1269e28,1438,1437,1790072155809.262,11.957788
b1269e28,1439,1438,1790072155811.117,1.854772
b1269e28,1440,1439,1790072155853.189,42.071826
b1269e28,1441,1440,1790072155925.466,72.276708
b1269e28,1442,1441,1790072155971.833,46.367941
b1269e28,1443,1442,1790072156009.54,37.705995
b1269e28,1444,1443,1790072156046.163,36.623191
b1269e28,1445,1444,1790072156128.403,82.240358
b1269e28,1446,1445,1790072156170.155,41.751883
b1269e28,1447,1446,1790072156204.263,34.108329
b1269e28,1448,1447,1790072156242.915,38.651533
b1269e28,1449,1448,1790072156329.303,86.388308
b1269e28,1450,1449,1790072156369.81,40.506871
b1269e28,1451,1450,1790072156404.486,34.675863
b1269e28,1452,1451,1790072156436.57,32.0838
b1269e28,1453,1452,1790072156524.47,87.900192
b1269e28,1454,1453,1790072156563.734,39.263622
b1269e28,1455,1454,1790072156601.041,37.307698
b1269e28,1456,1455,1790072156644.307,43.265322
b1269e28,1457,1456,1790072156731.809,87.502353
b1269e28,1458,1457,1790072156767.154,35.345154
b1269e28,1459,1458,1790072156805.037,37.883397
b1269e28,1460,1459,1790072156866.501,61.463853
b1269e28,1461,1460,1790072156925.071,58.569467
b1269e28,1462,1461,1790072156963.7,38.628994
b1269e28,1463,1462,1790072157001.389,37.688905
b1269e28,1464,1463,1790072157045.54,44.151261
b1269e28,1465,1464,1790072157117.375,71.834534
b1269e28,1466,1465,1790072157159.368,41.993804
b1269e28,1467,1466,1790072157202.385,43.017118
b1269e28,1468,1467,1790072157243.224,40.838325
b1269e28,1469,1468,1790072157335.24,92.016019
b1269e28,1470,1469,1790072157373.801,38.560991
b1269e28,1471,1470,1790072157399.677,25.876276
b1269e28,1472,1471,1790072157442.511,42.834285
b1269e28,1473,1472,1790072157526.416,83.904434
b1269e28,1474,1473,1790072157566.14,39.723943
b1269e28,1475,1474,1790072157605.325,39.185661
b1269e28,1476,1475,1790072157641.206,35.880981
b1269e28,1477,1476,1790072157802.343,161.13662
b1269e28,1478,1477,1790072157804.805,2.461821
b1269e28,1479,1478,1790072157807.03,2.224723
b1269e28,1480,1479,1790072157849.811,42.781592
b1269e28,1481,1480,1790072157925.231,75.420156
b1269e28,1482,1481,1790072157965.491,40.260216
b1269e28,1483,1482,1790072157999.443,33.951807
b1269e28,1484,1483,1790072158040.541,41.097538
b1269e28,1485,1484,1790072158124.394,83.853612
b1269e28,1486,1485,1790072158162.971,38.576859
b1269e28,1487,1486,1790072158209.631,46.659758
b1269e28,1488,1487,1790072158237.548,27.916898
b1269e28,1489,1488,1790072158338.374,100.826296
b1269e28,1490,1489,1790072158366.493,28.119317
b1269e28,1491,1490,1790072158404.215,37.721179
b1269e28,1492,1491,1790072158447.818,43.60333
b1269e28,1493,1492,1790072158520.364,72.546298
b1269e28,1494,1493,1790072158565.128,44.763439
b1269e28,1495,1494,1790072158598.052,32.924788
b1269e28,1496,1495,1790072158646.019,47.966158
b1269e28,1497,1496,1790072158731.027,85.00816
b1269e28,1498,1497,1790072158776.349,45.322223
b1269e28,1499,1498,1790072158795.538,19.189162
b1269e28,1500,1499,1790072158852.005,56.466966
b1269e28,1501,1500,1790072158925.168,73.16309
b1269e28,1502,1501,1790072158976.023,50.854947
b1269e28,1503,1502,1790072159004.251,28.228054
b1269e28,1504,1503,1790072159039.049,34.797705
b1269e28,1505,1504,1790072159129.907,90.858439
b1269e28,1506,1505,1790072159164.956,35.048853
b1269e28,1507,1506,1790072159211.6,46.6433
b1269e28,1508,1507,1790072159241.599,29.999487
b1269e28,1509,1508,1790072159329.535,87.936146
b1269e28,1510,1509,1790072159366.707,37.171676
b1269e28,1511,1510,1790072159399.404,32.696794
b1269e28,1512,1511,1790072159445.263,45.85983
b1269e28,1513,1512,1790072159517.228,71.964486
b1269e28,1514,1513,1790072159566.0,48.772526
b1269e28,1515,1514,1790072159599.583,33.582687
b1269e28,1516,1515,1790072159637.791,38.207981
b1269e28,1517,1516,1790072159800.6,162.809066
b1269e28,1518,1517,1790072159802.478,1.877752
b1269e28,1519,1518,1790072159804.813,2.335113
b1269e28,1520,1519,1790072159855.158,50.345344
b1269e28,1521,1520,1790072159924.566,69.407492
b1269e28,1522,1521,1790072159967.415,42.84858
b1269e28,1523,1522,1790072160003.001,35.586063
b1269e28,1524,1523,1790072160045.1,42.098954
b1269e28,1525,1524,1790072160128.546,83.446562
b1269e28,1526,1525,1790072160174.997,46.450709
b1269e28,1527,1526,1790072160206.061,31.063779
b1269e28,1528,1527,1790072160241.121,35.060604
b1269e28,1529,1528,1790072160318.665,77.543532
b1269e28,1530,1529,1790072160362.835,44.170117
b1269e28,1531,1530,1790072160406.75,43.914989
b1269e28,1532,1531,1790072160455.351,48.601195
b1269e28,1533,1532,1790072160523.514,68.162504
b1269e28,1534,1533,1790072160559.543,36.029945
b1269e28,1535,1534,1790072160618.708,59.164647
b1269e28,1536,1535,1790072160638.393,19.684407
b1269e28,1537,1536,1790072160717.883,79.489999
b1269e28,1538,1537,1790072160774.562,56.679339
b1269e28,1539,1538,1790072160812.271,37.708629
b1269e28,1540,1539,1790072160843.967,31.6962
b1269e28,1541,1540,1790072160922.063,78.096431
b1269e28,1542,1541,1790072160965.314,43.250971
b1269e28,1543,1542,1790072161014.266,48.951403
b1269e28,1544,1543,1790072161043.199,28.933167
b1269e28,1545,1544,1790072161122.953,79.754137
b1269e28,1546,1545,1790072161162.056,39.10361
b1269e28,1547,1546,1790072161196.803,34.746857
b1269e28,1548,1547,1790072161244.134,47.330468
b1269e28,1549,1548,1790072161327.029,82.89536
b1269e28,1550,1549,1790072161358.284,31.254586
b1269e28,1551,1550,1790072161401.481,43.19713
b1269e28,1552,1551,1790072161456.54,55.059138
b1269e28,1553,1552,1790072161525.812,69.271451
b1269e28,1554,1553,1790072161558.147,32.335869
b1269e28,1555,1554,1790072161611.21,53.06294
b1269e28,1556,1555,1790072161640.434,29.223723
b1269e28,1557,1556,1790072161800.79,160.355723
b1269e28,1558,1557,1790072161802.506,1.716631
b1269e28,1559,1558,1790072161817.16,14.653252
b1269e28,1560,1559,1790072161866.121,48.960933
b1269e28,1561,1560,1790072161925.285,59.164481
b1269e28,1562,1561,1790072161963.211,37.926126
b1269e28,1563,1562,1790072161998.44,35.228789
b1269e28,1564,1563,1790072162046.997,48.556709
b1269e28,1565,1564,1790072162128.437,81.439935
b1269e28,1566,1565,1790072162171.473,43.036628
b1269e28,1567,1566,1790072162218.6,47.12715
b1269e28,1568,1567,1790072162243.173,24.572586
b1269e28,1569,1568,1790072162334.04,90.866712
b1269e28,1570,1569,1790072162364.538,30.498283
b1269e28,1571,1570,1790072162409.847,45.309172
b1269e28,1572,1571,1790072162450.078,40.230491
b1269e28,1573,1572,1790072162523.082,73.004627
b1269e28,1574,1573,1790072162567.012,43.92945
b1269e28,1575,1574,1790072162602.644,35.632642
b1269e28,1576,1575,1790072162644.127,41.483056
b1269e28,1577,1576,1790072162731.08,86.952186
b1269e28,1578,1577,1790072162769.15,38.07048
b1269e28,1579,1578,1790072162808.368,39.218363
b1269e28,1580,1579,1790072162848.74,40.371841
b1269e28,1581,1580,1790072162927.008,78.267401
b1269e28,1582,1581,1790072162967.265,40.25699
b1269e28,1583,1582,1790072163003.12,35.855127
b1269e28,1584,1583,1790072163057.684,54.564356
b1269e28,1585,1584,1790072163130.942,73.258336
b1269e28,1586,1585,1790072163162.737,31.794587
b1269e28,1587,1586,1790072163199.668,36.930971
b1269e28,1588,1587,1790072163246.639,46.971405
b1269e28,1589,1588,1790072163338.83,92.190749
b1269e28,1590,1589,1790072163363.226,24.395815
b1269e28,1591,1590,1790072163401.474,38.248366
b1269e28,1592,1591,1790072163443.567,42.093003
b1269e28,1593,1592,1790072163520.658,77.09033
b1269e28,1594,1593,1790072163565.653,44.994933
b1269e28,1595,1594,1790072163611.667,46.013976
b1269e28,1596,1595,1790072163638.875,27.208539
b1269e28,1597,1596,1790072163810.736,171.860815
b1269e28,1598,1597,1790072163812.375,1.639321
b1269e28,1599,1598,1790072163814.511,2.135949
b1269e28,1600,1599,1790072163851.157,36.645945
b1269e28,1601,1600,1790072163918.721,67.564408
b1269e28,1602,1601,1790072163962.278,43.556324
b1269e28,1603,1602,1790072164005.784,43.505718
b1269e28,1604,1603,1790072164044.614,38.830707
b1269e28,1605,1604,1790072164123.781,79.166271
b1269e28,1606,1605,1790072164172.951,49.170397
b1269e28,1607,1606,1790072164206.855,33.904174
b1269e28,1608,1607,1790072164257.043,50.187463
b1269e28,1609,1608,1790072164358.757,101.714291
b1269e28,1610,1609,1790072164377.383,18.626166
b1269e28,1611,1610,1790072164403.479,26.096525
b1269e28,1612,1611,1790072164447.057,43.577671
b1269e28,1613,1612,1790072164522.324,75.267139
b1269e28,1614,1613,1790072164558.625,36.300004
b1269e28,1615,1614,1790072164610.967,52.342431
b1269e28,1616,1615,1790072164647.04,36.072684
b1269e28,1617,1616,1790072164731.622,84.582632
b1269e28,1618,1617,1790072164771.683,40.060822
b1269e28,1619,1618,1790072164805.297,33.614374
b1269e28,1620,1619,1790072164849.19,43.892629
b1269e28,1621,1620,1790072164934.054,84.864178
b1269e28,1622,1621,1790072164970.437,36.382548
b1269e28,1623,1622,1790072164995.377,24.940536
b1269e28,1624,1623,1790072165049.754,54.376479
b1269e28,1625,1624,1790072165121.496,71.742077
b1269e28,1626,1625,1790072165161.307,39.811009
b1269e28,1627,1626,1790072165214.231,52.924522
b1269e28,1628,1627,1790072165249.86,35.628743
b1269e28,1629,1628,1790072165338.623,88.762878
b1269e28,1630,1629,1790072165366.604,27.980746
b1269e28,1631,1630,1790072165406.567,39.963389
b1269e28,1632,1631,1790072165439.18,32.612836
b1269e28,1633,1632,1790072165519.283,80.103175
b1269e28,1634,1633,1790072165569.578,50.294668
b1269e28,1635,1634,1790072165602.504,32.926664
b1269e28,1636,1635,1790072165652.243,49.738964
b1269e28,1637,1636,1790072165759.483,107.239924
b1269e28,1638,1637,1790072165774.41,14.926476
b1269e28,1639,1638,1790072165816.72,42.309991
b1269e28,1640,1639,1790072165839.218,22.497689
b1269e28,1641,1640,1790072165923.357,84.139367
b1269e28,1642,1641,1790072165965.651,42.29422
b1269e28,1643,1642,1790072166007.55,41.898428
b1269e28,1644,1643,1790072166042.34,34.790803
b1269e28,1645,1644,1790072166114.596,72.255599
b1269e28,1646,1645,1790072166182.126,67.53032
b1269e28,1647,1646,1790072166195.5,13.373892
b1269e28,1648,1647,1790072166243.953,48.453345
b1269e28,1649,1648,1790072166331.259,87.305436
b1269e28,1650,1649,1790072166368.978,37.718696
b1269e28,1651,1650,1790072166418.046,49.068717
b1269e28,1652,1651,1790072166444.203,26.157121
b1269e28,1653,1652,1790072166520.262,76.058962
b1269e28,1654,1653,1790072166569.623,49.360183
b1269e28,1655,1654,1790072166614.538,44.915176
b1269e28,1656,1655,1790072166659.115,44.576917
b1269e28,1657,1656,1790072166727.172,68.057725
b1269e28,1658,1657,1790072166763.865,36.692161
b1269e28,1659,1658,1790072166799.54,35.675136
b1269e28,1660,1659,1790072166842.039,42.499007
b1269e28,1661,1660,1790072166933.835,91.796265
b1269e28,1662,1661,1790072166972.433,38.598526
b1269e28,1663,1662,1790072167005.099,32.665582
b1269e28,1664,1663,1790072167047.555,42.456236
b1269e28,1665,1664,1790072167131.658,84.102536
b1269e28,1666,1665,1790072167162.535,30.877455
b1269e28,1667,1666,1790072167196.772,34.237227
b1269e28,1668,1667,1790072167241.012,44.23917
b1269e28,1669,1668,1790072167325.415,84.403093
b1269e28,1670,1669,1790072167364.68,39.265236
b1269e28,1671,1670,1790072167396.949,32.268722
b1269e28,1672,1671,1790072167438.686,41.737378
b1269e28,1673,1672,1790072167527.715,89.028398
b1269e28,1674,1673,1790072167562.5,34.7856
b1269e28,1675,1674,1790072167615.848,53.348084
b1269e28,1676,1675,1790072167647.071,31.223162
b1269e28,1677,1676,1790072167763.332,116.260204
b1269e28,1678,1677,1790072167798.778,35.445974
b1269e28,1679,1678,1790072167822.883,24.105888
b1269e28,1680,1679,1790072167848.867,25.983742
b1269e28,1681,1680,1790072167917.053,68.186361
b1269e28,1682,1681,1790072167967.686,50.632117
b1269e28,1683,1682,1790072167995.613,27.927079
b1269e28,1684,1683,1790072168036.052,40.43929
b1269e28,1685,1684,1790072168130.888,94.836121
b1269e28,1686,1685,1790072168159.466,28.578297
b1269e28,1687,1686,1790072168204.815,45.349102
b1269e28,1688,1687,1790072168245.769,40.953516
b1269e28,1689,1688,1790072168324.006,78.236555
b1269e28,1690,1689,1790072168374.552,50.546325
b1269e28,1691,1690,1790072168405.295,30.743275
b1269e28,1692,1691,1790072168442.235,36.93995
b1269e28,1693,1692,1790072168525.78,83.544856
b1269e28,1694,1693,1790072168573.285,47.504574
b1269e28,1695,1694,1790072168619.653,46.368558
b1269e28,1696,1695,1790072168644.526,24.872533
b1269e28,1697,1696,1790072168718.586,74.060158
b1269e28,1698,1697,1790072168775.573,56.986846
b1269e28,1699,1698,1790072168807.358,31.784916
b1269e28,1700,1699,1790072168845.022,37.664199
b1269e28,1701,1700,1790072168919.762,74.740633
b1269e28,1702,1701,1790072168965.226,45.463141
b1269e28,1703,1702,1790072169008.032,42.806741
b1269e28,1704,1703,1790072169046.477,38.444162
b1269e28,1705,1704,1790072169129.214,82.737742
b1269e28,1706,1705,1790072169158.813,29.599335
b1269e28,1707,1706,1790072169211.121,52.307147
b1269e28,1708,1707,1790072169243.497,32.375832
b1269e28,1709,1708,1790072169329.637,86.140596
b1269e28,1710,1709,1790072169356.037,26.39968
b1269e28,1711,1710,1790072169413.667,57.629614
b1269e28,1712,1711,1790072169443.784,30.117271
b1269e28,1713,1712,1790072169519.361,75.576804
b1269e28,1714,1713,1790072169571.438,52.077562
b1269e28,1715,1714,1790072169614.73,43.292317
b1269e28,1716,1715,1790072169657.665,42.934136
b1269e28,1717,1716,1790072169804.108,146.443219
b1269e28,1718,1717,1790072169806.053,1.945599
b1269e28,1719,1718,1790072169807.325,1.271444
b1269e28,1720,1719,1790072169839.319,31.993784
b1269e28,1721,1720,1790072169916.045,76.726125
b1269e28,1722,1721,1790072169973.494,57.449747
b1269e28,1723,1722,1790072170001.955,28.461024
b1269e28,1724,1723,1790072170046.953,44.997543
b1269e28,1725,1724,1790072170126.167,79.213873
b1269e28,1726,1725,1790072170159.793,33.626286
b1269e28,1727,1726,1790072170221.841,62.047394
b1269e28,1728,1727,1790072170236.33,14.48898
b1269e28,1729,1728,1790072170325.682,89.352906
b1269e28,1730,1729,1790072170367.452,41.769656
b1269e28,1731,1730,1790072170410.814,43.361913
b1269e28,1732,1731,1790072170439.86,29.045804
b1269e28,1733,1732,1790072170532.803,92.942817
b1269e28,1734,1733,1790072170571.891,39.088537
b1269e28,1735,1734,1790072170616.026,44.134906
b1269e28,1736,1735,1790072170639.99,23.964445
b1269e28,1737,1736,1790072170720.204,80.213661
b1269e28,1738,1737,1790072170767.344,47.140043
b1269e28,1739,1738,1790072170811.684,44.339425
b1269e28,1740,1739,1790072170848.797,37.113245
b1269e28,1741,1740,1790072170935.594,86.797506
b1269e28,1742,1741,1790072170962.506,26.911587
b1269e28,1743,1742,1790072171016.435,53.928754
b1269e28,1744,1743,1790072171043.065,26.630686
b1269e28,1745,1744,1790072171122.288,79.222789
b1269e28,1746,1745,1790072171160.229,37.940214
b1269e28,1747,1746,1790072171204.812,44.583125
b1269e28,1748,1747,1790072171246.437,41.625833
b1269e28,1749,1748,1790072171331.748,85.31041
b1269e28,1750,1749,1790072171378.456,46.708334
b1269e28,1751,1750,1790072171408.14,29.6838
b1269e28,1752,1751,1790072171453.209,45.069212
b1269e28,1753,1752,1790072171519.823,66.614435
b1269e28,1754,1753,1790072171569.125,49.301711
b1269e28,1755,1754,1790072171612.709,43.584083
b1269e28,1756,1755,1790072171639.527,26.817953
b1269e28,1757,1756,1790072171839.075,199.547762
b1269e28,1758,1757,1790072171840.396,1.320684
b1269e28,1759,1758,1790072171843.07,2.674516
b1269e28,1760,1759,1790072171844.446,1.375956
b1269e28,1761,1760,1790072171917.247,72.800294
b1269e28,1762,1761,1790072171971.161,53.914306
b1269e28,1763,1762,1790072171999.176,28.015553
b1269e28,1764,1763,1790072172036.355,37.178515
b1269e28,1765,1764,1790072172124.464,88.108928
b1269e28,1766,1765,1790072172168.259,43.794754
b1269e28,1767,1766,1790072172214.23,45.971834
b1269e28,1768,1767,1790072172250.956,36.725346
b1269e28,1769,1768,1790072172336.777,85.821049
b1269e28,1770,1769,1790072172376.498,39.72146
b1269e28,1771,1770,1790072172404.703,28.204642
b1269e28,1772,1771,1790072172458.885,54.181736
b1269e28,1773,1772,1790072172523.759,64.874607
b1269e28,1774,1773,1790072172562.549,38.789265
b1269e28,1775,1774,1790072172598.174,35.625567
b1269e28,1776,1775,1790072172640.357,42.182866
b1269e28,1777,1776,1790072172725.255,84.898006
b1269e28,1778,1777,1790072172763.418,38.163234
b1269e28,1779,1778,1790072172795.927,32.508322
b1269e28,1780,1779,1790072172848.018,52.091846
b1269e28,1781,1780,1790072172932.558,84.540048
b1269e28,1782,1781,1790072172958.012,25.454092
b1269e28,1783,1782,1790072173006.851,48.838061
b1269e28,1784,1783,1790072173047.893,41.042664
b1269e28,1785,1784,1790072173130.43,82.536436
b1269e28,1786,1785,1790072173160.569,30.138984
b1269e28,1787,1786,1790072173209.558,48.989304
b1269e28,1788,1787,1790072173255.516,45.958229
b1269e28,1789,1788,1790072173334.218,78.701761
b1269e28,1790,1789,1790072173372.239,38.021099
b1269e28,1791,1790,1790072173405.503,33.264186
b1269e28,1792,1791,1790072173443.01,37.50644
b1269e28,1793,1792,1790072173529.137,86.127638
b1269e28,1794,1793,1790072173564.229,35.091236
b1269e28,1795,1794,1790072173610.771,46.54289
b1269e28,1796,1795,1790072173645.049,34.277273
b1269e28,1797,1796,1790072173785.082,140.033266
b1269e28,1798,1797,1790072173786.968,1.886047
b1269e28,1799,1798,1790072173808.558,21.589741
b1269e28,1800,1799,1790072173843.713,35.15549
b1269e28,1801,1800,1790072173929.552,85.838935
b1269e28,1802,1801,1790072173969.277,39.725129
b1269e28,1803,1802,1790072174000.95,31.673129
b1269e28,1804,1803,1790072174040.903,39.952485
b1269e28,1805,1804,1790072174115.256,74.353506
b1269e28,1806,1805,1790072174159.626,44.369888
b1269e28,1807,1806,1790072174207.545,47.918627
b1269e28,1808,1807,1790072174248.343,40.798292
b1269e28,1809,1808,1790072174326.045,77.70181
b1269e28,1810,1809,1790072174369.56,43.515176
b1269e28,1811,1810,1790072174404.451,34.890553
b1269e28,1812,1811,1790072174444.378,39.927156
b1269e28,1813,1812,1790072174520.73,76.3523
b1269e28,1814,1813,1790072174559.997,39.267177
b1269e28,1815,1814,1790072174610.768,50.770813
b1269e28,1816,1815,1790072174643.531,32.762401
b1269e28,1817,1816,1790072174720.357,76.826801
b1269e28,1818,1817,1790072174763.043,42.685582
b1269e28,1819,1818,1790072174803.093,40.049778
b1269e28,1820,1819,1790072174846.365,43.272533
b1269e28,1821,1820,1790072174922.024,75.65862
b1269e28,1822,1821,1790072174968.766,46.742241
b1269e28,1823,1822,1790072175009.864,41.09734
b1269e28,1824,1823,1790072175044.717,34.853282
b1269e28,1825,1824,1790072175143.941,99.224376
b1269e28,1826,1825,1790072175157.634,13.692717
b1269e28,1827,1826,1790072175221.081,63.44656
b1269e28,1828,1827,1790072175252.451,31.370242
b1269e28,1829,1828,1790072175325.502,73.051414
b1269e28,1830,1829,1790072175369.591,44.089002
b1269e28,1831,1830,1790072175400.962,31.370979
b1269e28,1832,1831,1790072175444.145,43.182912
b1269e28,1833,1832,1790072175524.454,80.309009
b1269e28,1834,1833,1790072175566.681,42.226676
b1269e28,1835,1834,1790072175620.871,54.190411
b1269e28,1836,1835,1790072175647.678,26.807037
b1269e28,1837,1836,1790072175774.735,127.056435
b1269e28,1838,1837,1790072175794.353,19.618458
b1269e28,1839,1838,1790072175819.878,25.525455
b1269e28,1840,1839,1790072175843.33,23.451041
b1269e28,1841,1840,1790072175931.534,88.204436
b1269e28,1842,1841,1790072175966.501,34.967186
b1269e28,1843,1842,1790072176005.556,39.054819
b1269e28,1844,1843,1790072176044.135,38.578864
b1269e28,1845,1844,1790072176131.072,86.936953
b1269e28,1846,1845,1790072176155.882,24.810032
b1269e28,1847,1846,1790072176196.952,41.070627
b1269e28,1848,1847,1790072176255.694,58.741764
b1269e28,1849,1848,1790072176331.343,75.648621
b1269e28,1850,1849,1790072176365.439,34.096721
b1269e28,1851,1850,1790072176409.175,43.735438
b1269e28,1852,1851,1790072176436.418,27.242724
b1269e28,1853,1852,1790072176525.247,88.828985
b1269e28,1854,1853,1790072176562.719,37.472555
b1269e28,1855,1854,1790072176606.78,44.061072
b1269e28,1856,1855,1790072176639.424,32.64331
b1269e28,1857,1856,1790072176724.169,84.745442
b1269e28,1858,1857,1790072176764.049,39.879711
b1269e28,1859,1858,1790072176807.632,43.583521
b1269e28,1860,1859,1790072176845.011,37.37923
b1269e28,1861,1860,1790072176919.44,74.42886
b1269e28,1862,1861,1790072176964.422,44.981391
b1269e28,1863,1862,1790072177008.983,44.561239
b1269e28,1864,1863,1790072177043.146,34.162402
b1269e28,1865,1864,1790072177122.633,79.487349
b1269e28,1866,1865,1790072177165.575,42.941817
b1269e28,1867,1866,1790072177204.02,38.444836
b1269e28,1868,1867,1790072177240.727,36.707595
b1269e28,1869,1868,1790072177334.313,93.586552
b1269e28,1870,1869,1790072177363.918,29.604708
b1269e28,1871,1870,1790072177408.37,44.451573
b1269e28,1872,1871,1790072177445.723,37.353485
b1269e28,1873,1872,1790072177530.578,84.854363
b1269e28,1874,1873,1790072177566.73,36.151955
b1269e28,1875,1874,1790072177612.069,45.339784
b1269e28,1876,1875,1790072177640.01,27.941046
b1269e28,1877,1876,1790072177804.054,164.043273
b1269e28,1878,1877,1790072177806.798,2.743762
b1269e28,1879,1878,1790072177814.872,8.07454
b1269e28,1880,1879,1790072177858.483,43.611087
b1269e28,1881,1880,1790072177929.384,70.900598
b1269e28,1882,1881,1790072177966.138,36.754379
b1269e28,1883,1882,1790072177996.482,30.343762
b1269e28,1884,1883,1790072178040.233,43.751322
b1269e28,1885,1884,1790072178130.649,90.416272
b1269e28,1886,1885,1790072178160.325,29.675653
b1269e28,1887,1886,1790072178198.735,38.410005
b1269e28,1888,1887,1790072178249.43,50.695161
b1269e28,1889,1888,1790072178326.008,76.57802
b1269e28,1890,1889,1790072178363.559,37.55086
b1269e28,1891,1890,1790072178409.062,45.502678
b1269e28,1892,1891,1790072178441.368,32.306523
b1269e28,1893,1892,1790072178519.368,77.999387
b1269e28,1894,1893,1790072178572.481,53.113154
b1269e28,1895,1894,1790072178602.446,29.965473
b1269e28,1896,1895,1790072178639.67,37.223643
b1269e28,1897,1896,1790072178725.687,86.017076
b1269e28,1898,1897,1790072178766.606,40.918666
b1269e28,1899,1898,1790072178807.943,41.336755
b1269e28,1900,1899,1790072178847.457,39.513918
b1269e28,1901,1900,1790072178924.9,77.443984
b1269e28,1902,1901,1790072178960.88,35.979152
b1269e28,1903,1902,1790072179010.034,49.154516
b1269e28,1904,1903,1790072179054.958,44.924492
b1269e28,1905,1904,1790072179127.362,72.403096
b1269e28,1906,1905,1790072179169.487,42.12498
b1269e28,1907,1906,1790072179198.016,28.52925
b1269e28,1908,1907,1790072179243.801,45.78502
b1269e28,1909,1908,1790072179325.855,82.054377
b1269e28,1910,1909,1790072179369.462,43.606875
b1269e28,1911,1910,1790072179404.339,34.876329
b1269e28,1912,1911,1790072179440.487,36.14881
b1269e28,1913,1912,1790072179529.495,89.007643
b1269e28,1914,1913,1790072179559.868,30.372711
b1269e28,1915,1914,1790072179610.231,50.363334
b1269e28,1916,1915,1790072179643.124,32.893305
b1269e28,1917,1916,1790072179774.355,131.230307
b1269e28,1918,1917,1790072179794.562,20.207744
b1269e28,1919,1918,1790072179801.201,6.638659
b1269e28,1920,1919,1790072179850.315,49.11411
b1269e28,1921,1920,1790072179928.885,78.569558
b1269e28,1922,1921,1790072179965.763,36.878188
b1269e28,1923,1922,1790072180005.683,39.92032
b1269e28,1924,1923,1790072180051.584,45.900963
b1269e28,1925,1924,1790072180123.399,71.815285
b1269e28,1926,1925,1790072180164.011,40.611314
b1269e28,1927,1926,1790072180205.518,41.507365
1ac2ffac,284,283,1790072095180.31,35.991437
1ac2ffac,285,284,1790072095219.618,39.30839
1ac2ffac,286,285,1790072095262.58,42.96176
1ac2ffac,287,286,1790072095301.442,38.861955
1ac2ffac,288,287,1790072095345.333,43.891548
1ac2ffac,289,288,1790072095380.823,35.489212
1ac2ffac,290,289,1790072095426.169,45.34609
1ac2ffac,291,290,1790072095453.144,26.975197
1ac2ffac,292,291,1790072095504.167,51.022529
1ac2ffac,293,292,1790072095542.65,38.483383
1ac2ffac,294,293,1790072095573.471,30.820725
1ac2ffac,295,294,1790072095622.275,48.803982
1ac2ffac,296,295,1790072095658.622,36.347216
1ac2ffac,297,296,1790072095702.234,43.612183
1ac2ffac,298,297,1790072095829.851,127.616684
1ac2ffac,299,298,1790072095831.336,1.485443
1ac2ffac,300,299,1790072095836.99,5.653477
1ac2ffac,301,300,1790072095870.494,33.504205
1ac2ffac,302,301,1790072095913.368,42.874349
1ac2ffac,303,302,1790072095934.781,21.412393
1ac2ffac,304,303,1790072095983.782,49.001463
1ac2ffac,305,304,1790072096016.037,32.255267
1ac2ffac,306,305,1790072096064.115,48.077502
1ac2ffac,307,306,1790072096097.954,33.838673
1ac2ffac,308,307,1790072096143.764,45.810361
1ac2ffac,309,308,1790072096173.876,30.112334
1ac2ffac,310,309,1790072096220.434,46.557641
1ac2ffac,311,310,1790072096268.938,48.504482
1ac2ffac,312,311,1790072096303.184,34.245107
1ac2ffac,313,312,1790072096334.224,31.040097
1ac2ffac,314,313,1790072096388.519,54.29558
1ac2ffac,315,314,1790072096415.219,26.699523
1ac2ffac,316,315,1790072096455.172,39.952981
1ac2ffac,317,316,1790072096494.581,39.40889
1ac2ffac,318,317,1790072096538.985,44.404367
1ac2ffac,319,318,1790072096577.141,38.15613
1ac2ffac,320,319,1790072096620.556,43.415409
1ac2ffac,321,320,1790072096656.112,35.555176
1ac2ffac,322,321,1790072096697.561,41.449571
1ac2ffac,323,322,1790072096733.032,35.470714
1ac2ffac,324,323,1790072096782.32,49.288084
1ac2ffac,325,324,1790072096817.568,35.248331
1ac2ffac,326,325,1790072096860.913,43.344815
1ac2ffac,327,326,1790072096893.398,32.484594
1ac2ffac,328,327,1790072096943.35,49.951868
1ac2ffac,329,328,1790072096986.99,43.6398
1ac2ffac,330,329,1790072097016.312,29.322696
1ac2ffac,331,330,1790072097067.302,50.989724
1ac2ffac,332,331,1790072097097.625,30.323184
1ac2ffac,333,332,1790072097145.736,48.111377
1ac2ffac,334,333,1790072097180.493,34.757135
1ac2ffac,335,334,1790072097214.654,34.159995
1ac2ffac,336,335,1790072097256.446,41.792469
1ac2ffac,337,336,1790072097294.075,37.628762
1ac2ffac,338,337,1790072097339.183,45.107896
1ac2ffac,339,338,1790072097379.868,40.684949
1ac2ffac,340,339,1790072097415.617,35.749687
1ac2ffac,341,340,1790072097454.121,38.503471
1ac2ffac,342,341,1790072097496.022,41.901817
1ac2ffac,343,342,1790072097542.422,46.399501
1ac2ffac,344,343,1790072097587.049,44.62693
1ac2ffac,345,344,1790072097630.558,43.508573
1ac2ffac,346,345,1790072097658.798,28.240214
1ac2ffac,347,346,1790072097713.971,55.173193
1ac2ffac,348,347,1790072097815.492,101.520868
1ac2ffac,349,348,1790072097816.61,1.117784
1ac2ffac,350,349,1790072097817.854,1.24437
1ac2ffac,351,350,1790072097861.672,43.8176
1ac2ffac,352,351,1790072097908.573,46.901472
1ac2ffac,353,352,1790072097939.737,31.163754
1ac2ffac,354,353,1790072097980.729,40.992761
1ac2ffac,355,354,1790072098024.573,43.84351
1ac2ffac,356,355,1790072098059.282,34.708536
1ac2ffac,357,356,1790072098098.01,38.728124
1ac2ffac,358,357,1790072098135.127,37.117255
1ac2ffac,359,358,1790072098187.502,52.37501
1ac2ffac,360,359,1790072098224.304,36.80238
1ac2ffac,361,360,1790072098256.063,31.758426
1ac2ffac,362,361,1790072098302.856,46.793189
1ac2ffac,363,362,1790072098334.048,31.192228
1ac2ffac,364,363,1790072098382.671,48.622871
1ac2ffac,365,364,1790072098418.284,35.612801
1ac2ffac,366,365,1790072098456.395,38.111028
1ac2ffac,367,366,1790072098496.117,39.722009
1ac2ffac,368,367,1790072098536.68,40.563573
1ac2ffac,369,368,1790072098583.951,47.270599
1ac2ffac,370,369,1790072098621.268,37.316648
1ac2ffac,371,370,1790072098664.356,43.08787
1ac2ffac,372,371,1790072098700.417,36.061491
1ac2ffac,373,372,1790072098734.368,33.951302
1ac2ffac,374,373,1790072098786.436,52.06741
1ac2ffac,375,374,1790072098820.873,34.437239
1ac2ffac,376,375,1790072098864.354,43.480561
1ac2ffac,377,376,1790072098899.899,35.54537
1ac2ffac,378,377,1790072098945.981,46.082077
1ac2ffac,379,378,1790072098981.389,35.40806
1ac2ffac,380,379,1790072099026.551,45.162114
1ac2ffac,381,380,1790072099056.948,30.39729
1ac2ffac,382,381,1790072099103.267,46.318175
1ac2ffac,383,382,1790072099135.503,32.235856
1ac2ffac,384,383,1790072099195.842,60.339277
1ac2ffac,385,384,1790072099219.89,24.048314
1ac2ffac,386,385,1790072099274.565,54.675187
1ac2ffac,387,386,1790072099300.434,25.868838
1ac2ffac,388,387,1790072099334.181,33.746674
1ac2ffac,389,388,1790072099380.966,46.784984
1ac2ffac,390,389,1790072099418.826,37.860553
1ac2ffac,391,390,1790072099454.174,35.347144
1ac2ffac,392,391,1790072099504.303,50.129432
1ac2ffac,393,392,1790072099534.496,30.193402
1ac2ffac,394,393,1790072099579.978,45.481194
1ac2ffac,395,394,1790072099623.792,43.814669
1ac2ffac,396,395,1790072099657.631,33.838859
1ac2ffac,397,396,1790072099707.177,49.546001
1ac2ffac,398,397,1790072099818.051,110.873708
1ac2ffac,399,398,1790072099819.379,1.32866
1ac2ffac,400,399,1790072099821.042,1.662775
1ac2ffac,401,400,1790072099862.848,41.806218
1ac2ffac,402,401,1790072099897.526,34.677132
1ac2ffac,403,402,1790072099941.576,44.050267
1ac2ffac,404,403,1790072099984.074,42.498516
1ac2ffac,405,404,1790072100016.7,32.625322
1ac2ffac,406,405,1790072100055.954,39.254172
1ac2ffac,407,406,1790072100099.299,43.34504
1ac2ffac,408,407,1790072100146.34,47.041484
1ac2ffac,409,408,1790072100174.966,28.625436
1ac2ffac,410,409,1790072100215.27,40.304162
1ac2ffac,411,410,1790072100256.617,41.347504
1ac2ffac,412,411,1790072100300.001,43.383702
1ac2ffac,413,412,1790072100339.468,39.466354
1ac2ffac,414,413,1790072100375.139,35.671145
1ac2ffac,415,414,1790072100419.725,44.586708
1ac2ffac,416,415,1790072100454.953,35.227555
1ac2ffac,417,416,1790072100500.788,45.835398
1ac2ffac,418,417,1790072100534.274,33.486135
1ac2ffac,419,418,1790072100575.179,40.905047
1ac2ffac,420,419,1790072100617.988,42.807919
1ac2ffac,421,420,1790072100661.489,43.501211
1ac2ffac,422,421,1790072100698.565,37.075911
1ac2ffac,423,422,1790072100739.176,40.610871
1ac2ffac,424,423,1790072100788.908,49.732247
1ac2ffac,425,424,1790072100816.803,27.895549
1ac2ffac,426,425,1790072100854.745,37.941895
1ac2ffac,427,426,1790072100903.038,48.292963
1ac2ffac,428,427,1790072100942.14,39.101818
1ac2ffac,429,428,1790072100991.192,49.051892
1ac2ffac,430,429,1790072101017.426,26.234225
1ac2ffac,431,430,1790072101061.769,44.343069
1ac2ffac,432,431,1790072101095.854,34.084296
1ac2ffac,433,432,1790072101137.506,41.652878
1ac2ffac,434,433,1790072101173.955,36.448296
1ac2ffac,435,434,1790072101226.32,52.365033
1ac2ffac,436,435,1790072101255.815,29.495744
1ac2ffac,437,436,1790072101306.193,50.378047
1ac2ffac,438,437,1790072101343.741,37.547415
1ac2ffac,439,438,1790072101376.467,32.725795
1ac2ffac,440,439,1790072101420.853,44.385821
1ac2ffac,441,440,1790072101455.371,34.518395
1ac2ffac,442,441,1790072101504.056,48.685597
1ac2ffac,443,442,1790072101541.509,37.452768
1ac2ffac,444,443,1790072101587.248,45.738805
1ac2ffac,445,444,1790072101618.065,30.817449
1ac2ffac,446,445,1790072101661.554,43.488313
1ac2ffac,447,446,1790072101700.695,39.140968
1ac2ffac,448,447,1790072101820.01,119.31471
1ac2ffac,449,448,1790072101821.176,1.166205
1ac2ffac,450,449,1790072101821.906,0.730394
1ac2ffac,451,450,1790072101855.786,33.879845
1ac2ffac,452,451,1790072101898.447,42.661472
1ac2ffac,453,452,1790072101947.244,48.796303
1ac2ffac,454,453,1790072101981.216,33.972345
1ac2ffac,455,454,1790072102016.972,35.756504
1ac2ffac,456,455,1790072102060.096,43.123205
1ac2ffac,457,456,1790072102094.262,34.166304
1ac2ffac,458,457,1790072102144.927,50.664677
1ac2ffac,459,458,1790072102184.973,40.046596
1ac2ffac,460,459,1790072102215.492,30.518631
1ac2ffac,461,460,1790072102259.636,44.14451
1ac2ffac,462,461,1790072102296.746,37.109594
1ac2ffac,463,462,1790072102335.06,38.314157
1ac2ffac,464,463,1790072102376.252,41.19143
1ac2ffac,465,464,1790072102422.125,45.872847
1ac2ffac,466,465,1790072102464.317,42.192854
1ac2ffac,467,466,1790072102506.026,41.708738
1ac2ffac,468,467,1790072102546.712,40.685965
1ac2ffac,469,468,1790072102589.184,42.472318
1ac2ffac,470,469,1790072102617.509,28.32453
1ac2ffac,471,470,1790072102655.786,38.277065
1ac2ffac,472,471,1790072102697.503,41.716816
1ac2ffac,473,472,1790072102741.57,44.066728
1ac2ffac,474,473,1790072102776.227,34.657628
1ac2ffac,475,474,1790072102830.842,54.614589
1ac2ffac,476,475,1790072102857.125,26.282789
1ac2ffac,477,476,1790072102898.259,41.134496
1ac2ffac,478,477,1790072102941.528,43.268485
1ac2ffac,479,478,1790072102976.938,35.410234
1ac2ffac,480,479,1790072103024.956,48.017925
1ac2ffac,481,480,1790072103058.354,33.398228
1ac2ffac,482,481,1790072103114.491,56.136997
1ac2ffac,483,482,1790072103135.755,21.263703
1ac2ffac,484,483,1790072103186.21,50.455913
1ac2ffac,485,484,1790072103221.685,35.47436
1ac2ffac,486,485,1790072103257.459,35.774687
1ac2ffac,487,486,1790072103295.977,38.517344
1ac2ffac,488,487,1790072103347.688,51.710707
1ac2ffac,489,488,1790072103380.702,33.014801
1ac2ffac,490,489,1790072103425.05,44.347334
1ac2ffac,491,490,1790072103460.259,35.20922
1ac2ffac,492,491,1790072103504.359,44.099697
1ac2ffac,493,492,1790072103540.775,36.416192
1ac2ffac,494,493,1790072103583.753,42.978683
1ac2ffac,495,494,1790072103619.929,36.17572
1ac2ffac,496,495,1790072103654.957,35.028056
1ac2ffac,497,496,1790072103699.213,44.255545
1ac2ffac,498,497,1790072103829.167,129.954706
1ac2ffac,499,498,1790072103830.968,1.800697
1ac2ffac,500,499,1790072103833.786,2.818114
1ac2ffac,501,500,1790072103867.209,33.422486
1ac2ffac,502,501,1790072103895.87,28.661088
1ac2ffac,503,502,1790072103941.801,45.93131
1ac2ffac,504,503,1790072103982.439,40.637666
1ac2ffac,505,504,1790072104021.374,38.934585
1ac2ffac,506,505,1790072104056.83,35.456775
1ac2ffac,507,506,1790072104100.215,43.384932
1ac2ffac,508,507,1790072104142.029,41.813734
1ac2ffac,509,508,1790072104179.23,37.201595
1ac2ffac,510,509,1790072104215.832,36.601072
1ac2ffac,511,510,1790072104257.412,41.579955
1ac2ffac,512,511,1790072104310.401,52.989435
1ac2ffac,513,512,1790072104333.203,22.801767
1ac2ffac,514,513,1790072104381.814,48.611452
1ac2ffac,515,514,1790072104416.279,34.464851
1ac2ffac,516,515,1790072104453.418,37.138893
1ac2ffac,517,516,1790072104494.46,41.042349
1ac2ffac,518,517,1790072104545.32,50.859836
1ac2ffac,519,518,1790072104576.99,31.670044
1ac2ffac,520,519,1790072104621.734,44.744067
1ac2ffac,521,520,1790072104660.844,39.109599
1ac2ffac,522,521,1790072104693.858,33.01467
1ac2ffac,523,522,1790072104740.727,46.868694
1ac2ffac,524,523,1790072104775.887,35.159721
1ac2ffac,525,524,1790072104816.491,40.603718
1ac2ffac,526,525,1790072104865.046,48.555035
1ac2ffac,527,526,1790072104911.477,46.431399
1ac2ffac,528,527,1790072104936.62,25.142868
1ac2ffac,529,528,1790072104974.979,38.35938
1ac2ffac,530,529,1790072105023.469,48.490243
1ac2ffac,531,530,1790072105059.35,35.879962
1ac2ffac,532,531,1790072105100.648,41.298076
1ac2ffac,533,532,1790072105142.584,41.93652
1ac2ffac,534,533,1790072105180.826,38.241988
1ac2ffac,535,534,1790072105218.808,37.982293
1ac2ffac,536,535,1790072105260.427,41.619126
1ac2ffac,537,536,1790072105294.446,34.018167
1ac2ffac,538,537,1790072105336.385,41.938716
1ac2ffac,539,538,1790072105383.071,46.686155
1ac2ffac,540,539,1790072105414.77,31.699288
1ac2ffac,541,540,1790072105461.465,46.695214
1ac2ffac,542,541,1790072105500.182,38.716748
1ac2ffac,543,542,1790072105538.319,38.137512
1ac2ffac,544,543,1790072105586.598,48.278242
1ac2ffac,545,544,1790072105616.791,30.193407
1ac2ffac,546,545,1790072105656.051,39.259583
1ac2ffac,547,546,1790072105710.936,54.885176
1ac2ffac,548,547,1790072105890.008,179.072521
1ac2ffac,549,548,1790072105891.872,1.863718
1ac2ffac,550,549,1790072105894.374,2.501499
1ac2ffac,551,550,1790072105897.025,2.651849
1ac2ffac,552,551,1790072105899.692,2.666559
1ac2ffac,553,552,1790072105939.119,39.426795
1ac2ffac,554,553,1790072105984.213,45.094558
1ac2ffac,555,554,1790072106016.862,32.648988
1ac2ffac,556,555,1790072106053.076,36.213511
1ac2ffac,557,556,1790072106101.336,48.259969
1ac2ffac,558,557,1790072106138.236,36.900091
1ac2ffac,559,558,1790072106186.184,47.947764
1ac2ffac,560,559,1790072106225.505,39.321424
1ac2ffac,561,560,1790072106267.456,41.951243
1ac2ffac,562,561,1790072106298.704,31.24818
1ac2ffac,563,562,1790072106334.732,36.027557
1ac2ffac,564,563,1790072106375.951,41.219075
1ac2ffac,565,564,1790072106416.296,40.34535
1ac2ffac,566,565,1790072106458.27,41.973249
1ac2ffac,567,566,1790072106502.029,43.759433
1ac2ffac,568,567,1790072106535.381,33.351507
1ac2ffac,569,568,1790072106574.088,38.70784
1ac2ffac,570,569,1790072106616.459,42.370884
1ac2ffac,571,570,1790072106655.422,38.962303
1ac2ffac,572,571,1790072106699.443,44.020984
1ac2ffac,573,572,1790072106741.934,42.491087
1ac2ffac,574,573,1790072106787.547,45.613595
1ac2ffac,575,574,1790072106820.425,32.877553
1ac2ffac,576,575,1790072106858.273,37.848722
1ac2ffac,577,576,1790072106896.783,38.509853
1ac2ffac,578,577,1790072106941.781,44.9978
1ac2ffac,579,578,1790072106982.181,40.400205
1ac2ffac,580,579,1790072107024.781,42.599016
1ac2ffac,581,580,1790072107058.981,34.200683
1ac2ffac,582,581,1790072107095.559,36.577395
1ac2ffac,583,582,1790072107136.509,40.949993
1ac2ffac,584,583,1790072107186.005,49.496903
1ac2ffac,585,584,1790072107216.179,30.173868
1ac2ffac,586,585,1790072107261.75,45.570559
1ac2ffac,587,586,1790072107294.089,32.339204
1ac2ffac,588,587,1790072107347.401,53.31235
1ac2ffac,589,588,1790072107379.567,32.165706
1ac2ffac,590,589,1790072107424.402,44.835063
1ac2ffac,591,590,1790072107454.958,30.55601
1ac2ffac,592,591,1790072107500.973,46.014981
1ac2ffac,593,592,1790072107540.686,39.712744
1ac2ffac,594,593,1790072107574.123,33.436652
1ac2ffac,595,594,1790072107621.93,47.807168
1ac2ffac,596,595,1790072107653.845,31.915601
1ac2ffac,597,596,1790072107700.965,47.119857
1ac2ffac,598,597,1790072107840.405,139.439789
1ac2ffac,599,598,1790072107842.135,1.730492
1ac2ffac,600,599,1790072107843.712,1.576723
1ac2ffac,601,600,1790072107855.034,11.321545
1ac2ffac,602,601,1790072107896.056,41.022156
1ac2ffac,603,602,1790072107943.165,47.109009
1ac2ffac,604,603,1790072107974.877,31.711871
1ac2ffac,605,604,1790072108017.671,42.794215
1ac2ffac,606,605,1790072108069.919,52.248385
1ac2ffac,607,606,1790072108101.293,31.37387
1ac2ffac,608,607,1790072108151.4,50.10706
1ac2ffac,609,608,1790072108181.387,29.987121
1ac2ffac,610,609,1790072108220.122,38.734594
1ac2ffac,611,610,1790072108255.468,35.345654
1ac2ffac,612,611,1790072108294.256,38.78879
1ac2ffac,613,612,1790072108345.113,50.856896
1ac2ffac,614,613,1790072108384.904,39.79042
1ac2ffac,615,614,1790072108417.022,32.118742
1ac2ffac,616,615,1790072108454.577,37.554954
1ac2ffac,617,616,1790072108515.365,60.787878
1ac2ffac,618,617,1790072108539.216,23.850767
1ac2ffac,619,618,1790072108575.479,36.263511
1ac2ffac,620,619,1790072108636.55,61.070466
1ac2ffac,621,620,1790072108661.318,24.767606
1ac2ffac,622,621,1790072108717.144,55.826349
1ac2ffac,623,622,1790072108744.089,26.945432
1ac2ffac,624,623,1790072108785.858,41.769066
1ac2ffac,625,624,1790072108819.516,33.657575
1ac2ffac,626,625,1790072108860.822,41.305707
1ac2ffac,627,626,1790072108919.039,58.217135
1ac2ffac,628,627,1790072108949.984,30.944911
1ac2ffac,629,628,1790072108987.496,37.512314
1ac2ffac,630,629,1790072109031.703,44.20652
1ac2ffac,631,630,1790072109065.948,34.24472
1ac2ffac,632,631,1790072109100.925,34.977478
1ac2ffac,633,632,1790072109161.701,60.776322
1ac2ffac,634,633,1790072109182.058,20.356419
1ac2ffac,635,634,1790072109230.84,48.782397
1ac2ffac,636,635,1790072109270.633,39.792996
1ac2ffac,637,636,1790072109314.113,43.479424
1ac2ffac,638,637,1790072109359.49,45.37748
1ac2ffac,639,638,1790072109399.955,40.465475
1ac2ffac,640,639,1790072109421.356,21.400734
1ac2ffac,641,640,1790072109463.943,42.587239
1ac2ffac,642,641,1790072109518.668,54.724325
1ac2ffac,643,642,1790072109546.788,28.120422
1ac2ffac,644,643,1790072109588.188,41.399831
1ac2ffac,645,644,1790072109627.178,38.990347
1ac2ffac,646,645,1790072109660.508,33.329515
1ac2ffac,647,646,1790072109699.031,38.523755
1ac2ffac,648,647,1790072109816.066,117.034134
1ac2ffac,649,648,1790072109817.161,1.095561
1ac2ffac,650,649,1790072109819.003,1.842274
1ac2ffac,651,650,1790072109870.552,51.548085
1ac2ffac,652,651,1790072109899.482,28.930813
1ac2ffac,653,652,1790072109945.798,46.315739
1ac2ffac,654,653,1790072110001.867,56.069335
1ac2ffac,655,654,1790072110038.264,36.396233
1ac2ffac,656,655,1790072110064.936,26.672041
1ac2ffac,657,656,1790072110104.107,39.171604
1ac2ffac,658,657,1790072110146.393,42.285756
1ac2ffac,659,658,1790072110181.891,35.497876
1ac2ffac,660,659,1790072110219.669,37.777642
1ac2ffac,661,660,1790072110260.799,41.130221
1ac2ffac,662,661,1790072110301.121,40.322395
1ac2ffac,663,662,1790072110341.413,40.291699
1ac2ffac,664,663,1790072110389.052,47.639472
1ac2ffac,665,664,1790072110421.869,32.816753
1ac2ffac,666,665,1790072110468.5,46.630573
1ac2ffac,667,666,1790072110501.167,32.666939
1ac2ffac,668,667,1790072110542.552,41.384829
1ac2ffac,669,668,1790072110587.645,45.093556
1ac2ffac,670,669,1790072110630.509,42.864262
1ac2ffac,671,670,1790072110660.032,29.522526
1ac2ffac,672,671,1790072110709.994,49.961762
1ac2ffac,673,672,1790072110748.71,38.716718
1ac2ffac,674,673,1790072110787.7,38.990022
1ac2ffac,675,674,1790072110821.488,33.787659
1ac2ffac,676,675,1790072110861.986,40.497698
1ac2ffac,677,676,1790072110907.686,45.700179
1ac2ffac,678,677,1790072110944.57,36.884484
1ac2ffac,679,678,1790072110981.264,36.693597
1ac2ffac,680,679,1790072111025.683,44.419454
1ac2ffac,681,680,1790072111067.222,41.538589
1ac2ffac,682,681,1790072111111.288,44.066111
1ac2ffac,683,682,1790072111153.529,42.240337
1ac2ffac,684,683,1790072111181.784,28.255657
1ac2ffac,685,684,1790072111220.501,38.716747
1ac2ffac,686,685,1790072111264.471,43.969774
1ac2ffac,687,686,1790072111308.377,43.906006
1ac2ffac,688,687,1790072111340.792,32.4159
1ac2ffac,689,688,1790072111391.701,50.908564
1ac2ffac,690,689,1790072111422.284,30.582506
1ac2ffac,691,690,1790072111461.679,39.395538
1ac2ffac,692,691,1790072111529.386,67.706534
1ac2ffac,693,692,1790072111542.648,13.262409
1ac2ffac,694,693,1790072111593.411,50.762766
1ac2ffac,695,694,1790072111622.53,29.119175
1ac2ffac,696,695,1790072111663.898,41.368233
1ac2ffac,697,696,1790072111717.859,53.960548
1ac2ffac,698,697,1790072111809.007,91.14859
1ac2ffac,699,698,1790072111809.753,0.745678
1ac2ffac,700,699,1790072111818.631,8.877581
1ac2ffac,701,700,1790072111861.041,42.410562
1ac2ffac,702,701,1790072111904.982,43.940648
1ac2ffac,703,702,1790072111956.282,51.300497
1ac2ffac,704,703,1790072111983.599,27.316549
1ac2ffac,705,704,1790072112020.026,36.427298
1ac2ffac,706,705,1790072112065.991,45.965162
1ac2ffac,707,706,1790072112104.289,38.297649
1ac2ffac,708,707,1790072112152.596,48.306619
1ac2ffac,709,708,1790072112186.297,33.70099
1ac2ffac,710,709,1790072112220.761,34.464357
1ac2ffac,711,710,1790072112271.463,50.701813
1ac2ffac,712,711,1790072112299.019,27.555625
1ac2ffac,713,712,1790072112348.837,49.818719
1ac2ffac,714,713,1790072112382.312,33.474962
1ac2ffac,715,714,1790072112423.085,40.773092
1ac2ffac,716,715,1790072112459.858,36.772957
1ac2ffac,717,716,1790072112503.996,44.137903
1ac2ffac,718,717,1790072112537.714,33.717882
1ac2ffac,719,718,1790072112574.647,36.932804
1ac2ffac,720,719,1790072112616.06,41.41337
1ac2ffac,721,720,1790072112659.818,43.758197
1ac2ffac,722,721,1790072112695.893,36.074191
1ac2ffac,723,722,1790072112739.626,43.733731
1ac2ffac,724,723,1790072112775.378,35.751845
1ac2ffac,725,724,1790072112825.867,50.488987
1ac2ffac,726,725,1790072112859.1,33.232993
1ac2ffac,727,726,1790072112902.67,43.570111
1ac2ffac,728,727,1790072112942.089,39.418712
1ac2ffac,729,728,1790072112976.674,34.5853
1ac2ffac,730,729,1790072113023.161,46.486558
1ac2ffac,731,730,1790072113054.138,30.977276
1ac2ffac,732,731,1790072113095.07,40.932101
1ac2ffac,733,732,1790072113138.439,43.369184
1ac2ffac,734,733,1790072113176.656,38.216667
1ac2ffac,735,734,1790072113222.214,45.558292
1ac2ffac,736,735,1790072113256.142,33.927624
1ac2ffac,737,736,1790072113307.171,51.029356
1ac2ffac,738,737,1790072113341.895,34.723901
1ac2ffac,739,738,1790072113382.4,40.505283
1ac2ffac,740,739,1790072113426.157,43.756591
1ac2ffac,741,740,1790072113461.883,35.726068
1ac2ffac,742,741,1790072113513.514,51.630826
1ac2ffac,743,742,1790072113535.118,21.603727
1ac2ffac,744,743,1790072113588.861,53.742811
1ac2ffac,745,744,1790072113620.022,31.161438
1ac2ffac,746,745,1790072113665.1,45.078068
1ac2ffac,747,746,1790072113708.799,43.699129
1ac2ffac,748,747,1790072113813.628,104.828542
1ac2ffac,749,748,1790072113815.364,1.735785
1ac2ffac,750,749,1790072113816.994,1.63022
1ac2ffac,751,750,1790072113866.946,49.952159
1ac2ffac,752,751,1790072113898.663,31.717326
1ac2ffac,753,752,1790072113942.672,44.009234
1ac2ffac,754,753,1790072113974.416,31.743521
1ac2ffac,755,754,1790072114031.703,57.286882
1ac2ffac,756,755,1790072114059.66,27.957565
1ac2ffac,757,756,1790072114094.535,34.874806
1ac2ffac,758,757,1790072114135.615,41.079354
1ac2ffac,759,758,1790072114176.348,40.733345
1ac2ffac,760,759,1790072114225.366,49.018254
1ac2ffac,761,760,1790072114257.951,32.584747
1ac2ffac,762,761,1790072114307.097,49.146138
1ac2ffac,763,762,1790072114335.176,28.079278
1ac2ffac,764,763,1790072114383.223,48.046371
1ac2ffac,765,764,1790072114427.869,44.646376
1ac2ffac,766,765,1790072114457.449,29.57987
1ac2ffac,767,766,1790072114504.317,46.867719
1ac2ffac,768,767,1790072114548.425,44.107848
1ac2ffac,769,768,1790072114585.337,36.912781
1ac2ffac,770,769,1790072114616.549,31.211758
1ac2ffac,771,770,1790072114660.24,43.691268
1ac2ffac,772,771,1790072114696.488,36.247828
1ac2ffac,773,772,1790072114735.152,38.664133
1ac2ffac,774,773,1790072114775.615,40.462487
1ac2ffac,775,774,1790072114818.291,42.67626
1ac2ffac,776,775,1790072114879.975,61.684383
1ac2ffac,777,776,1790072114897.244,17.268638
1ac2ffac,778,777,1790072114942.209,44.96525
1ac2ffac,779,778,1790072114992.193,49.984118
1ac2ffac,780,779,1790072115027.592,35.398887
1ac2ffac,781,780,1790072115056.133,28.540556
1ac2ffac,782,781,1790072115106.552,50.419039
1ac2ffac,783,782,1790072115140.476,33.924585
1ac2ffac,784,783,1790072115174.896,34.41949
1ac2ffac,785,784,1790072115227.832,52.936362
1ac2ffac,786,785,1790072115257.424,29.592154
1ac2ffac,787,786,1790072115300.23,42.805842
1ac2ffac,788,787,1790072115343.55,43.31921
1ac2ffac,789,788,1790072115383.753,40.203176
1ac2ffac,790,789,1790072115416.476,32.723423
1ac2ffac,791,790,1790072115469.116,52.639555
1ac2ffac,792,791,1790072115509.397,40.280991
1ac2ffac,793,792,1790072115543.991,34.594398
1ac2ffac,794,793,1790072115574.49,30.498673
1ac2ffac,795,794,1790072115618.895,44.405668
1ac2ffac,796,795,1790072115660.752,41.857168
1ac2ffac,797,796,1790072115699.077,38.324479
1ac2ffac,798,797,1790072115806.248,107.170783
1ac2ffac,799,798,1790072115807.36,1.112563
1ac2ffac,800,799,1790072115834.171,26.81096
1ac2ffac,801,800,1790072115858.795,24.623983
1ac2ffac,802,801,1790072115895.302,36.506119
1ac2ffac,803,802,1790072115940.063,44.76196
1ac2ffac,804,803,1790072115981.867,41.803645
1ac2ffac,805,804,1790072116015.302,33.43515
1ac2ffac,806,805,1790072116054.926,39.624206
1ac2ffac,807,806,1790072116107.326,52.399497
1ac2ffac,808,807,1790072116137.663,30.337235
1ac2ffac,809,808,1790072116177.093,39.429771
1ac2ffac,810,809,1790072116216.248,39.155461
1ac2ffac,811,810,1790072116268.249,52.000861
1ac2ffac,812,811,1790072116299.111,30.861994
1ac2ffac,813,812,1790072116338.606,39.495042
1ac2ffac,814,813,1790072116380.505,41.898595
1ac2ffac,815,814,1790072116426.641,46.136283
1ac2ffac,816,815,1790072116463.03,36.389205
1ac2ffac,817,816,1790072116497.986,34.955156
1ac2ffac,818,817,1790072116540.444,42.458658
1ac2ffac,819,818,1790072116579.283,38.838987
1ac2ffac,820,819,1790072116617.174,37.890599
1ac2ffac,821,820,1790072116655.629,38.455324
1ac2ffac,822,821,1790072116694.629,39.000279
1ac2ffac,823,822,1790072116738.395,43.765842
1ac2ffac,824,823,1790072116776.044,37.649072
1ac2ffac,825,824,1790072116814.466,38.421574
1ac2ffac,826,825,1790072116863.009,48.542963
1ac2ffac,827,826,1790072116907.604,44.595392
1ac2ffac,828,827,1790072116945.357,37.752888
1ac2ffac,829,828,1790072116983.913,38.555759
1ac2ffac,830,829,1790072117016.081,32.167706
1ac2ffac,831,830,1790072117057.743,41.662532
1ac2ffac,832,831,1790072117093.819,36.076363
1ac2ffac,833,832,1790072117142.236,48.416681
1ac2ffac,834,833,1790072117185.402,43.165772
1ac2ffac,835,834,1790072117226.809,41.406734
1ac2ffac,836,835,1790072117255.851,29.041926
1ac2ffac,837,836,1790072117313.415,57.564244
1ac2ffac,838,837,1790072117347.213,33.798498
1ac2ffac,839,838,1790072117380.391,33.177379
1ac2ffac,840,839,1790072117419.151,38.760742
1ac2ffac,841,840,1790072117455.299,36.147604
1ac2ffac,842,841,1790072117501.303,46.004026
1ac2ffac,843,842,1790072117535.271,33.968296
1ac2ffac,844,843,1790072117580.221,44.949858
1ac2ffac,845,844,1790072117625.789,45.567866
1ac2ffac,846,845,1790072117655.141,29.352038
1ac2ffac,847,846,1790072117703.255,48.113757
1ac2ffac,848,847,1790072117817.229,113.973816
1ac2ffac,849,848,1790072117818.839,1.610113
1ac2ffac,850,849,1790072117820.256,1.416781
1ac2ffac,851,850,1790072117860.099,39.843871
1ac2ffac,852,851,1790072117910.082,49.982063
1ac2ffac,853,852,1790072117949.743,39.661751
1ac2ffac,854,853,1790072117982.974,33.230489
1ac2ffac,855,854,1790072118016.789,33.814862
1ac2ffac,856,855,1790072118059.449,42.660478
1ac2ffac,857,856,1790072118100.785,41.336102
1ac2ffac,858,857,1790072118135.612,34.826417
1ac2ffac,859,858,1790072118180.755,45.143546
1ac2ffac,860,859,1790072118223.475,42.719909
1ac2ffac,861,860,1790072118260.183,36.707833
1ac2ffac,862,861,1790072118297.112,36.928675
1ac2ffac,863,862,1790072118336.302,39.190643
1ac2ffac,864,863,1790072118382.4,46.097349
1ac2ffac,865,864,1790072118420.418,38.018177
1ac2ffac,866,865,1790072118473.69,53.271898
1ac2ffac,867,866,1790072118498.285,24.595513
1ac2ffac,868,867,1790072118535.414,37.128349
1ac2ffac,869,868,1790072118588.903,53.489785
1ac2ffac,870,869,1790072118621.045,32.141409
1ac2ffac,871,870,1790072118658.844,37.799675
1ac2ffac,872,871,1790072118694.693,35.848484
1ac2ffac,873,872,1790072118741.481,46.788266
1ac2ffac,874,873,1790072118787.65,46.169071
1ac2ffac,875,874,1790072118821.279,33.628892
1ac2ffac,876,875,1790072118858.846,37.566574
1ac2ffac,877,876,1790072118904.531,45.68525
1ac2ffac,878,877,1790072118934.866,30.334791
1ac2ffac,879,878,1790072118984.49,49.624796
1ac2ffac,880,879,1790072119023.003,38.512827
1ac2ffac,881,880,1790072119057.618,34.614782
1ac2ffac,882,881,1790072119099.835,42.216753
1ac2ffac,883,882,1790072119151.11,51.27471
1ac2ffac,884,883,1790072119173.971,22.86195
1ac2ffac,885,884,1790072119218.453,44.481574
1ac2ffac,886,885,1790072119264.204,45.750638
1ac2ffac,887,886,1790072119296.11,31.906205
1ac2ffac,888,887,1790072119351.575,55.465085
1ac2ffac,889,888,1790072119382.788,31.213028
1ac2ffac,890,889,1790072119415.73,32.94188
1ac2ffac,891,890,1790072119458.294,42.564629
1ac2ffac,892,891,1790072119520.422,62.127313
1ac2ffac,893,892,1790072119533.592,13.169617
1ac2ffac,894,893,1790072119579.279,45.687004
1ac2ffac,895,894,1790072119626.256,46.977794
1ac2ffac,896,895,1790072119668.798,42.542133
1ac2ffac,897,896,1790072119712.032,43.233932
1ac2ffac,898,897,1790072119810.211,98.178979
1ac2ffac,899,898,1790072119811.313,1.101599
1ac2ffac,900,899,1790072119813.383,2.069661
1ac2ffac,901,900,1790072119860.416,47.033122
1ac2ffac,902,901,1790072119896.126,35.71029
1ac2ffac,903,902,1790072119934.812,38.6855
1ac2ffac,904,903,1790072119983.738,48.926179
1ac2ffac,905,904,1790072120025.998,42.259963
1ac2ffac,906,905,1790072120066.34,40.342495
1ac2ffac,907,906,1790072120097.98,31.64003
1ac2ffac,908,907,1790072120135.621,37.640843
1ac2ffac,909,908,1790072120179.35,43.729245
1ac2ffac,910,909,1790072120245.116,65.765653
1ac2ffac,911,910,1790072120258.317,13.200749
1ac2ffac,912,911,1790072120305.297,46.980072
1ac2ffac,913,912,1790072120335.356,30.058942
1ac2ffac,914,913,1790072120380.83,45.474145
1ac2ffac,915,914,1790072120420.605,39.775372
1ac2ffac,916,915,1790072120464.002,43.396737
1ac2ffac,917,916,1790072120502.435,38.433138
1ac2ffac,918,917,1790072120533.619,31.184449
1ac2ffac,919,918,1790072120584.074,50.454952
1ac2ffac,920,919,1790072120617.51,33.435345
1ac2ffac,921,920,1790072120671.805,54.295104
1ac2ffac,922,921,1790072120696.719,24.914433
1ac2ffac,923,922,1790072120734.027,37.307854
1ac2ffac,924,923,1790072120781.172,47.144908
1ac2ffac,925,924,1790072120814.909,33.737215
1ac2ffac,926,925,1790072120855.377,40.467976
1ac2ffac,927,926,1790072120893.417,38.039617
1ac2ffac,928,927,1790072120940.813,47.396097
1ac2ffac,929,928,1790072120985.017,44.203723
1ac2ffac,930,929,1790072121017.366,32.349439
1ac2ffac,931,930,1790072121056.41,39.043923
1ac2ffac,932,931,1790072121106.886,50.475801
1ac2ffac,933,932,1790072121162.622,55.73653
1ac2ffac,934,933,1790072121175.575,12.95271
1ac2ffac,935,934,1790072121214.661,39.08549
1ac2ffac,936,935,1790072121265.741,51.080595
1ac2ffac,937,936,1790072121293.606,27.86468
1ac2ffac,938,937,1790072121339.63,46.024367
1ac2ffac,939,938,1790072121375.448,35.818212
1ac2ffac,940,939,1790072121416.791,41.342046
1ac2ffac,941,940,1790072121455.534,38.743249
1ac2ffac,942,941,1790072121505.17,49.63616
1ac2ffac,943,942,1790072121535.094,29.924512
1ac2ffac,944,943,1790072121582.791,47.696708
1ac2ffac,945,944,1790072121616.173,33.381748
1ac2ffac,946,945,1790072121656.338,40.164812
1ac2ffac,947,946,1790072121698.376,42.038207
1ac2ffac,948,947,1790072121828.932,130.555888
1ac2ffac,949,948,1790072121831.585,2.6535
1ac2ffac,950,949,1790072121834.899,3.313672
1ac2ffac,951,950,1790072121861.303,26.404335
1ac2ffac,952,951,1790072121898.588,37.284324
1ac2ffac,953,952,1790072121948.52,49.932364
1ac2ffac,954,953,1790072121973.362,24.842303
1ac2ffac,955,954,1790072122022.571,49.209113
1ac2ffac,956,955,1790072122058.914,36.342415
1ac2ffac,957,956,1790072122105.301,46.387481
1ac2ffac,958,957,1790072122146.385,41.083443
1ac2ffac,959,958,1790072122183.382,36.997585
1ac2ffac,960,959,1790072122220.181,36.798774
1ac2ffac,961,960,1790072122257.887,37.706115
1ac2ffac,962,961,1790072122301.448,43.561223
1ac2ffac,963,962,1790072122339.961,38.512734
1ac2ffac,964,963,1790072122384.377,44.416198
1ac2ffac,965,964,1790072122419.894,35.516864
1ac2ffac,966,965,1790072122456.764,36.869522
1ac2ffac,967,966,1790072122499.372,42.607742
1ac2ffac,968,967,1790072122541.548,42.17657
1ac2ffac,969,968,1790072122587.758,46.209681
1ac2ffac,970,969,1790072122616.065,28.307688
1ac2ffac,971,970,1790072122655.889,39.824003
1ac2ffac,972,971,1790072122693.229,37.339752
1ac2ffac,973,972,1790072122741.225,47.995697
1ac2ffac,974,973,1790072122775.58,34.355183
1ac2ffac,975,974,1790072122816.718,41.138009
1ac2ffac,976,975,1790072122862.698,45.979625
1ac2ffac,977,976,1790072122894.736,32.038408
1ac2ffac,978,977,1790072122940.837,46.100697
1ac2ffac,979,978,1790072122975.856,35.019538
1ac2ffac,980,979,1790072123017.09,41.233965
1ac2ffac,981,980,1790072123064.635,47.545182
1ac2ffac,982,981,1790072123099.226,34.590617
1ac2ffac,983,982,1790072123157.043,57.817331
1ac2ffac,984,983,1790072123180.725,23.681045
1ac2ffac,985,984,1790072123215.158,34.433401
1ac2ffac,986,985,1790072123255.82,40.661744
1ac2ffac,987,986,1790072123308.814,52.994783
1ac2ffac,988,987,1790072123349.28,40.465956
1ac2ffac,989,988,1790072123382.246,32.965917
1ac2ffac,990,989,1790072123418.346,36.099787
1ac2ffac,991,990,1790072123456.587,38.240482
1ac2ffac,992,991,1790072123501.928,45.341609
1ac2ffac,993,992,1790072123540.329,38.400362
1ac2ffac,994,993,1790072123574.753,34.424906
1ac2ffac,995,994,1790072123628.006,53.252507
1ac2ffac,996,995,1790072123660.023,32.017372
1ac2ffac,997,996,1790072123700.038,40.014571
1ac2ffac,998,997,1790072123816.16,116.122235
1ac2ffac,999,998,1790072123817.503,1.343132
1ac2ffac,1000,999,1790072123819.462,1.959024
1ac2ffac,1001,1000,1790072123858.485,39.022993
1ac2ffac,1002,1001,1790072123902.727,44.241476
1ac2ffac,1003,1002,1790072123943.046,40.318949
1ac2ffac,1004,1003,1790072123975.404,32.35867
1ac2ffac,1005,1004,1790072124015.116,39.712187
1ac2ffac,1006,1005,1790072124071.716,56.599383
1ac2ffac,1007,1006,1790072124101.834,30.117933
1ac2ffac,1008,1007,1790072124141.482,39.647889
1ac2ffac,1009,1008,1790072124175.737,34.255362
1ac2ffac,1010,1009,1790072124221.683,45.946311
1ac2ffac,1011,1010,1790072124259.342,37.658306
1ac2ffac,1012,1011,1790072124294.389,35.047747
1ac2ffac,1013,1012,1790072124340.601,46.211773
1ac2ffac,1014,1013,1790072124393.589,52.987815
1ac2ffac,1015,1014,1790072124425.217,31.628246
1ac2ffac,1016,1015,1790072124459.145,33.927592
1ac2ffac,1017,1016,1790072124502.875,43.729626
1ac2ffac,1018,1017,1790072124543.928,41.053359
1ac2ffac,1019,1018,1790072124573.977,30.049352
1ac2ffac,1020,1019,1790072124622.0,48.022493
1ac2ffac,1021,1020,1790072124655.212,33.212554
1ac2ffac,1022,1021,1790072124702.086,46.873592
1ac2ffac,1023,1022,1790072124751.787,49.701281
1ac2ffac,1024,1023,1790072124775.52,23.732743
1ac2ffac,1025,1024,1790072124820.166,44.645783
1ac2ffac,1026,1025,1790072124872.077,51.911782
1ac2ffac,1027,1026,1790072124905.715,33.637217
1ac2ffac,1028,1027,1790072124943.402,37.687761
1ac2ffac,1029,1028,1790072124981.348,37.945332
1ac2ffac,1030,1029,1790072125016.276,34.927859
1ac2ffac,1031,1030,1790072125056.562,40.286747
1ac2ffac,1032,1031,1790072125110.456,53.89334
1ac2ffac,1033,1032,1790072125136.356,25.900779
1ac2ffac,1034,1033,1790072125182.119,45.762841
1ac2ffac,1035,1034,1790072125215.518,33.398497
1ac2ffac,1036,1035,1790072125255.506,39.988613
1ac2ffac,1037,1036,1790072125297.758,42.251704
1ac2ffac,1038,1037,1790072125336.479,38.720233
1ac2ffac,1039,1038,1790072125374.485,38.007044
1ac2ffac,1040,1039,1790072125415.653,41.167322
1ac2ffac,1041,1040,1790072125455.385,39.732006
1ac2ffac,1042,1041,1790072125495.301,39.916205
1ac2ffac,1043,1042,1790072125540.532,45.231616
1ac2ffac,1044,1043,1790072125579.101,38.568252
1ac2ffac,1045,1044,1790072125637.427,58.325991
1ac2ffac,1046,1045,1790072125659.719,22.291818
1ac2ffac,1047,1046,1790072125699.424,39.705713
1ac2ffac,1048,1047,1790072125808.938,109.514054
1ac2ffac,1049,1048,1790072125809.645,0.706466
1ac2ffac,1050,1049,1790072125815.925,6.280008
1ac2ffac,1051,1050,1790072125857.277,41.352533
1ac2ffac,1052,1051,1790072125895.988,38.71085
1ac2ffac,1053,1052,1790072125942.645,46.656904
1ac2ffac,1054,1053,1790072125990.029,47.384082
1ac2ffac,1055,1054,1790072126018.919,28.889691
1ac2ffac,1056,1055,1790072126057.733,38.813593
1ac2ffac,1057,1056,1790072126096.748,39.015764
1ac2ffac,1058,1057,1790072126140.908,44.159444
1ac2ffac,1059,1058,1790072126178.955,38.047295
1ac2ffac,1060,1059,1790072126216.092,37.137163
1ac2ffac,1061,1060,1790072126258.957,42.864391
1ac2ffac,1062,1061,1790072126296.234,37.277645
1ac2ffac,1063,1062,1790072126335.377,39.142417
1ac2ffac,1064,1063,1790072126375.623,40.246705
1ac2ffac,1065,1064,1790072126421.533,45.909416
1ac2ffac,1066,1065,1790072126456.775,35.24201
1ac2ffac,1067,1066,1790072126505.835,49.059981
1ac2ffac,1068,1067,1790072126540.157,34.321888
1ac2ffac,1069,1068,1790072126575.79,35.633631
1ac2ffac,1070,1069,1790072126695.16,119.369831
1ac2ffac,1071,1070,1790072126705.318,10.158
1ac2ffac,1072,1071,1790072126710.898,5.579696
1ac2ffac,1073,1072,1790072126741.318,30.420167
1ac2ffac,1074,1073,1790072126779.47,38.151851
1ac2ffac,1075,1074,1790072126826.213,46.743612
1ac2ffac,1076,1075,1790072126873.311,47.097612
1ac2ffac,1077,1076,1790072126901.202,27.891263
1ac2ffac,1078,1077,1790072126946.245,45.042863
1ac2ffac,1079,1078,1790072126988.578,42.333102
1ac2ffac,1080,1079,1790072127022.604,34.025359
1ac2ffac,1081,1080,1790072127057.328,34.723885
1ac2ffac,1082,1081,1790072127097.618,40.290941
1ac2ffac,1083,1082,1790072127135.955,38.336072
1ac2ffac,1084,1083,1790072127176.592,40.637394
1ac2ffac,1085,1084,1790072127225.89,49.298376
1ac2ffac,1086,1085,1790072127260.947,35.056207
1ac2ffac,1087,1086,1790072127293.77,32.823847
1ac2ffac,1088,1087,1790072127347.604,53.833383
1ac2ffac,1089,1088,1790072127379.854,32.250208
1ac2ffac,1090,1089,1790072127420.042,40.187502
1ac2ffac,1091,1090,1790072127463.595,43.554093
1ac2ffac,1092,1091,1790072127505.346,41.750882
1ac2ffac,1093,1092,1790072127544.486,39.139232
1ac2ffac,1094,1093,1790072127574.472,29.986242
1ac2ffac,1095,1094,1790072127623.668,49.19573
1ac2ffac,1096,1095,1790072127657.653,33.985509
1ac2ffac,1097,1096,1790072127701.576,43.922477
1ac2ffac,1098,1097,1790072127825.361,123.785285
1ac2ffac,1099,1098,1790072127826.935,1.573701
1ac2ffac,1100,1099,1790072127828.367,1.432001
1ac2ffac,1101,1100,1790072127865.969,37.60204
1ac2ffac,1102,1101,1790072127894.239,28.270489
1ac2ffac,1103,1102,1790072127944.357,50.117883
1ac2ffac,1104,1103,1790072127984.372,40.014781
1ac2ffac,1105,1104,1790072128033.746,49.374308
1ac2ffac,1106,1105,1790072128062.202,28.455856
1ac2ffac,1107,1106,1790072128100.515,38.313127
1ac2ffac,1108,1107,1790072128146.445,45.929517
1ac2ffac,1109,1108,1790072128180.564,34.119101
1ac2ffac,1110,1109,1790072128219.247,38.683041
1ac2ffac,1111,1110,1790072128262.218,42.971473
1ac2ffac,1112,1111,1790072128295.618,33.400265
1ac2ffac,1113,1112,1790072128334.19,38.57179
1ac2ffac,1114,1113,1790072128388.237,54.046853
1ac2ffac,1115,1114,1790072128425.514,37.277103
1ac2ffac,1116,1115,1790072128469.845,44.331056
1ac2ffac,1117,1116,1790072128500.406,30.561002
1ac2ffac,1118,1117,1790072128534.823,34.416278
1ac2ffac,1119,1118,1790072128580.939,46.116513
1ac2ffac,1120,1119,1790072128620.66,39.721153
1ac2ffac,1121,1120,1790072128664.564,43.903766
1ac2ffac,1122,1121,1790072128694.813,30.249378
1ac2ffac,1123,1122,1790072128741.113,46.299435
1ac2ffac,1124,1123,1790072128785.189,44.076237
1ac2ffac,1125,1124,1790072128817.083,31.893713
1ac2ffac,1126,1125,1790072128856.599,39.516045
1ac2ffac,1127,1126,1790072128902.834,46.235277
1ac2ffac,1128,1127,1790072128933.916,31.081438
1ac2ffac,1129,1128,1790072128979.352,45.436583
1ac2ffac,1130,1129,1790072129023.117,43.764492
1ac2ffac,1131,1130,1790072129061.261,38.14402
1ac2ffac,1132,1131,1790072129105.609,44.34874
1ac2ffac,1133,1132,1790072129141.574,35.964882
1ac2ffac,1134,1133,1790072129184.038,42.464131
1ac2ffac,1135,1134,1790072129215.158,31.119322
1ac2ffac,1136,1135,1790072129262.18,47.0223
1ac2ffac,1137,1136,1790072129303.554,41.374225
1ac2ffac,1138,1137,1790072129345.566,42.011961
1ac2ffac,1139,1138,1790072129383.627,38.061277
1ac2ffac,1140,1139,1790072129415.381,31.753111
1ac2ffac,1141,1140,1790072129454.903,39.522643
1ac2ffac,1142,1141,1790072129500.323,45.419971
1ac2ffac,1143,1142,1790072129542.405,42.081546
1ac2ffac,1144,1143,1790072129575.037,32.632223
1ac2ffac,1145,1144,1790072129631.169,56.132188
1ac2ffac,1146,1145,1790072129672.944,41.774711
1ac2ffac,1147,1146,1790072129707.045,34.101294
1ac2ffac,1148,1147,1790072129808.741,101.695737
1ac2ffac,1149,1148,1790072129809.976,1.234865
1ac2ffac,1150,1149,1790072129814.926,4.950571
1ac2ffac,1151,1150,1790072129860.635,45.708918
1ac2ffac,1152,1151,1790072129894.607,33.972146
1ac2ffac,1153,1152,1790072129940.367,45.759473
1ac2ffac,1154,1153,1790072129980.947,40.580509
1ac2ffac,1155,1154,1790072130031.36,50.412743
1ac2ffac,1156,1155,1790072130056.148,24.787874
1ac2ffac,1157,1156,1790072130096.889,40.74115
1ac2ffac,1158,1157,1790072130138.594,41.704709
1ac2ffac,1159,1158,1790072130180.365,41.770834
1ac2ffac,1160,1159,1790072130219.958,39.593586
1ac2ffac,1161,1160,1790072130259.538,39.579507
1ac2ffac,1162,1161,1790072130308.338,48.800337
1ac2ffac,1163,1162,1790072130340.837,32.498602
1ac2ffac,1164,1163,1790072130400.9,60.063687
1ac2ffac,1165,1164,1790072130446.744,45.844047
1ac2ffac,1166,1165,1790072130470.419,23.674618
1ac2ffac,1167,1166,1790072130512.938,42.518612
1ac2ffac,1168,1167,1790072130544.14,31.202367
1ac2ffac,1169,1168,1790072130584.134,39.993703
1ac2ffac,1170,1169,1790072130621.861,37.727295
1ac2ffac,1171,1170,1790072130659.562,37.701088
1ac2ffac,1172,1171,1790072130705.593,46.030421
1ac2ffac,1173,1172,1790072130746.987,41.39418
1ac2ffac,1174,1173,1790072130786.966,39.97915
1ac2ffac,1175,1174,1790072130818.093,31.126665
1ac2ffac,1176,1175,1790072130856.916,38.823281
1ac2ffac,1177,1176,1790072130898.89,41.974232
1ac2ffac,1178,1177,1790072130938.803,39.912885
1ac2ffac,1179,1178,1790072130987.533,48.729851
1ac2ffac,1180,1179,1790072131025.244,37.711391
1ac2ffac,1181,1180,1790072131054.124,28.879525
1ac2ffac,1182,1181,1790072131098.707,44.583256
1ac2ffac,1183,1182,1790072131148.737,50.030208
1ac2ffac,1184,1183,1790072131190.655,41.91784
1ac2ffac,1185,1184,1790072131226.532,35.877184
1ac2ffac,1186,1185,1790072131257.795,31.262622
1ac2ffac,1187,1186,1790072131293.543,35.748422
1ac2ffac,1188,1187,1790072131333.743,40.199335
1ac2ffac,1189,1188,1790072131384.725,50.982216
1ac2ffac,1190,1189,1790072131417.825,33.099895
1ac2ffac,1191,1190,1790072131455.213,37.388131
1ac2ffac,1192,1191,1790072131502.33,47.117266
1ac2ffac,1193,1192,1790072131534.471,32.141433
1ac2ffac,1194,1193,1790072131582.687,48.215556
1ac2ffac,1195,1194,1790072131627.718,45.030358
1ac2ffac,1196,1195,1790072131656.738,29.020213
1ac2ffac,1197,1196,1790072131695.378,38.639917
1ac2ffac,1198,1197,1790072131811.566,116.188817
1ac2ffac,1199,1198,1790072131812.565,0.999078
1ac2ffac,1200,1199,1790072131815.804,3.238482
1ac2ffac,1201,1200,1790072131857.278,41.473886
1ac2ffac,1202,1201,1790072131894.994,37.715791
1ac2ffac,1203,1202,1790072131957.874,62.880201
1ac2ffac,1204,1203,1790072131976.447,18.573489
1ac2ffac,1205,1204,1790072132016.374,39.927017
1ac2ffac,1206,1205,1790072132058.796,42.421453
1ac2ffac,1207,1206,1790072132102.525,43.72888
1ac2ffac,1208,1207,1790072132140.893,38.368315
1ac2ffac,1209,1208,1790072132175.754,34.860988
1ac2ffac,1210,1209,1790072132222.677,46.922861
1ac2ffac,1211,1210,1790072132263.844,41.167756
1ac2ffac,1212,1211,1790072132302.943,39.097972
1ac2ffac,1213,1212,1790072132338.68,35.737146
1ac2ffac,1214,1213,1790072132375.219,36.53949
1ac2ffac,1215,1214,1790072132421.583,46.36354
1ac2ffac,1216,1215,1790072132462.083,40.500773
1ac2ffac,1217,1216,1790072132499.604,37.520946
1ac2ffac,1218,1217,1790072132535.418,35.813608
1ac2ffac,1219,1218,1790072132576.12,40.702217
1ac2ffac,1220,1219,1790072132619.539,43.418179
1ac2ffac,1221,1220,1790072132662.054,42.515806
1ac2ffac,1222,1221,1790072132693.837,31.783246
1ac2ffac,1223,1222,1790072132745.571,51.733145
1ac2ffac,1224,1223,1790072132787.074,41.5037
1ac2ffac,1225,1224,1790072132820.735,33.660977
1ac2ffac,1226,1225,1790072132865.024,44.288615
1ac2ffac,1227,1226,1790072132906.676,41.651689
1ac2ffac,1228,1227,1790072132947.159,40.483559
1ac2ffac,1229,1228,1790072132974.968,27.808918
1ac2ffac,1230,1229,1790072133037.01,62.04172
1ac2ffac,1231,1230,1790072133055.683,18.673545
1ac2ffac,1232,1231,1790072133099.665,43.981308
1ac2ffac,1233,1232,1790072133134.881,35.216316
1ac2ffac,1234,1233,1790072133175.47,40.589455
1ac2ffac,1235,1234,1790072133217.48,42.009563
1ac2ffac,1236,1235,1790072133258.853,41.372937
1ac2ffac,1237,1236,1790072133294.343,35.489983
1ac2ffac,1238,1237,1790072133340.223,45.88047
1ac2ffac,1239,1238,1790072133383.548,43.324659
1ac2ffac,1240,1239,1790072133420.777,37.228981
1ac2ffac,1241,1240,1790072133453.491,32.713673
1ac2ffac,1242,1241,1790072133496.499,43.008066
1ac2ffac,1243,1242,1790072133542.062,45.563005
1ac2ffac,1244,1243,1790072133575.132,33.070104
1ac2ffac,1245,1244,1790072133628.135,53.003373
1ac2ffac,1246,1245,1790072133671.182,43.04693
1ac2ffac,1247,1246,1790072133697.707,26.524888
1ac2ffac,1248,1247,1790072133817.171,119.463622
1ac2ffac,1249,1248,1790072133818.385,1.214162
1ac2ffac,1250,1249,1790072133820.455,2.070433
1ac2ffac,1251,1250,1790072133859.512,39.05727
1ac2ffac,1252,1251,1790072133901.639,42.126239
1ac2ffac,1253,1252,1790072133934.887,33.248625
1ac2ffac,1254,1253,1790072133983.569,48.681412
1ac2ffac,1255,1254,1790072134018.568,34.998943
1ac2ffac,1256,1255,1790072134060.219,41.650954
1ac2ffac,1257,1256,1790072134108.0,47.781699
1ac2ffac,1258,1257,1790072134137.146,29.144943
1ac2ffac,1259,1258,1790072134175.01,37.865089
1ac2ffac,1260,1259,1790072134218.728,43.717799
1ac2ffac,1261,1260,1790072134261.625,42.897223
1ac2ffac,1262,1261,1790072134298.509,36.883037
1ac2ffac,1263,1262,1790072134349.479,50.9701
1ac2ffac,1264,1263,1790072134375.794,26.315604
1ac2ffac,1265,1264,1790072134417.811,42.016917
1ac2ffac,1266,1265,1790072134460.092,42.28055
1ac2ffac,1267,1266,1790072134501.66,41.567919
1ac2ffac,1268,1267,1790072134541.662,40.002077
1ac2ffac,1269,1268,1790072134585.525,43.862922
1ac2ffac,1270,1269,1790072134617.745,32.220531
1ac2ffac,1271,1270,1790072134663.542,45.7963
1ac2ffac,1272,1271,1790072134698.413,34.87166
1ac2ffac,1273,1272,1790072134746.345,47.931947
1ac2ffac,1274,1273,1790072134775.187,28.841802
1ac2ffac,1275,1274,1790072134821.966,46.779251
1ac2ffac,1276,1275,1790072134855.999,34.032661
1ac2ffac,1277,1276,1790072134897.642,41.643068
1ac2ffac,1278,1277,1790072134934.895,37.253488
1ac2ffac,1279,1278,1790072134981.865,46.970014
1ac2ffac,1280,1279,1790072135028.132,46.266197
1ac2ffac,1281,1280,1790072135055.192,27.060092
1ac2ffac,1282,1281,1790072135093.948,38.755875
1ac2ffac,1283,1282,1790072135139.848,45.900226
1ac2ffac,1284,1283,1790072135187.289,47.440913
1ac2ffac,1285,1284,1790072135297.909,110.620475
1ac2ffac,1286,1285,1790072135302.839,4.929654
1ac2ffac,1287,1286,1790072135309.533,6.694126
1ac2ffac,1288,1287,1790072135336.532,26.998765
1ac2ffac,1289,1288,1790072135387.671,51.139373
1ac2ffac,1290,1289,1790072135417.885,30.213561
1ac2ffac,1291,1290,1790072135458.601,40.715891
1ac2ffac,1292,1291,1790072135505.141,46.540984
1ac2ffac,1293,1292,1790072135548.843,43.701519
1ac2ffac,1294,1293,1790072135579.928,31.085342
1ac2ffac,1295,1294,1790072135620.997,41.068662
1ac2ffac,1296,1295,1790072135656.365,35.367612
1ac2ffac,1297,1296,1790072135703.999,47.634757
1ac2ffac,1298,1297,1790072135808.4,104.401066
1ac2ffac,1299,1298,1790072135809.521,1.120722
1ac2ffac,1300,1299,1790072135814.87,5.349143
1ac2ffac,1301,1300,1790072135861.631,46.760332
1ac2ffac,1302,1301,1790072135910.503,48.872662
1ac2ffac,1303,1302,1790072135935.017,24.513651
1ac2ffac,1304,1303,1790072135976.962,41.945536
1ac2ffac,1305,1304,1790072136020.826,43.863936
1ac2ffac,1306,1305,1790072136056.311,35.484397
1ac2ffac,1307,1306,1790072136095.523,39.212241
1ac2ffac,1308,1307,1790072136143.492,47.968858
1ac2ffac,1309,1308,1790072136178.8,35.308046
1ac2ffac,1310,1309,1790072136215.238,36.43799
1ac2ffac,1311,1310,1790072136255.398,40.159911
1ac2ffac,1312,1311,1790072136294.008,38.609801
1ac2ffac,1313,1312,1790072136340.021,46.012752
1ac2ffac,1314,1313,1790072136379.822,39.801646
1ac2ffac,1315,1314,1790072136425.129,45.306678
1ac2ffac,1316,1315,1790072136466.495,41.366544
1ac2ffac,1317,1316,1790072136500.529,34.033785
1ac2ffac,1318,1317,1790072136533.624,33.09438
1ac2ffac,1319,1318,1790072136578.812,45.188905
1ac2ffac,1320,1319,1790072136615.271,36.45836
1ac2ffac,1321,1320,1790072136655.011,39.740294
1ac2ffac,1322,1321,1790072136703.141,48.130152
1ac2ffac,1323,1322,1790072136733.825,30.68397
1ac2ffac,1324,1323,1790072136778.022,44.197126
1ac2ffac,1325,1324,1790072136827.187,49.164417
1ac2ffac,1326,1325,1790072136857.856,30.66934
1ac2ffac,1327,1326,1790072136900.401,42.544755
1ac2ffac,1328,1327,1790072136935.613,35.211925
1ac2ffac,1329,1328,1790072136978.455,42.842307
1ac2ffac,1330,1329,1790072137022.437,43.98163
1ac2ffac,1331,1330,1790072137066.852,44.415528
1ac2ffac,1332,1331,1790072137098.9,32.048108
1ac2ffac,1333,1332,1790072137147.881,48.980718
1ac2ffac,1334,1333,1790072137174.57,26.688676
1ac2ffac,1335,1334,1790072137214.493,39.923269
1ac2ffac,1336,1335,1790072137265.828,51.335023
1ac2ffac,1337,1336,1790072137317.021,51.193393
1ac2ffac,1338,1337,1790072137337.885,20.8631
1ac2ffac,1339,1338,1790072137375.717,37.832314
1ac2ffac,1340,1339,1790072137415.083,39.366539
1ac2ffac,1341,1340,1790072137468.904,53.820487
1ac2ffac,1342,1341,1790072137497.103,28.199437
1ac2ffac,1343,1342,1790072137540.44,43.336444
1ac2ffac,1344,1343,1790072137574.741,34.301763
1ac2ffac,1345,1344,1790072137616.498,41.756785
1ac2ffac,1346,1345,1790072137664.456,47.957913
1ac2ffac,1347,1346,1790072137699.236,34.779706
1ac2ffac,1348,1347,1790072137821.854,122.618314
1ac2ffac,1349,1348,1790072137823.175,1.32034
1ac2ffac,1350,1349,1790072137824.571,1.396352
1ac2ffac,1351,1350,1790072137860.243,35.672412
1ac2ffac,1352,1351,1790072137907.525,47.281514
1ac2ffac,1353,1352,1790072137944.394,36.869
1ac2ffac,1354,1353,1790072137981.972,37.578296
1ac2ffac,1355,1354,1790072138022.591,40.618613
1ac2ffac,1356,1355,1790072138062.017,39.426442
1ac2ffac,1357,1356,1790072138111.586,49.569363
1ac2ffac,1358,1357,1790072138143.169,31.582671
1ac2ffac,1359,1358,1790072138179.479,36.310007
1ac2ffac,1360,1359,1790072138225.728,46.24884
1ac2ffac,1361,1360,1790072138255.492,29.764381
1ac2ffac,1362,1361,1790072138304.452,48.959682
1ac2ffac,1363,1362,1790072138339.692,35.239543
1ac2ffac,1364,1363,1790072138381.539,41.847479
1ac2ffac,1365,1364,1790072138415.444,33.905222
1ac2ffac,1366,1365,1790072138464.393,48.948301
1ac2ffac,1367,1366,1790072138494.479,30.08671
1ac2ffac,1368,1367,1790072138541.824,47.34488
1ac2ffac,1369,1368,1790072138576.376,34.552268
1ac2ffac,1370,1369,1790072138620.73,44.353304
1ac2ffac,1371,1370,1790072138657.149,36.41931
1ac2ffac,1372,1371,1790072138695.128,37.978672
1ac2ffac,1373,1372,1790072138735.298,40.170106
1ac2ffac,1374,1373,1790072138782.161,46.863368
1ac2ffac,1375,1374,1790072138816.802,34.64089
1ac2ffac,1376,1375,1790072138856.132,39.329909
1ac2ffac,1377,1376,1790072138897.09,40.958164
1ac2ffac,1378,1377,1790072138933.287,36.196621
1ac2ffac,1379,1378,1790072138976.547,43.259715
1ac2ffac,1380,1379,1790072139018.678,42.131735
1ac2ffac,1381,1380,1790072139059.14,40.462178
1ac2ffac,1382,1381,1790072139101.721,42.580544
1ac2ffac,1383,1382,1790072139140.167,38.446007
1ac2ffac,1384,1383,1790072139174.833,34.665937
1ac2ffac,1385,1384,1790072139219.074,44.241445
1ac2ffac,1386,1385,1790072139273.511,54.436794
1ac2ffac,1387,1386,1790072139294.584,21.072975
1ac2ffac,1388,1387,1790072139339.708,45.124279
1ac2ffac,1389,1388,1790072139395.95,56.241403
1ac2ffac,1390,1389,1790072139420.516,24.56625
1ac2ffac,1391,1390,1790072139456.281,35.765093
1ac2ffac,1392,1391,1790072139499.233,42.952149
1ac2ffac,1393,1392,1790072139548.218,48.984395
1ac2ffac,1394,1393,1790072139575.305,27.087047
1ac2ffac,1395,1394,1790072139629.997,54.692132
1ac2ffac,1396,1395,1790072139656.097,26.100251
1ac2ffac,1397,1396,1790072139700.236,44.138714
1ac2ffac,1398,1397,1790072139829.521,129.285616
1ac2ffac,1399,1398,1790072139835.5,5.978803
1ac2ffac,1400,1399,1790072139838.829,3.328833
1ac2ffac,1401,1400,1790072139866.43,27.601272
1ac2ffac,1402,1401,1790072139896.574,30.143402
1ac2ffac,1403,1402,1790072139938.659,42.084968
1ac2ffac,1404,1403,1790072139982.794,44.135274
1ac2ffac,1405,1404,1790072140026.288,43.494013
1ac2ffac,1406,1405,1790072140056.705,30.416791
1ac2ffac,1407,1406,1790072140108.895,52.189945
1ac2ffac,1408,1407,1790072140141.055,32.160456
1ac2ffac,1409,1408,1790072140184.636,43.58051
1ac2ffac,1410,1409,1790072140216.153,31.517679
1ac2ffac,1411,1410,1790072140268.476,52.322969
1ac2ffac,1412,1411,1790072140300.426,31.94982
1ac2ffac,1413,1412,1790072140338.461,38.035297
1ac2ffac,1414,1413,1790072140376.579,38.117402
1ac2ffac,1415,1414,1790072140416.211,39.632643
1ac2ffac,1416,1415,1790072140454.204,37.991985
1ac2ffac,1417,1416,1790072140505.348,51.14441
1ac2ffac,1418,1417,1790072140542.343,36.994965
1ac2ffac,1419,1418,1790072140576.593,34.250287
1ac2ffac,1420,1419,1790072140616.129,39.536138
1ac2ffac,1421,1420,1790072140659.541,43.411799
1ac2ffac,1422,1421,1790072140704.402,44.861251
1ac2ffac,1423,1422,1790072140746.723,42.320799
1ac2ffac,1424,1423,1790072140778.255,31.531818
1ac2ffac,1425,1424,1790072140815.484,37.229222
1ac2ffac,1426,1425,1790072140863.694,48.209694
1ac2ffac,1427,1426,1790072140894.123,30.42875
1ac2ffac,1428,1427,1790072140935.053,40.930341
1ac2ffac,1429,1428,1790072140982.542,47.489117
1ac2ffac,1430,1429,1790072141024.521,41.978319
1ac2ffac,1431,1430,1790072141055.333,30.81202
1ac2ffac,1432,1431,1790072141104.839,49.506497
1ac2ffac,1433,1432,1790072141136.412,31.573442
1ac2ffac,1434,1433,1790072141183.262,46.84966
1ac2ffac,1435,1434,1790072141215.842,32.580042
1ac2ffac,1436,1435,1790072141260.113,44.271305
1ac2ffac,1437,1436,1790072141301.737,41.623322
1ac2ffac,1438,1437,1790072141340.198,38.460821
1ac2ffac,1439,1438,1790072141378.549,38.35168
1ac2ffac,1440,1439,1790072141420.103,41.553578
1ac2ffac,1441,1440,1790072141454.856,34.753436
1ac2ffac,1442,1441,1790072141505.411,50.554473
1ac2ffac,1443,1442,1790072141534.638,29.22692
1ac2ffac,1444,1443,1790072141583.469,48.831589
1ac2ffac,1445,1444,1790072141621.377,37.907732
1ac2ffac,1446,1445,1790072141660.513,39.136506
1ac2ffac,1447,1446,1790072141696.19,35.676671
1ac2ffac,1448,1447,1790072141829.379,133.188762
1ac2ffac,1449,1448,1790072141831.283,1.904242
1ac2ffac,1450,1449,1790072141833.223,1.939441
1ac2ffac,1451,1450,1790072141862.633,29.410259
1ac2ffac,1452,1451,1790072141898.349,35.715764
1ac2ffac,1453,1452,1790072141943.153,44.804168
1ac2ffac,1454,1453,1790072141984.306,41.153484
1ac2ffac,1455,1454,1790072142016.024,31.717853
1ac2ffac,1456,1455,1790072142060.496,44.472026
1ac2ffac,1457,1456,1790072142096.15,35.653798
1ac2ffac,1458,1457,1790072142144.415,48.264714
1ac2ffac,1459,1458,1790072142187.186,42.771201
1ac2ffac,1460,1459,1790072142220.19,33.003807
1ac2ffac,1461,1460,1790072142267.389,47.199859
1ac2ffac,1462,1461,1790072142301.794,34.404324
1ac2ffac,1463,1462,1790072142334.901,33.107427
1ac2ffac,1464,1463,1790072142381.728,46.827048
1ac2ffac,1465,1464,1790072142415.15,33.42206
1ac2ffac,1466,1465,1790072142459.251,44.100513
1ac2ffac,1467,1466,1790072142495.146,35.895409
1ac2ffac,1468,1467,1790072142545.628,50.481673
1ac2ffac,1469,1468,1790072142578.001,32.372772
1ac2ffac,1470,1469,1790072142618.704,40.703135
1ac2ffac,1471,1470,1790072142655.689,36.984795
1ac2ffac,1472,1471,1790072142695.221,39.532543
1ac2ffac,1473,1472,1790072142735.079,39.857502
1ac2ffac,1474,1473,1790072142783.364,48.285649
1ac2ffac,1475,1474,1790072142815.111,31.746643
1ac2ffac,1476,1475,1790072142869.697,54.585774
1ac2ffac,1477,1476,1790072142900.118,30.421685
1ac2ffac,1478,1477,1790072142941.417,41.298919
1ac2ffac,1479,1478,1790072142976.828,35.410893
1ac2ffac,1480,1479,1790072143017.249,40.420573
1ac2ffac,1481,1480,1790072143057.479,40.230131
1ac2ffac,1482,1481,1790072143100.385,42.90582
1ac2ffac,1483,1482,1790072143139.686,39.301229
1ac2ffac,1484,1483,1790072143184.67,44.984491
1ac2ffac,1485,1484,1790072143218.101,33.430261
1ac2ffac,1486,1485,1790072143255.646,37.545256
1ac2ffac,1487,1486,1790072143298.441,42.795116
1ac2ffac,1488,1487,1790072143338.119,39.677536
1ac2ffac,1489,1488,1790072143375.872,37.752792
1ac2ffac,1490,1489,1790072143414.504,38.632846
1ac2ffac,1491,1490,1790072143464.2,49.695998
1ac2ffac,1492,1491,1790072143497.469,33.268946
1ac2ffac,1493,1492,1790072143547.02,49.550154
1ac2ffac,1494,1493,1790072143575.469,28.450054
1ac2ffac,1495,1494,1790072143643.249,67.779441
1ac2ffac,1496,1495,1790072143657.835,14.585791
1ac2ffac,1497,1496,1790072143710.568,52.733104
1ac2ffac,1498,1497,1790072143813.089,102.521534
1ac2ffac,1499,1498,1790072143813.919,0.829549
1ac2ffac,1500,1499,1790072143815.532,1.613297
1ac2ffac,1501,1500,1790072143863.131,47.598762
1ac2ffac,1502,1501,1790072143912.074,48.943044
1ac2ffac,1503,1502,1790072143943.418,31.344381
1ac2ffac,1504,1503,1790072143985.124,41.70599
1ac2ffac,1505,1504,1790072144025.542,40.417562
1ac2ffac,1506,1505,1790072144055.837,30.294886
1ac2ffac,1507,1506,1790072144108.101,52.263903
1ac2ffac,1508,1507,1790072144135.164,27.063337
1ac2ffac,1509,1508,1790072144179.01,43.846561
1ac2ffac,1510,1509,1790072144221.36,42.349407
1ac2ffac,1511,1510,1790072144255.485,34.125118
1ac2ffac,1512,1511,1790072144308.492,53.007308
1ac2ffac,1513,1512,1790072144344.193,35.700511
1ac2ffac,1514,1513,1790072144378.159,33.966037
1ac2ffac,1515,1514,1790072144415.98,37.821084
1ac2ffac,1516,1515,1790072144455.17,39.190023
1ac2ffac,1517,1516,1790072144493.824,38.653612
1ac2ffac,1518,1517,1790072144546.04,52.216646
1ac2ffac,1519,1518,1790072144578.715,32.674698
1ac2ffac,1520,1519,1790072144623.281,44.566371
1ac2ffac,1521,1520,1790072144660.411,37.129725
1ac2ffac,1522,1521,1790072144693.417,33.006124
1ac2ffac,1523,1522,1790072144738.448,45.030346
1ac2ffac,1524,1523,1790072144778.729,40.280776
1ac2ffac,1525,1524,1790072144814.563,35.834989
1ac2ffac,1526,1525,1790072144859.083,44.519469
1ac2ffac,1527,1526,1790072144900.721,41.638414
1ac2ffac,1528,1527,1790072144937.981,37.2597
1ac2ffac,1529,1528,1790072144985.84,47.858679
1ac2ffac,1530,1529,1790072145016.865,31.02482
1ac2ffac,1531,1530,1790072145055.939,39.074818
1ac2ffac,1532,1531,1790072145113.457,57.517637
1ac2ffac,1533,1532,1790072145138.983,25.526108
1ac2ffac,1534,1533,1790072145174.163,35.180052
1ac2ffac,1535,1534,1790072145214.686,40.522903
1ac2ffac,1536,1535,1790072145259.163,44.476953
1ac2ffac,1537,1536,1790072145305.403,46.23998
1ac2ffac,1538,1537,1790072145343.465,38.062336
1ac2ffac,1539,1538,1790072145377.628,34.162925
1ac2ffac,1540,1539,1790072145418.246,40.617558
1ac2ffac,1541,1540,1790072145455.275,37.029016
1ac2ffac,1542,1541,1790072145498.307,43.032264
1ac2ffac,1543,1542,1790072145538.894,40.586598
1ac2ffac,1544,1543,1790072145582.894,44.000684
1ac2ffac,1545,1544,1790072145625.373,42.478195
1ac2ffac,1546,1545,1790072145659.705,34.332901
1ac2ffac,1547,1546,1790072145703.941,44.235567
1ac2ffac,1548,1547,1790072145829.507,125.566365
1ac2ffac,1549,1548,1790072145830.405,0.897196
1ac2ffac,1550,1549,1790072145834.486,4.081749
1ac2ffac,1551,1550,1790072145872.076,37.589328
1ac2ffac,1552,1551,1790072145909.294,37.218169
1ac2ffac,1553,1552,1790072145951.597,42.303168
1ac2ffac,1554,1553,1790072145984.437,32.839727
1ac2ffac,1555,1554,1790072146024.113,39.676322
1ac2ffac,1556,1555,1790072146062.13,38.01744
1ac2ffac,1557,1556,1790072146104.428,42.297929
1ac2ffac,1558,1557,1790072146150.191,45.762339
1ac2ffac,1559,1558,1790072146184.914,34.72295
1ac2ffac,1560,1559,1790072146226.813,41.899422
1ac2ffac,1561,1560,1790072146277.974,51.160893
1ac2ffac,1562,1561,1790072146306.418,28.443659
1ac2ffac,1563,1562,1790072146340.834,34.416889
1ac2ffac,1564,1563,1790072146382.124,41.28937
1ac2ffac,1565,1564,1790072146423.272,41.148575
1ac2ffac,1566,1565,1790072146466.879,43.60618
1ac2ffac,1567,1566,1790072146506.913,40.034302
1ac2ffac,1568,1567,1790072146544.828,37.91518
1ac2ffac,1569,1568,1790072146593.044,48.215792
1ac2ffac,1570,1569,1790072146630.914,37.869633
1ac2ffac,1571,1570,1790072146663.215,32.301223
1ac2ffac,1572,1571,1790072146700.506,37.29103
1ac2ffac,1573,1572,1790072146753.145,52.639016
1ac2ffac,1574,1573,1790072146789.38,36.235551
1ac2ffac,1575,1574,1790072146828.76,39.379987
1ac2ffac,1576,1575,1790072146863.551,34.790571
1ac2ffac,1577,1576,1790072146905.095,41.544431
1ac2ffac,1578,1577,1790072146940.111,35.015816
1ac2ffac,1579,1578,1790072146990.94,50.82901
1ac2ffac,1580,1579,1790072147036.847,45.907346
1ac2ffac,1581,1580,1790072147059.753,22.905293
1ac2ffac,1582,1581,1790072147104.996,45.243291
1ac2ffac,1583,1582,1790072147147.323,42.326398
1ac2ffac,1584,1583,1790072147180.903,33.580402
1ac2ffac,1585,1584,1790072147297.675,116.772369
1ac2ffac,1586,1585,1790072147302.277,4.601458
1ac2ffac,1587,1586,1790072147307.668,5.39165
1ac2ffac,1588,1587,1790072147342.522,34.853803
1ac2ffac,1589,1588,1790072147387.322,44.799888
1ac2ffac,1590,1589,1790072147422.412,35.089634
1ac2ffac,1591,1590,1790072147461.151,38.73891
1ac2ffac,1592,1591,1790072147505.025,43.874033
1ac2ffac,1593,1592,1790072147542.579,37.554811
1ac2ffac,1594,1593,1790072147583.175,40.595352
1ac2ffac,1595,1594,1790072147621.898,38.722855
1ac2ffac,1596,1595,1790072147668.865,46.967082
1ac2ffac,1597,1596,1790072147705.702,36.836978
1ac2ffac,1598,1597,1790072147815.488,109.786421
1ac2ffac,1599,1598,1790072147816.588,1.099533
1ac2ffac,1600,1599,1790072147835.19,18.602535
1ac2ffac,1601,1600,1790072147867.738,32.547729
1ac2ffac,1602,1601,1790072147915.958,48.219693
1ac2ffac,1603,1602,1790072147948.006,32.048783
1ac2ffac,1604,1603,1790072147982.952,34.945115
1ac2ffac,1605,1604,1790072148046.729,63.778018
1ac2ffac,1606,1605,1790072148066.75,20.020354
1ac2ffac,1607,1606,1790072148104.976,38.226496
1ac2ffac,1608,1607,1790072148141.778,36.801203
1ac2ffac,1609,1608,1790072148186.906,45.127794
1ac2ffac,1610,1609,1790072148223.965,37.059451
1ac2ffac,1611,1610,1790072148267.274,43.309351
1ac2ffac,1612,1611,1790072148301.371,34.097248
1ac2ffac,1613,1612,1790072148343.777,42.405131
1ac2ffac,1614,1613,1790072148385.663,41.886518
1ac2ffac,1615,1614,1790072148437.126,51.46284
1ac2ffac,1616,1615,1790072148467.16,30.034268
1ac2ffac,1617,1616,1790072148500.072,32.911315
1ac2ffac,1618,1617,1790072148544.313,44.241397
1ac2ffac,1619,1618,1790072148579.557,35.244416
1ac2ffac,1620,1619,1790072148625.068,45.510728
1ac2ffac,1621,1620,1790072148664.44,39.37244
1ac2ffac,1622,1621,1790072148713.793,49.352871
1ac2ffac,1623,1622,1790072148761.469,47.675274
1ac2ffac,1624,1623,1790072148781.928,20.459095
1ac2ffac,1625,1624,1790072148823.949,42.021077
1ac2ffac,1626,1625,1790072148867.064,43.115399
1ac2ffac,1627,1626,1790072148899.73,32.665713
1ac2ffac,1628,1627,1790072148947.09,47.360513
1ac2ffac,1629,1628,1790072148982.656,35.565985
1ac2ffac,1630,1629,1790072149039.571,56.914228
1ac2ffac,1631,1630,1790072149070.243,30.672773
1ac2ffac,1632,1631,1790072149108.041,37.796975
1ac2ffac,1633,1632,1790072149153.574,45.533747
1ac2ffac,1634,1633,1790072149186.448,32.873689
1ac2ffac,1635,1634,1790072149219.984,33.535799
1ac2ffac,1636,1635,1790072149266.841,46.857191
1ac2ffac,1637,1636,1790072149306.876,40.035592
1ac2ffac,1638,1637,1790072149340.396,33.520077
1ac2ffac,1639,1638,1790072149399.456,59.059759
1ac2ffac,1640,1639,1790072149421.689,22.232783
1ac2ffac,1641,1640,1790072149460.224,38.534951
1ac2ffac,1642,1641,1790072149510.75,50.52588
1ac2ffac,1643,1642,1790072149546.68,35.929749
1ac2ffac,1644,1643,1790072149582.464,35.784433
1ac2ffac,1645,1644,1790072149617.754,35.289921
1ac2ffac,1646,1645,1790072149655.063,37.309188
1ac2ffac,1647,1646,1790072149695.904,40.840454
1ac2ffac,1648,1647,1790072149831.724,135.820662
1ac2ffac,1649,1648,1790072149836.852,5.127294
1ac2ffac,1650,1649,1790072149838.195,1.34296
1ac2ffac,1651,1650,1790072149853.771,15.575903
1ac2ffac,1652,1651,1790072149895.766,41.99563
1ac2ffac,1653,1652,1790072149943.305,47.539247
1ac2ffac,1654,1653,1790072149974.478,31.172273
1ac2ffac,1655,1654,1790072150020.176,45.698127
1ac2ffac,1656,1655,1790072150054.383,34.206771
1ac2ffac,1657,1656,1790072150099.962,45.579785
1ac2ffac,1658,1657,1790072150148.471,48.509148
1ac2ffac,1659,1658,1790072150174.717,26.245088
1ac2ffac,1660,1659,1790072150224.259,49.54236
1ac2ffac,1661,1660,1790072150256.453,32.194458
1ac2ffac,1662,1661,1790072150299.84,43.386821
1ac2ffac,1663,1662,1790072150333.898,34.058236
1ac2ffac,1664,1663,1790072150376.261,42.36309
1ac2ffac,1665,1664,1790072150416.401,40.139108
1ac2ffac,1666,1665,1790072150463.293,46.892117
1ac2ffac,1667,1666,1790072150501.481,38.188436
1ac2ffac,1668,1667,1790072150537.797,36.316165
1ac2ffac,1669,1668,1790072150576.447,38.649232
1ac2ffac,1670,1669,1790072150622.835,46.388439
1ac2ffac,1671,1670,1790072150664.062,41.227258
1ac2ffac,1672,1671,1790072150700.364,36.301715
1ac2ffac,1673,1672,1790072150742.558,42.194464
1ac2ffac,1674,1673,1790072150781.445,38.88669
1ac2ffac,1675,1674,1790072150822.33,40.885325
1ac2ffac,1676,1675,1790072150861.504,39.173987
1ac2ffac,1677,1676,1790072150904.424,42.919784
1ac2ffac,1678,1677,1790072150941.788,37.364033
1ac2ffac,1679,1678,1790072150982.296,40.507944
1ac2ffac,1680,1679,1790072151023.917,41.62022
1ac2ffac,1681,1680,1790072151054.938,31.021394
1ac2ffac,1682,1681,1790072151100.128,45.189872
1ac2ffac,1683,1682,1790072151135.628,35.500413
1ac2ffac,1684,1683,1790072151179.309,43.681085
1ac2ffac,1685,1684,1790072151218.512,39.20288
1ac2ffac,1686,1685,1790072151258.083,39.570416
1ac2ffac,1687,1686,1790072151303.85,45.767567
1ac2ffac,1688,1687,1790072151334.709,30.858901
1ac2ffac,1689,1688,1790072151374.479,39.769866
1ac2ffac,1690,1689,1790072151415.064,40.585651
1ac2ffac,1691,1690,1790072151463.214,48.1495
1ac2ffac,1692,1691,1790072151501.748,38.534078
1ac2ffac,1693,1692,1790072151538.474,36.726316
1ac2ffac,1694,1693,1790072151577.263,38.789082
1ac2ffac,1695,1694,1790072151617.037,39.773946
1ac2ffac,1696,1695,1790072151655.557,38.520019
1ac2ffac,1697,1696,1790072151708.293,52.735488
1ac2ffac,1698,1697,1790072151824.077,115.784049
1ac2ffac,1699,1698,1790072151825.172,1.095072
1ac2ffac,1700,1699,1790072151826.446,1.273778
1ac2ffac,1701,1700,1790072151862.288,35.842553
1ac2ffac,1702,1701,1790072151894.203,31.914407
1ac2ffac,1703,1702,1790072151934.52,40.317051
1ac2ffac,1704,1703,1790072151977.19,42.669837
1ac2ffac,1705,1704,1790072152026.271,49.081443
1ac2ffac,1706,1705,1790072152054.555,28.283747
1ac2ffac,1707,1706,1790072152112.76,58.205125
1ac2ffac,1708,1707,1790072152140.076,27.315767
1ac2ffac,1709,1708,1790072152178.398,38.322382
1ac2ffac,1710,1709,1790072152216.96,38.562479
1ac2ffac,1711,1710,1790072152264.311,47.350097
1ac2ffac,1712,1711,1790072152302.318,38.007018
1ac2ffac,1713,1712,1790072152340.313,37.995637
1ac2ffac,1714,1713,1790072152375.211,34.897368
1ac2ffac,1715,1714,1790072152418.69,43.479351
1ac2ffac,1716,1715,1790072152461.717,43.026446
1ac2ffac,1717,1716,1790072152510.787,49.070653
1ac2ffac,1718,1717,1790072152544.917,34.129998
1ac2ffac,1719,1718,1790072152581.158,36.24131
1ac2ffac,1720,1719,1790072152633.497,52.338875
1ac2ffac,1721,1720,1790072152662.47,28.973042
1ac2ffac,1722,1721,1790072152704.145,41.674392
1ac2ffac,1723,1722,1790072152741.92,37.774979
1ac2ffac,1724,1723,1790072152776.36,34.440362
1ac2ffac,1725,1724,1790072152817.946,41.586125
1ac2ffac,1726,1725,1790072152855.113,37.166593
1ac2ffac,1727,1726,1790072152896.44,41.326944
1ac2ffac,1728,1727,1790072152946.437,49.99716
1ac2ffac,1729,1728,1790072152974.91,28.473537
1ac2ffac,1730,1729,1790072153032.128,57.217357
1ac2ffac,1731,1730,1790072153062.757,30.62929
1ac2ffac,1732,1731,1790072153113.283,50.526298
1ac2ffac,1733,1732,1790072153140.607,27.32396
1ac2ffac,1734,1733,1790072153181.32,40.712682
1ac2ffac,1735,1734,1790072153216.509,35.188954
1ac2ffac,1736,1735,1790072153266.678,50.169534
1ac2ffac,1737,1736,1790072153302.518,35.839014
1ac2ffac,1738,1737,1790072153338.879,36.361075
1ac2ffac,1739,1738,1790072153383.437,44.558192
1ac2ffac,1740,1739,1790072153416.846,33.409378
1ac2ffac,1741,1740,1790072153455.786,38.939611
1ac2ffac,1742,1741,1790072153501.416,45.63025
1ac2ffac,1743,1742,1790072153534.44,33.024373
1ac2ffac,1744,1743,1790072153584.668,50.227878
1ac2ffac,1745,1744,1790072153628.541,43.872704
1ac2ffac,1746,1745,1790072153660.758,32.216952
1ac2ffac,1747,1746,1790072153707.559,46.800673
1ac2ffac,1748,1747,1790072153847.73,140.171255
1ac2ffac,1749,1748,1790072153848.992,1.262603
1ac2ffac,1750,1749,1790072153850.279,1.286765
1ac2ffac,1751,1750,1790072153854.523,4.243686
1ac2ffac,1752,1751,1790072153898.094,43.571578
1ac2ffac,1753,1752,1790072153933.301,35.205988
1ac2ffac,1754,1753,1790072153984.917,51.616128
1ac2ffac,1755,1754,1790072154019.992,35.075577
1ac2ffac,1756,1755,1790072154062.065,42.072991
1ac2ffac,1757,1756,1790072154102.823,40.757897
1ac2ffac,1758,1757,1790072154138.221,35.398354
1ac2ffac,1759,1758,1790072154180.961,42.739504
1ac2ffac,1760,1759,1790072154218.723,37.762493
1ac2ffac,1761,1760,1790072154263.651,44.927203
1ac2ffac,1762,1761,1790072154292.512,28.861694
1ac2ffac,1763,1762,1790072154334.352,41.839615
1ac2ffac,1764,1763,1790072154375.541,41.188906
1ac2ffac,1765,1764,1790072154423.342,47.80077
1ac2ffac,1766,1765,1790072154461.455,38.113239
1ac2ffac,1767,1766,1790072154500.988,39.532873
1ac2ffac,1768,1767,1790072154543.27,42.282205
1ac2ffac,1769,1768,1790072154580.088,36.817993
1ac2ffac,1770,1769,1790072154617.028,36.93981
1ac2ffac,1771,1770,1790072154655.206,38.178243
1ac2ffac,1772,1771,1790072154702.021,46.815098
1ac2ffac,1773,1772,1790072154746.32,44.298855
1ac2ffac,1774,1773,1790072154774.635,28.314573
1ac2ffac,1775,1774,1790072154818.784,44.149299
1ac2ffac,1776,1775,1790072154862.629,43.845647
1ac2ffac,1777,1776,1790072154896.182,33.552223
1ac2ffac,1778,1777,1790072154947.673,51.491755
1ac2ffac,1779,1778,1790072154978.92,31.246473
1ac2ffac,1780,1779,1790072155015.659,36.738938
1ac2ffac,1781,1780,1790072155072.024,56.36539
1ac2ffac,1782,1781,1790072155097.017,24.992537
1ac2ffac,1783,1782,1790072155147.634,50.617468
1ac2ffac,1784,1783,1790072155176.028,28.393582
1ac2ffac,1785,1784,1790072155220.79,44.762101
1ac2ffac,1786,1785,1790072155255.909,35.118749
1ac2ffac,1787,1786,1790072155301.3,45.391083
1ac2ffac,1788,1787,1790072155339.306,38.006366
1ac2ffac,1789,1788,1790072155390.308,51.00143
1ac2ffac,1790,1789,1790072155417.936,27.628585
1ac2ffac,1791,1790,1790072155456.697,38.760337
1ac2ffac,1792,1791,1790072155497.436,40.739622
1ac2ffac,1793,1792,1790072155541.359,43.923106
1ac2ffac,1794,1793,1790072155581.854,40.494201
1ac2ffac,1795,1794,1790072155617.214,35.360637
1ac2ffac,1796,1795,1790072155656.029,38.814547
1ac2ffac,1797,1796,1790072155695.278,39.249405
1ac2ffac,1798,1797,1790072155815.719,120.441473
1ac2ffac,1799,1798,1790072155816.975,1.25544
1ac2ffac,1800,1799,1790072155818.8,1.824565
1ac2ffac,1801,1800,1790072155860.015,41.215434
1ac2ffac,1802,1801,1790072155902.427,42.412475
1ac2ffac,1803,1802,1790072155940.857,38.430155
1ac2ffac,1804,1803,1790072155986.762,45.904642
1ac2ffac,1805,1804,1790072156022.222,35.459822
1ac2ffac,1806,1805,1790072156069.522,47.300433
1ac2ffac,1807,1806,1790072156103.89,34.367428
1ac2ffac,1808,1807,1790072156153.49,49.600624
1ac2ffac,1809,1808,1790072156174.133,20.64285
1ac2ffac,1810,1809,1790072156225.47,51.33633
1ac2ffac,1811,1810,1790072156265.14,39.669894
1ac2ffac,1812,1811,1790072156292.633,27.493599
1ac2ffac,1813,1812,1790072156341.608,48.974884
1ac2ffac,1814,1813,1790072156374.556,32.948351
1ac2ffac,1815,1814,1790072156422.474,47.917912
1ac2ffac,1816,1815,1790072156459.125,36.651144
1ac2ffac,1817,1816,1790072156497.848,38.722297
1ac2ffac,1818,1817,1790072156550.736,52.888688
1ac2ffac,1819,1818,1790072156581.52,30.783806
1ac2ffac,1820,1819,1790072156618.241,36.720518
1ac2ffac,1821,1820,1790072156661.557,43.316165
1ac2ffac,1822,1821,1790072156693.512,31.955247
1ac2ffac,1823,1822,1790072156740.32,46.807719
1ac2ffac,1824,1823,1790072156783.747,43.426769
1ac2ffac,1825,1824,1790072156815.385,31.637815
1ac2ffac,1826,1825,1790072156865.013,49.628272
1ac2ffac,1827,1826,1790072156907.917,42.904645
1ac2ffac,1828,1827,1790072156947.986,40.069008
1ac2ffac,1829,1828,1790072156986.891,38.904363
1ac2ffac,1830,1829,1790072157023.999,37.10822
1ac2ffac,1831,1830,1790072157054.516,30.51747
1ac2ffac,1832,1831,1790072157103.997,49.480062
1ac2ffac,1833,1832,1790072157143.228,39.231776
1ac2ffac,1834,1833,1790072157178.389,35.160282
1ac2ffac,1835,1834,1790072157234.427,56.038601
1ac2ffac,1836,1835,1790072157261.995,27.567559
1ac2ffac,1837,1836,1790072157296.425,34.43006
1ac2ffac,1838,1837,1790072157337.634,41.209291
1ac2ffac,1839,1838,1790072157381.567,43.933254
1ac2ffac,1840,1839,1790072157415.117,33.549249
1ac2ffac,1841,1840,1790072157465.706,50.589623
1ac2ffac,1842,1841,1790072157499.437,33.731069
1ac2ffac,1843,1842,1790072157543.062,43.624804
1ac2ffac,1844,1843,1790072157579.877,36.815257
1ac2ffac,1845,1844,1790072157618.888,39.010237
1ac2ffac,1846,1845,1790072157659.677,40.789381
1ac2ffac,1847,1846,1790072157697.111,37.433789
1ac2ffac,1848,1847,1790072157826.58,129.469453
1ac2ffac,1849,1848,1790072157827.909,1.328425
1ac2ffac,1850,1849,1790072157829.709,1.800664
1ac2ffac,1851,1850,1790072157859.992,30.282862
1ac2ffac,1852,1851,1790072157899.086,39.094387
1ac2ffac,1853,1852,1790072157940.064,40.977167
1ac2ffac,1854,1853,1790072157986.554,46.49014
1ac2ffac,1855,1854,1790072158017.898,31.344686
1ac2ffac,1856,1855,1790072158063.449,45.550162
1ac2ffac,1857,1856,1790072158097.673,34.224384
1ac2ffac,1858,1857,1790072158135.279,37.606064
1ac2ffac,1859,1858,1790072158182.127,46.847714
1ac2ffac,1860,1859,1790072158219.56,37.433135
1ac2ffac,1861,1860,1790072158254.474,34.914072
1ac2ffac,1862,1861,1790072158306.277,51.802525
1ac2ffac,1863,1862,1790072158341.1,34.823227
1ac2ffac,1864,1863,1790072158377.547,36.446892
1ac2ffac,1865,1864,1790072158414.977,37.430616
1ac2ffac,1866,1865,1790072158457.412,42.434499
1ac2ffac,1867,1866,1790072158500.428,43.015952
1ac2ffac,1868,1867,1790072158548.881,48.452931
1ac2ffac,1869,1868,1790072158574.838,25.95701
1ac2ffac,1870,1869,1790072158623.608,48.770273
1ac2ffac,1871,1870,1790072158665.177,41.569004
1ac2ffac,1872,1871,1790072158694.44,29.26317
1ac2ffac,1873,1872,1790072158766.459,72.019116
1ac2ffac,1874,1873,1790072158783.085,16.626168
1ac2ffac,1875,1874,1790072158817.489,34.403077
1ac2ffac,1876,1875,1790072158857.169,39.680803
1ac2ffac,1877,1876,1790072158898.284,41.114631
1ac2ffac,1878,1877,1790072158939.378,41.09422
1ac2ffac,1879,1878,1790072158978.763,39.38487
1ac2ffac,1880,1879,1790072159026.0,47.23723
1ac2ffac,1881,1880,1790072159055.271,29.27063
1ac2ffac,1882,1881,1790072159101.865,46.594647
1ac2ffac,1883,1882,1790072159154.731,52.865752
1ac2ffac,1884,1883,1790072159202.435,47.703612
1ac2ffac,1885,1884,1790072159215.407,12.972248
1ac2ffac,1886,1885,1790072159257.078,41.67058
1ac2ffac,1887,1886,1790072159298.729,41.651085
1ac2ffac,1888,1887,1790072159340.083,41.35387
1ac2ffac,1889,1888,1790072159385.277,45.194431
1ac2ffac,1890,1889,1790072159422.188,36.910475
1ac2ffac,1891,1890,1790072159462.135,39.947272
1ac2ffac,1892,1891,1790072159499.268,37.133077
1ac2ffac,1893,1892,1790072159549.38,50.112317
1ac2ffac,1894,1893,1790072159585.508,36.127528
1ac2ffac,1895,1894,1790072159625.844,40.335785
1ac2ffac,1896,1895,1790072159662.009,36.165327
1ac2ffac,1897,1896,1790072159702.6,40.591104
1ac2ffac,1898,1897,1790072159836.252,133.65233
1ac2ffac,1899,1898,1790072159848.231,11.97854
1ac2ffac,1900,1899,1790072159850.637,2.406673
1ac2ffac,1901,1900,1790072159857.247,6.609183
1ac2ffac,1902,1901,1790072159900.541,43.293714
1ac2ffac,1903,1902,1790072159941.209,40.668198
1ac2ffac,1904,1903,1790072159976.263,35.05393
1ac2ffac,1905,1904,1790072160015.414,39.151591
1ac2ffac,1906,1905,1790072160057.164,41.749996
1ac2ffac,1907,1906,1790072160094.06,36.895804
1ac2ffac,1908,1907,1790072160140.799,46.738772
1ac2ffac,1909,1908,1790072160176.946,36.147576
1ac2ffac,1910,1909,1790072160216.208,39.262047
1ac2ffac,1911,1910,1790072160264.279,48.070695
1ac2ffac,1912,1911,1790072160298.671,34.392207
1ac2ffac,1913,1912,1790072160340.515,41.843958
1ac2ffac,1914,1913,1790072160378.998,38.482556
1ac2ffac,1915,1914,1790072160415.7,36.702474
1ac2ffac,1916,1915,1790072160458.031,42.331265
1ac2ffac,1917,1916,1790072160506.154,48.122588
1ac2ffac,1918,1917,1790072160542.512,36.35784
1ac2ffac,1919,1918,1790072160582.785,40.273207
1ac2ffac,1920,1919,1790072160621.915,39.129599
1ac2ffac,1921,1920,1790072160661.292,39.376814
1ac2ffac,1922,1921,1790072160694.735,33.443091
1ac2ffac,1923,1922,1790072160737.647,42.912843
1ac2ffac,1924,1923,1790072160777.888,40.240778
1ac2ffac,1925,1924,1790072160825.835,47.946855
1ac2ffac,1926,1925,1790072160865.425,39.589576
1ac2ffac,1927,1926,1790072160898.798,33.373304
1ac2ffac,1928,1927,1790072160934.552,35.754572
1ac2ffac,1929,1928,1790072160980.471,45.918851
1ac2ffac,1930,1929,1790072161018.807,38.335962
1ac2ffac,1931,1930,1790072161055.704,36.896097
1ac2ffac,1932,1931,1790072161095.99,40.287093
1ac2ffac,1933,1932,1790072161140.895,44.904377
1ac2ffac,1934,1933,1790072161180.733,39.837915
1ac2ffac,1935,1934,1790072161220.955,40.222293
1ac2ffac,1936,1935,1790072161264.635,43.679911
1ac2ffac,1937,1936,1790072161299.209,34.573629
1ac2ffac,1938,1937,1790072161341.802,42.593576
1ac2ffac,1939,1938,1790072161387.744,45.941831
1ac2ffac,1940,1939,1790072161419.867,32.122597
1ac2ffac,1941,1940,1790072161460.509,40.641982
1ac2ffac,1942,1941,1790072161502.572,42.063497
1ac2ffac,1943,1942,1790072161547.872,45.299696
1ac2ffac,1944,1943,1790072161578.059,30.186966
1ac2ffac,1945,1944,1790072161619.098,41.039058
1ac2ffac,1946,1945,1790072161667.634,48.53551
1ac2ffac,1947,1946,1790072161704.721,37.08759
1ac2ffac,1948,1947,1790072161835.55,130.829306
1ac2ffac,1949,1948,1790072161838.2,2.649275
1ac2ffac,1950,1949,1790072161839.452,1.252798
1ac2ffac,1951,1950,1790072161870.801,31.348152
1ac2ffac,1952,1951,1790072161900.255,29.454496
1ac2ffac,1953,1952,1790072161933.563,33.307964
1ac2ffac,1954,1953,1790072161980.934,47.371171
1ac2ffac,1955,1954,1790072162031.485,50.551216
1ac2ffac,1956,1955,1790072162054.931,23.445896
1ac2ffac,1957,1956,1790072162100.457,45.52602
1ac2ffac,1958,1957,1790072162137.934,37.476833
1ac2ffac,1959,1958,1790072162173.66,35.726286
1ac2ffac,1960,1959,1790072162225.399,51.738513
1ac2ffac,1961,1960,1790072162255.155,29.755533
1ac2ffac,1962,1961,1790072162293.935,38.780901
1ac2ffac,1963,1962,1790072162336.538,42.602629
1ac2ffac,1964,1963,1790072162381.647,45.10906
1ac2ffac,1965,1964,1790072162417.381,35.733611
1ac2ffac,1966,1965,1790072162456.351,38.969984
1ac2ffac,1967,1966,1790072162506.825,50.474605
1ac2ffac,1968,1967,1790072162534.073,27.247334
1ac2ffac,1969,1968,1790072162574.017,39.9447
1ac2ffac,1970,1969,1790072162617.92,43.902258
1ac2ffac,1971,1970,1790072162658.151,40.231663
1ac2ffac,1972,1971,1790072162694.053,35.901817
1ac2ffac,1973,1972,1790072162763.44,69.387017
1ac2ffac,1974,1973,1790072162774.723,11.283302
1ac2ffac,1975,1974,1790072162826.712,51.988611
1ac2ffac,1976,1975,1790072162857.002,30.290567
1ac2ffac,1977,1976,1790072162901.25,44.247452
1ac2ffac,1978,1977,1790072162940.98,39.730521
1ac2ffac,1979,1978,1790072162987.601,46.620271
1ac2ffac,1980,1979,1790072163023.681,36.079971
1ac2ffac,1981,1980,1790072163060.088,36.406804
1ac2ffac,1982,1981,1790072163112.766,52.677976
1ac2ffac,1983,1982,1790072163133.888,21.122767
1ac2ffac,1984,1983,1790072163176.797,42.908266
1ac2ffac,1985,1984,1790072163222.465,45.668881
1ac2ffac,1986,1985,1790072163255.571,33.105197
1ac2ffac,1987,1986,1790072163292.744,37.173448
1ac2ffac,1988,1987,1790072163344.809,52.064795
1ac2ffac,1989,1988,1790072163387.348,42.53926
1ac2ffac,1990,1989,1790072163423.091,35.743178
1ac2ffac,1991,1990,1790072163454.689,31.597842
1ac2ffac,1992,1991,1790072163509.937,55.247549
1ac2ffac,1993,1992,1790072163536.417,26.48035
1ac2ffac,1994,1993,1790072163575.098,38.681152
1ac2ffac,1995,1994,1790072163618.192,43.093418
1ac2ffac,1996,1995,1790072163661.764,43.572542
1ac2ffac,1997,1996,1790072163696.964,35.199543
1ac2ffac,1998,1997,1790072163815.83,118.866632
1ac2ffac,1999,1998,1790072163816.833,1.003206
1ac2ffac,2000,1999,1790072163818.259,1.425664
1ac2ffac,2001,2000,1790072163857.278,39.019138
1ac2ffac,2002,2001,1790072163899.444,42.165907
1ac2ffac,2003,2002,1790072163939.832,40.387658
1ac2ffac,2004,2003,1790072163980.787,40.954923
1ac2ffac,2005,2004,1790072164015.721,34.934588
1ac2ffac,2006,2005,1790072164063.583,47.861351
1ac2ffac,2007,2006,1790072164100.487,36.903667
1ac2ffac,2008,2007,1790072164137.081,36.594061
1ac2ffac,2009,2008,1790072164174.671,37.590118
1ac2ffac,2010,2009,1790072164219.7,45.028973
1ac2ffac,2011,2010,1790072164260.116,40.416636
1ac2ffac,2012,2011,1790072164356.572,96.455587
1ac2ffac,2013,2012,1790072164375.748,19.176328
1ac2ffac,2014,2013,1790072164389.346,13.597528
1ac2ffac,2015,2014,1790072164425.193,35.847435
1ac2ffac,2016,2015,1790072164455.734,30.54065
1ac2ffac,2017,2016,1790072164497.086,41.352463
1ac2ffac,2018,2017,1790072164538.412,41.325619
1ac2ffac,2019,2018,1790072164579.001,40.588838
1ac2ffac,2020,2019,1790072164625.792,46.790754
1ac2ffac,2021,2020,1790072164652.934,27.142396
1ac2ffac,2022,2021,1790072164697.741,44.807072
1ac2ffac,2023,2022,1790072164742.638,44.897538
1ac2ffac,2024,2023,1790072164787.709,45.070555
1ac2ffac,2025,2024,1790072164815.983,28.273809
1ac2ffac,2026,2025,1790072164859.812,43.829212
1ac2ffac,2027,2026,1790072164920.069,60.256903
1ac2ffac,2028,2027,1790072164940.692,20.623331
1ac2ffac,2029,2028,1790072164981.604,40.91188
1ac2ffac,2030,2029,1790072165018.463,36.859325
1ac2ffac,2031,2030,1790072165054.904,36.440279
1ac2ffac,2032,2031,1790072165098.706,43.802654
1ac2ffac,2033,2032,1790072165143.463,44.756691
1ac2ffac,2034,2033,1790072165186.722,43.259329
1ac2ffac,2035,2034,1790072165217.667,30.945136
1ac2ffac,2036,2035,1790072165265.51,47.842905
1ac2ffac,2037,2036,1790072165298.872,33.361119
1ac2ffac,2038,2037,1790072165340.695,41.822879
1ac2ffac,2039,2038,1790072165386.675,45.980935
1ac2ffac,2040,2039,1790072165422.609,35.933526
1ac2ffac,2041,2040,1790072165454.908,32.298784
1ac2ffac,2042,2041,1790072165506.582,51.674591
1ac2ffac,2043,2042,1790072165540.453,33.871018
1ac2ffac,2044,2043,1790072165576.683,36.229339
1ac2ffac,2045,2044,1790072165618.11,41.427222
1ac2ffac,2046,2045,1790072165655.657,37.546993
1ac2ffac,2047,2046,1790072165703.741,48.083741
1ac2ffac,2048,2047,1790072165820.363,116.622114
1ac2ffac,2049,2048,1790072165821.476,1.112878
1ac2ffac,2050,2049,1790072165823.229,1.753622
1ac2ffac,2051,2050,1790072165876.088,52.858677
1ac2ffac,2052,2051,1790072165902.556,26.46804
1ac2ffac,2053,2052,1790072165938.178,35.622194
1ac2ffac,2054,2053,1790072165974.222,36.04425
1ac2ffac,2055,2054,1790072166014.897,40.674275
1ac2ffac,2056,2055,1790072166065.948,51.051672
1ac2ffac,2057,2056,1790072166094.337,28.388853
1ac2ffac,2058,2057,1790072166137.194,42.856887
1ac2ffac,2059,2058,1790072166185.021,47.826668
1ac2ffac,2060,2059,1790072166221.798,36.777198
1ac2ffac,2061,2060,1790072166267.793,45.995018
1ac2ffac,2062,2061,1790072166301.788,33.995068
1ac2ffac,2063,2062,1790072166339.895,38.106884
1ac2ffac,2064,2063,1790072166398.862,58.9666
1ac2ffac,2065,2064,1790072166420.777,21.915012
1ac2ffac,2066,2065,1790072166459.243,38.46609
1ac2ffac,2067,2066,1790072166493.944,34.701647
1ac2ffac,2068,2067,1790072166550.021,56.07616
1ac2ffac,2069,2068,1790072166576.666,26.645512
1ac2ffac,2070,2069,1790072166616.107,39.441443
1ac2ffac,2071,2070,1790072166661.426,45.318963
1ac2ffac,2072,2071,1790072166701.861,40.435079
1ac2ffac,2073,2072,1790072166753.346,51.484494
1ac2ffac,2074,2073,1790072166782.825,29.47869
1ac2ffac,2075,2074,1790072166821.269,38.444301
1ac2ffac,2076,2075,1790072166860.857,39.588256
1ac2ffac,2077,2076,1790072166898.516,37.659157
1ac2ffac,2078,2077,1790072166949.436,50.920086
1ac2ffac,2079,2078,1790072166978.28,28.843828
1ac2ffac,2080,2079,1790072167018.095,39.814575
1ac2ffac,2081,2080,1790072167071.569,53.474535
1ac2ffac,2082,2081,1790072167108.15,36.580392
1ac2ffac,2083,2082,1790072167141.625,33.474761
1ac2ffac,2084,2083,1790072167177.809,36.184136
1ac2ffac,2085,2084,1790072167217.547,39.738659
1ac2ffac,2086,2085,1790072167256.68,39.132348
1ac2ffac,2087,2086,1790072167304.581,47.901327
1ac2ffac,2088,2087,1790072167335.649,31.068423
1ac2ffac,2089,2088,1790072167386.227,50.57783
1ac2ffac,2090,2089,1790072167418.351,32.123801
1ac2ffac,2091,2090,1790072167460.078,41.72733
1ac2ffac,2092,2091,1790072167500.083,40.004777
1ac2ffac,2093,2092,1790072167535.985,35.90177
1ac2ffac,2094,2093,1790072167581.975,45.990447
1ac2ffac,2095,2094,1790072167624.672,42.696584
1ac2ffac,2096,2095,1790072167659.167,34.495632
1ac2ffac,2097,2096,1790072167697.831,38.663468
1ac2ffac,2098,2097,1790072167843.488,145.656501
1ac2ffac,2099,2098,1790072167845.011,1.523968
1ac2ffac,2100,2099,1790072167846.776,1.764397
1ac2ffac,2101,2100,1790072167855.305,8.529263
1ac2ffac,2102,2101,1790072167900.388,45.082776
1ac2ffac,2103,2102,1790072167944.546,44.157698
1ac2ffac,2104,2103,1790072167984.619,40.073085
1ac2ffac,2105,2104,1790072168016.137,31.517885
1ac2ffac,2106,2105,1790072168059.557,43.420641
1ac2ffac,2107,2106,1790072168098.328,38.771052
1ac2ffac,2108,2107,1790072168148.086,49.758012
1ac2ffac,2109,2108,1790072168179.835,31.748927
1ac2ffac,2110,2109,1790072168218.828,38.992901
1ac2ffac,2111,2110,1790072168260.798,41.96984
1ac2ffac,2112,2111,1790072168299.74,38.94249
1ac2ffac,2113,2112,1790072168334.272,34.531721
1ac2ffac,2114,2113,1790072168376.483,42.210867
1ac2ffac,2115,2114,1790072168427.192,50.709343
1ac2ffac,2116,2115,1790072168460.946,33.753587
1ac2ffac,2117,2116,1790072168506.858,45.911892
1ac2ffac,2118,2117,1790072168536.628,29.770518
1ac2ffac,2119,2118,1790072168576.701,40.072967
1ac2ffac,2120,2119,1790072168616.872,40.170389
1ac2ffac,2121,2120,1790072168660.628,43.756532
1ac2ffac,2122,2121,1790072168698.967,38.338884
1ac2ffac,2123,2122,1790072168735.906,36.938433
1ac2ffac,2124,2123,1790072168784.75,48.844611
1ac2ffac,2125,2124,1790072168816.485,31.734947
1ac2ffac,2126,2125,1790072168864.612,48.127087
1ac2ffac,2127,2126,1790072168895.154,30.541817
1ac2ffac,2128,2127,1790072168948.809,53.655292
1ac2ffac,2129,2128,1790072168977.737,28.927902
1ac2ffac,2130,2129,1790072169023.812,46.074614
1ac2ffac,2131,2130,1790072169058.571,34.758776
1ac2ffac,2132,2131,1790072169107.328,48.757361
1ac2ffac,2133,2132,1790072169144.358,37.030019
1ac2ffac,2134,2133,1790072169184.108,39.749867
1ac2ffac,2135,2134,1790072169217.764,33.65653
1ac2ffac,2136,2135,1790072169255.739,37.974647
1ac2ffac,2137,2136,1790072169298.426,42.687179
1ac2ffac,2138,2137,1790072169335.052,36.625666
1ac2ffac,2139,2138,1790072169405.88,70.82805
1ac2ffac,2140,2139,1790072169422.56,16.680167
1ac2ffac,2141,2140,1790072169455.492,32.932166
1ac2ffac,2142,2141,1790072169503.77,48.277636
1ac2ffac,2143,2142,1790072169545.97,42.200296
1ac2ffac,2144,2143,1790072169581.021,35.050528
1ac2ffac,2145,2144,1790072169618.199,37.17868
1ac2ffac,2146,2145,1790072169662.061,43.861757
1ac2ffac,2147,2146,1790072169702.579,40.517481
1ac2ffac,2148,2147,1790072169825.86,123.281472
1ac2ffac,2149,2148,1790072169827.667,1.806737
1ac2ffac,2150,2149,1790072169829.683,2.016197
1ac2ffac,2151,2150,1790072169870.545,40.861688
1ac2ffac,2152,2151,1790072169900.086,29.541412
1ac2ffac,2153,2152,1790072169940.537,40.451176
1ac2ffac,2154,2153,1790072169982.398,41.860531
1ac2ffac,2155,2154,1790072170016.304,33.905785
1ac2ffac,2156,2155,1790072170056.938,40.634839
1ac2ffac,2157,2156,1790072170100.416,43.47733
1ac2ffac,2158,2157,1790072170136.033,35.616882
1ac2ffac,2159,2158,1790072170180.929,44.896602
1ac2ffac,2160,2159,1790072170223.944,43.014653
1ac2ffac,2161,2160,1790072170269.633,45.688722
1ac2ffac,2162,2161,1790072170307.197,37.564376
1ac2ffac,2163,2162,1790072170337.161,29.963596
1ac2ffac,2164,2163,1790072170375.455,38.294591
1ac2ffac,2165,2164,1790072170415.103,39.647581
1ac2ffac,2166,2165,1790072170454.008,38.904616
1ac2ffac,2167,2166,1790072170499.203,45.195676
1ac2ffac,2168,2167,1790072170534.715,35.511445
1ac2ffac,2169,2168,1790072170573.745,39.030613
1ac2ffac,2170,2169,1790072170618.229,44.483285
1ac2ffac,2171,2170,1790072170653.304,35.075619
1ac2ffac,2172,2171,1790072170711.677,58.373073
1ac2ffac,2173,2172,1790072170740.997,29.31932
1ac2ffac,2174,2173,1790072170778.861,37.864595
1ac2ffac,2175,2174,1790072170823.236,44.374995
1ac2ffac,2176,2175,1790072170863.012,39.776191
1ac2ffac,2177,2176,1790072170896.851,33.839104
1ac2ffac,2178,2177,1790072170945.047,48.19584
1ac2ffac,2179,2178,1790072170976.5,31.452604
1ac2ffac,2180,2179,1790072171022.402,45.901939
1ac2ffac,2181,2180,1790072171066.064,43.662133
1ac2ffac,2182,2181,1790072171100.32,34.256519
1ac2ffac,2183,2182,1790072171133.703,33.38217
1ac2ffac,2184,2183,1790072171175.35,41.647868
1ac2ffac,2185,2184,1790072171228.255,52.904495
1ac2ffac,2186,2185,1790072171259.124,30.868778
1ac2ffac,2187,2186,1790072171298.072,38.948424
1ac2ffac,2188,2187,1790072171334.477,36.405019
1ac2ffac,2189,2188,1790072171380.656,46.178402
1ac2ffac,2190,2189,1790072171418.545,37.889523
1ac2ffac,2191,2190,1790072171457.13,38.584813
1ac2ffac,2192,2191,1790072171499.205,42.075276
1ac2ffac,2193,2192,1790072171533.202,33.996873
1ac2ffac,2194,2193,1790072171579.038,45.835645
1ac2ffac,2195,2194,1790072171619.958,40.919862
1ac2ffac,2196,2195,1790072171670.031,50.073086
1ac2ffac,2197,2196,1790072171703.318,33.287435
1ac2ffac,2198,2197,1790072171877.015,173.6965
1ac2ffac,2199,2198,1790072171879.347,2.332882
1ac2ffac,2200,2199,1790072171880.519,1.171839
1ac2ffac,2201,2200,1790072171885.478,4.95903
1ac2ffac,2202,2201,1790072171898.463,12.985163
1ac2ffac,2203,2202,1790072171933.892,35.428713
1ac2ffac,2204,2203,1790072171987.124,53.231482
1ac2ffac,2205,2204,1790072172016.465,29.341652
1ac2ffac,2206,2205,1790072172061.432,44.966926
1ac2ffac,2207,2206,1790072172094.146,32.713255
1ac2ffac,2208,2207,1790072172144.325,50.179128
1ac2ffac,2209,2208,1790072172187.671,43.346088
1ac2ffac,2210,2209,1790072172217.858,30.187229
1ac2ffac,2211,2210,1790072172258.865,41.007481
1ac2ffac,2212,2211,1790072172298.263,39.397318
1ac2ffac,2213,2212,1790072172339.482,41.219489
1ac2ffac,2214,2213,1790072172379.183,39.700902
1ac2ffac,2215,2214,1790072172419.512,40.328735
1ac2ffac,2216,2215,1790072172461.186,41.674279
1ac2ffac,2217,2216,1790072172504.252,43.065771
1ac2ffac,2218,2217,1790072172539.271,35.019153
1ac2ffac,2219,2218,1790072172582.111,42.839736
1ac2ffac,2220,2219,1790072172626.67,44.559105
1ac2ffac,2221,2220,1790072172660.176,33.505942
1ac2ffac,2222,2221,1790072172702.248,42.072399
1ac2ffac,2223,2222,1790072172736.0,33.752236
1ac2ffac,2224,2223,1790072172774.884,38.883552
1ac2ffac,2225,2224,1790072172823.667,48.782537
1ac2ffac,2226,2225,1790072172856.221,32.554432
1ac2ffac,2227,2226,1790072172901.03,44.809153
1ac2ffac,2228,2227,1790072172938.732,37.701718
1ac2ffac,2229,2228,1790072172979.206,40.474518
1ac2ffac,2230,2229,1790072173016.146,36.939953
1ac2ffac,2231,2230,1790072173055.905,39.758859
1ac2ffac,2232,2231,1790072173099.613,43.707614
1ac2ffac,2233,2232,1790072173146.736,47.123427
1ac2ffac,2234,2233,1790072173180.26,33.524306
1ac2ffac,2235,2234,1790072173225.009,44.748724
1ac2ffac,2236,2235,1790072173258.049,33.039558
1ac2ffac,2237,2236,1790072173293.406,35.356921
1ac2ffac,2238,2237,1790072173335.987,42.581346
1ac2ffac,2239,2238,1790072173376.084,40.097268
1ac2ffac,2240,2239,1790072173418.631,42.546646
1ac2ffac,2241,2240,1790072173457.687,39.05586
1ac2ffac,2242,2241,1790072173499.974,42.287111
1ac2ffac,2243,2242,1790072173535.398,35.424442
1ac2ffac,2244,2243,1790072173573.488,38.089026
1ac2ffac,2245,2244,1790072173618.97,45.483089
1ac2ffac,2246,2245,1790072173653.266,34.295511
1ac2ffac,2247,2246,1790072173698.408,45.142346
1ac2ffac,2248,2247,1790072173811.019,112.610338
1ac2ffac,2249,2248,1790072173812.082,1.063152
1ac2ffac,2250,2249,1790072173815.75,3.668334
1ac2ffac,2251,2250,1790072173861.704,45.954062
1ac2ffac,2252,2251,1790072173897.832,36.128013
1ac2ffac,2253,2252,1790072173934.254,36.422072
1ac2ffac,2254,2253,1790072173976.122,41.867753
1ac2ffac,2255,2254,1790072174016.459,40.337078
1ac2ffac,2256,2255,1790072174060.22,43.760541
1ac2ffac,2257,2256,1790072174096.209,35.989575
1ac2ffac,2258,2257,1790072174148.155,51.945377
1ac2ffac,2259,2258,1790072174174.934,26.779692
1ac2ffac,2260,2259,1790072174217.431,42.496972
1ac2ffac,2261,2260,1790072174257.156,39.724365
1ac2ffac,2262,2261,1790072174300.891,43.734796
1ac2ffac,2263,2262,1790072174334.729,33.839012
1ac2ffac,2264,2263,1790072174394.846,60.116038
1ac2ffac,2265,2264,1790072174422.805,27.959287
1ac2ffac,2266,2265,1790072174459.745,36.940364
1ac2ffac,2267,2266,1790072174502.667,42.922312
1ac2ffac,2268,2267,1790072174539.915,37.247568
1ac2ffac,2269,2268,1790072174575.967,36.051541
1ac2ffac,2270,2269,1790072174616.909,40.942097
1ac2ffac,2271,2270,1790072174655.368,38.459649
1ac2ffac,2272,2271,1790072174699.803,44.434303
1ac2ffac,2273,2272,1790072174740.003,40.200485
1ac2ffac,2274,2273,1790072174791.333,51.329309
1ac2ffac,2275,2274,1790072174818.823,27.491045
1ac2ffac,2276,2275,1790072174856.811,37.9874
1ac2ffac,2277,2276,1790072174909.448,52.637287
1ac2ffac,2278,2277,1790072174937.224,27.775331
1ac2ffac,2279,2278,1790072174983.927,46.703293
1ac2ffac,2280,2279,1790072175019.099,35.17229
1ac2ffac,2281,2280,1790072175068.978,49.878383
1ac2ffac,2282,2281,1790072175100.682,31.704552
1ac2ffac,2283,2282,1790072175148.117,47.434763
1ac2ffac,2284,2283,1790072175178.638,30.521158
1ac2ffac,2285,2284,1790072175222.669,44.031365
1ac2ffac,2286,2285,1790072175259.692,37.022827
1ac2ffac,2287,2286,1790072175296.825,37.132876
1ac2ffac,2288,2287,1790072175348.216,51.390732
1ac2ffac,2289,2288,1790072175382.883,34.666961
1ac2ffac,2290,2289,1790072175417.402,34.519306
1ac2ffac,2291,2290,1790072175456.561,39.158419
1ac2ffac,2292,2291,1790072175500.438,43.877909
1ac2ffac,2293,2292,1790072175534.723,34.284662
1ac2ffac,2294,2293,1790072175578.852,44.129187
1ac2ffac,2295,2294,1790072175618.358,39.506143
1ac2ffac,2296,2295,1790072175656.466,38.1073
1ac2ffac,2297,2296,1790072175707.811,51.345638
1ac2ffac,2298,2297,1790072175823.215,115.403759
1ac2ffac,2299,2298,1790072175825.261,2.04629
1ac2ffac,2300,2299,1790072175827.958,2.696553
1ac2ffac,2301,2300,1790072175865.889,37.931565
1ac2ffac,2302,2301,1790072175899.737,33.847367
1ac2ffac,2303,2302,1790072175934.291,34.55444
1ac2ffac,2304,2303,1790072175988.911,54.619913
1ac2ffac,2305,2304,1790072176028.277,39.365797
1ac2ffac,2306,2305,1790072176058.562,30.28559
1ac2ffac,2307,2306,1790072176094.036,35.4737
1ac2ffac,2308,2307,1790072176136.528,42.491479
1ac2ffac,2309,2308,1790072176181.862,45.33438
1ac2ffac,2310,2309,1790072176220.085,38.223069
1ac2ffac,2311,2310,1790072176257.412,37.326567
1ac2ffac,2312,2311,1790072176296.027,38.614792
1ac2ffac,2313,2312,1790072176339.377,43.350287
1ac2ffac,2314,2313,1790072176381.677,42.29974
1ac2ffac,2315,2314,1790072176421.569,39.892525
1ac2ffac,2316,2315,1790072176460.741,39.171697
1ac2ffac,2317,2316,1790072176507.29,46.548619
1ac2ffac,2318,2317,1790072176545.851,38.561573
1ac2ffac,2319,2318,1790072176590.677,44.825787
1ac2ffac,2320,2319,1790072176625.074,34.397232
1ac2ffac,2321,2320,1790072176673.84,48.765453
1ac2ffac,2322,2321,1790072176697.673,23.833002
1ac2ffac,2323,2322,1790072176735.795,38.122793
1ac2ffac,2324,2323,1790072176793.628,57.832853
1ac2ffac,2325,2324,1790072176823.188,29.559731
1ac2ffac,2326,2325,1790072176874.079,50.891369
1ac2ffac,2327,2326,1790072176899.817,25.737496
1ac2ffac,2328,2327,1790072176934.818,35.001507
1ac2ffac,2329,2328,1790072176985.647,50.828979
1ac2ffac,2330,2329,1790072177031.314,45.66696
1ac2ffac,2331,2330,1790072177064.478,33.163942
1ac2ffac,2332,2331,1790072177096.947,32.468729
1ac2ffac,2333,2332,1790072177146.147,49.200487
1ac2ffac,2334,2333,1790072177179.174,33.026774
1ac2ffac,2335,2334,1790072177217.724,38.549644
1ac2ffac,2336,2335,1790072177256.062,38.338104
1ac2ffac,2337,2336,1790072177300.77,44.707848
1ac2ffac,2338,2337,1790072177335.747,34.977665
1ac2ffac,2339,2338,1790072177377.627,41.879486
1ac2ffac,2340,2339,1790072177425.223,47.596211
1ac2ffac,2341,2340,1790072177455.387,30.163816
1ac2ffac,2342,2341,1790072177504.538,49.15086
1ac2ffac,2343,2342,1790072177547.877,43.339376
1ac2ffac,2344,2343,1790072177581.669,33.791946
1ac2ffac,2345,2344,1790072177624.898,43.22872
1ac2ffac,2346,2345,1790072177658.13,33.23264
1ac2ffac,2347,2346,1790072177714.494,56.363548
1ac2ffac,2348,2347,1790072177818.785,104.29059
1ac2ffac,2349,2348,1790072177832.008,13.223543
1ac2ffac,2350,2349,1790072177837.954,5.946173
1ac2ffac,2351,2350,1790072177868.766,30.811496
1ac2ffac,2352,2351,1790072177900.423,31.657431
1ac2ffac,2353,2352,1790072177934.016,33.593247
1ac2ffac,2354,2353,1790072177978.402,44.385168
1ac2ffac,2355,2354,1790072178021.688,43.286716
1ac2ffac,2356,2355,1790072178059.737,38.048877
1ac2ffac,2357,2356,1790072178097.03,37.292256
1ac2ffac,2358,2357,1790072178142.553,45.52405
1ac2ffac,2359,2358,1790072178185.533,42.979668
1ac2ffac,2360,2359,1790072178225.37,39.836496
1ac2ffac,2361,2360,1790072178256.437,31.067656
1ac2ffac,2362,2361,1790072178298.303,41.865882
1ac2ffac,2363,2362,1790072178334.976,36.673081
1ac2ffac,2364,2363,1790072178376.648,41.671576
1ac2ffac,2365,2364,1790072178418.649,42.001631
1ac2ffac,2366,2365,1790072178458.525,39.875291
1ac2ffac,2367,2366,1790072178498.712,40.187318
1ac2ffac,2368,2367,1790072178549.555,50.842567
1ac2ffac,2369,2368,1790072178576.053,26.498583
1ac2ffac,2370,2369,1790072178619.349,43.295332
1ac2ffac,2371,2370,1790072178659.48,40.131764
1ac2ffac,2372,2371,1790072178701.863,42.382865
1ac2ffac,2373,2372,1790072178735.302,33.438259
1ac2ffac,2374,2373,1790072178774.978,39.675973
1ac2ffac,2375,2374,1790072178828.543,53.565773
1ac2ffac,2376,2375,1790072178860.73,32.186603
1ac2ffac,2377,2376,1790072178901.857,41.127425
1ac2ffac,2378,2377,1790072178934.312,32.454699
1ac2ffac,2379,2378,1790072178978.707,44.395131
1ac2ffac,2380,2379,1790072179027.572,48.864907
1ac2ffac,2381,2380,1790072179060.213,32.640577
1ac2ffac,2382,2381,1790072179095.134,34.921169
1ac2ffac,2383,2382,1790072179146.587,51.453624
1ac2ffac,2384,2383,1790072179174.354,27.766694
1ac2ffac,2385,2384,1790072179218.679,44.325353
1ac2ffac,2386,2385,1790072179261.549,42.869052
1ac2ffac,2387,2386,1790072179293.522,31.973207
1ac2ffac,2388,2387,1790072179345.124,51.602294
1ac2ffac,2389,2388,1790072179389.228,44.10379
1ac2ffac,2390,2389,1790072179429.746,40.517903
1ac2ffac,2391,2390,1790072179454.464,24.718148
1ac2ffac,2392,2391,1790072179495.563,41.099031
1ac2ffac,2393,2392,1790072179539.209,43.64604
1ac2ffac,2394,2393,1790072179576.173,36.963686
1ac2ffac,2395,2394,1790072179621.474,45.301708
1ac2ffac,2396,2395,1790072179654.868,33.393413
1ac2ffac,2397,2396,1790072179703.604,48.736133
1ac2ffac,2398,2397,1790072179808.844,105.240447
1ac2ffac,2399,2398,1790072179813.937,5.092687
1ac2ffac,2400,2399,1790072179818.307,4.369833
1ac2ffac,2401,2400,1790072179868.377,50.069785
1ac2ffac,2402,2401,1790072179895.534,27.157413
1ac2ffac,2403,2402,1790072179935.979,40.44509
1ac2ffac,2404,2403,1790072179975.222,39.24339
1ac2ffac,2405,2404,1790072180021.497,46.274847
1ac2ffac,2406,2405,1790072180055.122,33.624175
1ac2ffac,2407,2406,1790072180096.357,41.235207
1ac2ffac,2408,2407,1790072180144.206,47.849048
1ac2ffac,2409,2408,1790072180193.077,48.870818
e0606b55,270,269,1790072095195.293,42.042686
e0606b55,271,270,1790072095257.354,62.061289
e0606b55,272,271,1790072095271.904,14.549781
e0606b55,273,272,1790072095322.966,51.062543
e0606b55,274,273,1790072095357.483,34.516854
e0606b55,275,274,1790072095390.197,32.714134
e0606b55,276,275,1790072095428.991,38.793333
e0606b55,277,276,1790072095475.46,46.469486
e0606b55,278,277,1790072095511.336,35.876039
e0606b55,279,278,1790072095554.088,42.751899
e0606b55,280,279,1790072095607.867,53.77941
e0606b55,281,280,1790072095615.483,7.615715
e0606b55,282,281,1790072095616.929,1.445679
e0606b55,283,282,1790072095617.971,1.042534
e0606b55,284,283,1790072095621.58,3.608337
e0606b55,285,284,1790072095624.09,2.51024
e0606b55,286,285,1790072095667.039,42.948875
e0606b55,287,286,1790072095960.939,293.900541
e0606b55,288,287,1790072095995.307,34.367949
e0606b55,289,288,1790072096040.459,45.151922
e0606b55,290,289,1790072096065.546,25.087105
e0606b55,291,290,1790072096121.643,56.096891
e0606b55,292,291,1790072096167.512,45.868493
e0606b55,293,292,1790072096187.96,20.448139
e0606b55,294,293,1790072096238.819,50.859209
e0606b55,295,294,1790072096270.563,31.744096
e0606b55,296,295,1790072096311.126,40.563089
e0606b55,297,296,1790072096350.439,39.312562
e0606b55,298,297,1790072096397.613,47.174401
e0606b55,299,298,1790072096431.446,33.83256
e0606b55,300,299,1790072096490.514,59.067917
e0606b55,301,300,1790072096518.378,27.863961
e0606b55,302,301,1790072096567.111,48.733589
e0606b55,303,302,1790072096601.399,34.287599
e0606b55,304,303,1790072096648.36,46.960701
e0606b55,305,304,1790072096665.949,17.589746
e0606b55,306,305,1790072096718.549,52.599555
e0606b55,307,306,1790072096748.394,29.845271
e0606b55,308,307,1790072096790.07,41.675433
e0606b55,309,308,1790072096831.64,41.570896
e0606b55,310,309,1790072096872.685,41.044267
e0606b55,311,310,1790072096910.133,37.447977
e0606b55,312,311,1790072096950.893,40.760375
e0606b55,313,312,1790072096994.788,43.895102
e0606b55,314,313,1790072097034.246,39.457772
e0606b55,315,314,1790072097076.763,42.516804
e0606b55,316,315,1790072097104.24,27.476825
e0606b55,317,316,1790072097174.397,70.157502
e0606b55,318,317,1790072097188.462,14.064903
e0606b55,319,318,1790072097234.933,46.470646
e0606b55,320,319,1790072097290.813,55.88085
e0606b55,321,320,1790072097310.775,19.961539
e0606b55,322,321,1790072097354.917,44.1422
e0606b55,323,322,1790072097403.543,48.625697
e0606b55,324,323,1790072097443.343,39.80006
e0606b55,325,324,1790072097478.495,35.152225
e0606b55,326,325,1790072097529.366,50.871331
e0606b55,327,326,1790072097552.536,23.169461
e0606b55,328,327,1790072097598.472,45.935955
e0606b55,329,328,1790072097600.243,1.770932
e0606b55,330,329,1790072097601.593,1.35014
e0606b55,331,330,1790072097606.866,5.27342
e0606b55,332,331,1790072097609.769,2.902014
e0606b55,333,332,1790072097615.292,5.523919
e0606b55,334,333,1790072097673.616,58.323482
e0606b55,335,334,1790072097942.984,269.368335
e0606b55,336,335,1790072098002.241,59.25676
e0606b55,337,336,1790072098031.232,28.991481
e0606b55,338,337,1790072098073.239,42.006105
e0606b55,339,338,1790072098119.518,46.279721
e0606b55,340,339,1790072098155.531,36.013305
e0606b55,341,340,1790072098191.958,36.426207
e0606b55,342,341,1790072098233.517,41.55882
e0606b55,343,342,1790072098276.191,42.67455
e0606b55,344,343,1790072098316.161,39.969717
e0606b55,345,344,1790072098358.707,42.545911
e0606b55,346,345,1790072098386.844,28.137277
e0606b55,347,346,1790072098451.913,65.068754
e0606b55,348,347,1790072098469.531,17.618118
e0606b55,349,348,1790072098512.696,43.165026
e0606b55,350,349,1790072098553.68,40.984221
e0606b55,351,350,1790072098596.301,42.620629
e0606b55,352,351,1790072098633.265,36.964128
e0606b55,353,352,1790072098697.491,64.225918
e0606b55,354,353,1790072098726.565,29.074112
e0606b55,355,354,1790072098757.926,31.360963
e0606b55,356,355,1790072098796.756,38.830464
e0606b55,357,356,1790072098830.083,33.326218
e0606b55,358,357,1790072098870.781,40.698931
e0606b55,359,358,1790072098914.78,43.998445
e0606b55,360,359,1790072098961.045,46.26498
e0606b55,361,360,1790072098997.408,36.362976
e0606b55,362,361,1790072099034.232,36.824104
e0606b55,363,362,1790072099083.991,49.758654
e0606b55,364,363,1790072099115.733,31.742264
e0606b55,365,364,1790072099156.796,41.063176
e0606b55,366,365,1790072099205.434,48.638235
e0606b55,367,366,1790072099234.507,29.072836
e0606b55,368,367,1790072099280.218,45.710393
e0606b55,369,368,1790072099310.963,30.745636
e0606b55,370,369,1790072099375.717,64.753546
e0606b55,371,370,1790072099392.434,16.717306
e0606b55,372,371,1790072099434.402,41.9676
e0606b55,373,372,1790072099490.313,55.911207
e0606b55,374,373,1790072099517.03,26.717364
e0606b55,375,374,1790072099543.077,26.047053
e0606b55,376,375,1790072099597.727,54.649648
e0606b55,377,376,1790072099599.348,1.621345
e0606b55,378,377,1790072099600.832,1.483854
e0606b55,379,378,1790072099602.635,1.802829
e0606b55,380,379,1790072099605.345,2.71011
e0606b55,381,380,1790072099673.131,67.786122
e0606b55,382,381,1790072099958.886,285.754646
e0606b55,383,382,1790072099994.811,35.925188
e0606b55,384,383,1790072100024.968,30.156331
e0606b55,385,384,1790072100082.009,57.041963
e0606b55,386,385,1790072100105.511,23.501846
e0606b55,387,386,1790072100152.427,46.91601
e0606b55,388,387,1790072100191.316,38.889219
e0606b55,389,388,1790072100236.109,44.792263
e0606b55,390,389,1790072100269.437,33.327866
e0606b55,391,390,1790072100310.877,41.44055
e0606b55,392,391,1790072100360.779,49.901954
e0606b55,393,392,1790072100393.148,32.369267
e0606b55,394,393,1790072100448.063,54.915068
e0606b55,395,394,1790072100464.026,15.962179
e0606b55,396,395,1790072100519.291,55.265209
e0606b55,397,396,1790072100550.789,31.497844
e0606b55,398,397,1790072100588.124,37.335462
e0606b55,399,398,1790072100628.81,40.685538
e0606b55,400,399,1790072100669.667,40.857148
e0606b55,401,400,1790072100716.257,46.589882
e0606b55,402,401,1790072100763.417,47.160726
e0606b55,403,402,1790072100795.539,32.121069
e0606b55,404,403,1790072100850.879,55.340749
e0606b55,405,404,1790072100874.114,23.234423
e0606b55,406,405,1790072100909.498,35.384201
e0606b55,407,406,1790072100981.879,72.381016
e0606b55,408,407,1790072101005.55,23.670854
e0606b55,409,408,1790072101041.758,36.207739
e0606b55,410,409,1790072101063.341,21.583747
e0606b55,411,410,1790072101117.403,54.062127
e0606b55,412,411,1790072101147.99,30.586151
e0606b55,413,412,1790072101200.101,52.111055
e0606b55,414,413,1790072101230.06,29.959869
e0606b55,415,414,1790072101269.34,39.279267
e0606b55,416,415,1790072101314.775,45.435323
e0606b55,417,416,1790072101355.733,40.958159
e0606b55,418,417,1790072101399.618,43.885182
e0606b55,419,418,1790072101447.202,47.583251
e0606b55,420,419,1790072101463.623,16.421268
e0606b55,421,420,1790072101517.448,53.824723
e0606b55,422,421,1790072101559.459,42.011316
e0606b55,423,422,1790072101595.308,35.849255
e0606b55,424,423,1790072101597.414,2.105777
e0606b55,425,424,1790072101599.06,1.646241
e0606b55,426,425,1790072101601.676,2.615829
e0606b55,427,426,1790072101603.815,2.138608
e0606b55,428,427,1790072101606.457,2.64235
e0606b55,429,428,1790072101683.213,76.75568
e0606b55,430,429,1790072101952.369,269.155963
e0606b55,431,430,1790072101989.813,37.444631
e0606b55,432,431,1790072102032.155,42.341984
e0606b55,433,432,1790072102073.703,41.547633
e0606b55,434,433,1790072102114.187,40.483757
e0606b55,435,434,1790072102174.478,60.291755
e0606b55,436,435,1790072102196.974,22.495348
e0606b55,437,436,1790072102241.889,44.915079
e0606b55,438,437,1790072102294.178,52.289174
e0606b55,439,438,1790072102318.768,24.589636
e0606b55,440,439,1790072102351.808,33.040257
e0606b55,441,440,1790072102394.209,42.401718
e0606b55,442,441,1790072102430.253,36.043116
e0606b55,443,442,1790072102469.37,39.117603
e0606b55,444,443,1790072102512.359,42.988254
e0606b55,445,444,1790072102555.192,42.833831
e0606b55,446,445,1790072102597.621,42.428454
e0606b55,447,446,1790072102634.586,36.965052
e0606b55,448,447,1790072102677.704,43.118555
e0606b55,449,448,1790072102715.401,37.696348
e0606b55,450,449,1790072102745.049,29.647895
e0606b55,451,450,1790072102791.699,46.650254
e0606b55,452,451,1790072102850.52,58.820681
e0606b55,453,452,1790072102871.361,20.84111
e0606b55,454,453,1790072102927.138,55.777165
e0606b55,455,454,1790072102950.842,23.704412
e0606b55,456,455,1790072102993.281,42.43924
e0606b55,457,456,1790072103033.444,40.162555
e0606b55,458,457,1790072103082.173,48.729354
e0606b55,459,458,1790072103132.359,50.185737
e0606b55,460,459,1790072103150.115,17.756178
e0606b55,461,460,1790072103196.081,45.965807
e0606b55,462,461,1790072103235.308,39.226886
e0606b55,463,462,1790072103270.818,35.509518
e0606b55,464,463,1790072103314.893,44.075218
e0606b55,465,464,1790072103352.96,38.06683
e0606b55,466,465,1790072103400.727,47.767318
e0606b55,467,466,1790072103438.012,37.284951
e0606b55,468,467,1790072103473.093,35.08131
e0606b55,469,468,1790072103511.292,38.19845
e0606b55,470,469,1790072103552.957,41.665265
e0606b55,471,470,1790072103587.837,34.879746
e0606b55,472,471,1790072103592.688,4.851258
e0606b55,473,472,1790072103602.272,9.584364
e0606b55,474,473,1790072103671.115,68.842565
e0606b55,475,474,1790072103963.11,291.995601
e0606b55,476,475,1790072103997.18,34.069883
e0606b55,477,476,1790072104034.085,36.905054
e0606b55,478,477,1790072104083.191,49.105646
e0606b55,479,478,1790072104108.085,24.894461
e0606b55,480,479,1790072104152.207,44.121385
e0606b55,481,480,1790072104193.151,40.943712
e0606b55,482,481,1790072104246.968,53.817159
e0606b55,483,482,1790072104276.314,29.346554
e0606b55,484,483,1790072104321.119,44.804676
e0606b55,485,484,1790072104355.549,34.429528
e0606b55,486,485,1790072104399.172,43.623274
e0606b55,487,486,1790072104433.339,34.167372
e0606b55,488,487,1790072104465.221,31.881643
e0606b55,489,488,1790072104523.981,58.760296
e0606b55,490,489,1790072104554.8,30.819244
e0606b55,491,490,1790072104586.63,31.829468
e0606b55,492,491,1790072104630.218,43.58813
e0606b55,493,492,1790072104670.885,40.667326
e0606b55,494,493,1790072104722.251,51.365671
e0606b55,495,494,1790072104749.556,27.304678
e0606b55,496,495,1790072104788.445,38.889251
e0606b55,497,496,1790072104831.589,43.144241
e0606b55,498,497,1790072104871.699,40.109981
e0606b55,499,498,1790072104915.201,43.501886
e0606b55,500,499,1790072104949.017,33.815858
e0606b55,501,500,1790072105018.234,69.217583
e0606b55,502,501,1790072105041.912,23.677787
e0606b55,503,502,1790072105080.51,38.59797
e0606b55,504,503,1790072105118.557,38.046632
e0606b55,505,504,1790072105171.47,52.913636
e0606b55,506,505,1790072105190.047,18.576111
e0606b55,507,506,1790072105239.059,49.01239
e0606b55,508,507,1790072105292.695,53.635605
e0606b55,509,508,1790072105304.845,12.150696
e0606b55,510,509,1790072105374.37,69.5249
e0606b55,511,510,1790072105393.163,18.792964
e0606b55,512,511,1790072105429.885,36.722471
e0606b55,513,512,1790072105470.959,41.073324
e0606b55,514,513,1790072105517.505,46.546308
e0606b55,515,514,1790072105557.316,39.810362
e0606b55,516,515,1790072105594.6,37.284151
e0606b55,517,516,1790072105597.362,2.761817
e0606b55,518,517,1790072105604.173,6.811099
e0606b55,519,518,1790072105611.973,7.800505
e0606b55,520,519,1790072105614.229,2.255582
e0606b55,521,520,1790072105685.564,71.33582
e0606b55,522,521,1790072105952.286,266.721019
e0606b55,523,522,1790072105995.52,43.234201
e0606b55,524,523,1790072106031.469,35.949351
e0606b55,525,524,1790072106071.22,39.751451
e0606b55,526,525,1790072106110.102,38.881284
e0606b55,527,526,1790072106157.064,46.962039
e0606b55,528,527,1790072106198.539,41.474949
e0606b55,529,528,1790072106238.704,40.165116
e0606b55,530,529,1790072106274.116,35.411674
e0606b55,531,530,1790072106327.54,53.424716
e0606b55,532,531,1790072106349.943,22.402168
e0606b55,533,532,1790072106391.584,41.641995
e0606b55,534,533,1790072106428.186,36.601569
e0606b55,535,534,1790072106482.544,54.358375
e0606b55,536,535,1790072106512.327,29.782994
e0606b55,537,536,1790072106551.165,38.837502
e0606b55,538,537,1790072106590.507,39.34169
e0606b55,539,538,1790072106637.334,46.827684
e0606b55,540,539,1790072106682.154,44.819423
e0606b55,541,540,1790072106739.219,57.064924
e0606b55,542,541,1790072106750.711,11.492148
e0606b55,543,542,1790072106796.685,45.973742
e0606b55,544,543,1790072106831.997,35.312402
e0606b55,545,544,1790072106869.758,37.761232
e0606b55,546,545,1790072106911.015,41.256799
e0606b55,547,546,1790072106956.127,45.112149
e0606b55,548,547,1790072106997.391,41.264219
e0606b55,549,548,1790072107037.054,39.662753
e0606b55,550,549,1790072107091.881,54.826503
e0606b55,551,550,1790072107119.883,28.00237
e0606b55,552,551,1790072107148.006,28.123489
e0606b55,553,552,1790072107189.913,41.906243
e0606b55,554,553,1790072107238.249,48.336373
e0606b55,555,554,1790072107275.139,36.890351
e0606b55,556,555,1790072107321.601,46.461932
e0606b55,557,556,1790072107354.423,32.821379
e0606b55,558,557,1790072107392.096,37.672903
e0606b55,559,558,1790072107448.485,56.389416
e0606b55,560,559,1790072107473.3,24.815343
e0606b55,561,560,1790072107518.727,45.426077
e0606b55,562,561,1790072107547.576,28.849591
e0606b55,563,562,1790072107593.651,46.075091
e0606b55,564,563,1790072107596.086,2.434816
e0606b55,565,564,1790072107597.844,1.758097
e0606b55,566,565,1790072107615.322,17.477806
e0606b55,567,566,1790072107620.105,4.783472
e0606b55,568,567,1790072107620.948,0.842244
e0606b55,569,568,1790072107687.931,66.983596
e0606b55,570,569,1790072107962.251,274.319504
e0606b55,571,570,1790072107998.311,36.06066
e0606b55,572,571,1790072108035.526,37.214838
e0606b55,573,572,1790072108072.897,37.371104
e0606b55,574,573,1790072108120.598,47.700606
e0606b55,575,574,1790072108176.316,55.718496
e0606b55,576,575,1790072108204.097,27.781122
e0606b55,577,576,1790072108230.95,26.852825
e0606b55,578,577,1790072108275.236,44.285319
e0606b55,579,578,1790072108313.26,38.024061
e0606b55,580,579,1790072108354.623,41.362741
e0606b55,581,580,1790072108393.716,39.093021
e0606b55,582,581,1790072108441.724,48.008971
e0606b55,583,582,1790072108476.234,34.509797
e0606b55,584,583,1790072108524.198,47.964031
e0606b55,585,584,1790072108549.671,25.472912
e0606b55,586,585,1790072108595.235,45.563603
e0606b55,587,586,1790072108641.504,46.268878
e0606b55,588,587,1790072108671.492,29.988643
e0606b55,589,588,1790072108723.223,51.730843
e0606b55,590,589,1790072108747.76,24.536788
e0606b55,591,590,1790072108801.236,53.47594
e0606b55,592,591,1790072108831.693,30.456859
e0606b55,593,592,1790072108874.1,42.406953
e0606b55,594,593,1790072108924.677,50.577052
e0606b55,595,594,1790072108960.391,35.713779
e0606b55,596,595,1790072108993.641,33.250088
e0606b55,597,596,1790072109048.376,54.735166
e0606b55,598,597,1790072109073.79,25.413802
e0606b55,599,598,1790072109117.82,44.030088
e0606b55,600,599,1790072109173.339,55.518904
e0606b55,601,600,1790072109203.122,29.783104
e0606b55,602,601,1790072109245.907,42.785462
e0606b55,603,602,1790072109274.526,28.618739
e0606b55,604,603,1790072109318.578,44.052347
e0606b55,605,604,1790072109364.603,46.02448
e0606b55,606,605,1790072109402.673,38.070288
e0606b55,607,606,1790072109431.075,28.401838
e0606b55,608,607,1790072109487.848,56.772788
e0606b55,609,608,1790072109544.277,56.429783
e0606b55,610,609,1790072109556.818,12.540837
e0606b55,611,610,1790072109609.327,52.508991
e0606b55,612,611,1790072109611.549,2.221862
e0606b55,613,612,1790072109612.76,1.210689
e0606b55,614,613,1790072109613.772,1.012139
e0606b55,615,614,1790072109620.087,6.315329
e0606b55,616,615,1790072109626.13,6.042397
e0606b55,617,616,1790072109675.94,49.810667
e0606b55,618,617,1790072109949.976,274.035165
e0606b55,619,618,1790072110005.895,55.919392
e0606b55,620,619,1790072110041.119,35.224377
e0606b55,621,620,1790072110075.608,34.488309
e0606b55,622,621,1790072110124.563,48.955243
e0606b55,623,622,1790072110152.818,28.254938
e0606b55,624,623,1790072110186.179,33.361045
e0606b55,625,624,1790072110240.465,54.285825
e0606b55,626,625,1790072110268.004,27.539512
e0606b55,627,626,1790072110310.127,42.122571
e0606b55,628,627,1790072110351.145,41.018675
e0606b55,629,628,1790072110394.458,43.312782
e0606b55,630,629,1790072110433.896,39.437385
e0606b55,631,630,1790072110475.725,41.82949
e0606b55,632,631,1790072110519.372,43.646438
e0606b55,633,632,1790072110582.159,62.787381
e0606b55,634,633,1790072110600.724,18.565425
e0606b55,635,634,1790072110633.808,33.084051
e0606b55,636,635,1790072110682.611,48.802353
e0606b55,637,636,1790072110719.597,36.985924
e0606b55,638,637,1790072110751.131,31.533905
e0606b55,639,638,1790072110791.355,40.224467
e0606b55,640,639,1790072110830.742,39.387204
e0606b55,641,640,1790072110868.817,38.074974
e0606b55,642,641,1790072110913.548,44.730774
e0606b55,643,642,1790072110960.288,46.740118
e0606b55,644,643,1790072110993.808,33.519707
e0606b55,645,644,1790072111033.87,40.062375
e0606b55,646,645,1790072111070.639,36.769073
e0606b55,647,646,1790072111117.58,46.940815
e0606b55,648,647,1790072111148.479,30.898761
e0606b55,649,648,1790072111189.737,41.257809
e0606b55,650,649,1790072111245.273,55.536849
e0606b55,651,650,1790072111281.208,35.934957
e0606b55,652,651,1790072111315.824,34.615215
e0606b55,653,652,1790072111360.237,44.413752
e0606b55,654,653,1790072111402.234,41.996684
e0606b55,655,654,1790072111425.159,22.925419
e0606b55,656,655,1790072111476.063,50.903614
e0606b55,657,656,1790072111532.134,56.070662
e0606b55,658,657,1790072111548.124,15.990148
e0606b55,659,658,1790072111611.463,63.33881
e0606b55,660,659,1790072111615.08,3.617548
e0606b55,661,660,1790072111616.368,1.287315
e0606b55,662,661,1790072111617.51,1.142168
e0606b55,663,662,1790072111618.919,1.409556
e0606b55,664,663,1790072111620.225,1.306003
e0606b55,665,664,1790072111669.593,49.367694
e0606b55,666,665,1790072111964.251,294.658008
e0606b55,667,666,1790072111988.683,24.431856
e0606b55,668,667,1790072112035.349,46.666147
e0606b55,669,668,1790072112069.69,34.340924
e0606b55,670,669,1790072112115.08,45.390435
e0606b55,671,670,1790072112156.122,41.04204
e0606b55,672,671,1790072112192.051,35.928302
e0606b55,673,672,1790072112247.704,55.653693
e0606b55,674,673,1790072112272.728,25.023056
e0606b55,675,674,1790072112319.299,46.571098
e0606b55,676,675,1790072112371.574,52.275491
e0606b55,677,676,1790072112398.068,26.49423
e0606b55,678,677,1790072112426.445,28.376846
e0606b55,679,678,1790072112481.444,54.999129
e0606b55,680,679,1790072112529.742,48.297607
e0606b55,681,680,1790072112550.708,20.9662
e0606b55,682,681,1790072112592.223,41.515431
e0606b55,683,682,1790072112651.807,59.583072
e0606b55,684,683,1790072112672.442,20.63529
e0606b55,685,684,1790072112717.468,45.026292
e0606b55,686,685,1790072112750.06,32.592211
e0606b55,687,686,1790072112799.321,49.260671
e0606b55,688,687,1790072112833.649,34.328464
e0606b55,689,688,1790072112876.849,43.199678
e0606b55,690,689,1790072112916.302,39.453407
e0606b55,691,690,1790072112970.548,54.245329
e0606b55,692,691,1790072112993.031,22.483038
e0606b55,693,692,1790072113025.017,31.986473
e0606b55,694,693,1790072113076.959,51.941514
e0606b55,695,694,1790072113109.871,32.911636
e0606b55,696,695,1790072113171.372,61.501643
e0606b55,697,696,1790072113191.462,20.089665
e0606b55,698,697,1790072113247.079,55.617448
e0606b55,699,698,1790072113270.541,23.461453
e0606b55,700,699,1790072113334.223,63.682343
e0606b55,701,700,1790072113353.845,19.621638
e0606b55,702,701,1790072113393.741,39.89673
e0606b55,703,702,1790072113429.975,36.23351
e0606b55,704,703,1790072113480.098,50.123296
e0606b55,705,704,1790072113521.286,41.187825
e0606b55,706,705,1790072113558.948,37.661853
e0606b55,707,706,1790072113595.416,36.468407
e0606b55,708,707,1790072113597.75,2.33324
e0606b55,709,708,1790072113603.315,5.565766
e0606b55,710,709,1790072113605.437,2.121285
e0606b55,711,710,1790072113613.271,7.834589
e0606b55,712,711,1790072113618.985,5.71406
e0606b55,713,712,1790072113678.093,59.107626
e0606b55,714,713,1790072113964.611,286.517834
e0606b55,715,714,1790072114004.538,39.926728
e0606b55,716,715,1790072114035.154,30.616165
e0606b55,717,716,1790072114070.576,35.42271
e0606b55,718,717,1790072114129.8,59.223606
e0606b55,719,718,1790072114151.293,21.493028
e0606b55,720,719,1790072114205.789,54.496161
e0606b55,721,720,1790072114234.406,28.61739
e0606b55,722,721,1790072114287.501,53.094396
e0606b55,723,722,1790072114311.65,24.149103
e0606b55,724,723,1790072114358.424,46.774118
e0606b55,725,724,1790072114386.879,28.454818
e0606b55,726,725,1790072114429.652,42.772709
e0606b55,727,726,1790072114478.96,49.308237
e0606b55,728,727,1790072114517.318,38.358276
e0606b55,729,728,1790072114552.719,35.400791
e0606b55,730,729,1790072114595.275,42.556504
e0606b55,731,730,1790072114631.802,36.526157
e0606b55,732,731,1790072114674.226,42.424138
e0606b55,733,732,1790072114729.848,55.622296
e0606b55,734,733,1790072114749.5,19.652203
e0606b55,735,734,1790072114792.658,43.157993
e0606b55,736,735,1790072114830.34,37.681495
e0606b55,737,736,1790072114889.542,59.201717
e0606b55,738,737,1790072114908.749,19.207689
e0606b55,739,738,1790072114950.91,42.160373
e0606b55,740,739,1790072115002.932,52.02258
e0606b55,741,740,1790072115034.163,31.230852
e0606b55,742,741,1790072115083.053,48.890156
e0606b55,743,742,1790072115122.159,39.105481
e0606b55,744,743,1790072115145.754,23.595001
e0606b55,745,744,1790072115206.491,60.737607
e0606b55,746,745,1790072115250.412,43.920544
e0606b55,747,746,1790072115268.369,17.957252
e0606b55,748,747,1790072115313.259,44.889477
e0606b55,749,748,1790072115350.461,37.202513
e0606b55,750,749,1790072115409.7,59.239475
e0606b55,751,750,1790072115433.831,24.130304
e0606b55,752,751,1790072115492.219,58.388293
e0606b55,753,752,1790072115516.64,24.420826
e0606b55,754,753,1790072115566.529,49.88853
e0606b55,755,754,1790072115608.811,42.282529
e0606b55,756,755,1790072115610.367,1.555794
e0606b55,757,756,1790072115611.877,1.509977
e0606b55,758,757,1790072115613.184,1.307384
e0606b55,759,758,1790072115614.143,0.958705
e0606b55,760,759,1790072115616.938,2.794757
e0606b55,761,760,1790072115671.431,54.493393
e0606b55,762,761,1790072115952.021,280.589522
e0606b55,763,762,1790072115997.134,45.113359
e0606b55,764,763,1790072116042.78,45.646052
e0606b55,765,764,1790072116073.426,30.645488
e0606b55,766,765,1790072116116.349,42.924021
e0606b55,767,766,1790072116148.397,32.047729
e0606b55,768,767,1790072116205.693,57.295507
e0606b55,769,768,1790072116225.167,19.474024
e0606b55,770,769,1790072116277.03,51.863498
e0606b55,771,770,1790072116311.693,34.662559
e0606b55,772,771,1790072116351.115,39.421751
e0606b55,773,772,1790072116396.607,45.492066
e0606b55,774,773,1790072116456.706,60.09962
e0606b55,775,774,1790072116469.593,12.886416
e0606b55,776,775,1790072116511.7,42.107001
e0606b55,777,776,1790072116551.81,40.109868
e0606b55,778,777,1790072116592.963,41.15372
e0606b55,779,778,1790072116625.465,32.502019
e0606b55,780,779,1790072116684.121,58.655467
e0606b55,781,780,1790072116732.694,48.57365
e0606b55,782,781,1790072116748.155,15.460387
e0606b55,783,782,1790072116796.12,47.965529
e0606b55,784,783,1790072116831.024,34.903523
e0606b55,785,784,1790072116869.585,38.560911
e0606b55,786,785,1790072116915.998,46.413128
e0606b55,787,786,1790072116952.516,36.518397
e0606b55,788,787,1790072116993.296,40.780211
e0606b55,789,788,1790072117043.426,50.129425
e0606b55,790,789,1790072117081.594,38.168637
e0606b55,791,790,1790072117112.491,30.897059
e0606b55,792,791,1790072117148.913,36.421105
e0606b55,793,792,1790072117192.2,43.287249
e0606b55,794,793,1790072117229.227,37.026547
e0606b55,795,794,1790072117277.157,47.930645
e0606b55,796,795,1790072117319.873,42.716213
e0606b55,797,796,1790072117351.102,31.228719
e0606b55,798,797,1790072117393.956,42.854033
e0606b55,799,798,1790072117445.108,51.152293
e0606b55,800,799,1790072117471.859,26.7508
e0606b55,801,800,1790072117504.395,32.535809
e0606b55,802,801,1790072117558.045,53.64992
e0606b55,803,802,1790072117594.553,36.508676
e0606b55,804,803,1790072117596.161,1.607272
e0606b55,805,804,1790072117598.846,2.685387
e0606b55,806,805,1790072117607.718,8.871334
e0606b55,807,806,1790072117618.54,10.822138
e0606b55,808,807,1790072117622.13,3.590147
e0606b55,809,808,1790072117691.343,69.2127
e0606b55,810,809,1790072117955.295,263.952264
e0606b55,811,810,1790072118002.185,46.890081
e0606b55,812,811,1790072118046.844,44.658547
e0606b55,813,812,1790072118069.748,22.904773
e0606b55,814,813,1790072118111.555,41.807024
e0606b55,815,814,1790072118161.024,49.468359
e0606b55,816,815,1790072118198.051,37.027029
e0606b55,817,816,1790072118232.939,34.888508
e0606b55,818,817,1790072118270.318,37.378449
e0606b55,819,818,1790072118315.98,45.662629
e0606b55,820,819,1790072118351.39,35.409379
e0606b55,821,820,1790072118397.776,46.38604
e0606b55,822,821,1790072118425.823,28.047207
e0606b55,823,822,1790072118495.133,69.309805
e0606b55,824,823,1790072118526.936,31.803411
e0606b55,825,824,1790072118562.466,35.530136
e0606b55,826,825,1790072118595.957,33.490898
e0606b55,827,826,1790072118632.184,36.227378
e0606b55,828,827,1790072118675.243,43.059048
e0606b55,829,828,1790072118723.262,48.018442
e0606b55,830,829,1790072118750.723,27.460918
e0606b55,831,830,1790072118810.476,59.753526
e0606b55,832,831,1790072118831.458,20.981983
e0606b55,833,832,1790072118878.781,47.3221
e0606b55,834,833,1790072118910.214,31.433124
e0606b55,835,834,1790072118952.911,42.69732
e0606b55,836,835,1790072118994.671,41.759842
e0606b55,837,836,1790072119035.496,40.825521
e0606b55,838,837,1790072119070.609,35.112641
e0606b55,839,838,1790072119110.954,40.344679
e0606b55,840,839,1790072119156.546,45.592636
e0606b55,841,840,1790072119194.314,37.767707
e0606b55,842,841,1790072119228.255,33.941101
e0606b55,843,842,1790072119274.608,46.352957
e0606b55,844,843,1790072119325.852,51.243879
e0606b55,845,844,1790072119363.684,37.832363
e0606b55,846,845,1790072119404.623,40.938287
e0606b55,847,846,1790072119435.875,31.252713
e0606b55,848,847,1790072119472.581,36.705329
e0606b55,849,848,1790072119521.672,49.091417
e0606b55,850,849,1790072119550.506,28.833515
e0606b55,851,850,1790072119592.479,41.97369
e0606b55,852,851,1790072119593.738,1.258257
e0606b55,853,852,1790072119595.213,1.475162
e0606b55,854,853,1790072119597.667,2.453902
e0606b55,855,854,1790072119599.569,1.902574
e0606b55,856,855,1790072119602.234,2.664684
e0606b55,857,856,1790072119680.285,78.050834
e0606b55,858,857,1790072119951.597,271.311975
e0606b55,859,858,1790072120005.715,54.118157
e0606b55,860,859,1790072120035.282,29.567006
e0606b55,861,860,1790072120092.427,57.1451
e0606b55,862,861,1790072120123.026,30.599645
e0606b55,863,862,1790072120174.834,51.807541
e0606b55,864,863,1790072120185.079,10.245388
e0606b55,865,864,1790072120248.298,63.218543
e0606b55,866,865,1790072120275.933,27.635136
e0606b55,867,866,1790072120308.85,32.917081
e0606b55,868,867,1790072120349.705,40.855068
e0606b55,869,868,1790072120389.661,39.956032
e0606b55,870,869,1790072120433.99,44.328153
e0606b55,871,870,1790072120472.558,38.568259
e0606b55,872,871,1790072120516.918,44.36032
e0606b55,873,872,1790072120559.454,42.535554
e0606b55,874,873,1790072120598.544,39.090608
e0606b55,875,874,1790072120631.957,33.412838
e0606b55,876,875,1790072120677.228,45.270958
e0606b55,877,876,1790072120724.055,46.826778
e0606b55,878,877,1790072120757.143,33.088572
e0606b55,879,878,1790072120787.376,30.232694
e0606b55,880,879,1790072120850.654,63.277767
e0606b55,881,880,1790072120889.399,38.74572
e0606b55,882,881,1790072120914.704,25.304094
e0606b55,883,882,1790072120953.431,38.727097
e0606b55,884,883,1790072120992.702,39.27183
e0606b55,885,884,1790072121049.066,56.3637
e0606b55,886,885,1790072121085.066,35.999786
e0606b55,887,886,1790072121117.493,32.426812
e0606b55,888,887,1790072121166.588,49.09518
e0606b55,889,888,1790072121194.24,27.651816
e0606b55,890,889,1790072121259.427,65.187688
e0606b55,891,890,1790072121270.37,10.942199
e0606b55,892,891,1790072121311.372,41.002244
e0606b55,893,892,1790072121368.119,56.747427
e0606b55,894,893,1790072121403.768,35.648402
e0606b55,895,894,1790072121443.248,39.480199
e0606b55,896,895,1790072121477.619,34.371361
e0606b55,897,896,1790072121529.09,51.470477
e0606b55,898,897,1790072121567.304,38.214616
e0606b55,899,898,1790072121601.552,34.247299
e0606b55,900,899,1790072121603.503,1.950904
e0606b55,901,900,1790072121606.622,3.119262
e0606b55,902,901,1790072121611.521,4.898904
e0606b55,903,902,1790072121614.11,2.589169
e0606b55,904,903,1790072121664.629,50.519049
e0606b55,905,904,1790072121950.496,285.867071
e0606b55,906,905,1790072121996.953,46.456848
e0606b55,907,906,1790072122034.09,37.136609
e0606b55,908,907,1790072122082.277,48.187649
e0606b55,909,908,1790072122118.744,36.466868
e0606b55,910,909,1790072122159.111,40.366492
e0606b55,911,910,1790072122195.179,36.068748
e0606b55,912,911,1790072122228.142,32.962312
e0606b55,913,912,1790072122285.811,57.669614
e0606b55,914,913,1790072122308.906,23.094272
e0606b55,915,914,1790072122352.293,43.387454
e0606b55,916,915,1790072122401.882,49.588786
e0606b55,917,916,1790072122434.115,32.23371
e0606b55,918,917,1790072122496.729,62.613605
e0606b55,919,918,1790072122503.506,6.77667
e0606b55,920,919,1790072122557.223,53.71757
e0606b55,921,920,1790072122593.859,36.635492
e0606b55,922,921,1790072122629.505,35.64575
e0606b55,923,922,1790072122683.831,54.326305
e0606b55,924,923,1790072122721.351,37.52013
e0606b55,925,924,1790072122750.445,29.093913
e0606b55,926,925,1790072122798.685,48.239588
e0606b55,927,926,1790072122834.167,35.482879
e0606b55,928,927,1790072122879.065,44.897929
e0606b55,929,928,1790072122918.398,39.333006
e0606b55,930,929,1790072122949.194,30.795844
e0606b55,931,930,1790072122991.422,42.227774
e0606b55,932,931,1790072123031.291,39.868518
e0606b55,933,932,1790072123073.122,41.831517
e0606b55,934,933,1790072123111.168,38.045708
e0606b55,935,934,1790072123162.751,51.583789
e0606b55,936,935,1790072123207.004,44.252586
e0606b55,937,936,1790072123238.503,31.49894
e0606b55,938,937,1790072123285.393,46.889726
e0606b55,939,938,1790072123317.596,32.203545
e0606b55,940,939,1790072123355.684,38.087987
e0606b55,941,940,1790072123410.77,55.085916
e0606b55,942,941,1790072123446.177,35.407345
e0606b55,943,942,1790072123483.203,37.025874
e0606b55,944,943,1790072123519.642,36.438237
e0606b55,945,944,1790072123549.203,29.56145
e0606b55,946,945,1790072123600.99,51.787267
e0606b55,947,946,1790072123602.559,1.568477
e0606b55,948,947,1790072123604.691,2.131944
e0606b55,949,948,1790072123606.042,1.351021
e0606b55,950,949,1790072123607.412,1.369978
e0606b55,951,950,1790072123610.382,2.969998
e0606b55,952,951,1790072123686.47,76.088125
e0606b55,953,952,1790072123955.697,269.226785
e0606b55,954,953,1790072123997.687,41.98985
e0606b55,955,954,1790072124030.21,32.523948
e0606b55,956,955,1790072124075.642,45.431425
e0606b55,957,956,1790072124119.153,43.51138
e0606b55,958,957,1790072124160.161,41.007806
e0606b55,959,958,1790072124191.152,30.991413
e0606b55,960,959,1790072124248.679,57.526337
e0606b55,961,960,1790072124284.838,36.159674
e0606b55,962,961,1790072124320.257,35.418323
e0606b55,963,962,1790072124342.971,22.713814
e0606b55,964,963,1790072124404.479,61.507807
e0606b55,965,964,1790072124428.558,24.079432
e0606b55,966,965,1790072124468.074,39.51666
e0606b55,967,966,1790072124511.471,43.396722
e0606b55,968,967,1790072124561.078,49.606646
e0606b55,969,968,1790072124599.887,38.80877
e0606b55,970,969,1790072124636.599,36.712558
e0606b55,971,970,1790072124682.296,45.696534
e0606b55,972,971,1790072124727.062,44.766747
e0606b55,973,972,1790072124758.493,31.430138
e0606b55,974,973,1790072124815.606,57.113921
e0606b55,975,974,1790072124842.178,26.571229
e0606b55,976,975,1790072124882.53,40.352373
e0606b55,977,976,1790072124913.756,31.226099
e0606b55,978,977,1790072124956.528,42.771251
e0606b55,979,978,1790072125004.0,47.471956
e0606b55,980,979,1790072125035.954,31.954104
e0606b55,981,980,1790072125084.245,48.291259
e0606b55,982,981,1790072125112.0,27.754901
e0606b55,983,982,1790072125164.108,52.107975
e0606b55,984,983,1790072125208.778,44.670078
e0606b55,985,984,1790072125230.543,21.765745
e0606b55,986,985,1790072125277.485,46.941335
e0606b55,987,986,1790072125310.59,33.105125
e0606b55,988,987,1790072125350.792,40.201663
e0606b55,989,988,1790072125404.84,54.048213
e0606b55,990,989,1790072125441.229,36.388896
e0606b55,991,990,1790072125482.649,41.420218
e0606b55,992,991,1790072125508.759,26.109862
e0606b55,993,992,1790072125555.014,46.255492
e0606b55,994,993,1790072125598.894,43.879835
e0606b55,995,994,1790072125600.206,1.31175
e0606b55,996,995,1790072125605.639,5.433243
e0606b55,997,996,1790072125606.136,0.49678
e0606b55,998,997,1790072125607.587,1.450934
e0606b55,999,998,1790072125608.838,1.251289
e0606b55,1000,999,1790072125665.687,56.848875
e0606b55,1001,1000,1790072125951.856,286.169231
e0606b55,1002,1001,1790072125995.151,43.295059
e0606b55,1003,1002,1790072126033.067,37.915438
e0606b55,1004,1003,1790072126078.816,45.74971
e0606b55,1005,1004,1790072126117.611,38.794295
e0606b55,1006,1005,1790072126154.796,37.18535
e0606b55,1007,1006,1790072126199.47,44.674065
e0606b55,1008,1007,1790072126247.199,47.728621
e0606b55,1009,1008,1790072126275.872,28.672901
e0606b55,1010,1009,1790072126302.453,26.581657
e0606b55,1011,1010,1790072126365.852,63.39877
e0606b55,1012,1011,1790072126390.682,24.830125
e0606b55,1013,1012,1790072126428.938,38.25633
e0606b55,1014,1013,1790072126476.584,47.64542
e0606b55,1015,1014,1790072126509.495,32.911193
e0606b55,1016,1015,1790072126549.6,40.104741
e0606b55,1017,1016,1790072126589.428,39.82822
e0606b55,1018,1017,1790072126702.709,113.281138
e0606b55,1019,1018,1790072126707.871,5.161388
e0606b55,1020,1019,1790072126718.253,10.382344
e0606b55,1021,1020,1790072126747.458,29.205042
e0606b55,1022,1021,1790072126791.389,43.931051
e0606b55,1023,1022,1790072126829.14,37.750855
e0606b55,1024,1023,1790072126876.604,47.464394
e0606b55,1025,1024,1790072126916.81,40.205404
e0606b55,1026,1025,1790072126958.268,41.45776
e0606b55,1027,1026,1790072126998.833,40.565202
e0606b55,1028,1027,1790072127034.54,35.707092
e0606b55,1029,1028,1790072127079.594,45.054026
e0606b55,1030,1029,1790072127129.23,49.636251
e0606b55,1031,1030,1790072127156.432,27.201607
e0606b55,1032,1031,1790072127194.28,37.848463
e0606b55,1033,1032,1790072127230.292,36.011807
e0606b55,1034,1033,1790072127266.825,36.532784
e0606b55,1035,1034,1790072127321.26,54.435032
e0606b55,1036,1035,1790072127355.823,34.563128
e0606b55,1037,1036,1790072127394.315,38.492051
e0606b55,1038,1037,1790072127439.273,44.957712
e0606b55,1039,1038,1790072127473.189,33.916546
e0606b55,1040,1039,1790072127513.544,40.354853
e0606b55,1041,1040,1790072127557.074,43.529832
e0606b55,1042,1041,1790072127600.431,43.356896
e0606b55,1043,1042,1790072127601.79,1.358672
e0606b55,1044,1043,1790072127603.312,1.522841
e0606b55,1045,1044,1790072127607.169,3.857201
e0606b55,1046,1045,1790072127675.135,67.966109
e0606b55,1047,1046,1790072127954.721,279.585633
e0606b55,1048,1047,1790072127992.408,37.687276
e0606b55,1049,1048,1790072128035.417,43.00895
e0606b55,1050,1049,1790072128064.115,28.697822
e0606b55,1051,1050,1790072128115.34,51.224591
e0606b55,1052,1051,1790072128157.275,41.93478
e0606b55,1053,1052,1790072128188.568,31.293713
e0606b55,1054,1053,1790072128228.228,39.659897
e0606b55,1055,1054,1790072128272.963,44.734716
e0606b55,1056,1055,1790072128318.787,45.824048
e0606b55,1057,1056,1790072128361.325,42.538283
e0606b55,1058,1057,1790072128398.224,36.898897
e0606b55,1059,1058,1790072128437.139,38.914868
e0606b55,1060,1059,1790072128471.549,34.409886
e0606b55,1061,1060,1790072128515.953,44.404028
e0606b55,1062,1061,1790072128562.139,46.185928
e0606b55,1063,1062,1790072128587.351,25.21167
e0606b55,1064,1063,1790072128638.013,50.662605
e0606b55,1065,1064,1790072128670.641,32.627838
e0606b55,1066,1065,1790072128717.255,46.614296
e0606b55,1067,1066,1790072128754.209,36.954233
e0606b55,1068,1067,1790072128794.983,40.772991
e0606b55,1069,1068,1790072128837.22,42.237568
e0606b55,1070,1069,1790072128883.402,46.182288
e0606b55,1071,1070,1790072128909.706,26.303725
e0606b55,1072,1071,1790072128950.146,40.439827
e0606b55,1073,1072,1790072128992.124,41.977561
e0606b55,1074,1073,1790072129033.521,41.398027
e0606b55,1075,1074,1790072129081.267,47.745756
e0606b55,1076,1075,1790072129116.914,35.646582
e0606b55,1077,1076,1790072129154.906,37.99234
e0606b55,1078,1077,1790072129196.954,42.048005
e0606b55,1079,1078,1790072129240.684,43.730101
e0606b55,1080,1079,1790072129272.838,32.154145
e0606b55,1081,1080,1790072129307.563,34.724564
e0606b55,1082,1081,1790072129352.274,44.711191
e0606b55,1083,1082,1790072129404.093,51.818373
e0606b55,1084,1083,1790072129443.071,38.977908
e0606b55,1085,1084,1790072129475.089,32.018105
e0606b55,1086,1085,1790072129525.802,50.712828
e0606b55,1087,1086,1790072129554.3,28.498267
e0606b55,1088,1087,1790072129598.72,44.419929
e0606b55,1089,1088,1790072129602.219,3.498991
e0606b55,1090,1089,1790072129604.308,2.089155
e0606b55,1091,1090,1790072129606.67,2.361967
e0606b55,1092,1091,1790072129608.756,2.085733
e0606b55,1093,1092,1790072129612.903,4.14718
e0606b55,1094,1093,1790072129680.223,67.320478
e0606b55,1095,1094,1790072129950.236,270.012909
e0606b55,1096,1095,1790072129995.19,44.954373
e0606b55,1097,1096,1790072130032.548,37.357933
e0606b55,1098,1097,1790072130075.81,43.261765
e0606b55,1099,1098,1790072130124.234,48.423898
e0606b55,1100,1099,1790072130157.708,33.473848
e0606b55,1101,1100,1790072130198.893,41.185049
e0606b55,1102,1101,1790072130242.87,43.976924
e0606b55,1103,1102,1790072130266.76,23.889767
e0606b55,1104,1103,1790072130317.567,50.807367
e0606b55,1105,1104,1790072130350.042,32.475241
e0606b55,1106,1105,1790072130389.222,39.179654
e0606b55,1107,1106,1790072130430.958,41.736451
e0606b55,1108,1107,1790072130479.382,48.423832
e0606b55,1109,1108,1790072130516.826,37.443966
e0606b55,1110,1109,1790072130565.845,49.018975
e0606b55,1111,1110,1790072130592.046,26.201243
e0606b55,1112,1111,1790072130625.384,33.337878
e0606b55,1113,1112,1790072130675.624,50.23986
e0606b55,1114,1113,1790072130723.746,48.12206
e0606b55,1115,1114,1790072130751.015,27.268664
e0606b55,1116,1115,1790072130788.23,37.214861
e0606b55,1117,1116,1790072130843.134,54.903903
e0606b55,1118,1117,1790072130871.705,28.57164
e0606b55,1119,1118,1790072130917.374,45.668566
e0606b55,1120,1119,1790072130952.4,35.026626
e0606b55,1121,1120,1790072130988.894,36.493061
e0606b55,1122,1121,1790072131035.941,47.047392
e0606b55,1123,1122,1790072131081.53,45.589052
e0606b55,1124,1123,1790072131109.629,28.099519
e0606b55,1125,1124,1790072131156.029,46.399909
e0606b55,1126,1125,1790072131196.617,40.587649
e0606b55,1127,1126,1790072131233.122,36.505198
e0606b55,1128,1127,1790072131274.652,41.529544
e0606b55,1129,1128,1790072131310.839,36.187712
e0606b55,1130,1129,1790072131352.678,41.838341
e0606b55,1131,1130,1790072131397.873,45.195031
e0606b55,1132,1131,1790072131440.34,42.467167
e0606b55,1133,1132,1790072131478.287,37.947082
e0606b55,1134,1133,1790072131521.645,43.358197
e0606b55,1135,1134,1790072131558.554,36.908349
e0606b55,1136,1135,1790072131598.561,40.007237
e0606b55,1137,1136,1790072131600.805,2.244097
e0606b55,1138,1137,1790072131602.408,1.602821
e0606b55,1139,1138,1790072131603.79,1.382038
e0606b55,1140,1139,1790072131612.785,8.995167
e0606b55,1141,1140,1790072131620.818,8.03334
e0606b55,1142,1141,1790072131681.411,60.593121
e0606b55,1143,1142,1790072131961.637,280.225613
e0606b55,1144,1143,1790072132004.97,43.333255
e0606b55,1145,1144,1790072132031.421,26.450954
e0606b55,1146,1145,1790072132070.67,39.249038
e0606b55,1147,1146,1790072132118.757,48.086999
e0606b55,1148,1147,1790072132153.707,34.949124
e0606b55,1149,1148,1790072132210.481,56.774796
e0606b55,1150,1149,1790072132237.897,27.416158
e0606b55,1151,1150,1790072132274.71,36.81224
e0606b55,1152,1151,1790072132316.941,42.231179
e0606b55,1153,1152,1790072132351.537,34.596053
e0606b55,1154,1153,1790072132396.674,45.13702
e0606b55,1155,1154,1790072132427.612,30.938279
e0606b55,1156,1155,1790072132469.522,41.909823
e0606b55,1157,1156,1790072132508.996,39.474294
e0606b55,1158,1157,1790072132561.426,52.430074
e0606b55,1159,1158,1790072132603.489,42.062462
e0606b55,1160,1159,1790072132635.173,31.684008
e0606b55,1161,1160,1790072132682.289,47.116447
e0606b55,1162,1161,1790072132718.563,36.273841
e0606b55,1163,1162,1790072132748.634,30.070449
e0606b55,1164,1163,1790072132798.695,50.06152
e0606b55,1165,1164,1790072132840.603,41.908183
e0606b55,1166,1165,1790072132872.788,32.184461
e0606b55,1167,1166,1790072132921.714,48.926726
e0606b55,1168,1167,1790072132952.669,30.954983
e0606b55,1169,1168,1790072132999.84,47.170151
e0606b55,1170,1169,1790072133039.458,39.618288
e0606b55,1171,1170,1790072133067.555,28.097574
e0606b55,1172,1171,1790072133124.311,56.755235
e0606b55,1173,1172,1790072133149.462,25.15118
e0606b55,1174,1173,1790072133198.253,48.791545
e0606b55,1175,1174,1790072133233.68,35.426927
e0606b55,1176,1175,1790072133282.916,49.235436
e0606b55,1177,1176,1790072133310.177,27.260918
e0606b55,1178,1177,1790072133358.273,48.09626
e0606b55,1179,1178,1790072133398.11,39.837295
e0606b55,1180,1179,1790072133423.473,25.36243
e0606b55,1181,1180,1790072133481.669,58.1967
e0606b55,1182,1181,1790072133536.012,54.342961
e0606b55,1183,1182,1790072133543.838,7.825372
e0606b55,1184,1183,1790072133597.893,54.05509
e0606b55,1185,1184,1790072133600.052,2.158862
e0606b55,1186,1185,1790072133600.738,0.686289
e0606b55,1187,1186,1790072133602.028,1.29043
e0606b55,1188,1187,1790072133604.21,2.181614
e0606b55,1189,1188,1790072133677.333,73.123436
e0606b55,1190,1189,1790072133954.314,276.981048
e0606b55,1191,1190,1790072133984.932,30.617181
e0606b55,1192,1191,1790072134044.824,59.89275
e0606b55,1193,1192,1790072134071.249,26.42447
e0606b55,1194,1193,1790072134112.719,41.470401
e0606b55,1195,1194,1790072134147.759,35.040137
e0606b55,1196,1195,1790072134187.313,39.553581
e0606b55,1197,1196,1790072134230.337,43.024221
e0606b55,1198,1197,1790072134275.926,45.588759
e0606b55,1199,1198,1790072134312.258,36.331863
e0606b55,1200,1199,1790072134357.292,45.03466
e0606b55,1201,1200,1790072134399.381,42.088485
e0606b55,1202,1201,1790072134437.462,38.08093
e0606b55,1203,1202,1790072134479.229,41.767028
e0606b55,1204,1203,1790072134503.309,24.080374
e0606b55,1205,1204,1790072134553.606,50.297079
e0606b55,1206,1205,1790072134599.544,45.937329
e0606b55,1207,1206,1790072134643.931,44.386842
e0606b55,1208,1207,1790072134671.863,27.931932
e0606b55,1209,1208,1790072134720.026,48.163183
e0606b55,1210,1209,1790072134747.442,27.41592
e0606b55,1211,1210,1790072134787.934,40.492573
e0606b55,1212,1211,1790072134829.3,41.365699
e0606b55,1213,1212,1790072134886.674,57.373764
e0606b55,1214,1213,1790072134914.349,27.67583
e0606b55,1215,1214,1790072134960.016,45.666596
e0606b55,1216,1215,1790072134997.175,37.158429
e0606b55,1217,1216,1790072135034.263,37.088893
e0606b55,1218,1217,1790072135090.048,55.784549
e0606b55,1219,1218,1790072135117.624,27.575829
e0606b55,1220,1219,1790072135155.64,38.015798
e0606b55,1221,1220,1790072135199.484,43.844816
e0606b55,1222,1221,1790072135299.422,99.938023
e0606b55,1223,1222,1790072135301.376,1.953396
e0606b55,1224,1223,1790072135312.773,11.397529
e0606b55,1225,1224,1790072135354.193,41.419362
e0606b55,1226,1225,1790072135399.091,44.8986
e0606b55,1227,1226,1790072135430.59,31.499173
e0606b55,1228,1227,1790072135473.649,43.058705
e0606b55,1229,1228,1790072135514.873,41.223839
e0606b55,1230,1229,1790072135558.127,43.254065
e0606b55,1231,1230,1790072135598.505,40.378106
e0606b55,1232,1231,1790072135601.836,3.330458
e0606b55,1233,1232,1790072135612.563,10.727684
e0606b55,1234,1233,1790072135614.167,1.603804
e0606b55,1235,1234,1790072135619.453,5.286009
e0606b55,1236,1235,1790072135620.312,0.858582
e0606b55,1237,1236,1790072135670.443,50.131531
e0606b55,1238,1237,1790072135954.656,284.212681
e0606b55,1239,1238,1790072135994.789,40.133522
e0606b55,1240,1239,1790072136044.948,50.158499
e0606b55,1241,1240,1790072136083.095,38.146769
e0606b55,1242,1241,1790072136106.83,23.735644
e0606b55,1243,1242,1790072136148.509,41.678553
e0606b55,1244,1243,1790072136192.018,43.509237
e0606b55,1245,1244,1790072136245.137,53.119254
e0606b55,1246,1245,1790072136279.734,34.596387
e0606b55,1247,1246,1790072136318.787,39.053274
e0606b55,1248,1247,1790072136358.054,39.266995
e0606b55,1249,1248,1790072136398.254,40.200352
e0606b55,1250,1249,1790072136436.671,38.417109
e0606b55,1251,1250,1790072136469.312,32.640038
e0606b55,1252,1251,1790072136523.574,54.263034
e0606b55,1253,1252,1790072136567.492,43.917487
e0606b55,1254,1253,1790072136592.009,24.516955
e0606b55,1255,1254,1790072136633.356,41.347202
e0606b55,1256,1255,1790072136683.651,50.294987
e0606b55,1257,1256,1790072136721.208,37.556572
e0606b55,1258,1257,1790072136759.806,38.597816
e0606b55,1259,1258,1790072136804.791,44.985344
e0606b55,1260,1259,1790072136833.579,28.787906
e0606b55,1261,1260,1790072136884.899,51.319754
e0606b55,1262,1261,1790072136909.487,24.58866
e0606b55,1263,1262,1790072136954.808,45.320245
e0606b55,1264,1263,1790072136993.838,39.030321
e0606b55,1265,1264,1790072137035.588,41.750135
e0606b55,1266,1265,1790072137076.905,41.317201
e0606b55,1267,1266,1790072137109.676,32.771023
e0606b55,1268,1267,1790072137157.259,47.583137
e0606b55,1269,1268,1790072137200.139,42.880115
e0606b55,1270,1269,1790072137231.878,31.738313
e0606b55,1271,1270,1790072137269.224,37.346367
e0606b55,1272,1271,1790072137318.354,49.130018
e0606b55,1273,1272,1790072137351.031,32.676289
e0606b55,1274,1273,1790072137400.839,49.808256
e0606b55,1275,1274,1790072137437.204,36.365524
e0606b55,1276,1275,1790072137485.386,48.182103
e0606b55,1277,1276,1790072137516.61,31.22417
e0606b55,1278,1277,1790072137551.066,34.455368
e0606b55,1279,1278,1790072137602.258,51.191736
e0606b55,1280,1279,1790072137605.495,3.236988
e0606b55,1281,1280,1790072137606.91,1.415531
e0606b55,1282,1281,1790072137611.902,4.991462
e0606b55,1283,1282,1790072137612.602,0.700438
e0606b55,1284,1283,1790072137614.966,2.363955
e0606b55,1285,1284,1790072137670.667,55.701543
e0606b55,1286,1285,1790072137955.528,284.860257
e0606b55,1287,1286,1790072138001.356,45.828093
e0606b55,1288,1287,1790072138035.109,33.752715
e0606b55,1289,1288,1790072138069.28,34.170862
e0606b55,1290,1289,1790072138114.973,45.69401
e0606b55,1291,1290,1790072138154.033,39.060096
e0606b55,1292,1291,1790072138194.269,40.235698
e0606b55,1293,1292,1790072138231.223,36.953524
e0606b55,1294,1293,1790072138281.483,50.260179
e0606b55,1295,1294,1790072138313.205,31.721677
e0606b55,1296,1295,1790072138351.895,38.690509
e0606b55,1297,1296,1790072138395.547,43.652033
e0606b55,1298,1297,1790072138434.256,38.708541
e0606b55,1299,1298,1790072138474.736,40.480749
e0606b55,1300,1299,1790072138536.998,62.261114
e0606b55,1301,1300,1790072138543.872,6.874159
e0606b55,1302,1301,1790072138593.644,49.772467
e0606b55,1303,1302,1790072138627.034,33.389713
e0606b55,1304,1303,1790072138667.903,40.869053
e0606b55,1305,1304,1790072138723.548,55.645173
e0606b55,1306,1305,1790072138744.265,20.716903
e0606b55,1307,1306,1790072138798.448,54.183536
e0606b55,1308,1307,1790072138842.644,44.195319
e0606b55,1309,1308,1790072138868.176,25.532344
e0606b55,1310,1309,1790072138924.233,56.057005
e0606b55,1311,1310,1790072138963.738,39.504647
e0606b55,1312,1311,1790072139003.137,39.399165
e0606b55,1313,1312,1790072139036.184,33.046755
e0606b55,1314,1313,1790072139074.804,38.620686
e0606b55,1315,1314,1790072139119.478,44.673117
e0606b55,1316,1315,1790072139143.142,23.664054
e0606b55,1317,1316,1790072139215.464,72.322774
e0606b55,1318,1317,1790072139242.991,27.526581
e0606b55,1319,1318,1790072139281.699,38.708514
e0606b55,1320,1319,1790072139315.928,34.228332
e0606b55,1321,1320,1790072139349.759,33.831416
e0606b55,1322,1321,1790072139399.446,49.687063
e0606b55,1323,1322,1790072139436.96,37.513449
e0606b55,1324,1323,1790072139472.567,35.607709
e0606b55,1325,1324,1790072139517.51,44.942407
e0606b55,1326,1325,1790072139557.7,40.189828
e0606b55,1327,1326,1790072139614.88,57.180164
e0606b55,1328,1327,1790072139621.332,6.451879
e0606b55,1329,1328,1790072139622.434,1.10218
e0606b55,1330,1329,1790072139623.048,0.613825
e0606b55,1331,1330,1790072139624.623,1.574949
e0606b55,1332,1331,1790072139627.476,2.853069
e0606b55,1333,1332,1790072139668.737,41.261539
e0606b55,1334,1333,1790072139962.535,293.797751
e0606b55,1335,1334,1790072139996.906,34.37058
e0606b55,1336,1335,1790072140033.689,36.783478
e0606b55,1337,1336,1790072140082.5,48.811181
e0606b55,1338,1337,1790072140110.14,27.639251
e0606b55,1339,1338,1790072140147.66,37.520068
e0606b55,1340,1339,1790072140198.631,50.971365
e0606b55,1341,1340,1790072140231.06,32.428555
e0606b55,1342,1341,1790072140270.297,39.237882
e0606b55,1343,1342,1790072140315.596,45.298923
e0606b55,1344,1343,1790072140356.785,41.188299
e0606b55,1345,1344,1790072140397.568,40.783436
e0606b55,1346,1345,1790072140427.362,29.793904
e0606b55,1347,1346,1790072140481.582,54.219687
e0606b55,1348,1347,1790072140509.402,27.820164
e0606b55,1349,1348,1790072140558.235,48.832716
e0606b55,1350,1349,1790072140592.016,33.781417
e0606b55,1351,1350,1790072140630.94,38.92448
e0606b55,1352,1351,1790072140671.915,40.974133
e0606b55,1353,1352,1790072140717.918,46.003729
e0606b55,1354,1353,1790072140756.641,38.722488
e0606b55,1355,1354,1790072140799.325,42.684095
e0606b55,1356,1355,1790072140832.348,33.022872
e0606b55,1357,1356,1790072140869.918,37.570387
e0606b55,1358,1357,1790072140911.553,41.634481
e0606b55,1359,1358,1790072140950.908,39.355726
e0606b55,1360,1359,1790072140990.48,39.571787
e0606b55,1361,1360,1790072141044.853,54.373194
e0606b55,1362,1361,1790072141078.229,33.375218
e0606b55,1363,1362,1790072141113.305,35.076258
e0606b55,1364,1363,1790072141156.78,43.475321
e0606b55,1365,1364,1790072141195.644,38.864145
e0606b55,1366,1365,1790072141229.309,33.664872
e0606b55,1367,1366,1790072141275.345,46.03564
e0606b55,1368,1367,1790072141332.417,57.071865
e0606b55,1369,1368,1790072141349.446,17.0291
e0606b55,1370,1369,1790072141396.727,47.281155
e0606b55,1371,1370,1790072141444.447,47.720369
e0606b55,1372,1371,1790072141470.748,26.300463
e0606b55,1373,1372,1790072141511.984,41.235921
e0606b55,1374,1373,1790072141556.051,44.067399
e0606b55,1375,1374,1790072141609.473,53.421981
e0606b55,1376,1375,1790072141610.732,1.259245
e0606b55,1377,1376,1790072141614.077,3.344396
e0606b55,1378,1377,1790072141614.685,0.607877
e0606b55,1379,1378,1790072141617.199,2.514274
e0606b55,1380,1379,1790072141618.858,1.65957
e0606b55,1381,1380,1790072141687.004,68.145272
e0606b55,1382,1381,1790072141951.674,264.670304
e0606b55,1383,1382,1790072141990.757,39.083046
e0606b55,1384,1383,1790072142042.777,52.01981
e0606b55,1385,1384,1790072142072.599,29.821702
e0606b55,1386,1385,1790072142110.126,37.527323
e0606b55,1387,1386,1790072142156.161,46.035448
e0606b55,1388,1387,1790072142190.19,34.02865
e0606b55,1389,1388,1790072142231.418,41.227868
e0606b55,1390,1389,1790072142275.878,44.459977
e0606b55,1391,1390,1790072142310.819,34.941428
e0606b55,1392,1391,1790072142361.838,51.019204
e0606b55,1393,1392,1790072142396.479,34.641043
e0606b55,1394,1393,1790072142438.179,41.699445
e0606b55,1395,1394,1790072142490.284,52.105265
e0606b55,1396,1395,1790072142511.405,21.120525
e0606b55,1397,1396,1790072142560.307,48.902036
e0606b55,1398,1397,1790072142590.856,30.549631
e0606b55,1399,1398,1790072142632.213,41.356209
e0606b55,1400,1399,1790072142673.464,41.251826
e0606b55,1401,1400,1790072142718.957,45.492737
e0606b55,1402,1401,1790072142755.585,36.627549
e0606b55,1403,1402,1790072142801.329,45.744725
e0606b55,1404,1403,1790072142831.66,30.330329
e0606b55,1405,1404,1790072142872.411,40.750825
e0606b55,1406,1405,1790072142923.228,50.817768
e0606b55,1407,1406,1790072142943.249,20.020351
e0606b55,1408,1407,1790072143010.741,67.492225
e0606b55,1409,1408,1790072143033.164,22.422553
e0606b55,1410,1409,1790072143071.432,38.268935
e0606b55,1411,1410,1790072143110.758,39.32556
e0606b55,1412,1411,1790072143154.022,43.26366
e0606b55,1413,1412,1790072143194.662,40.640737
e0606b55,1414,1413,1790072143230.945,36.282697
e0606b55,1415,1414,1790072143271.667,40.722238
e0606b55,1416,1415,1790072143317.275,45.607332
e0606b55,1417,1416,1790072143359.158,41.883103
e0606b55,1418,1417,1790072143407.181,48.023137
e0606b55,1419,1418,1790072143443.83,36.649221
e0606b55,1420,1419,1790072143475.407,31.577469
e0606b55,1421,1420,1790072143520.082,44.674375
e0606b55,1422,1421,1790072143551.544,31.462154
e0606b55,1423,1422,1790072143602.324,50.779529
e0606b55,1424,1423,1790072143607.671,5.347489
e0606b55,1425,1424,1790072143608.723,1.0515
e0606b55,1426,1425,1790072143674.791,66.068101
e0606b55,1427,1426,1790072143951.878,277.087342
e0606b55,1428,1427,1790072143990.718,38.839343
e0606b55,1429,1428,1790072144046.151,55.434055
e0606b55,1430,1429,1790072144072.761,26.610045
e0606b55,1431,1430,1790072144126.379,53.617759
e0606b55,1432,1431,1790072144157.735,31.356167
e0606b55,1433,1432,1790072144198.493,40.757545
e0606b55,1434,1433,1790072144245.171,46.677865
e0606b55,1435,1434,1790072144282.012,36.841365
e0606b55,1436,1435,1790072144310.249,28.236863
e0606b55,1437,1436,1790072144355.626,45.377114
e0606b55,1438,1437,1790072144389.401,33.774792
e0606b55,1439,1438,1790072144432.437,43.035523
e0606b55,1440,1439,1790072144472.505,40.068315
e0606b55,1441,1440,1790072144526.392,53.887453
e0606b55,1442,1441,1790072144552.164,25.771333
e0606b55,1443,1442,1790072144595.435,43.27131
e0606b55,1444,1443,1790072144632.282,36.847621
e0606b55,1445,1444,1790072144691.913,59.630493
e0606b55,1446,1445,1790072144715.526,23.612971
e0606b55,1447,1446,1790072144761.102,45.575727
e0606b55,1448,1447,1790072144799.715,38.612979
e0606b55,1449,1448,1790072144827.863,28.148441
e0606b55,1450,1449,1790072144869.325,41.462171
e0606b55,1451,1450,1790072144923.565,54.239416
e0606b55,1452,1451,1790072144956.538,32.973411
e0606b55,1453,1452,1790072144995.856,39.318252
e0606b55,1454,1453,1790072145034.784,38.927451
e0606b55,1455,1454,1790072145072.662,37.878532
e0606b55,1456,1455,1790072145119.337,46.67444
e0606b55,1457,1456,1790072145155.059,35.72228
e0606b55,1458,1457,1790072145196.538,41.478786
e0606b55,1459,1458,1790072145229.391,32.853271
e0606b55,1460,1459,1790072145275.423,46.031414
e0606b55,1461,1460,1790072145310.241,34.818213
e0606b55,1462,1461,1790072145349.447,39.205961
e0606b55,1463,1462,1790072145390.363,40.916475
e0606b55,1464,1463,1790072145440.63,50.266567
e0606b55,1465,1464,1790072145474.82,34.190096
e0606b55,1466,1465,1790072145501.948,27.12849
e0606b55,1467,1466,1790072145558.707,56.758445
e0606b55,1468,1467,1790072145596.202,37.495147
e0606b55,1469,1468,1790072145598.853,2.651385
e0606b55,1470,1469,1790072145600.239,1.385402
e0606b55,1471,1470,1790072145675.844,75.604953
e0606b55,1472,1471,1790072145956.105,280.261139
e0606b55,1473,1472,1790072145993.268,37.163034
e0606b55,1474,1473,1790072146045.989,52.721147
e0606b55,1475,1474,1790072146076.235,30.245733
e0606b55,1476,1475,1790072146110.636,34.401521
e0606b55,1477,1476,1790072146150.865,40.229028
e0606b55,1478,1477,1790072146190.941,40.07611
e0606b55,1479,1478,1790072146231.084,40.142469
e0606b55,1480,1479,1790072146284.352,53.267946
e0606b55,1481,1480,1790072146312.483,28.131176
e0606b55,1482,1481,1790072146364.059,51.576178
e0606b55,1483,1482,1790072146410.848,46.788412
e0606b55,1484,1483,1790072146443.402,32.554662
e0606b55,1485,1484,1790072146476.674,33.271207
e0606b55,1486,1485,1790072146518.003,41.329818
e0606b55,1487,1486,1790072146547.807,29.803617
e0606b55,1488,1487,1790072146595.529,47.722114
e0606b55,1489,1488,1790072146642.25,46.720864
e0606b55,1490,1489,1790072146672.017,29.766841
e0606b55,1491,1490,1790072146732.373,60.356071
e0606b55,1492,1491,1790072146751.908,19.535523
e0606b55,1493,1492,1790072146798.558,46.649669
e0606b55,1494,1493,1790072146833.407,34.849221
e0606b55,1495,1494,1790072146876.696,43.288678
e0606b55,1496,1495,1790072146910.68,33.984024
e0606b55,1497,1496,1790072146952.251,41.571132
e0606b55,1498,1497,1790072146995.194,42.942472
e0606b55,1499,1498,1790072147042.734,47.540468
e0606b55,1500,1499,1790072147083.442,40.708053
e0606b55,1501,1500,1790072147117.138,33.695597
e0606b55,1502,1501,1790072147148.867,31.729208
e0606b55,1503,1502,1790072147196.658,47.790811
e0606b55,1504,1503,1790072147298.685,102.02741
e0606b55,1505,1504,1790072147300.781,2.0955
e0606b55,1506,1505,1790072147312.54,11.759674
e0606b55,1507,1506,1790072147350.33,37.790113
e0606b55,1508,1507,1790072147390.128,39.79805
e0606b55,1509,1508,1790072147431.783,41.654914
e0606b55,1510,1509,1790072147471.885,40.101309
e0606b55,1511,1510,1790072147515.154,43.269434
e0606b55,1512,1511,1790072147556.407,41.2528
e0606b55,1513,1512,1790072147587.277,30.870513
e0606b55,1514,1513,1790072147588.56,1.28289
e0606b55,1515,1514,1790072147589.972,1.411765
e0606b55,1516,1515,1790072147592.223,2.25107
e0606b55,1517,1516,1790072147596.375,4.151547
e0606b55,1518,1517,1790072147618.319,21.943974
e0606b55,1519,1518,1790072147671.771,53.452345
e0606b55,1520,1519,1790072147956.42,284.649375
e0606b55,1521,1520,1790072148003.592,47.171126
e0606b55,1522,1521,1790072148045.543,41.951975
e0606b55,1523,1522,1790072148075.843,30.299285
e0606b55,1524,1523,1790072148114.343,38.500433
e0606b55,1525,1524,1790072148144.855,30.51166
e0606b55,1526,1525,1790072148198.162,53.307413
e0606b55,1527,1526,1790072148229.632,31.469326
e0606b55,1528,1527,1790072148289.786,60.15432
e0606b55,1529,1528,1790072148308.093,18.307157
e0606b55,1530,1529,1790072148347.752,39.659142
e0606b55,1531,1530,1790072148388.619,40.866716
e0606b55,1532,1531,1790072148434.353,45.733848
e0606b55,1533,1532,1790072148471.382,37.02895
e0606b55,1534,1533,1790072148520.506,49.123804
e0606b55,1535,1534,1790072148555.381,34.875294
e0606b55,1536,1535,1790072148604.606,49.224983
e0606b55,1537,1536,1790072148631.589,26.983338
e0606b55,1538,1537,1790072148681.661,50.072214
e0606b55,1539,1538,1790072148724.299,42.637898
e0606b55,1540,1539,1790072148747.378,23.079126
e0606b55,1541,1540,1790072148791.237,43.858255
e0606b55,1542,1541,1790072148828.468,37.231374
e0606b55,1543,1542,1790072148871.691,43.22325
e0606b55,1544,1543,1790072148916.765,45.073447
e0606b55,1545,1544,1790072148953.014,36.249631
e0606b55,1546,1545,1790072148994.78,41.76538
e0606b55,1547,1546,1790072149046.179,51.399743
e0606b55,1548,1547,1790072149079.065,32.885632
e0606b55,1549,1548,1790072149103.744,24.678873
e0606b55,1550,1549,1790072149163.711,59.967545
e0606b55,1551,1550,1790072149205.161,41.449368
e0606b55,1552,1551,1790072149232.429,27.267823
e0606b55,1553,1552,1790072149271.937,39.508709
e0606b55,1554,1553,1790072149311.218,39.280687
e0606b55,1555,1554,1790072149351.708,40.489721
e0606b55,1556,1555,1790072149397.172,45.463868
e0606b55,1557,1556,1790072149430.975,33.803787
e0606b55,1558,1557,1790072149472.446,41.470466
e0606b55,1559,1558,1790072149514.569,42.122856
e0606b55,1560,1559,1790072149553.824,39.255684
e0606b55,1561,1560,1790072149596.359,42.534627
e0606b55,1562,1561,1790072149603.42,7.060636
e0606b55,1563,1562,1790072149612.901,9.480839
e0606b55,1564,1563,1790072149613.744,0.843927
e0606b55,1565,1564,1790072149616.276,2.531241
e0606b55,1566,1565,1790072149688.504,72.228562
e0606b55,1567,1566,1790072149953.052,264.547152
e0606b55,1568,1567,1790072150005.738,52.686554
e0606b55,1569,1568,1790072150038.504,32.766124
e0606b55,1570,1569,1790072150064.029,25.52463
e0606b55,1571,1570,1790072150119.289,55.259845
e0606b55,1572,1571,1790072150152.457,33.167844
e0606b55,1573,1572,1790072150189.392,36.935638
e0606b55,1574,1573,1790072150228.538,39.146272
e0606b55,1575,1574,1790072150271.728,43.18959
e0606b55,1576,1575,1790072150310.916,39.187953
e0606b55,1577,1576,1790072150356.408,45.492566
e0606b55,1578,1577,1790072150392.231,35.822368
e0606b55,1579,1578,1790072150433.557,41.326402
e0606b55,1580,1579,1790072150473.861,40.303572
e0606b55,1581,1580,1790072150530.097,56.236585
e0606b55,1582,1581,1790072150554.583,24.485848
e0606b55,1583,1582,1790072150596.363,41.779708
e0606b55,1584,1583,1790072150646.668,50.304806
e0606b55,1585,1584,1790072150677.279,30.611557
e0606b55,1586,1585,1790072150717.13,39.8512
e0606b55,1587,1586,1790072150749.266,32.135604
e0606b55,1588,1587,1790072150792.796,43.529745
e0606b55,1589,1588,1790072150832.054,39.25818
e0606b55,1590,1589,1790072150881.958,49.903912
e0606b55,1591,1590,1790072150911.827,29.86862
e0606b55,1592,1591,1790072150955.329,43.502509
e0606b55,1593,1592,1790072150994.85,39.521084
e0606b55,1594,1593,1790072151036.189,41.339401
e0606b55,1595,1594,1790072151089.613,53.422922
e0606b55,1596,1595,1790072151107.711,18.098131
e0606b55,1597,1596,1790072151153.377,45.66674
e0606b55,1598,1597,1790072151190.541,37.163485
e0606b55,1599,1598,1790072151230.387,39.846203
e0606b55,1600,1599,1790072151275.46,45.072708
e0606b55,1601,1600,1790072151318.888,43.428221
e0606b55,1602,1601,1790072151365.714,46.826218
e0606b55,1603,1602,1790072151399.694,33.979679
e0606b55,1604,1603,1790072151445.577,45.883522
e0606b55,1605,1604,1790072151476.23,30.652545
e0606b55,1606,1605,1790072151512.857,36.626668
e0606b55,1607,1606,1790072151550.043,37.1869
e0606b55,1608,1607,1790072151604.328,54.284551
e0606b55,1609,1608,1790072151606.578,2.250227
e0606b55,1610,1609,1790072151608.305,1.726411
e0606b55,1611,1610,1790072151609.505,1.200362
e0606b55,1612,1611,1790072151612.467,2.962183
e0606b55,1613,1612,1790072151614.838,2.371253
e0606b55,1614,1613,1790072151686.5,71.661381
e0606b55,1615,1614,1790072151951.659,265.159586
e0606b55,1616,1615,1790072151990.015,38.35529
e0606b55,1617,1616,1790072152033.815,43.800083
e0606b55,1618,1617,1790072152089.719,55.904417
e0606b55,1619,1618,1790072152110.528,20.80882
e0606b55,1620,1619,1790072152156.96,46.431754
e0606b55,1621,1620,1790072152189.679,32.718969
e0606b55,1622,1621,1790072152239.339,49.660655
e0606b55,1623,1622,1790072152275.987,36.647873
e0606b55,1624,1623,1790072152317.422,41.434648
e0606b55,1625,1624,1790072152369.943,52.521456
e0606b55,1626,1625,1790072152401.658,31.715051
e0606b55,1627,1626,1790072152431.015,29.356677
e0606b55,1628,1627,1790072152474.74,43.724431
e0606b55,1629,1628,1790072152520.329,45.589285
e0606b55,1630,1629,1790072152554.028,33.699386
e0606b55,1631,1630,1790072152601.314,47.285539
e0606b55,1632,1631,1790072152639.455,38.141202
e0606b55,1633,1632,1790072152678.915,39.460354
e0606b55,1634,1633,1790072152717.829,38.913707
e0606b55,1635,1634,1790072152752.864,35.035232
e0606b55,1636,1635,1790072152790.057,37.192787
e0606b55,1637,1636,1790072152839.37,49.313346
e0606b55,1638,1637,1790072152875.227,35.856693
e0606b55,1639,1638,1790072152911.557,36.329976
e0606b55,1640,1639,1790072152956.298,44.740873
e0606b55,1641,1640,1790072153001.094,44.79615
e0606b55,1642,1641,1790072153059.833,58.738404
e0606b55,1643,1642,1790072153078.224,18.391828
e0606b55,1644,1643,1790072153118.867,40.642477
e0606b55,1645,1644,1790072153153.875,35.007895
e0606b55,1646,1645,1790072153191.404,37.52881
e0606b55,1647,1646,1790072153231.562,40.15892
e0606b55,1648,1647,1790072153271.886,40.323297
e0606b55,1649,1648,1790072153315.493,43.607233
e0606b55,1650,1649,1790072153352.863,37.370245
e0606b55,1651,1650,1790072153411.508,58.644901
e0606b55,1652,1651,1790072153444.537,33.028431
e0606b55,1653,1652,1790072153476.523,31.98632
e0606b55,1654,1653,1790072153517.303,40.779925
e0606b55,1655,1654,1790072153557.958,40.65529
e0606b55,1656,1655,1790072153593.149,35.19141
e0606b55,1657,1656,1790072153594.418,1.268205
e0606b55,1658,1657,1790072153595.868,1.450322
e0606b55,1659,1658,1790072153596.968,1.099924
e0606b55,1660,1659,1790072153600.724,3.755676
e0606b55,1661,1660,1790072153603.009,2.285688
e0606b55,1662,1661,1790072153679.869,76.859418
e0606b55,1663,1662,1790072153950.533,270.664314
e0606b55,1664,1663,1790072153990.998,40.464982
e0606b55,1665,1664,1790072154036.591,45.592587
e0606b55,1666,1665,1790072154073.409,36.818201
e0606b55,1667,1666,1790072154110.475,37.066088
e0606b55,1668,1667,1790072154150.732,40.257148
e0606b55,1669,1668,1790072154198.787,48.05534
e0606b55,1670,1669,1790072154232.677,33.889406
e0606b55,1671,1670,1790072154272.99,40.312922
e0606b55,1672,1671,1790072154304.794,31.80484
e0606b55,1673,1672,1790072154356.346,51.55133
e0606b55,1674,1673,1790072154397.036,40.6899
e0606b55,1675,1674,1790072154443.365,46.328702
e0606b55,1676,1675,1790072154469.679,26.31429
e0606b55,1677,1676,1790072154511.217,41.538147
e0606b55,1678,1677,1790072154573.059,61.842024
e0606b55,1679,1678,1790072154602.142,29.082794
e0606b55,1680,1679,1790072154632.538,30.396691
e0606b55,1681,1680,1790072154686.551,54.012013
e0606b55,1682,1681,1790072154715.209,28.658822
e0606b55,1683,1682,1790072154744.816,29.606813
e0606b55,1684,1683,1790072154789.092,44.275868
e0606b55,1685,1684,1790072154835.154,46.061635
e0606b55,1686,1685,1790072154869.672,34.518228
e0606b55,1687,1686,1790072154922.513,52.841703
e0606b55,1688,1687,1790072154956.326,33.812718
e0606b55,1689,1688,1790072155000.185,43.858681
e0606b55,1690,1689,1790072155042.454,42.268629
e0606b55,1691,1690,1790072155084.501,42.047756
e0606b55,1692,1691,1790072155137.137,52.635559
e0606b55,1693,1692,1790072155146.768,9.630626
e0606b55,1694,1693,1790072155196.95,50.182203
e0606b55,1695,1694,1790072155236.29,39.340708
e0606b55,1696,1695,1790072155283.98,47.6896
e0606b55,1697,1696,1790072155311.302,27.322589
e0606b55,1698,1697,1790072155358.327,47.024681
e0606b55,1699,1698,1790072155392.798,34.470501
e0606b55,1700,1699,1790072155442.076,49.278388
e0606b55,1701,1700,1790072155479.578,37.502013
e0606b55,1702,1701,1790072155514.385,34.806798
e0606b55,1703,1702,1790072155552.579,38.193887
e0606b55,1704,1703,1790072155591.146,38.566997
e0606b55,1705,1704,1790072155593.039,1.893433
e0606b55,1706,1705,1790072155603.622,10.582737
e0606b55,1707,1706,1790072155611.854,8.23228
e0606b55,1708,1707,1790072155615.402,3.547837
e0606b55,1709,1708,1790072155615.974,0.572277
e0606b55,1710,1709,1790072155671.589,55.614283
e0606b55,1711,1710,1790072155948.579,276.990568
e0606b55,1712,1711,1790072155993.515,44.935341
e0606b55,1713,1712,1790072156044.913,51.397992
e0606b55,1714,1713,1790072156078.221,33.308672
e0606b55,1715,1714,1790072156110.441,32.219369
e0606b55,1716,1715,1790072156165.991,55.550663
e0606b55,1717,1716,1790072156194.827,28.835957
e0606b55,1718,1717,1790072156235.134,40.306663
e0606b55,1719,1718,1790072156271.594,36.46049
e0606b55,1720,1719,1790072156324.49,52.896187
e0606b55,1721,1720,1790072156356.727,32.236477
e0606b55,1722,1721,1790072156400.42,43.692614
e0606b55,1723,1722,1790072156433.749,33.328831
e0606b55,1724,1723,1790072156481.606,47.857892
e0606b55,1725,1724,1790072156516.058,34.451125
e0606b55,1726,1725,1790072156554.703,38.645852
e0606b55,1727,1726,1790072156599.637,44.934164
e0606b55,1728,1727,1790072156633.104,33.465952
e0606b55,1729,1728,1790072156679.718,46.614523
e0606b55,1730,1729,1790072156719.238,39.520041
e0606b55,1731,1730,1790072156756.567,37.328551
e0606b55,1732,1731,1790072156800.119,43.552866
e0606b55,1733,1732,1790072156844.442,44.323025
e0606b55,1734,1733,1790072156874.886,30.443465
e0606b55,1735,1734,1790072156917.454,42.568215
e0606b55,1736,1735,1790072156957.598,40.144098
e0606b55,1737,1736,1790072156988.334,30.736185
e0606b55,1738,1737,1790072157037.491,49.156466
e0606b55,1739,1738,1790072157067.353,29.862146
e0606b55,1740,1739,1790072157112.445,45.091767
e0606b55,1741,1740,1790072157153.584,41.139379
e0606b55,1742,1741,1790072157192.667,39.082329
e0606b55,1743,1742,1790072157235.811,43.144161
e0606b55,1744,1743,1790072157277.418,41.607418
e0606b55,1745,1744,1790072157317.119,39.700466
e0606b55,1746,1745,1790072157370.652,53.533511
e0606b55,1747,1746,1790072157384.435,13.783183
e0606b55,1748,1747,1790072157444.631,60.195678
e0606b55,1749,1748,1790072157470.182,25.55138
e0606b55,1750,1749,1790072157519.076,48.89403
e0606b55,1751,1750,1790072157553.032,33.955657
e0606b55,1752,1751,1790072157603.904,50.871595
e0606b55,1753,1752,1790072157607.2,3.296923
e0606b55,1754,1753,1790072157607.977,0.77639
e0606b55,1755,1754,1790072157610.431,2.453792
e0606b55,1756,1755,1790072157613.045,2.614009
e0606b55,1757,1756,1790072157617.032,3.987529
e0606b55,1758,1757,1790072157676.323,59.290439
e0606b55,1759,1758,1790072157951.653,275.330216
e0606b55,1760,1759,1790072157988.916,37.262576
e0606b55,1761,1760,1790072158035.663,46.747607
e0606b55,1762,1761,1790072158072.285,36.622223
e0606b55,1763,1762,1790072158112.477,40.191892
e0606b55,1764,1763,1790072158155.532,43.054713
e0606b55,1765,1764,1790072158192.795,37.262689
e0606b55,1766,1765,1790072158234.494,41.699035
e0606b55,1767,1766,1790072158274.175,39.681715
e0606b55,1768,1767,1790072158315.748,41.573033
e0606b55,1769,1768,1790072158357.092,41.34361
e0606b55,1770,1769,1790072158399.032,41.939867
e0606b55,1771,1770,1790072158445.56,46.528291
e0606b55,1772,1771,1790072158469.849,24.288436
e0606b55,1773,1772,1790072158513.362,43.51299
e0606b55,1774,1773,1790072158556.337,42.975342
e0606b55,1775,1774,1790072158592.558,36.220908
e0606b55,1776,1775,1790072158636.38,43.821806
e0606b55,1777,1776,1790072158673.33,36.950134
e0606b55,1778,1777,1790072158719.869,46.53957
e0606b55,1779,1778,1790072158761.979,42.109957
e0606b55,1780,1779,1790072158789.814,27.834443
e0606b55,1781,1780,1790072158833.335,43.521234
e0606b55,1782,1781,1790072158885.516,52.18106
e0606b55,1783,1782,1790072158916.364,30.848143
e0606b55,1784,1783,1790072158972.079,55.71435
e0606b55,1785,1784,1790072158999.97,27.892005
e0606b55,1786,1785,1790072159037.504,37.533203
e0606b55,1787,1786,1790072159079.995,42.491708
e0606b55,1788,1787,1790072159126.32,46.32448
e0606b55,1789,1788,1790072159157.461,31.141153
e0606b55,1790,1789,1790072159206.299,48.838221
e0606b55,1791,1790,1790072159239.75,33.451216
e0606b55,1792,1791,1790072159270.292,30.541892
e0606b55,1793,1792,1790072159324.912,54.61971
e0606b55,1794,1793,1790072159355.89,30.97824
e0606b55,1795,1794,1790072159396.79,40.899441
e0606b55,1796,1795,1790072159424.266,27.475692
e0606b55,1797,1796,1790072159483.601,59.335511
e0606b55,1798,1797,1790072159507.161,23.560443
e0606b55,1799,1798,1790072159564.063,56.901321
e0606b55,1800,1799,1790072159596.854,32.791717
e0606b55,1801,1800,1790072159602.023,5.168349
e0606b55,1802,1801,1790072159605.486,3.463229
e0606b55,1803,1802,1790072159672.597,67.111445
e0606b55,1804,1803,1790072159952.227,279.629479
e0606b55,1805,1804,1790072159995.637,43.410145
e0606b55,1806,1805,1790072160038.501,42.86414
e0606b55,1807,1806,1790072160073.149,34.647327
e0606b55,1808,1807,1790072160124.125,50.976239
e0606b55,1809,1808,1790072160142.255,18.129664
e0606b55,1810,1809,1790072160203.41,61.155478
e0606b55,1811,1810,1790072160226.902,23.492201
e0606b55,1812,1811,1790072160276.459,49.556498
e0606b55,1813,1812,1790072160313.887,37.428255
e0606b55,1814,1813,1790072160355.698,41.811043
e0606b55,1815,1814,1790072160403.033,47.335336
e0606b55,1816,1815,1790072160432.98,29.947247
e0606b55,1817,1816,1790072160484.757,51.776036
e0606b55,1818,1817,1790072160521.293,36.536923
e0606b55,1819,1818,1790072160557.613,36.319576
e0606b55,1820,1819,1790072160592.198,34.584784
e0606b55,1821,1820,1790072160633.103,40.905089
e0606b55,1822,1821,1790072160664.064,30.96101
e0606b55,1823,1822,1790072160716.464,52.399828
e0606b55,1824,1823,1790072160746.969,30.505021
e0606b55,1825,1824,1790072160792.553,45.584105
e0606b55,1826,1825,1790072160840.941,48.388367
e0606b55,1827,1826,1790072160895.886,54.944678
e0606b55,1828,1827,1790072160911.014,15.127716
e0606b55,1829,1828,1790072160956.006,44.992639
e0606b55,1830,1829,1790072161006.063,50.056341
e0606b55,1831,1830,1790072161041.388,35.325663
e0606b55,1832,1831,1790072161076.147,34.759098
e0606b55,1833,1832,1790072161105.229,29.081197
e0606b55,1834,1833,1790072161157.97,52.741297
e0606b55,1835,1834,1790072161189.685,31.715245
e0606b55,1836,1835,1790072161240.654,50.968723
e0606b55,1837,1836,1790072161272.815,32.161047
e0606b55,1838,1837,1790072161318.207,45.392167
e0606b55,1839,1838,1790072161355.089,36.881887
e0606b55,1840,1839,1790072161399.451,44.361552
e0606b55,1841,1840,1790072161442.812,43.36159
e0606b55,1842,1841,1790072161482.467,39.654846
e0606b55,1843,1842,1790072161504.215,21.747678
e0606b55,1844,1843,1790072161556.752,52.537618
e0606b55,1845,1844,1790072161604.62,47.867969
e0606b55,1846,1845,1790072161606.852,2.23178
e0606b55,1847,1846,1790072161609.749,2.896839
e0606b55,1848,1847,1790072161612.953,3.203837
e0606b55,1849,1848,1790072161614.07,1.116787
e0606b55,1850,1849,1790072161616.468,2.398355
e0606b55,1851,1850,1790072161681.982,65.514326
e0606b55,1852,1851,1790072161959.148,277.165681
e0606b55,1853,1852,1790072161990.525,31.377029
e0606b55,1854,1853,1790072162029.678,39.153603
e0606b55,1855,1854,1790072162076.405,46.726716
e0606b55,1856,1855,1790072162113.412,37.006942
e0606b55,1857,1856,1790072162168.674,55.26214
e0606b55,1858,1857,1790072162197.602,28.927379
e0606b55,1859,1858,1790072162230.926,33.324433
e0606b55,1860,1859,1790072162275.906,44.979712
e0606b55,1861,1860,1790072162327.065,51.15941
e0606b55,1862,1861,1790072162357.972,30.907097
e0606b55,1863,1862,1790072162389.311,31.338296
e0606b55,1864,1863,1790072162444.464,55.153001
e0606b55,1865,1864,1790072162482.187,37.723598
e0606b55,1866,1865,1790072162515.738,33.550241
e0606b55,1867,1866,1790072162562.165,46.426972
e0606b55,1868,1867,1790072162600.323,38.158612
e0606b55,1869,1868,1790072162640.558,40.234682
e0606b55,1870,1869,1790072162664.901,24.343742
e0606b55,1871,1870,1790072162729.205,64.303092
e0606b55,1872,1871,1790072162759.258,30.053436
e0606b55,1873,1872,1790072162802.992,43.734478
e0606b55,1874,1873,1790072162833.642,30.649686
e0606b55,1875,1874,1790072162873.309,39.666577
e0606b55,1876,1875,1790072162918.749,45.440548
e0606b55,1877,1876,1790072162966.102,47.352982
e0606b55,1878,1877,1790072162999.991,33.888849
e0606b55,1879,1878,1790072163049.666,49.675158
e0606b55,1880,1879,1790072163076.544,26.877636
e0606b55,1881,1880,1790072163123.792,47.248482
e0606b55,1882,1881,1790072163161.031,37.238713
e0606b55,1883,1882,1790072163194.635,33.603709
e0606b55,1884,1883,1790072163243.72,49.085008
e0606b55,1885,1884,1790072163270.705,26.984973
e0606b55,1886,1885,1790072163332.378,61.672812
e0606b55,1887,1886,1790072163356.129,23.751628
e0606b55,1888,1887,1790072163396.927,40.797853
e0606b55,1889,1888,1790072163429.784,32.857212
e0606b55,1890,1889,1790072163487.216,57.431642
e0606b55,1891,1890,1790072163512.961,25.74524
e0606b55,1892,1891,1790072163553.765,40.804092
e0606b55,1893,1892,1790072163593.272,39.506582
e0606b55,1894,1893,1790072163594.933,1.660737
e0606b55,1895,1894,1790072163598.702,3.769266
e0606b55,1896,1895,1790072163605.863,7.161322
e0606b55,1897,1896,1790072163613.172,7.3088
e0606b55,1898,1897,1790072163616.301,3.129105
e0606b55,1899,1898,1790072163688.119,71.817524
e0606b55,1900,1899,1790072163948.58,260.460929
e0606b55,1901,1900,1790072163991.242,42.662654
e0606b55,1902,1901,1790072164030.579,39.336536
e0606b55,1903,1902,1790072164080.635,50.05663
e0606b55,1904,1903,1790072164116.014,35.378214
e0606b55,1905,1904,1790072164169.983,53.969138
e0606b55,1906,1905,1790072164203.483,33.500763
e0606b55,1907,1906,1790072164252.983,49.499375
e0606b55,1908,1907,1790072164353.97,100.987609
e0606b55,1909,1908,1790072164372.153,18.182002
e0606b55,1910,1909,1790072164384.853,12.700319
e0606b55,1911,1910,1790072164390.363,5.509961
e0606b55,1912,1911,1790072164428.267,37.904029
e0606b55,1913,1912,1790072164473.698,45.431386
e0606b55,1914,1913,1790072164510.222,36.524227
e0606b55,1915,1914,1790072164549.863,39.640179
e0606b55,1916,1915,1790072164604.609,54.746346
e0606b55,1917,1916,1790072164631.007,26.398204
e0606b55,1918,1917,1790072164681.108,50.101371
e0606b55,1919,1918,1790072164716.837,35.728212
e0606b55,1920,1919,1790072164745.446,28.609263
e0606b55,1921,1920,1790072164796.99,51.543941
e0606b55,1922,1921,1790072164831.938,34.948138
e0606b55,1923,1922,1790072164868.946,37.008227
e0606b55,1924,1923,1790072164911.098,42.151694
e0606b55,1925,1924,1790072164962.381,51.283454
e0606b55,1926,1925,1790072164991.916,29.534913
e0606b55,1927,1926,1790072165048.598,56.681603
e0606b55,1928,1927,1790072165078.004,29.406239
e0606b55,1929,1928,1790072165117.9,39.895407
e0606b55,1930,1929,1790072165155.515,37.614999
e0606b55,1931,1930,1790072165191.514,35.999044
e0606b55,1932,1931,1790072165246.027,54.513011
e0606b55,1933,1932,1790072165274.961,28.934385
e0606b55,1934,1933,1790072165331.554,56.593095
e0606b55,1935,1934,1790072165362.405,30.850714
e0606b55,1936,1935,1790072165395.164,32.758872
e0606b55,1937,1936,1790072165433.962,38.798509
e0606b55,1938,1937,1790072165468.995,35.032434
e0606b55,1939,1938,1790072165516.228,47.23302
e0606b55,1940,1939,1790072165551.357,35.12957
e0606b55,1941,1940,1790072165597.224,45.86652
e0606b55,1942,1941,1790072165598.35,1.126289
e0606b55,1943,1942,1790072165599.686,1.335722
e0606b55,1944,1943,1790072165601.185,1.499551
e0606b55,1945,1944,1790072165604.449,3.264265
e0606b55,1946,1945,1790072165678.264,73.814171
e0606b55,1947,1946,1790072165963.655,285.391565
e0606b55,1948,1947,1790072165996.034,32.378898
e0606b55,1949,1948,1790072166032.054,36.019485
e0606b55,1950,1949,1790072166076.281,44.227246
e0606b55,1951,1950,1790072166118.294,42.012916
e0606b55,1952,1951,1790072166155.636,37.342292
e0606b55,1953,1952,1790072166193.907,38.270877
e0606b55,1954,1953,1790072166238.591,44.68365
e0606b55,1955,1954,1790072166275.579,36.987951
e0606b55,1956,1955,1790072166311.612,36.03372
e0606b55,1957,1956,1790072166366.323,54.710327
e0606b55,1958,1957,1790072166412.679,46.356852
e0606b55,1959,1958,1790072166441.751,29.071706
e0606b55,1960,1959,1790072166475.961,34.210206
e0606b55,1961,1960,1790072166512.225,36.263383
e0606b55,1962,1961,1790072166558.155,45.929652
e0606b55,1963,1962,1790072166597.068,38.913177
e0606b55,1964,1963,1790072166640.453,43.385542
e0606b55,1965,1964,1790072166677.482,37.028376
e0606b55,1966,1965,1790072166717.232,39.750164
e0606b55,1967,1966,1790072166755.126,37.894529
e0606b55,1968,1967,1790072166787.699,32.573114
e0606b55,1969,1968,1790072166828.497,40.797495
e0606b55,1970,1969,1790072166873.008,44.510997
e0606b55,1971,1970,1790072166910.457,37.448559
e0606b55,1972,1971,1790072166968.907,58.450357
e0606b55,1973,1972,1790072167001.771,32.864217
e0606b55,1974,1973,1790072167035.267,33.495516
e0606b55,1975,1974,1790072167081.675,46.407982
e0606b55,1976,1975,1790072167115.763,34.0888
e0606b55,1977,1976,1790072167160.482,44.718773
e0606b55,1978,1977,1790072167193.725,33.243198
e0606b55,1979,1978,1790072167232.7,38.975197
e0606b55,1980,1979,1790072167283.137,50.43622
e0606b55,1981,1980,1790072167311.906,28.768923
e0606b55,1982,1981,1790072167349.481,37.575043
e0606b55,1983,1982,1790072167390.596,41.114958
e0606b55,1984,1983,1790072167432.06,41.463844
e0606b55,1985,1984,1790072167473.543,41.48361
e0606b55,1986,1985,1790072167522.747,49.204036
e0606b55,1987,1986,1790072167551.717,28.970296
e0606b55,1988,1987,1790072167597.814,46.097139
e0606b55,1989,1988,1790072167600.128,2.313401
e0606b55,1990,1989,1790072167603.077,2.949564
e0606b55,1991,1990,1790072167677.145,74.067843
e0606b55,1992,1991,1790072167951.544,274.398333
e0606b55,1993,1992,1790072167992.747,41.203333
e0606b55,1994,1993,1790072168034.064,41.317011
e0606b55,1995,1994,1790072168078.333,44.268906
e0606b55,1996,1995,1790072168114.959,36.626419
e0606b55,1997,1996,1790072168156.036,41.076762
e0606b55,1998,1997,1790072168194.985,38.948876
e0606b55,1999,1998,1790072168239.646,44.660605
e0606b55,2000,1999,1790072168274.874,35.228173
e0606b55,2001,2000,1790072168312.439,37.564833
e0606b55,2002,2001,1790072168350.996,38.557082
e0606b55,2003,2002,1790072168393.826,42.830433
e0606b55,2004,2003,1790072168431.613,37.787195
e0606b55,2005,2004,1790072168485.38,53.766383
e0606b55,2006,2005,1790072168508.05,22.670717
e0606b55,2007,2006,1790072168571.545,63.494186
e0606b55,2008,2007,1790072168589.088,17.54307
e0606b55,2009,2008,1790072168640.636,51.548464
e0606b55,2010,2009,1790072168670.885,30.249305
e0606b55,2011,2010,1790072168717.053,46.167834
e0606b55,2012,2011,1790072168765.876,48.822384
e0606b55,2013,2012,1790072168801.341,35.465335
e0606b55,2014,2013,1790072168834.346,33.00474
e0606b55,2015,2014,1790072168879.306,44.960137
e0606b55,2016,2015,1790072168909.79,30.48406
e0606b55,2017,2016,1790072168952.699,42.908714
e0606b55,2018,2017,1790072169004.612,51.913031
e0606b55,2019,2018,1790072169034.169,29.557668
e0606b55,2020,2019,1790072169073.555,39.385536
e0606b55,2021,2020,1790072169116.93,43.375551
e0606b55,2022,2021,1790072169154.671,37.740699
e0606b55,2023,2022,1790072169197.063,42.391783
e0606b55,2024,2023,1790072169236.765,39.701988
e0606b55,2025,2024,1790072169277.564,40.798944
e0606b55,2026,2025,1790072169312.244,34.679863
e0606b55,2027,2026,1790072169352.982,40.738628
e0606b55,2028,2027,1790072169417.38,64.397538
e0606b55,2029,2028,1790072169439.154,21.774548
e0606b55,2030,2029,1790072169484.764,45.609925
e0606b55,2031,2030,1790072169511.74,26.975081
e0606b55,2032,2031,1790072169547.246,35.506662
e0606b55,2033,2032,1790072169599.452,52.206221
e0606b55,2034,2033,1790072169601.194,1.742043
e0606b55,2035,2034,1790072169608.517,7.322619
e0606b55,2036,2035,1790072169669.863,61.345992
e0606b55,2037,2036,1790072169965.288,295.42549
e0606b55,2038,2037,1790072169999.388,34.099256
e0606b55,2039,2038,1790072170042.91,43.522813
e0606b55,2040,2039,1790072170075.242,32.331879
e0606b55,2041,2040,1790072170121.807,46.564509
e0606b55,2042,2041,1790072170144.935,23.127978
e0606b55,2043,2042,1790072170187.491,42.556165
e0606b55,2044,2043,1790072170233.88,46.388778
e0606b55,2045,2044,1790072170272.699,38.818786
e0606b55,2046,2045,1790072170314.367,41.668818
e0606b55,2047,2046,1790072170363.073,48.705639
e0606b55,2048,2047,1790072170393.481,30.408365
e0606b55,2049,2048,1790072170425.853,32.371273
e0606b55,2050,2049,1790072170475.779,49.925983
e0606b55,2051,2050,1790072170531.624,55.845118
e0606b55,2052,2051,1790072170556.552,24.928175
e0606b55,2053,2052,1790072170588.189,31.637318
e0606b55,2054,2053,1790072170628.552,40.362479
e0606b55,2055,2054,1790072170672.024,43.472644
e0606b55,2056,2055,1790072170717.706,45.681254
e0606b55,2057,2056,1790072170744.231,26.525834
e0606b55,2058,2057,1790072170805.101,60.869474
e0606b55,2059,2058,1790072170842.798,37.697467
e0606b55,2060,2059,1790072170885.582,42.783458
e0606b55,2061,2060,1790072170926.679,41.09762
e0606b55,2062,2061,1790072170955.189,28.509639
e0606b55,2063,2062,1790072171012.498,57.308341
e0606b55,2064,2063,1790072171042.263,29.765588
e0606b55,2065,2064,1790072171076.705,34.442266
e0606b55,2066,2065,1790072171115.785,39.07982
e0606b55,2067,2066,1790072171155.658,39.872686
e0606b55,2068,2067,1790072171199.943,44.285091
e0606b55,2069,2068,1790072171244.513,44.570511
e0606b55,2070,2069,1790072171269.856,25.342831
e0606b55,2071,2070,1790072171308.716,38.859761
e0606b55,2072,2071,1790072171373.522,64.806061
e0606b55,2073,2072,1790072171406.1,32.577919
e0606b55,2074,2073,1790072171448.988,42.88821
e0606b55,2075,2074,1790072171474.36,25.372134
e0606b55,2076,2075,1790072171514.511,40.150812
e0606b55,2077,2076,1790072171552.719,38.208248
e0606b55,2078,2077,1790072171604.605,51.885455
e0606b55,2079,2078,1790072171605.815,1.209799
e0606b55,2080,2079,1790072171608.445,2.630159
e0606b55,2081,2080,1790072171609.929,1.484555
e0606b55,2082,2081,1790072171611.197,1.267334
e0606b55,2083,2082,1790072171672.767,61.570365
e0606b55,2084,2083,1790072171947.784,275.016558
e0606b55,2085,2084,1790072171995.813,48.029457
e0606b55,2086,2085,1790072172038.076,42.263146
e0606b55,2087,2086,1790072172075.035,36.958343
e0606b55,2088,2087,1790072172114.332,39.297152
e0606b55,2089,2088,1790072172150.082,35.749994
e0606b55,2090,2089,1790072172191.31,41.228466
e0606b55,2091,2090,1790072172229.41,38.100227
e0606b55,2092,2091,1790072172289.688,60.277336
e0606b55,2093,2092,1790072172335.324,45.635927
e0606b55,2094,2093,1790072172367.052,31.728659
e0606b55,2095,2094,1790072172385.394,18.341996
e0606b55,2096,2095,1790072172433.414,48.019708
e0606b55,2097,2096,1790072172470.597,37.182738
e0606b55,2098,2097,1790072172509.41,38.812722
e0606b55,2099,2098,1790072172556.63,47.220907
e0606b55,2100,2099,1790072172590.291,33.659999
e0606b55,2101,2100,1790072172633.831,43.540069
e0606b55,2102,2101,1790072172679.17,45.339558
e0606b55,2103,2102,1790072172723.919,44.748804
e0606b55,2104,2103,1790072172751.72,27.801382
e0606b55,2105,2104,1790072172786.735,35.014882
e0606b55,2106,2105,1790072172830.687,43.952131
e0606b55,2107,2106,1790072172875.713,45.025736
e0606b55,2108,2107,1790072172909.997,34.283873
e0606b55,2109,2108,1790072172952.091,42.094427
e0606b55,2110,2109,1790072172993.346,41.254812
e0606b55,2111,2110,1790072173033.217,39.871108
e0606b55,2112,2111,1790072173076.538,43.320676
e0606b55,2113,2112,1790072173110.723,34.185356
e0606b55,2114,2113,1790072173148.541,37.817607
e0606b55,2115,2114,1790072173195.124,46.582854
e0606b55,2116,2115,1790072173236.193,41.069643
e0606b55,2117,2116,1790072173272.825,36.631682
e0606b55,2118,2117,1790072173317.106,44.28113
e0606b55,2119,2118,1790072173363.746,46.639362
e0606b55,2120,2119,1790072173398.955,35.209732
e0606b55,2121,2120,1790072173433.292,34.336983
e0606b55,2122,2121,1790072173483.632,50.339966
e0606b55,2123,2122,1790072173521.853,38.220383
e0606b55,2124,2123,1790072173555.991,34.138668
e0606b55,2125,2124,1790072173612.853,56.86167
e0606b55,2126,2125,1790072173614.503,1.649879
e0606b55,2127,2126,1790072173615.845,1.342099
e0606b55,2128,2127,1790072173616.253,0.408539
e0606b55,2129,2128,1790072173617.911,1.657246
e0606b55,2130,2129,1790072173621.348,3.43686
e0606b55,2131,2130,1790072173691.833,70.485498
e0606b55,2132,2131,1790072173957.742,265.908743
e0606b55,2133,2132,1790072173999.062,41.320277
e0606b55,2134,2133,1790072174036.854,37.791919
e0606b55,2135,2134,1790072174077.006,40.151687
e0606b55,2136,2135,1790072174118.071,41.064798
e0606b55,2137,2136,1790072174157.975,39.90485
e0606b55,2138,2137,1790072174190.223,32.2475
e0606b55,2139,2138,1790072174237.971,47.748541
e0606b55,2140,2139,1790072174274.211,36.239618
e0606b55,2141,2140,1790072174315.89,41.679284
e0606b55,2142,2141,1790072174363.33,47.43971
e0606b55,2143,2142,1790072174396.368,33.038313
e0606b55,2144,2143,1790072174434.296,37.927873
e0606b55,2145,2144,1790072174476.689,42.393118
e0606b55,2146,2145,1790072174505.487,28.797979
e0606b55,2147,2146,1790072174557.042,51.554221
e0606b55,2148,2147,1790072174597.45,40.408578
e0606b55,2149,2148,1790072174636.083,38.633402
e0606b55,2150,2149,1790072174682.398,46.314817
e0606b55,2151,2150,1790072174716.525,34.126418
e0606b55,2152,2151,1790072174757.939,41.413927
e0606b55,2153,2152,1790072174799.363,41.423913
e0606b55,2154,2153,1790072174830.648,31.28596
e0606b55,2155,2154,1790072174878.221,47.572951
e0606b55,2156,2155,1790072174916.279,38.057019
e0606b55,2157,2156,1790072174959.285,43.006433
e0606b55,2158,2157,1790072174994.645,35.360137
e0606b55,2159,2158,1790072175041.659,47.013651
e0606b55,2160,2159,1790072175075.382,33.723365
e0606b55,2161,2160,1790072175127.673,52.291312
e0606b55,2162,2161,1790072175149.053,21.379821
e0606b55,2163,2162,1790072175219.079,70.025753
e0606b55,2164,2163,1790072175236.022,16.943322
e0606b55,2165,2164,1790072175272.115,36.092949
e0606b55,2166,2165,1790072175312.461,40.346218
e0606b55,2167,2166,1790072175362.177,49.716029
e0606b55,2168,2167,1790072175393.402,31.22494
e0606b55,2169,2168,1790072175442.746,49.343598
e0606b55,2170,2169,1790072175481.83,39.084354
e0606b55,2171,2170,1790072175521.23,39.399394
e0606b55,2172,2171,1790072175554.116,32.886095
e0606b55,2173,2172,1790072175611.054,56.938646
e0606b55,2174,2173,1790072175614.873,3.818805
e0606b55,2175,2174,1790072175616.014,1.141006
e0606b55,2176,2175,1790072175617.274,1.25993
e0606b55,2177,2176,1790072175705.051,87.77714
e0606b55,2178,2177,1790072175964.563,259.512179
e0606b55,2179,2178,1790072175996.581,32.017466
e0606b55,2180,2179,1790072176040.623,44.041615
e0606b55,2181,2180,1790072176086.203,45.580573
e0606b55,2182,2181,1790072176118.203,31.999419
e0606b55,2183,2182,1790072176142.903,24.699958
e0606b55,2184,2183,1790072176193.676,50.77326
e0606b55,2185,2184,1790072176248.774,55.098043
e0606b55,2186,2185,1790072176284.579,35.805558
e0606b55,2187,2186,1790072176315.51,30.930858
e0606b55,2188,2187,1790072176350.476,34.965521
e0606b55,2189,2188,1790072176405.711,55.235685
e0606b55,2190,2189,1790072176434.392,28.6804
e0606b55,2191,2190,1790072176484.021,49.62951
e0606b55,2192,2191,1790072176512.879,28.857398
e0606b55,2193,2192,1790072176554.435,41.556127
e0606b55,2194,2193,1790072176596.964,42.52899
e0606b55,2195,2194,1790072176634.852,37.888058
e0606b55,2196,2195,1790072176687.756,52.903926
e0606b55,2197,2196,1790072176720.251,32.49564
e0606b55,2198,2197,1790072176751.815,31.563043
e0606b55,2199,2198,1790072176800.68,48.865204
e0606b55,2200,2199,1790072176830.982,30.30252
e0606b55,2201,2200,1790072176886.284,55.302207
e0606b55,2202,2201,1790072176912.85,26.565504
e0606b55,2203,2202,1790072176959.387,46.536683
e0606b55,2204,2203,1790072176995.38,35.993598
e0606b55,2205,2204,1790072177038.73,43.350214
e0606b55,2206,2205,1790072177074.919,36.188086
e0606b55,2207,2206,1790072177115.164,40.24543
e0606b55,2208,2207,1790072177160.402,45.238078
e0606b55,2209,2208,1790072177196.429,36.027002
e0606b55,2210,2209,1790072177238.708,42.27905
e0606b55,2211,2210,1790072177269.214,30.505495
e0606b55,2212,2211,1790072177330.172,60.958789
e0606b55,2213,2212,1790072177353.854,23.681273
e0606b55,2214,2213,1790072177400.016,46.162408
e0606b55,2215,2214,1790072177440.612,40.595775
e0606b55,2216,2215,1790072177474.604,33.992087
e0606b55,2217,2216,1790072177527.77,53.165461
e0606b55,2218,2217,1790072177552.387,24.617694
e0606b55,2219,2218,1790072177598.425,46.037606
e0606b55,2220,2219,1790072177603.75,5.325725
e0606b55,2221,2220,1790072177606.78,3.029069
e0606b55,2222,2221,1790072177608.936,2.156019
e0606b55,2223,2222,1790072177610.272,1.336706
e0606b55,2224,2223,1790072177614.71,4.437833
e0606b55,2225,2224,1790072177682.015,67.305068
e0606b55,2226,2225,1790072177950.781,268.7657
e0606b55,2227,2226,1790072177992.071,41.289632
e0606b55,2228,2227,1790072178034.563,42.49289
e0606b55,2229,2228,1790072178076.99,42.426884
e0606b55,2230,2229,1790072178118.264,41.273658
e0606b55,2231,2230,1790072178152.404,34.14027
e0606b55,2232,2231,1790072178190.193,37.788853
e0606b55,2233,2232,1790072178239.74,49.546314
e0606b55,2234,2233,1790072178278.263,38.523887
e0606b55,2235,2234,1790072178323.422,45.158526
e0606b55,2236,2235,1790072178357.804,34.382471
e0606b55,2237,2236,1790072178403.284,45.479844
e0606b55,2238,2237,1790072178438.005,34.720673
e0606b55,2239,2238,1790072178463.85,25.844897
e0606b55,2240,2239,1790072178523.569,59.719613
e0606b55,2241,2240,1790072178558.515,34.94585
e0606b55,2242,2241,1790072178597.74,39.224651
e0606b55,2243,2242,1790072178628.748,31.008147
e0606b55,2244,2243,1790072178675.285,46.536634
e0606b55,2245,2244,1790072178727.644,52.359467
e0606b55,2246,2245,1790072178758.124,30.479427
e0606b55,2247,2246,1790072178802.608,44.484897
e0606b55,2248,2247,1790072178842.543,39.934462
e0606b55,2249,2248,1790072178884.99,42.447469
e0606b55,2250,2249,1790072178915.604,30.614023
e0606b55,2251,2250,1790072178948.946,33.341128
e0606b55,2252,2251,1790072179008.024,59.078198
e0606b55,2253,2252,1790072179041.883,33.858876
e0606b55,2254,2253,1790072179092.807,50.924728
e0606b55,2255,2254,1790072179121.617,28.809876
e0606b55,2256,2255,1790072179153.374,31.756986
e0606b55,2257,2256,1790072179191.864,38.489685
e0606b55,2258,2257,1790072179241.839,49.974757
e0606b55,2259,2258,1790072179283.759,41.920508
e0606b55,2260,2259,1790072179318.156,34.397247
e0606b55,2261,2260,1790072179363.192,45.035693
e0606b55,2262,2261,1790072179390.814,27.622469
e0606b55,2263,2262,1790072179437.698,46.882961
e0606b55,2264,2263,1790072179479.05,41.352541
e0606b55,2265,2264,1790072179516.904,37.854428
e0606b55,2266,2265,1790072179547.808,30.903605
e0606b55,2267,2266,1790072179596.295,48.486987
e0606b55,2268,2267,1790072179602.368,6.07295
e0606b55,2269,2268,1790072179605.265,2.897048
e0606b55,2270,2269,1790072179606.679,1.413947
e0606b55,2271,2270,1790072179607.902,1.223494
e0606b55,2272,2271,1790072179612.052,4.149351
e0606b55,2273,2272,1790072179677.326,65.273974
e0606b55,2274,2273,1790072179949.292,271.966394
e0606b55,2275,2274,1790072179995.75,46.458358
e0606b55,2276,2275,1790072180030.204,34.45351
e0606b55,2277,2276,1790072180071.333,41.12884
e0606b55,2278,2277,1790072180117.462,46.129646
e0606b55,2279,2278,1790072180153.213,35.750933
e0606b55,2280,2279,1790072180200.457,47.243586
d1f37ed1,263,262,1790072095163.32,55.954767
d1f37ed1,264,263,1790072095200.101,36.780731
d1f37ed1,265,264,1790072095224.844,24.74272
d1f37ed1,266,265,1790072095298.137,73.29342
d1f37ed1,267,266,1790072095323.688,25.550332
d1f37ed1,268,267,1790072095359.939,36.251334
d1f37ed1,269,268,1790072095401.414,41.474935
d1f37ed1,270,269,1790072095437.225,35.811514
d1f37ed1,271,270,1790072095482.028,44.803115
d1f37ed1,272,271,1790072095507.547,25.5186
d1f37ed1,273,272,1790072095557.608,50.06092
d1f37ed1,274,273,1790072095585.753,28.144968
d1f37ed1,275,274,1790072095631.308,45.555387
d1f37ed1,276,275,1790072095680.485,49.17659
d1f37ed1,277,276,1790072095682.503,2.017931
d1f37ed1,278,277,1790072095683.666,1.16326
d1f37ed1,279,278,1790072095684.948,1.281887
d1f37ed1,280,279,1790072095686.414,1.466114
d1f37ed1,281,280,1790072095687.888,1.474287
d1f37ed1,282,281,1790072095764.016,76.127651
d1f37ed1,283,282,1790072096037.708,273.692133
d1f37ed1,284,283,1790072096068.804,31.096356
d1f37ed1,285,284,1790072096118.791,49.985957
d1f37ed1,286,285,1790072096165.38,46.589561
d1f37ed1,287,286,1790072096196.487,31.107097
d1f37ed1,288,287,1790072096228.88,32.393248
d1f37ed1,289,288,1790072096276.448,47.567724
d1f37ed1,290,289,1790072096316.136,39.688114
d1f37ed1,291,290,1790072096356.106,39.969597
d1f37ed1,292,291,1790072096392.658,36.551995
d1f37ed1,293,292,1790072096429.53,36.872444
d1f37ed1,294,293,1790072096488.161,58.630393
d1f37ed1,295,294,1790072096514.584,26.423072
d1f37ed1,296,295,1790072096571.293,56.709749
d1f37ed1,297,296,1790072096589.03,17.736803
d1f37ed1,298,297,1790072096629.759,40.729127
d1f37ed1,299,298,1790072096670.0,40.240436
d1f37ed1,300,299,1790072096717.827,47.827335
d1f37ed1,301,300,1790072096767.787,49.960186
d1f37ed1,302,301,1790072096783.168,15.380511
d1f37ed1,303,302,1790072096825.266,42.098173
d1f37ed1,304,303,1790072096871.083,45.816478
d1f37ed1,305,304,1790072096908.824,37.741477
d1f37ed1,306,305,1790072096954.748,45.92372
d1f37ed1,307,306,1790072096988.427,33.679704
d1f37ed1,308,307,1790072097028.062,39.634009
d1f37ed1,309,308,1790072097068.492,40.430908
d1f37ed1,310,309,1790072097116.61,48.11775
d1f37ed1,311,310,1790072097169.522,52.911708
d1f37ed1,312,311,1790072097207.628,38.106069
d1f37ed1,313,312,1790072097231.227,23.599258
d1f37ed1,314,313,1790072097287.677,56.449557
d1f37ed1,315,314,1790072097315.834,28.15729
d1f37ed1,316,315,1790072097352.158,36.32376
d1f37ed1,317,316,1790072097399.823,47.665391
d1f37ed1,318,317,1790072097442.292,42.469191
d1f37ed1,319,318,1790072097485.315,43.022769
d1f37ed1,320,319,1790072097518.63,33.314564
d1f37ed1,321,320,1790072097560.176,41.546487
d1f37ed1,322,321,1790072097594.207,34.030695
d1f37ed1,323,322,1790072097632.409,38.202661
d1f37ed1,324,323,1790072097685.327,52.917241
d1f37ed1,325,324,1790072097688.253,2.925871
d1f37ed1,326,325,1790072097691.872,3.619484
d1f37ed1,327,326,1790072097694.681,2.809279
d1f37ed1,328,327,1790072097697.788,3.106252
d1f37ed1,329,328,1790072097700.096,2.30883
d1f37ed1,330,329,1790072097754.638,54.541817
d1f37ed1,331,330,1790072098026.118,271.47946
d1f37ed1,332,331,1790072098068.504,42.386664
d1f37ed1,333,332,1790072098111.212,42.708102
d1f37ed1,334,333,1790072098156.693,45.480704
d1f37ed1,335,334,1790072098194.312,37.618952
d1f37ed1,336,335,1790072098239.467,45.155011
d1f37ed1,337,336,1790072098265.713,26.246185
d1f37ed1,338,337,1790072098310.391,44.677227
d1f37ed1,339,338,1790072098350.774,40.383072
d1f37ed1,340,339,1790072098392.56,41.786477
d1f37ed1,341,340,1790072098434.616,42.056154
d1f37ed1,342,341,1790072098472.184,37.568123
d1f37ed1,343,342,1790072098514.017,41.832336
d1f37ed1,344,343,1790072098558.917,44.8999
d1f37ed1,345,344,1790072098587.711,28.794225
d1f37ed1,346,345,1790072098627.459,39.748578
d1f37ed1,347,346,1790072098689.322,61.862691
d1f37ed1,348,347,1790072098702.366,13.043872
d1f37ed1,349,348,1790072098746.42,44.054304
d1f37ed1,350,349,1790072098791.985,45.5649
d1f37ed1,351,350,1790072098834.446,42.460883
d1f37ed1,352,351,1790072098867.2,32.754411
d1f37ed1,353,352,1790072098905.297,38.09622
d1f37ed1,354,353,1790072098957.189,51.892242
d1f37ed1,355,354,1790072098989.201,32.012356
d1f37ed1,356,355,1790072099037.985,48.783653
d1f37ed1,357,356,1790072099083.066,45.08108
d1f37ed1,358,357,1790072099108.706,25.640015
d1f37ed1,359,358,1790072099153.045,44.338649
d1f37ed1,360,359,1790072099202.576,49.531138
d1f37ed1,361,360,1790072099233.068,30.492017
d1f37ed1,362,361,1790072099285.204,52.136553
d1f37ed1,363,362,1790072099306.099,20.894356
d1f37ed1,364,363,1790072099370.102,64.003579
d1f37ed1,365,364,1790072099391.143,21.040984
d1f37ed1,366,365,1790072099431.589,40.445811
d1f37ed1,367,366,1790072099480.236,48.64656
d1f37ed1,368,367,1790072099507.847,27.611371
d1f37ed1,369,368,1790072099573.713,65.865518
d1f37ed1,370,369,1790072099587.449,13.736379
d1f37ed1,371,370,1790072099627.375,39.925592
d1f37ed1,372,371,1790072099667.4,40.025269
d1f37ed1,373,372,1790072099669.37,1.970362
d1f37ed1,374,373,1790072099670.064,0.694364
d1f37ed1,375,374,1790072099671.969,1.90436
d1f37ed1,376,375,1790072099675.693,3.723772
d1f37ed1,377,376,1790072099681.809,6.116602
d1f37ed1,378,377,1790072099750.118,68.308832
d1f37ed1,379,378,1790072100034.077,283.958588
d1f37ed1,380,379,1790072100078.137,44.05995
d1f37ed1,381,380,1790072100113.434,35.2975
d1f37ed1,382,381,1790072100149.711,36.277319
d1f37ed1,383,382,1790072100189.573,39.861995
d1f37ed1,384,383,1790072100231.154,41.580946
d1f37ed1,385,384,1790072100270.978,39.823885
d1f37ed1,386,385,1790072100313.098,42.12019
d1f37ed1,387,386,1790072100342.7,29.601113
d1f37ed1,388,387,1790072100394.736,52.036225
d1f37ed1,389,388,1790072100433.833,39.09719
d1f37ed1,390,389,1790072100479.656,45.822514
d1f37ed1,391,390,1790072100510.507,30.851059
d1f37ed1,392,391,1790072100552.725,42.21836
d1f37ed1,393,392,1790072100603.937,51.211777
d1f37ed1,394,393,1790072100626.089,22.152535
d1f37ed1,395,394,1790072100667.271,41.181807
d1f37ed1,396,395,1790072100710.304,43.033046
d1f37ed1,397,396,1790072100765.655,55.350962
d1f37ed1,398,397,1790072100790.196,24.541181
d1f37ed1,399,398,1790072100845.893,55.696838
d1f37ed1,400,399,1790072100868.721,22.827676
d1f37ed1,401,400,1790072100914.455,45.734483
d1f37ed1,402,401,1790072100963.179,48.724223
d1f37ed1,403,402,1790072101000.379,37.199476
d1f37ed1,404,403,1790072101028.649,28.270151
d1f37ed1,405,404,1790072101066.375,37.726074
d1f37ed1,406,405,1790072101106.602,40.227004
d1f37ed1,407,406,1790072101149.109,42.506387
d1f37ed1,408,407,1790072101204.028,54.919357
d1f37ed1,409,408,1790072101233.474,29.445648
d1f37ed1,410,409,1790072101274.279,40.805271
d1f37ed1,411,410,1790072101309.073,34.794714
d1f37ed1,412,411,1790072101350.428,41.354855
d1f37ed1,413,412,1790072101393.728,43.299141
d1f37ed1,414,413,1790072101430.21,36.482422
d1f37ed1,415,414,1790072101469.269,39.058757
d1f37ed1,416,415,1790072101510.695,41.426604
d1f37ed1,417,416,1790072101562.066,51.370288
d1f37ed1,418,417,1790072101588.632,26.565852
d1f37ed1,419,418,1790072101636.504,47.872756
d1f37ed1,420,419,1790072101687.729,51.224985
d1f37ed1,421,420,1790072101690.516,2.786651
d1f37ed1,422,421,1790072101695.296,4.7804
d1f37ed1,423,422,1790072101701.938,6.641701
d1f37ed1,424,423,1790072101707.503,5.565223
d1f37ed1,425,424,1790072101732.468,24.964644
d1f37ed1,426,425,1790072101744.442,11.974578
d1f37ed1,427,426,1790072102025.177,280.734393
d1f37ed1,428,427,1790072102067.218,42.041271
d1f37ed1,429,428,1790072102110.229,43.010513
d1f37ed1,430,429,1790072102150.242,40.013871
d1f37ed1,431,430,1790072102186.65,36.407912
d1f37ed1,432,431,1790072102225.193,38.542198
d1f37ed1,433,432,1790072102290.068,64.875241
d1f37ed1,434,433,1790072102310.356,20.287928
d1f37ed1,435,434,1790072102346.971,36.615679
d1f37ed1,436,435,1790072102390.651,43.679688
d1f37ed1,437,436,1790072102432.914,42.263317
d1f37ed1,438,437,1790072102474.363,41.448759
d1f37ed1,439,438,1790072102516.765,42.401833
d1f37ed1,440,439,1790072102549.246,32.48139
d1f37ed1,441,440,1790072102591.93,42.683696
d1f37ed1,442,441,1790072102630.303,38.37322
d1f37ed1,443,442,1790072102672.015,41.711615
d1f37ed1,444,443,1790072102713.372,41.356942
d1f37ed1,445,444,1790072102755.435,42.062684
d1f37ed1,446,445,1790072102798.768,43.333766
d1f37ed1,447,446,1790072102847.977,49.208959
d1f37ed1,448,447,1790072102870.071,22.093641
d1f37ed1,449,448,1790072102928.557,58.48591
d1f37ed1,450,449,1790072102955.285,26.727745
d1f37ed1,451,450,1790072102995.837,40.552096
d1f37ed1,452,451,1790072103025.905,30.068158
d1f37ed1,453,452,1790072103074.903,48.997867
d1f37ed1,454,453,1790072103117.532,42.628931
d1f37ed1,455,454,1790072103151.89,34.358425
d1f37ed1,456,455,1790072103190.323,38.432404
d1f37ed1,457,456,1790072103232.981,42.658432
d1f37ed1,458,457,1790072103281.802,48.821371
d1f37ed1,459,458,1790072103303.154,21.351266
d1f37ed1,460,459,1790072103349.934,46.780756
d1f37ed1,461,460,1790072103389.03,39.095451
d1f37ed1,462,461,1790072103433.482,44.451971
d1f37ed1,463,462,1790072103468.846,35.364682
d1f37ed1,464,463,1790072103509.732,40.885204
d1f37ed1,465,464,1790072103551.711,41.979828
d1f37ed1,466,465,1790072103585.086,33.375036
d1f37ed1,467,466,1790072103626.155,41.068557
d1f37ed1,468,467,1790072103675.619,49.463524
d1f37ed1,469,468,1790072103683.066,7.447492
d1f37ed1,470,469,1790072103686.098,3.032194
d1f37ed1,471,470,1790072103688.53,2.43135
d1f37ed1,472,471,1790072103691.222,2.692898
d1f37ed1,473,472,1790072103695.55,4.327866
d1f37ed1,474,473,1790072103749.302,53.751314
d1f37ed1,475,474,1790072104028.731,279.429295
d1f37ed1,476,475,1790072104081.816,53.084731
d1f37ed1,477,476,1790072104109.579,27.763022
d1f37ed1,478,477,1790072104156.098,46.519581
d1f37ed1,479,478,1790072104183.115,27.016571
d1f37ed1,480,479,1790072104241.779,58.663783
d1f37ed1,481,480,1790072104269.699,27.919991
d1f37ed1,482,481,1790072104316.079,46.380534
d1f37ed1,483,482,1790072104351.962,35.882777
d1f37ed1,484,483,1790072104390.651,38.688856
d1f37ed1,485,484,1790072104432.114,41.462736
d1f37ed1,486,485,1790072104469.496,37.382561
d1f37ed1,487,486,1790072104520.449,50.953079
d1f37ed1,488,487,1790072104549.328,28.879209
d1f37ed1,489,488,1790072104585.07,35.741155
d1f37ed1,490,489,1790072104633.558,48.488125
d1f37ed1,491,490,1790072104673.391,39.833546
d1f37ed1,492,491,1790072104705.653,32.262087
d1f37ed1,493,492,1790072104746.502,40.848813
d1f37ed1,494,493,1790072104793.73,47.227582
d1f37ed1,495,494,1790072104837.313,43.582952
d1f37ed1,496,495,1790072104868.328,31.015343
d1f37ed1,497,496,1790072104913.522,45.193928
d1f37ed1,498,497,1790072104946.999,33.476808
d1f37ed1,499,498,1790072105015.016,68.017538
d1f37ed1,500,499,1790072105043.574,28.557771
d1f37ed1,501,500,1790072105084.032,40.4582
d1f37ed1,502,501,1790072105113.157,29.125024
d1f37ed1,503,502,1790072105149.742,36.58512
d1f37ed1,504,503,1790072105194.907,45.164634
d1f37ed1,505,504,1790072105236.312,41.404506
d1f37ed1,506,505,1790072105288.406,52.094188
d1f37ed1,507,506,1790072105307.667,19.260845
d1f37ed1,508,507,1790072105345.965,38.298894
d1f37ed1,509,508,1790072105403.354,57.387969
d1f37ed1,510,509,1790072105435.283,31.930138
d1f37ed1,511,510,1790072105467.989,32.705804
d1f37ed1,512,511,1790072105511.878,43.888456
d1f37ed1,513,512,1790072105560.848,48.970147
d1f37ed1,514,513,1790072105591.63,30.782019
d1f37ed1,515,514,1790072105622.481,30.850874
d1f37ed1,516,515,1790072105684.229,61.748385
d1f37ed1,517,516,1790072105688.425,4.19565
d1f37ed1,518,517,1790072105692.223,3.798134
d1f37ed1,519,518,1790072105695.381,3.157825
d1f37ed1,520,519,1790072105699.055,3.674588
d1f37ed1,521,520,1790072105709.208,10.151967
d1f37ed1,522,521,1790072105761.24,52.032738
d1f37ed1,523,522,1790072106026.464,265.223557
d1f37ed1,524,523,1790072106069.772,43.308146
d1f37ed1,525,524,1790072106108.392,38.619788
d1f37ed1,526,525,1790072106153.701,45.309897
d1f37ed1,527,526,1790072106195.876,42.174791
d1f37ed1,528,527,1790072106236.473,40.596797
d1f37ed1,529,528,1790072106278.097,41.623625
d1f37ed1,530,529,1790072106326.078,47.981731
d1f37ed1,531,530,1790072106347.853,21.774648
d1f37ed1,532,531,1790072106396.802,48.948338
d1f37ed1,533,532,1790072106426.737,29.935666
d1f37ed1,534,533,1790072106471.486,44.748403
d1f37ed1,535,534,1790072106507.606,36.120735
d1f37ed1,536,535,1790072106549.221,41.614931
d1f37ed1,537,536,1790072106592.827,43.606186
d1f37ed1,538,537,1790072106625.495,32.667415
d1f37ed1,539,538,1790072106673.798,48.302926
d1f37ed1,540,539,1790072106733.207,59.409356
d1f37ed1,541,540,1790072106745.135,11.928359
d1f37ed1,542,541,1790072106789.866,44.730552
d1f37ed1,543,542,1790072106829.134,39.267691
d1f37ed1,544,543,1790072106868.111,38.976962
d1f37ed1,545,544,1790072106913.468,45.357718
d1f37ed1,546,545,1790072106958.794,45.325709
d1f37ed1,547,546,1790072106991.003,32.209223
d1f37ed1,548,547,1790072107028.402,37.398816
d1f37ed1,549,548,1790072107085.992,57.589663
d1f37ed1,550,549,1790072107115.23,29.238589
d1f37ed1,551,550,1790072107154.789,39.558179
d1f37ed1,552,551,1790072107194.129,39.340601
d1f37ed1,553,552,1790072107234.271,40.141259
d1f37ed1,554,553,1790072107273.056,38.785269
d1f37ed1,555,554,1790072107318.016,44.960235
d1f37ed1,556,555,1790072107349.865,31.848587
d1f37ed1,557,556,1790072107384.856,34.991276
d1f37ed1,558,557,1790072107434.637,49.781177
d1f37ed1,559,558,1790072107466.893,32.255977
d1f37ed1,560,559,1790072107526.299,59.406454
d1f37ed1,561,560,1790072107550.718,24.41824
d1f37ed1,562,561,1790072107602.973,52.255593
d1f37ed1,563,562,1790072107627.683,24.709632
d1f37ed1,564,563,1790072107694.943,67.260175
d1f37ed1,565,564,1790072107698.424,3.480649
d1f37ed1,566,565,1790072107702.299,3.875014
d1f37ed1,567,566,1790072107710.507,8.20789
d1f37ed1,568,567,1790072107712.334,1.827784
d1f37ed1,569,568,1790072107713.793,1.45879
d1f37ed1,570,569,1790072107770.793,56.999506
d1f37ed1,571,570,1790072108033.943,263.150654
d1f37ed1,572,571,1790072108081.203,47.25936
d1f37ed1,573,572,1790072108125.362,44.159436
d1f37ed1,574,573,1790072108165.932,40.570368
d1f37ed1,575,574,1790072108186.911,20.978791
d1f37ed1,576,575,1790072108227.911,40.999562
d1f37ed1,577,576,1790072108272.802,44.891177
d1f37ed1,578,577,1790072108309.005,36.202808
d1f37ed1,579,578,1790072108351.443,42.437964
d1f37ed1,580,579,1790072108392.066,40.623642
d1f37ed1,581,580,1790072108440.801,48.734746
d1f37ed1,582,581,1790072108481.953,41.151859
d1f37ed1,583,582,1790072108522.847,40.89441
d1f37ed1,584,583,1790072108546.132,23.284447
d1f37ed1,585,584,1790072108590.377,44.245006
d1f37ed1,586,585,1790072108639.534,49.157373
d1f37ed1,587,586,1790072108670.201,30.666682
d1f37ed1,588,587,1790072108718.497,48.296158
d1f37ed1,589,588,1790072108752.058,33.561052
d1f37ed1,590,589,1790072108805.359,53.300527
d1f37ed1,591,590,1790072108836.81,31.45111
d1f37ed1,592,591,1790072108864.984,28.173906
d1f37ed1,593,592,1790072108914.967,49.982832
d1f37ed1,594,593,1790072108953.507,38.540081
d1f37ed1,595,594,1790072108990.547,37.040273
d1f37ed1,596,595,1790072109038.375,47.828312
d1f37ed1,597,596,1790072109068.73,30.355163
d1f37ed1,598,597,1790072109113.429,44.698412
d1f37ed1,599,598,1790072109172.217,58.788258
d1f37ed1,600,599,1790072109204.586,32.368948
d1f37ed1,601,600,1790072109240.095,35.509111
d1f37ed1,602,601,1790072109278.634,38.539199
d1f37ed1,603,602,1790072109320.739,42.104403
d1f37ed1,604,603,1790072109368.456,47.717428
d1f37ed1,605,604,1790072109410.966,42.510004
d1f37ed1,606,605,1790072109433.498,22.53184
d1f37ed1,607,606,1790072109475.106,41.60794
d1f37ed1,608,607,1790072109532.064,56.957796
d1f37ed1,609,608,1790072109549.406,17.341748
d1f37ed1,610,609,1790072109590.577,41.172018
d1f37ed1,611,610,1790072109629.962,39.384727
d1f37ed1,612,611,1790072109677.811,47.848325
d1f37ed1,613,612,1790072109679.128,1.317405
d1f37ed1,614,613,1790072109681.584,2.45627
d1f37ed1,615,614,1790072109682.81,1.226169
d1f37ed1,616,615,1790072109685.342,2.531141
d1f37ed1,617,616,1790072109755.5,70.159114
d1f37ed1,618,617,1790072110039.721,284.220178
d1f37ed1,619,618,1790072110070.904,31.183469
d1f37ed1,620,619,1790072110112.71,41.806221
d1f37ed1,621,620,1790072110158.011,45.300987
d1f37ed1,622,621,1790072110188.083,30.071932
d1f37ed1,623,622,1790072110232.138,44.054763
d1f37ed1,624,623,1790072110270.54,38.401448
d1f37ed1,625,624,1790072110303.098,32.558906
d1f37ed1,626,625,1790072110348.44,45.341247
d1f37ed1,627,626,1790072110393.044,44.603995
d1f37ed1,628,627,1790072110432.655,39.611353
d1f37ed1,629,628,1790072110472.828,40.173391
d1f37ed1,630,629,1790072110518.243,45.414804
d1f37ed1,631,630,1790072110576.714,58.471126
d1f37ed1,632,631,1790072110599.279,22.56447
d1f37ed1,633,632,1790072110635.214,35.93491
d1f37ed1,634,633,1790072110680.753,45.539146
d1f37ed1,635,634,1790072110717.1,36.346773
d1f37ed1,636,635,1790072110744.954,27.854724
d1f37ed1,637,636,1790072110790.041,45.086007
d1f37ed1,638,637,1790072110828.198,38.157927
d1f37ed1,639,638,1790072110867.195,38.996089
d1f37ed1,640,639,1790072110912.711,45.516615
d1f37ed1,641,640,1790072110957.675,44.964051
d1f37ed1,642,641,1790072110985.781,28.105714
d1f37ed1,643,642,1790072111037.392,51.611281
d1f37ed1,644,643,1790072111073.002,35.610125
d1f37ed1,645,644,1790072111104.838,31.835449
d1f37ed1,646,645,1790072111147.064,42.226768
d1f37ed1,647,646,1790072111197.914,50.84932
d1f37ed1,648,647,1790072111250.004,52.090291
d1f37ed1,649,648,1790072111290.534,40.529603
d1f37ed1,650,649,1790072111324.436,33.902438
d1f37ed1,651,650,1790072111347.182,22.746348
d1f37ed1,652,651,1790072111387.095,39.913021
d1f37ed1,653,652,1790072111432.789,45.693194
d1f37ed1,654,653,1790072111467.901,35.112757
d1f37ed1,655,654,1790072111533.298,65.396771
d1f37ed1,656,655,1790072111567.138,33.839742
d1f37ed1,657,656,1790072111608.621,41.482549
d1f37ed1,658,657,1790072111627.852,19.231306
d1f37ed1,659,658,1790072111689.741,61.889277
d1f37ed1,660,659,1790072111692.004,2.26305
d1f37ed1,661,660,1790072111694.388,2.383596
d1f37ed1,662,661,1790072111695.783,1.39561
d1f37ed1,663,662,1790072111697.249,1.465668
d1f37ed1,664,663,1790072111700.225,2.975993
d1f37ed1,665,664,1790072111766.701,66.476373
d1f37ed1,666,665,1790072112030.643,263.941748
d1f37ed1,667,666,1790072112076.029,45.38621
d1f37ed1,668,667,1790072112121.986,45.956397
d1f37ed1,669,668,1790072112161.334,39.348211
d1f37ed1,670,669,1790072112193.483,32.149526
d1f37ed1,671,670,1790072112222.445,28.961569
d1f37ed1,672,671,1790072112278.739,56.293943
d1f37ed1,673,672,1790072112320.861,42.121773
d1f37ed1,674,673,1790072112366.789,45.928448
d1f37ed1,675,674,1790072112388.615,21.825937
d1f37ed1,676,675,1790072112429.73,41.114886
d1f37ed1,677,676,1790072112475.643,45.912539
d1f37ed1,678,677,1790072112511.312,35.670046
d1f37ed1,679,678,1790072112542.119,30.805983
d1f37ed1,680,679,1790072112587.719,45.600038
d1f37ed1,681,680,1790072112634.395,46.676709
d1f37ed1,682,681,1790072112669.682,35.286328
d1f37ed1,683,682,1790072112709.049,39.367153
d1f37ed1,684,683,1790072112755.069,46.020126
d1f37ed1,685,684,1790072112793.953,38.884027
d1f37ed1,686,685,1790072112838.322,44.369025
d1f37ed1,687,686,1790072112867.227,28.905283
d1f37ed1,688,687,1790072112906.54,39.312473
d1f37ed1,689,688,1790072112955.838,49.298642
d1f37ed1,690,689,1790072112987.682,31.843873
d1f37ed1,691,690,1790072113027.107,39.425201
d1f37ed1,692,691,1790072113072.833,45.724968
d1f37ed1,693,692,1790072113115.506,42.673669
d1f37ed1,694,693,1790072113148.05,32.544255
d1f37ed1,695,694,1790072113188.798,40.747989
d1f37ed1,696,695,1790072113235.467,46.66831
d1f37ed1,697,696,1790072113274.48,39.01326
d1f37ed1,698,697,1790072113323.309,48.829297
d1f37ed1,699,698,1790072113348.685,25.3753
d1f37ed1,700,699,1790072113389.016,40.331531
d1f37ed1,701,700,1790072113432.505,43.489407
d1f37ed1,702,701,1790072113472.927,40.421735
d1f37ed1,703,702,1790072113519.989,47.061317
d1f37ed1,704,703,1790072113562.643,42.654147
d1f37ed1,705,704,1790072113591.341,28.697882
d1f37ed1,706,705,1790072113640.621,49.280389
d1f37ed1,707,706,1790072113680.747,40.125704
d1f37ed1,708,707,1790072113702.182,21.435632
d1f37ed1,709,708,1790072113703.994,1.812003
d1f37ed1,710,709,1790072113705.594,1.599822
d1f37ed1,711,710,1790072113706.965,1.370589
d1f37ed1,712,711,1790072113716.027,9.062187
d1f37ed1,713,712,1790072113771.424,55.397392
d1f37ed1,714,713,1790072114038.2,266.775385
d1f37ed1,715,714,1790072114064.276,26.076235
d1f37ed1,716,715,1790072114131.259,66.983218
d1f37ed1,717,716,1790072114152.72,21.461146
d1f37ed1,718,717,1790072114213.472,60.751802
d1f37ed1,719,718,1790072114227.041,13.569341
d1f37ed1,720,719,1790072114290.86,63.819016
d1f37ed1,721,720,1790072114313.118,22.257161
d1f37ed1,722,721,1790072114346.442,33.324394
d1f37ed1,723,722,1790072114401.516,55.073632
d1f37ed1,724,723,1790072114426.648,25.132412
d1f37ed1,725,724,1790072114473.922,47.274333
d1f37ed1,726,725,1790072114529.549,55.626588
d1f37ed1,727,726,1790072114551.643,22.093739
d1f37ed1,728,727,1790072114591.341,39.698523
d1f37ed1,729,728,1790072114630.497,39.155548
d1f37ed1,730,729,1790072114671.063,40.56632
d1f37ed1,731,730,1790072114728.754,57.690598
d1f37ed1,732,731,1790072114762.549,33.795445
d1f37ed1,733,732,1790072114802.479,39.930503
d1f37ed1,734,733,1790072114824.673,22.193019
d1f37ed1,735,734,1790072114882.811,58.138137
d1f37ed1,736,735,1790072114914.173,31.361888
d1f37ed1,737,736,1790072114952.243,38.06996
d1f37ed1,738,737,1790072115006.575,54.332606
d1f37ed1,739,738,1790072115032.901,26.32539
d1f37ed1,740,739,1790072115077.13,44.22987
d1f37ed1,741,740,1790072115117.704,40.573227
d1f37ed1,742,741,1790072115151.302,33.598444
d1f37ed1,743,742,1790072115194.84,43.537659
d1f37ed1,744,743,1790072115253.392,58.552441
d1f37ed1,745,744,1790072115276.637,23.245292
d1f37ed1,746,745,1790072115308.72,32.083028
d1f37ed1,747,746,1790072115346.124,37.403614
d1f37ed1,748,747,1790072115404.662,58.537991
d1f37ed1,749,748,1790072115430.137,25.475027
d1f37ed1,750,749,1790072115489.21,59.07308
d1f37ed1,751,750,1790072115510.855,21.644712
d1f37ed1,752,751,1790072115552.289,41.434133
d1f37ed1,753,752,1790072115601.006,48.717261
d1f37ed1,754,753,1790072115646.124,45.117945
d1f37ed1,755,754,1790072115672.648,26.524122
d1f37ed1,756,755,1790072115674.118,1.469521
d1f37ed1,757,756,1790072115681.48,7.362027
d1f37ed1,758,757,1790072115684.773,3.293391
d1f37ed1,759,758,1790072115689.902,5.128774
d1f37ed1,760,759,1790072115693.938,4.035745
d1f37ed1,761,760,1790072115770.096,76.158171
d1f37ed1,762,761,1790072116039.146,269.049466
d1f37ed1,763,762,1790072116068.908,29.762707
d1f37ed1,764,763,1790072116110.474,41.565399
d1f37ed1,765,764,1790072116150.505,40.031051
d1f37ed1,766,765,1790072116197.554,47.049004
d1f37ed1,767,766,1790072116234.36,36.805854
d1f37ed1,768,767,1790072116274.789,40.429341
d1f37ed1,769,768,1790072116304.981,30.192072
d1f37ed1,770,769,1790072116348.99,44.008931
d1f37ed1,771,770,1790072116388.017,39.027233
d1f37ed1,772,771,1790072116453.474,65.456753
d1f37ed1,773,772,1790072116476.875,23.401172
d1f37ed1,774,773,1790072116504.827,27.952156
d1f37ed1,775,774,1790072116559.997,55.16965
d1f37ed1,776,775,1790072116586.514,26.51685
d1f37ed1,777,776,1790072116636.81,50.296313
d1f37ed1,778,777,1790072116671.592,34.782229
d1f37ed1,779,778,1790072116709.073,37.480441
d1f37ed1,780,779,1790072116755.089,46.016145
d1f37ed1,781,780,1790072116805.045,49.955722
d1f37ed1,782,781,1790072116828.359,23.314401
d1f37ed1,783,782,1790072116868.282,39.922887
d1f37ed1,784,783,1790072116911.293,43.011733
d1f37ed1,785,784,1790072116951.172,39.878624
d1f37ed1,786,785,1790072117003.253,52.081222
d1f37ed1,787,786,1790072117038.98,35.726822
d1f37ed1,788,787,1790072117068.336,29.355984
d1f37ed1,789,788,1790072117119.499,51.1623
d1f37ed1,790,789,1790072117151.641,32.142016
d1f37ed1,791,790,1790072117199.773,48.132127
d1f37ed1,792,791,1790072117234.378,34.605584
d1f37ed1,793,792,1790072117274.268,39.88922
d1f37ed1,794,793,1790072117314.598,40.330626
d1f37ed1,795,794,1790072117348.516,33.917862
d1f37ed1,796,795,1790072117388.836,40.319985
d1f37ed1,797,796,1790072117441.977,53.14143
d1f37ed1,798,797,1790072117473.817,31.839857
d1f37ed1,799,798,1790072117512.69,38.872941
d1f37ed1,800,799,1790072117554.509,41.818922
d1f37ed1,801,800,1790072117585.846,31.337161
d1f37ed1,802,801,1790072117626.942,41.095726
d1f37ed1,803,802,1790072117688.87,61.927566
d1f37ed1,804,803,1790072117692.72,3.851014
d1f37ed1,805,804,1790072117694.289,1.567916
d1f37ed1,806,805,1790072117697.421,3.132852
d1f37ed1,807,806,1790072117700.613,3.19206
d1f37ed1,808,807,1790072117705.039,4.42555
d1f37ed1,809,808,1790072117760.997,55.957896
d1f37ed1,810,809,1790072118039.542,278.545396
d1f37ed1,811,810,1790072118076.268,36.72592
d1f37ed1,812,811,1790072118117.795,41.526525
d1f37ed1,813,812,1790072118155.862,38.067342
d1f37ed1,814,813,1790072118188.803,32.941433
d1f37ed1,815,814,1790072118230.458,41.654521
d1f37ed1,816,815,1790072118268.765,38.307203
d1f37ed1,817,816,1790072118314.189,45.424311
d1f37ed1,818,817,1790072118355.709,41.519648
d1f37ed1,819,818,1790072118390.041,34.331703
d1f37ed1,820,819,1790072118441.24,51.199724
d1f37ed1,821,820,1790072118487.413,46.172406
d1f37ed1,822,821,1790072118514.076,26.662603
d1f37ed1,823,822,1790072118567.272,53.196052
d1f37ed1,824,823,1790072118594.512,27.24055
d1f37ed1,825,824,1790072118629.373,34.860938
d1f37ed1,826,825,1790072118671.255,41.881906
d1f37ed1,827,826,1790072118709.662,38.40651
d1f37ed1,828,827,1790072118755.769,46.107399
d1f37ed1,829,828,1790072118794.657,38.888229
d1f37ed1,830,829,1790072118828.95,34.293191
d1f37ed1,831,830,1790072118882.825,53.875143
d1f37ed1,832,831,1790072118914.127,31.302019
d1f37ed1,833,832,1790072118954.271,40.143877
d1f37ed1,834,833,1790072118988.593,34.321658
d1f37ed1,835,834,1790072119028.61,40.017232
d1f37ed1,836,835,1790072119068.56,39.949306
d1f37ed1,837,836,1790072119109.057,40.497362
d1f37ed1,838,837,1790072119154.168,45.111574
d1f37ed1,839,838,1790072119190.515,36.346054
d1f37ed1,840,839,1790072119242.714,52.199344
d1f37ed1,841,840,1790072119275.801,33.08698
d1f37ed1,842,841,1790072119319.418,43.617271
d1f37ed1,843,842,1790072119358.844,39.425432
d1f37ed1,844,843,1790072119409.174,50.329946
d1f37ed1,845,844,1790072119439.473,30.299608
d1f37ed1,846,845,1790072119476.387,36.913997
d1f37ed1,847,846,1790072119522.782,46.394967
d1f37ed1,848,847,1790072119546.051,23.268762
d1f37ed1,849,848,1790072119588.684,42.633418
d1f37ed1,850,849,1790072119629.416,40.731603
d1f37ed1,851,850,1790072119679.098,49.682346
d1f37ed1,852,851,1790072119682.216,3.118056
d1f37ed1,853,852,1790072119684.385,2.16868
d1f37ed1,854,853,1790072119685.744,1.358678
d1f37ed1,855,854,1790072119688.356,2.612355
d1f37ed1,856,855,1790072119690.491,2.135102
d1f37ed1,857,856,1790072119765.833,75.342007
d1f37ed1,858,857,1790072120042.245,276.41213
d1f37ed1,859,858,1790072120087.703,45.457994
d1f37ed1,860,859,1790072120120.53,32.826623
d1f37ed1,861,860,1790072120173.594,53.064128
d1f37ed1,862,861,1790072120187.754,14.160493
d1f37ed1,863,862,1790072120237.522,49.767329
d1f37ed1,864,863,1790072120277.257,39.73556
d1f37ed1,865,864,1790072120313.328,36.070466
d1f37ed1,866,865,1790072120356.282,42.954159
d1f37ed1,867,866,1790072120405.452,49.170468
d1f37ed1,868,867,1790072120427.701,22.248895
d1f37ed1,869,868,1790072120468.19,40.488373
d1f37ed1,870,869,1790072120511.44,43.25012
d1f37ed1,871,870,1790072120563.442,52.00227
d1f37ed1,872,871,1790072120588.478,25.035955
d1f37ed1,873,872,1790072120627.259,38.780883
d1f37ed1,874,873,1790072120681.466,54.20728
d1f37ed1,875,874,1790072120722.715,41.248362
d1f37ed1,876,875,1790072120762.066,39.351137
d1f37ed1,877,876,1790072120795.478,33.411695
d1f37ed1,878,877,1790072120842.07,46.592479
d1f37ed1,879,878,1790072120890.53,48.459721
d1f37ed1,880,879,1790072120919.895,29.365343
d1f37ed1,881,880,1790072120950.868,30.973118
d1f37ed1,882,881,1790072120991.241,40.37279
d1f37ed1,883,882,1790072121046.624,55.383482
d1f37ed1,884,883,1790072121083.26,36.63589
d1f37ed1,885,884,1790072121112.555,29.29511
d1f37ed1,886,885,1790072121172.138,59.582959
d1f37ed1,887,886,1790072121188.067,15.928248
d1f37ed1,888,887,1790072121232.516,44.449724
d1f37ed1,889,888,1790072121273.62,41.10361
d1f37ed1,890,889,1790072121315.225,41.604997
d1f37ed1,891,890,1790072121362.565,47.339785
d1f37ed1,892,891,1790072121386.055,23.490027
d1f37ed1,893,892,1790072121434.663,48.60796
d1f37ed1,894,893,1790072121470.803,36.140581
d1f37ed1,895,894,1790072121514.781,43.977316
d1f37ed1,896,895,1790072121546.99,32.209935
d1f37ed1,897,896,1790072121589.249,42.258737
d1f37ed1,898,897,1790072121631.944,42.694868
d1f37ed1,899,898,1790072121686.625,54.680622
d1f37ed1,900,899,1790072121690.946,4.321578
d1f37ed1,901,900,1790072121694.408,3.461722
d1f37ed1,902,901,1790072121695.934,1.525718
d1f37ed1,903,902,1790072121702.606,6.672769
d1f37ed1,904,903,1790072121705.468,2.860898
d1f37ed1,905,904,1790072121754.711,49.243692
d1f37ed1,906,905,1790072122032.894,278.182582
d1f37ed1,907,906,1790072122084.174,51.279932
d1f37ed1,908,907,1790072122106.88,22.706818
d1f37ed1,909,908,1790072122150.289,43.40804
d1f37ed1,910,909,1790072122188.423,38.134538
d1f37ed1,911,910,1790072122235.182,46.758605
d1f37ed1,912,911,1790072122290.316,55.134876
d1f37ed1,913,912,1790072122314.616,24.299484
d1f37ed1,914,913,1790072122360.374,45.757465
d1f37ed1,915,914,1790072122413.262,52.888732
d1f37ed1,916,915,1790072122435.473,22.210779
d1f37ed1,917,916,1790072122465.748,30.274906
d1f37ed1,918,917,1790072122508.04,42.291931
d1f37ed1,919,918,1790072122548.568,40.528305
d1f37ed1,920,919,1790072122597.097,48.528787
d1f37ed1,921,920,1790072122635.459,38.362454
d1f37ed1,922,921,1790072122681.154,45.694315
d1f37ed1,923,922,1790072122711.635,30.481814
d1f37ed1,924,923,1790072122752.175,40.539301
d1f37ed1,925,924,1790072122795.238,43.063555
d1f37ed1,926,925,1790072122827.828,32.589618
d1f37ed1,927,926,1790072122872.577,44.748887
d1f37ed1,928,927,1790072122913.51,40.933335
d1f37ed1,929,928,1790072122956.771,43.260529
d1f37ed1,930,929,1790072122996.568,39.797537
d1f37ed1,931,930,1790072123035.256,38.687933
d1f37ed1,932,931,1790072123075.268,40.01176
d1f37ed1,933,932,1790072123106.03,30.761773
d1f37ed1,934,933,1790072123158.475,52.445458
d1f37ed1,935,934,1790072123195.735,37.260272
d1f37ed1,936,935,1790072123235.858,40.123028
d1f37ed1,937,936,1790072123281.675,45.816448
d1f37ed1,938,937,1790072123314.303,32.627818
d1f37ed1,939,938,1790072123352.693,38.390271
d1f37ed1,940,939,1790072123386.863,34.170139
d1f37ed1,941,940,1790072123427.955,41.092131
d1f37ed1,942,941,1790072123469.674,41.718758
d1f37ed1,943,942,1790072123530.121,60.446798
d1f37ed1,944,943,1790072123545.008,14.887336
d1f37ed1,945,944,1790072123596.092,51.083854
d1f37ed1,946,945,1790072123631.347,35.254555
d1f37ed1,947,946,1790072123685.445,54.098506
d1f37ed1,948,947,1790072123689.176,3.731238
d1f37ed1,949,948,1790072123692.27,3.094038
d1f37ed1,950,949,1790072123693.614,1.343297
d1f37ed1,951,950,1790072123695.502,1.888573
d1f37ed1,952,951,1790072123697.299,1.796316
d1f37ed1,953,952,1790072123772.138,74.839381
d1f37ed1,954,953,1790072124036.745,264.607369
d1f37ed1,955,954,1790072124070.077,33.33195
d1f37ed1,956,955,1790072124108.764,38.687009
d1f37ed1,957,956,1790072124153.482,44.718013
d1f37ed1,958,957,1790072124182.973,29.490345
d1f37ed1,959,958,1790072124253.095,70.122431
d1f37ed1,960,959,1790072124279.524,26.428545
d1f37ed1,961,960,1790072124317.723,38.199618
d1f37ed1,962,961,1790072124361.032,43.308545
d1f37ed1,963,962,1790072124400.104,39.072684
d1f37ed1,964,963,1790072124433.774,33.669206
d1f37ed1,965,964,1790072124472.826,39.052396
d1f37ed1,966,965,1790072124504.147,31.320987
d1f37ed1,967,966,1790072124544.92,40.772961
d1f37ed1,968,967,1790072124596.673,51.753466
d1f37ed1,969,968,1790072124634.586,37.912893
d1f37ed1,970,969,1790072124676.136,41.550163
d1f37ed1,971,970,1790072124722.608,46.471274
d1f37ed1,972,971,1790072124753.673,31.065327
d1f37ed1,973,972,1790072124814.16,60.487016
d1f37ed1,974,973,1790072124840.784,26.623603
d1f37ed1,975,974,1790072124876.499,35.715356
d1f37ed1,976,975,1790072124916.426,39.926705
d1f37ed1,977,976,1790072124947.982,31.556487
d1f37ed1,978,977,1790072125006.647,58.664838
d1f37ed1,979,978,1790072125033.27,26.622865
d1f37ed1,980,979,1790072125078.912,45.641892
d1f37ed1,981,980,1790072125114.445,35.53338
d1f37ed1,982,981,1790072125157.047,42.601686
d1f37ed1,983,982,1790072125199.584,42.537052
d1f37ed1,984,983,1790072125243.901,44.317094
d1f37ed1,985,984,1790072125261.328,17.426986
d1f37ed1,986,985,1790072125314.242,52.914153
d1f37ed1,987,986,1790072125347.044,32.802277
d1f37ed1,988,987,1790072125399.767,52.722025
d1f37ed1,989,988,1790072125434.27,34.503091
d1f37ed1,990,989,1790072125475.28,41.010532
d1f37ed1,991,990,1790072125511.999,36.718522
d1f37ed1,992,991,1790072125550.879,38.880324
d1f37ed1,993,992,1790072125590.791,39.911457
d1f37ed1,994,993,1790072125641.128,50.337248
d1f37ed1,995,994,1790072125679.777,38.649421
d1f37ed1,996,995,1790072125682.389,2.612249
d1f37ed1,997,996,1790072125683.544,1.155109
d1f37ed1,998,997,1790072125685.104,1.559674
d1f37ed1,999,998,1790072125687.663,2.55846
d1f37ed1,1000,999,1790072125763.129,75.466009
d1f37ed1,1001,1000,1790072126028.175,265.046072
d1f37ed1,1002,1001,1790072126075.469,47.293984
d1f37ed1,1003,1002,1790072126112.666,37.197628
d1f37ed1,1004,1003,1790072126147.637,34.970366
d1f37ed1,1005,1004,1790072126188.174,40.537706
d1f37ed1,1006,1005,1790072126237.661,49.48645
d1f37ed1,1007,1006,1790072126273.456,35.795533
d1f37ed1,1008,1007,1790072126314.697,41.240154
d1f37ed1,1009,1008,1790072126360.633,45.936774
d1f37ed1,1010,1009,1790072126395.282,34.648514
d1f37ed1,1011,1010,1790072126424.821,29.538757
d1f37ed1,1012,1011,1790072126474.647,49.826385
d1f37ed1,1013,1012,1790072126512.633,37.985879
d1f37ed1,1014,1013,1790072126555.656,43.022871
d1f37ed1,1015,1014,1790072126592.724,37.068397
d1f37ed1,1016,1015,1790072126701.349,108.624722
d1f37ed1,1017,1016,1790072126706.735,5.386183
d1f37ed1,1018,1017,1790072126712.63,5.894745
d1f37ed1,1019,1018,1790072126751.293,38.663617
d1f37ed1,1020,1019,1790072126790.069,38.77535
d1f37ed1,1021,1020,1790072126833.491,43.422559
d1f37ed1,1022,1021,1790072126870.462,36.971211
d1f37ed1,1023,1022,1790072126908.309,37.846943
d1f37ed1,1024,1023,1790072126954.442,46.132316
d1f37ed1,1025,1024,1790072126992.47,38.028734
d1f37ed1,1026,1025,1790072127030.292,37.821114
d1f37ed1,1027,1026,1790072127076.187,45.895057
d1f37ed1,1028,1027,1790072127132.652,56.465392
d1f37ed1,1029,1028,1790072127146.073,13.420358
d1f37ed1,1030,1029,1790072127187.28,41.207187
d1f37ed1,1031,1030,1790072127228.654,41.374823
d1f37ed1,1032,1031,1790072127269.854,41.199404
d1f37ed1,1033,1032,1790072127323.609,53.75502
d1f37ed1,1034,1033,1790072127357.322,33.712667
d1f37ed1,1035,1034,1790072127395.458,38.136548
d1f37ed1,1036,1035,1790072127432.698,37.24044
d1f37ed1,1037,1036,1790072127470.21,37.511465
d1f37ed1,1038,1037,1790072127520.465,50.254622
d1f37ed1,1039,1038,1790072127551.455,30.990081
d1f37ed1,1040,1039,1790072127590.239,38.78385
d1f37ed1,1041,1040,1790072127645.489,55.250284
d1f37ed1,1042,1041,1790072127676.722,31.233412
d1f37ed1,1043,1042,1790072127678.973,2.250352
d1f37ed1,1044,1043,1790072127680.452,1.479743
d1f37ed1,1045,1044,1790072127686.058,5.605695
d1f37ed1,1046,1045,1790072127689.498,3.439925
d1f37ed1,1047,1046,1790072127692.674,3.175635
d1f37ed1,1048,1047,1790072127753.083,60.409039
d1f37ed1,1049,1048,1790072128024.999,271.916246
d1f37ed1,1050,1049,1790072128065.841,40.842377
d1f37ed1,1051,1050,1790072128110.325,44.483662
d1f37ed1,1052,1051,1790072128147.984,37.659378
d1f37ed1,1053,1052,1790072128191.787,43.802701
d1f37ed1,1054,1053,1790072128230.433,38.646043
d1f37ed1,1055,1054,1790072128275.029,44.595809
d1f37ed1,1056,1055,1790072128310.497,35.467757
d1f37ed1,1057,1056,1790072128349.795,39.298285
d1f37ed1,1058,1057,1790072128389.435,39.640176
d1f37ed1,1059,1058,1790072128433.236,43.801064
d1f37ed1,1060,1059,1790072128476.6,43.363639
d1f37ed1,1061,1060,1790072128513.543,36.943365
d1f37ed1,1062,1061,1790072128558.42,44.877398
d1f37ed1,1063,1062,1790072128588.553,30.133086
d1f37ed1,1064,1063,1790072128634.818,46.264565
d1f37ed1,1065,1064,1790072128672.216,37.397613
d1f37ed1,1066,1065,1790072128714.699,42.483822
d1f37ed1,1067,1066,1790072128750.841,36.141367
d1f37ed1,1068,1067,1790072128789.793,38.95253
d1f37ed1,1069,1068,1790072128836.026,46.232971
d1f37ed1,1070,1069,1790072128881.887,45.860404
d1f37ed1,1071,1070,1790072128910.965,29.077954
d1f37ed1,1072,1071,1790072128952.574,41.609083
d1f37ed1,1073,1072,1790072128989.472,36.898193
d1f37ed1,1074,1073,1790072129025.655,36.18313
d1f37ed1,1075,1074,1790072129075.064,49.408743
d1f37ed1,1076,1075,1790072129111.896,36.831533
d1f37ed1,1077,1076,1790072129150.659,38.763532
d1f37ed1,1078,1077,1790072129193.743,43.083937
d1f37ed1,1079,1078,1790072129246.575,52.831664
d1f37ed1,1080,1079,1790072129266.001,19.426126
d1f37ed1,1081,1080,1790072129305.907,39.906679
d1f37ed1,1082,1081,1790072129347.083,41.175803
d1f37ed1,1083,1082,1790072129395.009,47.925771
d1f37ed1,1084,1083,1790072129444.052,49.042504
d1f37ed1,1085,1084,1790072129470.245,26.193771
d1f37ed1,1086,1085,1790072129503.634,33.388774
d1f37ed1,1087,1086,1790072129558.403,54.768956
d1f37ed1,1088,1087,1790072129590.085,31.681884
d1f37ed1,1089,1088,1790072129629.815,39.730295
d1f37ed1,1090,1089,1790072129675.554,45.738855
d1f37ed1,1091,1090,1790072129677.814,2.260201
d1f37ed1,1092,1091,1790072129681.58,3.766063
d1f37ed1,1093,1092,1790072129683.81,2.229221
d1f37ed1,1094,1093,1790072129686.535,2.725311
d1f37ed1,1095,1094,1790072129687.848,1.312858
d1f37ed1,1096,1095,1790072129771.432,83.583935
d1f37ed1,1097,1096,1790072130033.999,262.567755
d1f37ed1,1098,1097,1790072130081.548,47.548197
d1f37ed1,1099,1098,1790072130122.9,41.352454
d1f37ed1,1100,1099,1790072130151.142,28.24194
d1f37ed1,1101,1100,1790072130194.022,42.879902
d1f37ed1,1102,1101,1790072130241.42,47.398035
d1f37ed1,1103,1102,1790072130272.608,31.187694
d1f37ed1,1104,1103,1790072130310.851,38.243481
d1f37ed1,1105,1104,1790072130347.694,36.842619
d1f37ed1,1106,1105,1790072130393.078,45.384429
d1f37ed1,1107,1106,1790072130425.113,32.034369
d1f37ed1,1108,1107,1790072130474.588,49.475909
d1f37ed1,1109,1108,1790072130514.193,39.605056
d1f37ed1,1110,1109,1790072130558.543,44.34943
d1f37ed1,1111,1110,1790072130586.158,27.614873
d1f37ed1,1112,1111,1790072130626.685,40.526763
d1f37ed1,1113,1112,1790072130670.047,43.362319
d1f37ed1,1114,1113,1790072130710.399,40.351962
d1f37ed1,1115,1114,1790072130749.391,38.992421
d1f37ed1,1116,1115,1790072130789.704,40.312463
d1f37ed1,1117,1116,1790072130844.174,54.470447
d1f37ed1,1118,1117,1790072130874.031,29.856907
d1f37ed1,1119,1118,1790072130923.256,49.225139
d1f37ed1,1120,1119,1790072130944.765,21.509136
d1f37ed1,1121,1120,1790072130993.104,48.338622
d1f37ed1,1122,1121,1790072131029.234,36.130411
d1f37ed1,1123,1122,1790072131072.577,43.342556
d1f37ed1,1124,1123,1790072131103.397,30.820187
d1f37ed1,1125,1124,1790072131154.367,50.970337
d1f37ed1,1126,1125,1790072131201.604,47.237019
d1f37ed1,1127,1126,1790072131234.135,32.53033
d1f37ed1,1128,1127,1790072131278.49,44.354918
d1f37ed1,1129,1128,1790072131315.8,37.310235
d1f37ed1,1130,1129,1790072131355.187,39.387379
d1f37ed1,1131,1130,1790072131387.73,32.543141
d1f37ed1,1132,1131,1790072131425.97,38.239294
d1f37ed1,1133,1132,1790072131472.072,46.102331
d1f37ed1,1134,1133,1790072131509.715,37.643189
d1f37ed1,1135,1134,1790072131556.127,46.41134
d1f37ed1,1136,1135,1790072131589.72,33.593898
d1f37ed1,1137,1136,1790072131631.011,41.290607
d1f37ed1,1138,1137,1790072131678.263,47.251803
d1f37ed1,1139,1138,1790072131679.541,1.278229
d1f37ed1,1140,1139,1790072131685.705,6.163781
d1f37ed1,1141,1140,1790072131690.368,4.662867
d1f37ed1,1142,1141,1790072131693.033,2.665286
d1f37ed1,1143,1142,1790072131698.034,5.001405
d1f37ed1,1144,1143,1790072131750.615,52.580261
d1f37ed1,1145,1144,1790072132035.186,284.571486
d1f37ed1,1146,1145,1790072132063.781,28.594626
d1f37ed1,1147,1146,1790072132124.359,60.578394
d1f37ed1,1148,1147,1790072132147.752,23.39285
d1f37ed1,1149,1148,1790072132207.138,59.386411
d1f37ed1,1150,1149,1790072132236.448,29.309616
d1f37ed1,1151,1150,1790072132272.254,35.805426
d1f37ed1,1152,1151,1790072132314.511,42.257648
d1f37ed1,1153,1152,1790072132352.724,38.213209
d1f37ed1,1154,1153,1790072132399.22,46.49608
d1f37ed1,1155,1154,1790072132426.016,26.795066
d1f37ed1,1156,1155,1790072132465.881,39.864975
d1f37ed1,1157,1156,1790072132511.645,45.764846
d1f37ed1,1158,1157,1790072132564.511,52.866063
d1f37ed1,1159,1158,1790072132609.055,44.543397
d1f37ed1,1160,1159,1790072132632.455,23.400173
d1f37ed1,1161,1160,1790072132672.909,40.454096
d1f37ed1,1162,1161,1790072132711.46,38.550516
d1f37ed1,1163,1162,1790072132753.196,41.736177
d1f37ed1,1164,1163,1790072132800.413,47.216738
d1f37ed1,1165,1164,1790072132829.433,29.020426
d1f37ed1,1166,1165,1790072132869.079,39.64617
d1f37ed1,1167,1166,1790072132920.268,51.188675
d1f37ed1,1168,1167,1790072132955.839,35.571483
d1f37ed1,1169,1168,1790072132998.528,42.688828
d1f37ed1,1170,1169,1790072133034.634,36.105614
d1f37ed1,1171,1170,1790072133072.127,37.493476
d1f37ed1,1172,1171,1790072133116.193,44.065426
d1f37ed1,1173,1172,1790072133165.058,48.865466
d1f37ed1,1174,1173,1790072133191.97,26.91216
d1f37ed1,1175,1174,1790072133224.969,32.998439
d1f37ed1,1176,1175,1790072133280.708,55.739015
d1f37ed1,1177,1176,1790072133314.644,33.93595
d1f37ed1,1178,1177,1790072133356.966,42.322537
d1f37ed1,1179,1178,1790072133394.352,37.386008
d1f37ed1,1180,1179,1790072133443.587,49.234721
d1f37ed1,1181,1180,1790072133479.047,35.459611
d1f37ed1,1182,1181,1790072133528.043,48.996706
d1f37ed1,1183,1182,1790072133561.239,33.195909
d1f37ed1,1184,1183,1790072133593.976,32.736361
d1f37ed1,1185,1184,1790072133626.385,32.409704
d1f37ed1,1186,1185,1790072133674.326,47.94043
d1f37ed1,1187,1186,1790072133676.269,1.943412
d1f37ed1,1188,1187,1790072133679.145,2.875753
d1f37ed1,1189,1188,1790072133680.767,1.621771
d1f37ed1,1190,1189,1790072133684.235,3.468421
d1f37ed1,1191,1190,1790072133686.449,2.21389
d1f37ed1,1192,1191,1790072133749.243,62.794568
d1f37ed1,1193,1192,1790072134043.609,294.365868
d1f37ed1,1194,1193,1790072134078.641,35.031804
d1f37ed1,1195,1194,1790072134109.654,31.012963
d1f37ed1,1196,1195,1790072134145.334,35.680283
d1f37ed1,1197,1196,1790072134185.83,40.495442
d1f37ed1,1198,1197,1790072134227.614,41.784101
d1f37ed1,1199,1198,1790072134277.375,49.76149
d1f37ed1,1200,1199,1790072134310.438,33.062452
d1f37ed1,1201,1200,1790072134354.586,44.147791
d1f37ed1,1202,1201,1790072134394.116,39.53034
d1f37ed1,1203,1202,1790072134436.392,42.275859
d1f37ed1,1204,1203,1790072134476.672,40.279806
d1f37ed1,1205,1204,1790072134507.052,30.380393
d1f37ed1,1206,1205,1790072134546.873,39.820647
d1f37ed1,1207,1206,1790072134587.569,40.695779
d1f37ed1,1208,1207,1790072134641.491,53.922426
d1f37ed1,1209,1208,1790072134676.178,34.686715
d1f37ed1,1210,1209,1790072134709.754,33.576237
d1f37ed1,1211,1210,1790072134751.624,41.870243
d1f37ed1,1212,1211,1790072134791.045,39.420776
d1f37ed1,1213,1212,1790072134826.846,35.801025
d1f37ed1,1214,1213,1790072134881.199,54.353019
d1f37ed1,1215,1214,1790072134910.149,28.950389
d1f37ed1,1216,1215,1790072134956.769,46.619841
d1f37ed1,1217,1216,1790072134995.787,39.017443
d1f37ed1,1218,1217,1790072135026.732,30.945343
d1f37ed1,1219,1218,1790072135091.524,64.792271
d1f37ed1,1220,1219,1790072135108.807,17.283222
d1f37ed1,1221,1220,1790072135151.346,42.538677
d1f37ed1,1222,1221,1790072135193.397,42.050774
d1f37ed1,1223,1222,1790072135300.152,106.754875
d1f37ed1,1224,1223,1790072135307.008,6.855989
d1f37ed1,1225,1224,1790072135322.384,15.376171
d1f37ed1,1226,1225,1790072135350.544,28.159658
d1f37ed1,1227,1226,1790072135393.833,43.290004
d1f37ed1,1228,1227,1790072135425.88,32.046068
d1f37ed1,1229,1228,1790072135466.597,40.717361
d1f37ed1,1230,1229,1790072135507.854,41.25639
d1f37ed1,1231,1230,1790072135554.362,46.508882
d1f37ed1,1232,1231,1790072135591.102,36.739527
d1f37ed1,1233,1232,1790072135631.154,40.052162
d1f37ed1,1234,1233,1790072135682.132,50.978008
d1f37ed1,1235,1234,1790072135684.692,2.560056
d1f37ed1,1236,1235,1790072135685.811,1.118975
d1f37ed1,1237,1236,1790072135687.247,1.435592
d1f37ed1,1238,1237,1790072135688.615,1.368486
d1f37ed1,1239,1238,1790072135690.899,2.284419
d1f37ed1,1240,1239,1790072135757.026,66.126813
d1f37ed1,1241,1240,1790072136028.832,271.805158
d1f37ed1,1242,1241,1790072136076.391,47.559379
d1f37ed1,1243,1242,1790072136108.36,31.9688
d1f37ed1,1244,1243,1790072136151.409,43.049747
d1f37ed1,1245,1244,1790072136193.813,42.403648
d1f37ed1,1246,1245,1790072136247.95,54.136778
d1f37ed1,1247,1246,1790072136273.525,25.575262
d1f37ed1,1248,1247,1790072136313.905,40.380272
d1f37ed1,1249,1248,1790072136352.116,38.210963
d1f37ed1,1250,1249,1790072136402.559,50.44228
d1f37ed1,1251,1250,1790072136434.505,31.946327
d1f37ed1,1252,1251,1790072136472.639,38.133878
d1f37ed1,1253,1252,1790072136508.496,35.856851
d1f37ed1,1254,1253,1790072136559.803,51.307668
d1f37ed1,1255,1254,1790072136588.833,29.029161
d1f37ed1,1256,1255,1790072136629.386,40.554018
d1f37ed1,1257,1256,1790072136681.436,52.049362
d1f37ed1,1258,1257,1790072136710.686,29.250187
d1f37ed1,1259,1258,1790072136754.583,43.896358
d1f37ed1,1260,1259,1790072136808.358,53.775252
d1f37ed1,1261,1260,1790072136828.896,20.537793
d1f37ed1,1262,1261,1790072136879.501,50.606086
d1f37ed1,1263,1262,1790072136910.892,31.39062
d1f37ed1,1264,1263,1790072136946.989,36.096369
d1f37ed1,1265,1264,1790072136988.008,41.019737
d1f37ed1,1266,1265,1790072137032.02,44.012089
d1f37ed1,1267,1266,1790072137073.88,41.859992
d1f37ed1,1268,1267,1790072137111.69,37.809355
d1f37ed1,1269,1268,1790072137149.552,37.862752
d1f37ed1,1270,1269,1790072137195.257,45.70427
d1f37ed1,1271,1270,1790072137234.386,39.128913
d1f37ed1,1272,1271,1790072137271.431,37.045107
d1f37ed1,1273,1272,1790072137325.916,54.484655
d1f37ed1,1274,1273,1790072137346.032,20.116442
d1f37ed1,1275,1274,1790072137386.067,40.035534
d1f37ed1,1276,1275,1790072137432.602,46.534882
d1f37ed1,1277,1276,1790072137480.114,47.512065
d1f37ed1,1278,1277,1790072137512.969,32.854772
d1f37ed1,1279,1278,1790072137554.789,41.82025
d1f37ed1,1280,1279,1790072137585.511,30.721454
d1f37ed1,1281,1280,1790072137639.547,54.035947
d1f37ed1,1282,1281,1790072137671.982,32.435099
d1f37ed1,1283,1282,1790072137674.028,2.046204
d1f37ed1,1284,1283,1790072137676.515,2.486631
d1f37ed1,1285,1284,1790072137680.389,3.87413
d1f37ed1,1286,1285,1790072137682.474,2.085308
d1f37ed1,1287,1286,1790072137752.714,70.24024
d1f37ed1,1288,1287,1790072138024.105,271.390278
d1f37ed1,1289,1288,1790072138067.133,43.028513
d1f37ed1,1290,1289,1790072138114.136,47.003353
d1f37ed1,1291,1290,1790072138158.11,43.973902
d1f37ed1,1292,1291,1790072138196.97,38.859522
d1f37ed1,1293,1292,1790072138234.74,37.769677
d1f37ed1,1294,1293,1790072138276.898,42.158514
d1f37ed1,1295,1294,1790072138307.153,30.255285
d1f37ed1,1296,1295,1790072138346.967,39.813136
d1f37ed1,1297,1296,1790072138388.081,41.114175
d1f37ed1,1298,1297,1790072138429.032,40.951769
d1f37ed1,1299,1298,1790072138470.153,41.120273
d1f37ed1,1300,1299,1790072138523.323,53.170255
d1f37ed1,1301,1300,1790072138546.93,23.607464
d1f37ed1,1302,1301,1790072138598.68,51.749809
d1f37ed1,1303,1302,1790072138632.217,33.536776
d1f37ed1,1304,1303,1790072138672.006,39.788912
d1f37ed1,1305,1304,1790072138712.547,40.541408
d1f37ed1,1306,1305,1790072138749.992,37.444264
d1f37ed1,1307,1306,1790072138791.336,41.344377
d1f37ed1,1308,1307,1790072138839.537,48.200797
d1f37ed1,1309,1308,1790072138869.561,30.023709
d1f37ed1,1310,1309,1790072138925.744,56.183935
d1f37ed1,1311,1310,1790072138965.254,39.509733
d1f37ed1,1312,1311,1790072138991.978,26.723501
d1f37ed1,1313,1312,1790072139029.059,37.081695
d1f37ed1,1314,1313,1790072139069.648,40.588495
d1f37ed1,1315,1314,1790072139109.671,40.023396
d1f37ed1,1316,1315,1790072139159.656,49.984851
d1f37ed1,1317,1316,1790072139195.333,35.676851
d1f37ed1,1318,1317,1790072139240.314,44.981447
d1f37ed1,1319,1318,1790072139280.315,40.000156
d1f37ed1,1320,1319,1790072139310.018,29.703187
d1f37ed1,1321,1320,1790072139356.865,46.847225
d1f37ed1,1322,1321,1790072139408.905,52.039758
d1f37ed1,1323,1322,1790072139439.715,30.809769
d1f37ed1,1324,1323,1790072139479.512,39.797427
d1f37ed1,1325,1324,1790072139503.828,24.316344
d1f37ed1,1326,1325,1790072139553.666,49.837192
d1f37ed1,1327,1326,1790072139610.613,56.947115
d1f37ed1,1328,1327,1790072139635.066,24.453566
d1f37ed1,1329,1328,1790072139676.282,41.216168
d1f37ed1,1330,1329,1790072139677.947,1.664577
d1f37ed1,1331,1330,1790072139679.105,1.158598
d1f37ed1,1332,1331,1790072139681.76,2.654992
d1f37ed1,1333,1332,1790072139683.568,1.80747
d1f37ed1,1334,1333,1790072139685.084,1.515974
d1f37ed1,1335,1334,1790072139750.626,65.542168
d1f37ed1,1336,1335,1790072140029.179,278.552677
d1f37ed1,1337,1336,1790072140074.115,44.936561
d1f37ed1,1338,1337,1790072140113.998,39.882612
d1f37ed1,1339,1338,1790072140150.798,36.800158
d1f37ed1,1340,1339,1790072140202.957,52.159131
d1f37ed1,1341,1340,1790072140237.022,34.065189
d1f37ed1,1342,1341,1790072140275.967,38.944538
d1f37ed1,1343,1342,1790072140319.821,43.854386
d1f37ed1,1344,1343,1790072140347.758,27.936272
d1f37ed1,1345,1344,1790072140401.347,53.58897
d1f37ed1,1346,1345,1790072140429.954,28.607487
d1f37ed1,1347,1346,1790072140473.369,43.414717
d1f37ed1,1348,1347,1790072140515.133,41.764471
d1f37ed1,1349,1348,1790072140571.754,56.621137
d1f37ed1,1350,1349,1790072140588.357,16.602836
d1f37ed1,1351,1350,1790072140633.098,44.740274
d1f37ed1,1352,1351,1790072140666.603,33.505189
d1f37ed1,1353,1352,1790072140706.915,40.311968
d1f37ed1,1354,1353,1790072140748.368,41.453128
d1f37ed1,1355,1354,1790072140800.789,52.420943
d1f37ed1,1356,1355,1790072140833.645,32.856414
d1f37ed1,1357,1356,1790072140881.424,47.778941
d1f37ed1,1358,1357,1790072140909.953,28.528949
d1f37ed1,1359,1358,1790072140946.908,36.954746
d1f37ed1,1360,1359,1790072140987.342,40.433647
d1f37ed1,1361,1360,1790072141042.471,55.129693
d1f37ed1,1362,1361,1790072141071.754,29.282383
d1f37ed1,1363,1362,1790072141117.446,45.692389
d1f37ed1,1364,1363,1790072141145.806,28.359726
d1f37ed1,1365,1364,1790072141192.368,46.562497
d1f37ed1,1366,1365,1790072141236.472,44.10408
d1f37ed1,1367,1366,1790072141266.326,29.853654
d1f37ed1,1368,1367,1790072141305.989,39.662808
d1f37ed1,1369,1368,1790072141348.097,42.108722
d1f37ed1,1370,1369,1790072141388.718,40.62091
d1f37ed1,1371,1370,1790072141445.809,57.0905
d1f37ed1,1372,1371,1790072141473.692,27.883215
d1f37ed1,1373,1372,1790072141516.89,43.197509
d1f37ed1,1374,1373,1790072141557.322,40.432362
d1f37ed1,1375,1374,1790072141595.663,38.34078
d1f37ed1,1376,1375,1790072141628.737,33.074218
d1f37ed1,1377,1376,1790072141685.589,56.852232
d1f37ed1,1378,1377,1790072141689.849,4.259999
d1f37ed1,1379,1378,1790072141692.423,2.574274
d1f37ed1,1380,1379,1790072141695.627,3.203182
d1f37ed1,1381,1380,1790072141697.469,1.842091
d1f37ed1,1382,1381,1790072141703.793,6.324196
d1f37ed1,1383,1382,1790072141758.06,54.267531
d1f37ed1,1384,1383,1790072142030.335,272.274701
d1f37ed1,1385,1384,1790072142066.625,36.289553
d1f37ed1,1386,1385,1790072142111.716,45.091645
d1f37ed1,1387,1386,1790072142151.787,40.071046
d1f37ed1,1388,1387,1790072142200.682,48.894796
d1f37ed1,1389,1388,1790072142234.545,33.862414
d1f37ed1,1390,1389,1790072142280.897,46.352915
d1f37ed1,1391,1390,1790072142305.35,24.452794
d1f37ed1,1392,1391,1790072142360.465,55.114311
d1f37ed1,1393,1392,1790072142393.3,32.835176
d1f37ed1,1394,1393,1790072142432.165,38.86512
d1f37ed1,1395,1394,1790072142492.54,60.375059
d1f37ed1,1396,1395,1790072142504.354,11.814576
d1f37ed1,1397,1396,1790072142554.438,50.083987
d1f37ed1,1398,1397,1790072142587.021,32.58292
d1f37ed1,1399,1398,1790072142628.616,41.594503
d1f37ed1,1400,1399,1790072142670.004,41.387866
d1f37ed1,1401,1400,1790072142712.355,42.351295
d1f37ed1,1402,1401,1790072142752.026,39.670536
d1f37ed1,1403,1402,1790072142806.523,54.49703
d1f37ed1,1404,1403,1790072142829.147,22.624397
d1f37ed1,1405,1404,1790072142868.145,38.997937
d1f37ed1,1406,1405,1790072142918.126,49.981419
d1f37ed1,1407,1406,1790072142952.219,34.093061
d1f37ed1,1408,1407,1790072143012.335,60.115701
d1f37ed1,1409,1408,1790072143026.995,14.659743
d1f37ed1,1410,1409,1790072143076.549,49.554138
d1f37ed1,1411,1410,1790072143114.727,38.177788
d1f37ed1,1412,1411,1790072143155.161,40.434173
d1f37ed1,1413,1412,1790072143191.068,35.906576
d1f37ed1,1414,1413,1790072143227.4,36.332681
d1f37ed1,1415,1414,1790072143267.809,40.408468
d1f37ed1,1416,1415,1790072143315.385,47.575812
d1f37ed1,1417,1416,1790072143353.897,38.512737
d1f37ed1,1418,1417,1790072143404.305,50.408009
d1f37ed1,1419,1418,1790072143442.481,38.175485
d1f37ed1,1420,1419,1790072143471.016,28.535205
d1f37ed1,1421,1420,1790072143515.287,44.270627
d1f37ed1,1422,1421,1790072143549.66,34.373849
d1f37ed1,1423,1422,1790072143590.743,41.082392
d1f37ed1,1424,1423,1790072143638.364,47.621441
d1f37ed1,1425,1424,1790072143675.991,37.626838
d1f37ed1,1426,1425,1790072143678.625,2.633701
d1f37ed1,1427,1426,1790072143680.864,2.238621
d1f37ed1,1428,1427,1790072143682.533,1.669831
d1f37ed1,1429,1428,1790072143684.108,1.575153
d1f37ed1,1430,1429,1790072143688.483,4.374747
d1f37ed1,1431,1430,1790072143754.89,66.407101
d1f37ed1,1432,1431,1790072144044.906,290.01556
d1f37ed1,1433,1432,1790072144077.875,32.968802
d1f37ed1,1434,1433,1790072144110.651,32.776266
d1f37ed1,1435,1434,1790072144148.766,38.114606
d1f37ed1,1436,1435,1790072144190.76,41.994785
d1f37ed1,1437,1436,1790072144236.794,46.033474
d1f37ed1,1438,1437,1790072144279.464,42.670288
d1f37ed1,1439,1438,1790072144312.835,33.371103
d1f37ed1,1440,1439,1790072144352.096,39.261186
d1f37ed1,1441,1440,1790072144386.738,34.641765
d1f37ed1,1442,1441,1790072144427.747,41.008495
d1f37ed1,1443,1442,1790072144469.525,41.778436
d1f37ed1,1444,1443,1790072144523.193,53.667729
d1f37ed1,1445,1444,1790072144553.709,30.516433
d1f37ed1,1446,1445,1790072144590.368,36.658424
d1f37ed1,1447,1446,1790072144627.666,37.297768
d1f37ed1,1448,1447,1790072144677.301,49.635277
d1f37ed1,1449,1448,1790072144711.137,33.836808
d1f37ed1,1450,1449,1790072144758.398,47.261059
d1f37ed1,1451,1450,1790072144795.411,37.012787
d1f37ed1,1452,1451,1790072144835.425,40.013727
d1f37ed1,1453,1452,1790072144867.067,31.642032
d1f37ed1,1454,1453,1790072144914.066,46.999224
d1f37ed1,1455,1454,1790072144953.267,39.200277
d1f37ed1,1456,1455,1790072144990.738,37.471259
d1f37ed1,1457,1456,1790072145033.489,42.750957
d1f37ed1,1458,1457,1790072145076.125,42.636737
d1f37ed1,1459,1458,1790072145116.63,40.504175
d1f37ed1,1460,1459,1790072145146.578,29.947867
d1f37ed1,1461,1460,1790072145195.63,49.052237
d1f37ed1,1462,1461,1790072145225.124,29.494212
d1f37ed1,1463,1462,1790072145270.734,45.609494
d1f37ed1,1464,1463,1790072145308.803,38.069245
d1f37ed1,1465,1464,1790072145348.174,39.370916
d1f37ed1,1466,1465,1790072145397.162,48.988687
d1f37ed1,1467,1466,1790072145427.638,30.47566
d1f37ed1,1468,1467,1790072145471.353,43.714491
d1f37ed1,1469,1468,1790072145504.757,33.404895
d1f37ed1,1470,1469,1790072145548.043,43.285494
d1f37ed1,1471,1470,1790072145589.589,41.545697
d1f37ed1,1472,1471,1790072145632.48,42.891772
d1f37ed1,1473,1472,1790072145680.147,47.666977
d1f37ed1,1474,1473,1790072145681.454,1.306831
d1f37ed1,1475,1474,1790072145682.704,1.249714
d1f37ed1,1476,1475,1790072145685.524,2.820007
d1f37ed1,1477,1476,1790072145689.272,3.748117
d1f37ed1,1478,1477,1790072145693.068,3.795926
d1f37ed1,1479,1478,1790072145748.559,55.490985
d1f37ed1,1480,1479,1790072146043.332,294.772734
d1f37ed1,1481,1480,1790072146082.164,38.832047
d1f37ed1,1482,1481,1790072146105.815,23.651384
d1f37ed1,1483,1482,1790072146147.181,41.365988
d1f37ed1,1484,1483,1790072146198.854,51.672838
d1f37ed1,1485,1484,1790072146229.509,30.655005
d1f37ed1,1486,1485,1790072146281.634,52.125353
d1f37ed1,1487,1486,1790072146309.334,27.700221
d1f37ed1,1488,1487,1790072146356.094,46.759052
d1f37ed1,1489,1488,1790072146385.072,28.977972
d1f37ed1,1490,1489,1790072146442.052,56.980049
d1f37ed1,1491,1490,1790072146472.861,30.809495
d1f37ed1,1492,1491,1790072146505.571,32.709553
d1f37ed1,1493,1492,1790072146555.104,49.533919
d1f37ed1,1494,1493,1790072146591.192,36.087756
d1f37ed1,1495,1494,1790072146640.864,49.67117
d1f37ed1,1496,1495,1790072146676.298,35.434691
d1f37ed1,1497,1496,1790072146723.489,47.190261
d1f37ed1,1498,1497,1790072146755.276,31.787533
d1f37ed1,1499,1498,1790072146802.421,47.144826
d1f37ed1,1500,1499,1790072146840.736,38.31554
d1f37ed1,1501,1500,1790072146873.686,32.949556
d1f37ed1,1502,1501,1790072146916.146,42.460669
d1f37ed1,1503,1502,1790072146953.368,37.221767
d1f37ed1,1504,1503,1790072146986.002,32.633611
d1f37ed1,1505,1504,1790072147035.399,49.397304
d1f37ed1,1506,1505,1790072147081.938,46.538592
d1f37ed1,1507,1506,1790072147112.14,30.201729
d1f37ed1,1508,1507,1790072147151.815,39.675836
d1f37ed1,1509,1508,1790072147192.41,40.594839
d1f37ed1,1510,1509,1790072147300.108,107.6973
d1f37ed1,1511,1510,1790072147306.757,6.64915
d1f37ed1,1512,1511,1790072147310.588,3.831466
d1f37ed1,1513,1512,1790072147351.697,41.109011
d1f37ed1,1514,1513,1790072147392.998,41.300595
d1f37ed1,1515,1514,1790072147435.74,42.741837
d1f37ed1,1516,1515,1790072147464.021,28.281722
d1f37ed1,1517,1516,1790072147506.195,42.173267
d1f37ed1,1518,1517,1790072147552.727,46.53244
d1f37ed1,1519,1518,1790072147585.919,33.192175
d1f37ed1,1520,1519,1790072147631.185,45.266098
d1f37ed1,1521,1520,1790072147673.193,42.007295
d1f37ed1,1522,1521,1790072147675.549,2.355892
d1f37ed1,1523,1522,1790072147676.877,1.32877
d1f37ed1,1524,1523,1790072147679.769,2.891257
d1f37ed1,1525,1524,1790072147688.296,8.527826
d1f37ed1,1526,1525,1790072147697.985,9.688533
d1f37ed1,1527,1526,1790072147750.466,52.480665
d1f37ed1,1528,1527,1790072148042.807,292.341252
d1f37ed1,1529,1528,1790072148080.245,37.438315
d1f37ed1,1530,1529,1790072148116.837,36.591693
d1f37ed1,1531,1530,1790072148146.541,29.704534
d1f37ed1,1532,1531,1790072148218.674,72.132759
d1f37ed1,1533,1532,1790072148232.142,13.467484
d1f37ed1,1534,1533,1790072148286.942,54.800327
d1f37ed1,1535,1534,1790072148315.585,28.643293
d1f37ed1,1536,1535,1790072148352.757,37.172088
d1f37ed1,1537,1536,1790072148387.434,34.676883
d1f37ed1,1538,1537,1790072148433.108,45.673725
d1f37ed1,1539,1538,1790072148470.219,37.110634
d1f37ed1,1540,1539,1790072148519.386,49.167414
d1f37ed1,1541,1540,1790072148550.481,31.095496
d1f37ed1,1542,1541,1790072148597.678,47.196251
d1f37ed1,1543,1542,1790072148636.724,39.046648
d1f37ed1,1544,1543,1790072148677.08,40.355994
d1f37ed1,1545,1544,1790072148715.111,38.030385
d1f37ed1,1546,1545,1790072148745.186,30.074837
d1f37ed1,1547,1546,1790072148788.296,43.110442
d1f37ed1,1548,1547,1790072148845.316,57.020406
d1f37ed1,1549,1548,1790072148873.878,28.56206
d1f37ed1,1550,1549,1790072148923.644,49.765793
d1f37ed1,1551,1550,1790072148950.612,26.968007
d1f37ed1,1552,1551,1790072148988.05,37.437806
d1f37ed1,1553,1552,1790072149036.096,48.046044
d1f37ed1,1554,1553,1790072149074.545,38.448792
d1f37ed1,1555,1554,1790072149114.571,40.026299
d1f37ed1,1556,1555,1790072149147.236,32.664951
d1f37ed1,1557,1556,1790072149202.629,55.392685
d1f37ed1,1558,1557,1790072149231.24,28.611505
d1f37ed1,1559,1558,1790072149270.463,39.222998
d1f37ed1,1560,1559,1790072149309.958,39.494847
d1f37ed1,1561,1560,1790072149359.424,49.465628
d1f37ed1,1562,1561,1790072149401.68,42.255957
d1f37ed1,1563,1562,1790072149424.357,22.677691
d1f37ed1,1564,1563,1790072149475.972,51.6141
d1f37ed1,1565,1564,1790072149508.418,32.446922
d1f37ed1,1566,1565,1790072149550.483,42.064094
d1f37ed1,1567,1566,1790072149591.668,41.185497
d1f37ed1,1568,1567,1790072149641.75,50.082109
d1f37ed1,1569,1568,1790072149687.148,45.397563
d1f37ed1,1570,1569,1790072149691.035,3.887498
d1f37ed1,1571,1570,1790072149693.561,2.525804
d1f37ed1,1572,1571,1790072149694.807,1.24569
d1f37ed1,1573,1572,1790072149697.233,2.426216
d1f37ed1,1574,1573,1790072149700.425,3.191597
d1f37ed1,1575,1574,1790072149751.883,51.458797
d1f37ed1,1576,1575,1790072150025.727,273.843589
d1f37ed1,1577,1576,1790072150065.568,39.840726
d1f37ed1,1578,1577,1790072150114.363,48.795489
d1f37ed1,1579,1578,1790072150151.082,36.718985
d1f37ed1,1580,1579,1790072150186.257,35.17509
d1f37ed1,1581,1580,1790072150229.876,43.61867
d1f37ed1,1582,1581,1790072150275.287,45.410647
d1f37ed1,1583,1582,1790072150307.114,31.827348
d1f37ed1,1584,1583,1790072150350.246,43.131844
d1f37ed1,1585,1584,1790072150388.76,38.514752
d1f37ed1,1586,1585,1790072150427.595,38.834317
d1f37ed1,1587,1586,1790072150471.034,43.438965
d1f37ed1,1588,1587,1790072150528.841,57.806932
d1f37ed1,1589,1588,1790072150543.211,14.370722
d1f37ed1,1590,1589,1790072150592.426,49.214512
d1f37ed1,1591,1590,1790072150630.077,37.651433
d1f37ed1,1592,1591,1790072150670.39,40.312933
d1f37ed1,1593,1592,1790072150712.089,41.698384
d1f37ed1,1594,1593,1790072150744.523,32.434452
d1f37ed1,1595,1594,1790072150795.422,50.898919
d1f37ed1,1596,1595,1790072150825.998,30.576053
d1f37ed1,1597,1596,1790072150877.634,51.636057
d1f37ed1,1598,1597,1790072150916.581,38.947149
d1f37ed1,1599,1598,1790072150943.747,27.165315
d1f37ed1,1600,1599,1790072150996.975,53.228526
d1f37ed1,1601,1600,1790072151030.419,33.443736
d1f37ed1,1602,1601,1790072151085.562,55.143295
d1f37ed1,1603,1602,1790072151116.043,30.481207
d1f37ed1,1604,1603,1790072151155.896,39.852322
d1f37ed1,1605,1604,1790072151192.012,36.116087
d1f37ed1,1606,1605,1790072151236.073,44.061285
d1f37ed1,1607,1606,1790072151264.619,28.545935
d1f37ed1,1608,1607,1790072151305.367,40.748274
d1f37ed1,1609,1608,1790072151346.368,41.000738
d1f37ed1,1610,1609,1790072151392.355,45.986586
d1f37ed1,1611,1610,1790072151442.658,50.303132
d1f37ed1,1612,1611,1790072151470.707,28.049546
d1f37ed1,1613,1612,1790072151502.767,32.059835
d1f37ed1,1614,1613,1790072151545.523,42.755995
d1f37ed1,1615,1614,1790072151589.97,44.446654
d1f37ed1,1616,1615,1790072151638.253,48.282891
d1f37ed1,1617,1616,1790072151672.983,34.730528
d1f37ed1,1618,1617,1790072151680.556,7.573231
d1f37ed1,1619,1618,1790072151681.768,1.211048
d1f37ed1,1620,1619,1790072151683.871,2.103948
d1f37ed1,1621,1620,1790072151695.01,11.138461
d1f37ed1,1622,1621,1790072151704.74,9.730009
d1f37ed1,1623,1622,1790072151763.319,58.578965
d1f37ed1,1624,1623,1790072152030.527,267.207919
d1f37ed1,1625,1624,1790072152085.617,55.090304
d1f37ed1,1626,1625,1790072152117.845,32.22759
d1f37ed1,1627,1626,1790072152143.38,25.534999
d1f37ed1,1628,1627,1790072152190.898,47.518078
d1f37ed1,1629,1628,1790072152236.677,45.779594
d1f37ed1,1630,1629,1790072152269.906,33.228239
d1f37ed1,1631,1630,1790072152311.062,41.155829
d1f37ed1,1632,1631,1790072152368.64,57.578301
d1f37ed1,1633,1632,1790072152402.818,34.178725
d1f37ed1,1634,1633,1790072152433.607,30.788562
d1f37ed1,1635,1634,1790072152464.495,30.888388
d1f37ed1,1636,1635,1790072152505.256,40.760534
d1f37ed1,1637,1636,1790072152552.879,47.623426
d1f37ed1,1638,1637,1790072152588.44,35.561034
d1f37ed1,1639,1638,1790072152636.055,47.614695
d1f37ed1,1640,1639,1790072152676.332,40.276963
d1f37ed1,1641,1640,1790072152711.041,34.708642
d1f37ed1,1642,1641,1790072152755.98,44.939193
d1f37ed1,1643,1642,1790072152783.844,27.864431
d1f37ed1,1644,1643,1790072152826.582,42.73714
d1f37ed1,1645,1644,1790072152867.615,41.033046
d1f37ed1,1646,1645,1790072152910.627,43.01245
d1f37ed1,1647,1646,1790072152951.867,41.240529
d1f37ed1,1648,1647,1790072152997.072,45.203947
d1f37ed1,1649,1648,1790072153039.812,42.74098
d1f37ed1,1650,1649,1790072153065.588,25.775269
d1f37ed1,1651,1650,1790072153114.133,48.545546
d1f37ed1,1652,1651,1790072153147.057,32.924143
d1f37ed1,1653,1652,1790072153188.887,41.829401
d1f37ed1,1654,1653,1790072153232.435,43.54768
d1f37ed1,1655,1654,1790072153277.87,45.435361
d1f37ed1,1656,1655,1790072153317.616,39.746555
d1f37ed1,1657,1656,1790072153347.936,30.319693
d1f37ed1,1658,1657,1790072153415.827,67.89092
d1f37ed1,1659,1658,1790072153426.447,10.61965
d1f37ed1,1660,1659,1790072153469.111,42.664652
d1f37ed1,1661,1660,1790072153512.728,43.617084
d1f37ed1,1662,1661,1790072153555.829,43.100931
d1f37ed1,1663,1662,1790072153598.563,42.733331
d1f37ed1,1664,1663,1790072153632.528,33.965411
d1f37ed1,1665,1664,1790072153674.225,41.697212
d1f37ed1,1666,1665,1790072153675.953,1.727644
d1f37ed1,1667,1666,1790072153677.034,1.081576
d1f37ed1,1668,1667,1790072153678.445,1.41005
d1f37ed1,1669,1668,1790072153684.267,5.822782
d1f37ed1,1670,1669,1790072153695.002,10.735098
d1f37ed1,1671,1670,1790072153752.101,57.098111
d1f37ed1,1672,1671,1790072154026.396,274.295747
d1f37ed1,1673,1672,1790072154080.651,54.254325
d1f37ed1,1674,1673,1790072154107.493,26.842216
d1f37ed1,1675,1674,1790072154148.911,41.41831
d1f37ed1,1676,1675,1790072154199.971,51.059743
d1f37ed1,1677,1676,1790072154238.963,38.992459
d1f37ed1,1678,1677,1790072154265.373,26.40998
d1f37ed1,1679,1678,1790072154306.451,41.078008
d1f37ed1,1680,1679,1790072154349.252,42.80121
d1f37ed1,1681,1680,1790072154402.028,52.774969
d1f37ed1,1682,1681,1790072154440.509,38.481707
d1f37ed1,1683,1682,1790072154475.065,34.556139
d1f37ed1,1684,1683,1790072154503.119,28.053577
d1f37ed1,1685,1684,1790072154578.795,75.675739
d1f37ed1,1686,1685,1790072154595.443,16.648403
d1f37ed1,1687,1686,1790072154627.257,31.813738
d1f37ed1,1688,1687,1790072154683.547,56.289762
d1f37ed1,1689,1688,1790072154711.278,27.731776
d1f37ed1,1690,1689,1790072154743.209,31.931007
d1f37ed1,1691,1690,1790072154801.487,58.277607
d1f37ed1,1692,1691,1790072154837.672,36.18539
d1f37ed1,1693,1692,1790072154873.195,35.522384
d1f37ed1,1694,1693,1790072154927.23,54.034917
d1f37ed1,1695,1694,1790072154949.05,21.820417
d1f37ed1,1696,1695,1790072154989.104,40.054029
d1f37ed1,1697,1696,1790072155039.404,50.299483
d1f37ed1,1698,1697,1790072155077.229,37.825366
d1f37ed1,1699,1698,1790072155134.415,57.186387
d1f37ed1,1700,1699,1790072155155.988,21.572985
d1f37ed1,1701,1700,1790072155185.314,29.325797
d1f37ed1,1702,1701,1790072155224.37,39.055592
d1f37ed1,1703,1702,1790072155281.501,57.13148
d1f37ed1,1704,1703,1790072155308.981,27.480289
d1f37ed1,1705,1704,1790072155347.715,38.733576
d1f37ed1,1706,1705,1790072155391.47,43.755068
d1f37ed1,1707,1706,1790072155439.118,47.648028
d1f37ed1,1708,1707,1790072155480.755,41.636538
d1f37ed1,1709,1708,1790072155503.155,22.399839
d1f37ed1,1710,1709,1790072155545.799,42.643979
d1f37ed1,1711,1710,1790072155590.057,44.258145
d1f37ed1,1712,1711,1790072155630.641,40.584373
d1f37ed1,1713,1712,1790072155682.303,51.662382
d1f37ed1,1714,1713,1790072155685.383,3.079318
d1f37ed1,1715,1714,1790072155687.279,1.895914
d1f37ed1,1716,1715,1790072155688.688,1.409487
d1f37ed1,1717,1716,1790072155689.962,1.274412
d1f37ed1,1718,1717,1790072155691.579,1.61645
d1f37ed1,1719,1718,1790072155746.24,54.661035
d1f37ed1,1720,1719,1790072156043.626,297.386028
d1f37ed1,1721,1720,1790072156072.952,29.326327
d1f37ed1,1722,1721,1790072156105.88,32.927641
d1f37ed1,1723,1722,1790072156163.72,57.839814
d1f37ed1,1724,1723,1790072156191.967,28.246829
d1f37ed1,1725,1724,1790072156230.719,38.752067
d1f37ed1,1726,1725,1790072156275.599,44.880243
d1f37ed1,1727,1726,1790072156318.241,42.642592
d1f37ed1,1728,1727,1790072156349.115,30.873815
d1f37ed1,1729,1728,1790072156398.674,49.558865
d1f37ed1,1730,1729,1790072156431.757,33.083229
d1f37ed1,1731,1730,1790072156479.914,48.156164
d1f37ed1,1732,1731,1790072156502.836,22.922563
d1f37ed1,1733,1732,1790072156557.991,55.15502
d1f37ed1,1734,1733,1790072156586.009,28.017399
d1f37ed1,1735,1734,1790072156628.672,42.66378
d1f37ed1,1736,1735,1790072156688.77,60.097263
d1f37ed1,1737,1736,1790072156710.684,21.914311
d1f37ed1,1738,1737,1790072156763.419,52.735462
d1f37ed1,1739,1738,1790072156801.35,37.930656
d1f37ed1,1740,1739,1790072156846.584,45.234353
d1f37ed1,1741,1740,1790072156868.86,22.275263
d1f37ed1,1742,1741,1790072156910.973,42.113241
d1f37ed1,1743,1742,1790072156950.148,39.175237
d1f37ed1,1744,1743,1790072156991.323,41.175118
d1f37ed1,1745,1744,1790072157042.312,50.988416
d1f37ed1,1746,1745,1790072157075.133,32.820866
d1f37ed1,1747,1746,1790072157105.334,30.201457
d1f37ed1,1748,1747,1790072157152.205,46.870671
d1f37ed1,1749,1748,1790072157193.91,41.704972
d1f37ed1,1750,1749,1790072157238.766,44.855934
d1f37ed1,1751,1750,1790072157271.092,32.326348
d1f37ed1,1752,1751,1790072157313.297,42.204697
d1f37ed1,1753,1752,1790072157369.076,55.779838
d1f37ed1,1754,1753,1790072157387.843,18.766679
d1f37ed1,1755,1754,1790072157438.958,51.114945
d1f37ed1,1756,1755,1790072157473.865,34.906894
d1f37ed1,1757,1756,1790072157521.895,48.030288
d1f37ed1,1758,1757,1790072157544.836,22.941124
d1f37ed1,1759,1758,1790072157600.276,55.439517
d1f37ed1,1760,1759,1790072157634.43,34.154058
d1f37ed1,1761,1760,1790072157677.731,43.30115
d1f37ed1,1762,1761,1790072157679.014,1.283396
d1f37ed1,1763,1762,1790072157680.073,1.058873
d1f37ed1,1764,1763,1790072157681.679,1.605478
d1f37ed1,1765,1764,1790072157682.624,0.944618
d1f37ed1,1766,1765,1790072157685.831,3.207688
d1f37ed1,1767,1766,1790072157756.047,70.21566
d1f37ed1,1768,1767,1790072158038.746,282.698858
d1f37ed1,1769,1768,1790072158079.716,40.970403
d1f37ed1,1770,1769,1790072158111.348,31.6317
d1f37ed1,1771,1770,1790072158152.681,41.333441
d1f37ed1,1772,1771,1790072158185.98,33.298395
d1f37ed1,1773,1772,1790072158226.548,40.568766
d1f37ed1,1774,1773,1790072158270.245,43.696923
d1f37ed1,1775,1774,1790072158310.568,40.322507
d1f37ed1,1776,1775,1790072158351.175,40.607094
d1f37ed1,1777,1776,1790072158390.176,39.001309
d1f37ed1,1778,1777,1790072158444.389,54.21285
d1f37ed1,1779,1778,1790072158479.947,35.558062
d1f37ed1,1780,1779,1790072158516.47,36.523305
d1f37ed1,1781,1780,1790072158554.656,38.185257
d1f37ed1,1782,1781,1790072158586.151,31.495102
d1f37ed1,1783,1782,1790072158633.722,47.571211
d1f37ed1,1784,1783,1790072158670.361,36.639253
d1f37ed1,1785,1784,1790072158710.112,39.750954
d1f37ed1,1786,1785,1790072158763.404,53.29197
d1f37ed1,1787,1786,1790072158794.283,30.878851
d1f37ed1,1788,1787,1790072158823.255,28.971481
d1f37ed1,1789,1788,1790072158872.391,49.13634
d1f37ed1,1790,1789,1790072158912.394,40.002801
d1f37ed1,1791,1790,1790072158969.264,56.870627
d1f37ed1,1792,1791,1790072158997.147,27.882923
d1f37ed1,1793,1792,1790072159035.885,38.738303
d1f37ed1,1794,1793,1790072159067.417,31.530915
d1f37ed1,1795,1794,1790072159128.669,61.252861
d1f37ed1,1796,1795,1790072159152.656,23.986846
d1f37ed1,1797,1796,1790072159205.081,52.424805
d1f37ed1,1798,1797,1790072159238.385,33.304026
d1f37ed1,1799,1798,1790072159272.005,33.620084
d1f37ed1,1800,1799,1790072159310.575,38.570408
d1f37ed1,1801,1800,1790072159349.856,39.281033
d1f37ed1,1802,1801,1790072159392.744,42.887036
d1f37ed1,1803,1802,1790072159428.797,36.053079
d1f37ed1,1804,1803,1790072159476.547,47.750544
d1f37ed1,1805,1804,1790072159505.835,29.287634
d1f37ed1,1806,1805,1790072159559.422,53.587238
d1f37ed1,1807,1806,1790072159593.951,34.529213
d1f37ed1,1808,1807,1790072159628.74,34.788748
d1f37ed1,1809,1808,1790072159675.104,46.363592
d1f37ed1,1810,1809,1790072159678.451,3.347738
d1f37ed1,1811,1810,1790072159752.912,74.460513
d1f37ed1,1812,1811,1790072160039.813,286.901611
d1f37ed1,1813,1812,1790072160076.978,37.164822
d1f37ed1,1814,1813,1790072160114.602,37.623381
d1f37ed1,1815,1814,1790072160162.696,48.09428
d1f37ed1,1816,1815,1790072160202.144,39.448016
d1f37ed1,1817,1816,1790072160238.522,36.377703
d1f37ed1,1818,1817,1790072160277.857,39.335612
d1f37ed1,1819,1818,1790072160308.465,30.607361
d1f37ed1,1820,1819,1790072160351.6,43.135355
d1f37ed1,1821,1820,1790072160404.3,52.699527
d1f37ed1,1822,1821,1790072160436.731,32.431942
d1f37ed1,1823,1822,1790072160485.919,49.187149
d1f37ed1,1824,1823,1790072160518.591,32.672158
d1f37ed1,1825,1824,1790072160548.457,29.866155
d1f37ed1,1826,1825,1790072160590.483,42.02616
d1f37ed1,1827,1826,1790072160625.31,34.826588
d1f37ed1,1828,1827,1790072160672.808,47.498005
d1f37ed1,1829,1828,1790072160707.878,35.06992
d1f37ed1,1830,1829,1790072160751.655,43.776871
d1f37ed1,1831,1830,1790072160810.35,58.695089
d1f37ed1,1832,1831,1790072160836.949,26.599903
d1f37ed1,1833,1832,1790072160884.827,47.877239
d1f37ed1,1834,1833,1790072160912.163,27.336492
d1f37ed1,1835,1834,1790072160959.128,46.964845
d1f37ed1,1836,1835,1790072161010.961,51.833425
d1f37ed1,1837,1836,1790072161036.512,25.550507
d1f37ed1,1838,1837,1790072161069.303,32.791544
d1f37ed1,1839,1838,1790072161119.094,49.790398
d1f37ed1,1840,1839,1790072161154.582,35.488459
d1f37ed1,1841,1840,1790072161194.217,39.634074
d1f37ed1,1842,1841,1790072161241.817,47.600705
d1f37ed1,1843,1842,1790072161276.786,34.968591
d1f37ed1,1844,1843,1790072161316.954,40.168439
d1f37ed1,1845,1844,1790072161349.069,32.115114
d1f37ed1,1846,1845,1790072161393.43,44.360293
d1f37ed1,1847,1846,1790072161431.22,37.790341
d1f37ed1,1848,1847,1790072161481.155,49.935421
d1f37ed1,1849,1848,1790072161513.985,32.829207
d1f37ed1,1850,1849,1790072161555.295,41.310268
d1f37ed1,1851,1850,1790072161608.342,53.046884
d1f37ed1,1852,1851,1790072161630.568,22.225826
d1f37ed1,1853,1852,1790072161669.483,38.915911
d1f37ed1,1854,1853,1790072161671.113,1.629097
d1f37ed1,1855,1854,1790072161678.248,7.135576
d1f37ed1,1856,1855,1790072161698.27,20.0218
d1f37ed1,1857,1856,1790072161701.773,3.503251
d1f37ed1,1858,1857,1790072161706.669,4.895682
d1f37ed1,1859,1858,1790072161752.321,45.652151
d1f37ed1,1860,1859,1790072162027.274,274.953226
d1f37ed1,1861,1860,1790072162073.973,46.698933
d1f37ed1,1862,1861,1790072162110.984,37.01048
d1f37ed1,1863,1862,1790072162166.159,55.175544
d1f37ed1,1864,1863,1790072162195.057,28.897721
d1f37ed1,1865,1864,1790072162238.773,43.716512
d1f37ed1,1866,1865,1790072162267.146,28.373165
d1f37ed1,1867,1866,1790072162321.641,54.494585
d1f37ed1,1868,1867,1790072162361.136,39.494551
d1f37ed1,1869,1868,1790072162397.805,36.669132
d1f37ed1,1870,1869,1790072162447.504,49.699041
d1f37ed1,1871,1870,1790072162484.41,36.906037
d1f37ed1,1872,1871,1790072162513.488,29.078204
d1f37ed1,1873,1872,1790072162547.78,34.291728
d1f37ed1,1874,1873,1790072162596.859,49.079299
d1f37ed1,1875,1874,1790072162635.156,38.296557
d1f37ed1,1876,1875,1790072162681.462,46.305998
d1f37ed1,1877,1876,1790072162724.194,42.73272
d1f37ed1,1878,1877,1790072162766.983,42.78863
d1f37ed1,1879,1878,1790072162797.754,30.770938
d1f37ed1,1880,1879,1790072162828.047,30.29323
d1f37ed1,1881,1880,1790072162868.895,40.847578
d1f37ed1,1882,1881,1790072162912.271,43.376458
d1f37ed1,1883,1882,1790072162960.925,48.653782
d1f37ed1,1884,1883,1790072162993.965,33.0397
d1f37ed1,1885,1884,1790072163055.944,61.979214
d1f37ed1,1886,1885,1790072163066.346,10.402471
d1f37ed1,1887,1886,1790072163121.932,55.585324
d1f37ed1,1888,1887,1790072163153.499,31.567332
d1f37ed1,1889,1888,1790072163189.888,36.388529
d1f37ed1,1890,1889,1790072163242.388,52.500331
d1f37ed1,1891,1890,1790072163273.042,30.654241
d1f37ed1,1892,1891,1790072163329.897,56.855128
d1f37ed1,1893,1892,1790072163352.693,22.795258
d1f37ed1,1894,1893,1790072163396.183,43.490814
d1f37ed1,1895,1894,1790072163430.972,34.789067
d1f37ed1,1896,1895,1790072163475.905,44.9327
d1f37ed1,1897,1896,1790072163514.347,38.441495
d1f37ed1,1898,1897,1790072163560.817,46.470186
d1f37ed1,1899,1898,1790072163591.867,31.050169
d1f37ed1,1900,1899,1790072163637.057,45.190142
d1f37ed1,1901,1900,1790072163671.822,34.76502
d1f37ed1,1902,1901,1790072163684.83,13.007868
d1f37ed1,1903,1902,1790072163685.767,0.936623
d1f37ed1,1904,1903,1790072163686.906,1.139209
d1f37ed1,1905,1904,1790072163692.343,5.436634
d1f37ed1,1906,1905,1790072163694.713,2.370861
d1f37ed1,1907,1906,1790072163755.731,61.017606
d1f37ed1,1908,1907,1790072164023.919,268.187761
d1f37ed1,1909,1908,1790072164077.296,53.377622
d1f37ed1,1910,1909,1790072164111.087,33.790813
d1f37ed1,1911,1910,1790072164167.072,55.984563
d1f37ed1,1912,1911,1790072164199.224,32.152439
d1f37ed1,1913,1912,1790072164238.895,39.671103
d1f37ed1,1914,1913,1790072164353.441,114.546217
d1f37ed1,1915,1914,1790072164370.793,17.351481
d1f37ed1,1916,1915,1790072164382.31,11.517315
d1f37ed1,1917,1916,1790072164398.633,16.322713
d1f37ed1,1918,1917,1790072164429.695,31.061797
d1f37ed1,1919,1918,1790072164490.208,60.513174
d1f37ed1,1920,1919,1790072164502.056,11.847955
d1f37ed1,1921,1920,1790072164557.43,55.374338
d1f37ed1,1922,1921,1790072164597.519,40.088353
d1f37ed1,1923,1922,1790072164628.747,31.228611
d1f37ed1,1924,1923,1790072164674.174,45.426536
d1f37ed1,1925,1924,1790072164710.988,36.814248
d1f37ed1,1926,1925,1790072164768.43,57.441896
d1f37ed1,1927,1926,1790072164794.793,26.363617
d1f37ed1,1928,1927,1790072164830.407,35.613275
d1f37ed1,1929,1928,1790072164867.578,37.170829
d1f37ed1,1930,1929,1790072164915.027,47.449818
d1f37ed1,1931,1930,1790072164967.592,52.564905
d1f37ed1,1932,1931,1790072164986.278,18.685672
d1f37ed1,1933,1932,1790072165026.776,40.497675
d1f37ed1,1934,1933,1790072165072.808,46.032272
d1f37ed1,1935,1934,1790072165113.561,40.752741
d1f37ed1,1936,1935,1790072165144.928,31.367142
d1f37ed1,1937,1936,1790072165199.77,54.842347
d1f37ed1,1938,1937,1790072165248.482,48.711851
d1f37ed1,1939,1938,1790072165268.667,20.185485
d1f37ed1,1940,1939,1790072165321.105,52.437765
d1f37ed1,1941,1940,1790072165361.533,40.427423
d1f37ed1,1942,1941,1790072165392.451,30.917927
d1f37ed1,1943,1942,1790072165436.442,43.991284
d1f37ed1,1944,1943,1790072165477.458,41.016058
d1f37ed1,1945,1944,1790072165517.828,40.370362
d1f37ed1,1946,1945,1790072165545.554,27.725554
d1f37ed1,1947,1946,1790072165589.726,44.171578
d1f37ed1,1948,1947,1790072165649.797,60.071448
d1f37ed1,1949,1948,1790072165681.239,31.442445
d1f37ed1,1950,1949,1790072165684.361,3.121232
d1f37ed1,1951,1950,1790072165687.135,2.774253
d1f37ed1,1952,1951,1790072165690.06,2.925017
d1f37ed1,1953,1952,1790072165692.871,2.811457
d1f37ed1,1954,1953,1790072165698.094,5.223137
d1f37ed1,1955,1954,1790072165754.888,56.793812
d1f37ed1,1956,1955,1790072166038.166,283.278046
d1f37ed1,1957,1956,1790072166071.926,33.759396
d1f37ed1,1958,1957,1790072166112.937,41.010955
d1f37ed1,1959,1958,1790072166164.326,51.388964
d1f37ed1,1960,1959,1790072166188.721,24.39563
d1f37ed1,1961,1960,1790072166243.056,54.335026
d1f37ed1,1962,1961,1790072166281.6,38.544099
d1f37ed1,1963,1962,1790072166316.604,35.004137
d1f37ed1,1964,1963,1790072166347.458,30.853299
d1f37ed1,1965,1964,1790072166411.424,63.966364
d1f37ed1,1966,1965,1790072166428.235,16.81033
d1f37ed1,1967,1966,1790072166472.969,44.73426
d1f37ed1,1968,1967,1790072166517.597,44.627861
d1f37ed1,1969,1968,1790072166552.62,35.022881
d1f37ed1,1970,1969,1790072166586.152,33.532769
d1f37ed1,1971,1970,1790072166653.494,67.342163
d1f37ed1,1972,1971,1790072166680.331,26.836231
d1f37ed1,1973,1972,1790072166711.824,31.493695
d1f37ed1,1974,1973,1790072166762.149,50.324524
d1f37ed1,1975,1974,1790072166786.333,24.184282
d1f37ed1,1976,1975,1790072166827.222,40.888842
d1f37ed1,1977,1976,1790072166871.603,44.380816
d1f37ed1,1978,1977,1790072166909.34,37.737148
d1f37ed1,1979,1978,1790072166967.083,57.743534
d1f37ed1,1980,1979,1790072167000.073,32.989955
d1f37ed1,1981,1980,1790072167041.245,41.171353
d1f37ed1,1982,1981,1790072167074.555,33.310441
d1f37ed1,1983,1982,1790072167120.379,45.823518
d1f37ed1,1984,1983,1790072167145.788,25.409626
d1f37ed1,1985,1984,1790072167185.575,39.786506
d1f37ed1,1986,1985,1790072167230.527,44.951765
d1f37ed1,1987,1986,1790072167284.531,54.004916
d1f37ed1,1988,1987,1790072167310.497,25.965314
d1f37ed1,1989,1988,1790072167352.38,41.883513
d1f37ed1,1990,1989,1790072167394.175,41.794627
d1f37ed1,1991,1990,1790072167426.149,31.97425
d1f37ed1,1992,1991,1790072167469.819,43.669781
d1f37ed1,1993,1992,1790072167520.788,50.969298
d1f37ed1,1994,1993,1790072167552.696,31.907964
d1f37ed1,1995,1994,1790072167594.982,42.286019
d1f37ed1,1996,1995,1790072167626.194,31.211833
d1f37ed1,1997,1996,1790072167684.883,58.688589
d1f37ed1,1998,1997,1790072167687.428,2.544916
d1f37ed1,1999,1998,1790072167688.595,1.16707
d1f37ed1,2000,1999,1790072167690.473,1.877961
d1f37ed1,2001,2000,1790072167691.457,0.98418
d1f37ed1,2002,2001,1790072167692.816,1.359565
d1f37ed1,2003,2002,1790072167745.025,52.20879
d1f37ed1,2004,2003,1790072168032.606,287.580805
d1f37ed1,2005,2004,1790072168069.736,37.130302
d1f37ed1,2006,2005,1790072168128.256,58.519501
d1f37ed1,2007,2006,1790072168157.271,29.014674
d1f37ed1,2008,2007,1790072168192.147,34.876318
d1f37ed1,2009,2008,1790072168238.617,46.470525
d1f37ed1,2010,2009,1790072168282.682,44.065073
d1f37ed1,2011,2010,1790072168314.499,31.816868
d1f37ed1,2012,2011,1790072168357.025,42.525648
d1f37ed1,2013,2012,1790072168385.377,28.352019
d1f37ed1,2014,2013,1790072168428.196,42.819196
d1f37ed1,2015,2014,1790072168477.73,49.533449
d1f37ed1,2016,2015,1790072168513.297,35.567044
d1f37ed1,2017,2016,1790072168569.176,55.879227
d1f37ed1,2018,2017,1790072168598.061,28.885361
d1f37ed1,2019,2018,1790072168643.784,45.722625
d1f37ed1,2020,2019,1790072168677.361,33.577412
d1f37ed1,2021,2020,1790072168707.042,29.681004
d1f37ed1,2022,2021,1790072168770.747,63.704158
d1f37ed1,2023,2022,1790072168803.793,33.046563
d1f37ed1,2024,2023,1790072168823.615,19.822198
d1f37ed1,2025,2024,1790072168888.767,65.152121
d1f37ed1,2026,2025,1790072168908.68,19.91232
d1f37ed1,2027,2026,1790072168950.067,41.386922
d1f37ed1,2028,2027,1790072169001.523,51.456042
d1f37ed1,2029,2028,1790072169026.383,24.860664
d1f37ed1,2030,2029,1790072169068.364,41.980253
d1f37ed1,2031,2030,1790072169110.127,41.763146
d1f37ed1,2032,2031,1790072169148.055,37.928082
d1f37ed1,2033,2032,1790072169186.842,38.786908
d1f37ed1,2034,2033,1790072169232.482,45.640616
d1f37ed1,2035,2034,1790072169278.636,46.154096
d1f37ed1,2036,2035,1790072169317.104,38.467204
d1f37ed1,2037,2036,1790072169346.077,28.973048
d1f37ed1,2038,2037,1790072169410.42,64.343408
d1f37ed1,2039,2038,1790072169438.027,27.606971
d1f37ed1,2040,2039,1790072169473.638,35.611458
d1f37ed1,2041,2040,1790072169516.729,43.090592
d1f37ed1,2042,2041,1790072169548.804,32.075025
d1f37ed1,2043,2042,1790072169588.821,40.016724
d1f37ed1,2044,2043,1790072169648.249,59.428366
d1f37ed1,2045,2044,1790072169676.48,28.231334
d1f37ed1,2046,2045,1790072169678.933,2.452647
d1f37ed1,2047,2046,1790072169691.02,12.086807
d1f37ed1,2048,2047,1790072169700.502,9.482545
d1f37ed1,2049,2048,1790072169704.075,3.572393
d1f37ed1,2050,2049,1790072169709.129,5.053899
d1f37ed1,2051,2050,1790072169752.974,43.844927
d1f37ed1,2052,2051,1790072170024.731,271.757802
d1f37ed1,2053,2052,1790072170068.507,43.775402
d1f37ed1,2054,2053,1790072170119.307,50.799856
d1f37ed1,2055,2054,1790072170151.124,31.817041
d1f37ed1,2056,2055,1790072170217.143,66.018924
d1f37ed1,2057,2056,1790072170228.082,10.939046
d1f37ed1,2058,2057,1790072170271.234,43.152428
d1f37ed1,2059,2058,1790072170313.279,42.044596
d1f37ed1,2060,2059,1790072170357.012,43.733182
d1f37ed1,2061,2060,1790072170391.178,34.166539
d1f37ed1,2062,2061,1790072170427.076,35.897419
d1f37ed1,2063,2062,1790072170479.182,52.105729
d1f37ed1,2064,2063,1790072170514.808,35.626164
d1f37ed1,2065,2064,1790072170546.382,31.573613
d1f37ed1,2066,2065,1790072170591.426,45.044399
d1f37ed1,2067,2066,1790072170632.106,40.679931
d1f37ed1,2068,2067,1790072170676.744,44.6377
d1f37ed1,2069,2068,1790072170714.824,38.080218
d1f37ed1,2070,2069,1790072170745.573,30.749037
d1f37ed1,2071,2070,1790072170808.384,62.811142
d1f37ed1,2072,2071,1790072170838.869,30.484731
d1f37ed1,2073,2072,1790072170875.809,36.939827
d1f37ed1,2074,2073,1790072170931.112,55.303129
d1f37ed1,2075,2074,1790072170947.504,16.392173
d1f37ed1,2076,2075,1790072171014.309,66.805248
d1f37ed1,2077,2076,1790072171027.128,12.819071
d1f37ed1,2078,2077,1790072171068.33,41.201479
d1f37ed1,2079,2078,1790072171111.062,42.732985
d1f37ed1,2080,2079,1790072171154.188,43.125251
d1f37ed1,2081,2080,1790072171196.994,42.806162
d1f37ed1,2082,2081,1790072171243.145,46.151109
d1f37ed1,2083,2082,1790072171267.974,24.82924
d1f37ed1,2084,2083,1790072171306.231,38.256357
d1f37ed1,2085,2084,1790072171369.905,63.674005
d1f37ed1,2086,2085,1790072171394.884,24.979257
d1f37ed1,2087,2086,1790072171424.049,29.16522
d1f37ed1,2088,2087,1790072171469.478,45.428731
d1f37ed1,2089,2088,1790072171507.819,38.341213
d1f37ed1,2090,2089,1790072171566.643,58.823528
d1f37ed1,2091,2090,1790072171596.791,30.148087
d1f37ed1,2092,2091,1790072171633.576,36.785755
d1f37ed1,2093,2092,1790072171688.431,54.854483
d1f37ed1,2094,2093,1790072171691.537,3.106017
d1f37ed1,2095,2094,1790072171694.784,3.246901
d1f37ed1,2096,2095,1790072171701.947,7.16345
d1f37ed1,2097,2096,1790072171704.988,3.040716
d1f37ed1,2098,2097,1790072171708.725,3.73651
d1f37ed1,2099,2098,1790072171752.164,43.43981
d1f37ed1,2100,2099,1790072172034.971,282.806658
d1f37ed1,2101,2100,1790072172079.143,44.172093
d1f37ed1,2102,2101,1790072172112.623,33.479642
d1f37ed1,2103,2102,1790072172147.996,35.373217
d1f37ed1,2104,2103,1790072172195.916,47.920214
d1f37ed1,2105,2104,1790072172225.808,29.892035
d1f37ed1,2106,2105,1790072172282.37,56.561821
d1f37ed1,2107,2106,1790072172322.387,40.016961
d1f37ed1,2108,2107,1790072172374.001,51.613629
d1f37ed1,2109,2108,1790072172388.107,14.106048
d1f37ed1,2110,2109,1790072172426.255,38.148488
d1f37ed1,2111,2110,1790072172476.893,50.637431
d1f37ed1,2112,2111,1790072172514.133,37.240681
d1f37ed1,2113,2112,1790072172558.265,44.132099
d1f37ed1,2114,2113,1790072172585.858,27.592192
d1f37ed1,2115,2114,1790072172630.372,44.514132
d1f37ed1,2116,2115,1790072172681.6,51.227996
d1f37ed1,2117,2116,1790072172717.923,36.323273
d1f37ed1,2118,2117,1790072172759.3,41.37681
d1f37ed1,2119,2118,1790072172793.672,34.372643
d1f37ed1,2120,2119,1790072172825.331,31.658171
d1f37ed1,2121,2120,1790072172872.428,47.097528
d1f37ed1,2122,2121,1790072172911.23,38.802323
d1f37ed1,2123,2122,1790072172954.232,43.001624
d1f37ed1,2124,2123,1790072172994.463,40.23071
d1f37ed1,2125,2124,1790072173026.347,31.884049
d1f37ed1,2126,2125,1790072173068.998,42.650591
d1f37ed1,2127,2126,1790072173127.572,58.574617
d1f37ed1,2128,2127,1790072173151.224,23.651628
d1f37ed1,2129,2128,1790072173200.832,49.608141
d1f37ed1,2130,2129,1790072173231.23,30.39802
d1f37ed1,2131,2130,1790072173267.695,36.464709
d1f37ed1,2132,2131,1790072173314.603,46.908514
d1f37ed1,2133,2132,1790072173366.788,52.184914
d1f37ed1,2134,2133,1790072173401.201,34.412794
d1f37ed1,2135,2134,1790072173430.349,29.148597
d1f37ed1,2136,2135,1790072173480.701,50.351996
d1f37ed1,2137,2136,1790072173519.241,38.539499
d1f37ed1,2138,2137,1790072173553.503,34.262435
d1f37ed1,2139,2138,1790072173609.694,56.190574
d1f37ed1,2140,2139,1790072173627.358,17.663913
d1f37ed1,2141,2140,1790072173682.759,55.400878
d1f37ed1,2142,2141,1790072173686.453,3.694369
d1f37ed1,2143,2142,1790072173689.328,2.874869
d1f37ed1,2144,2143,1790072173695.342,6.014468
d1f37ed1,2145,2144,1790072173699.946,4.603721
d1f37ed1,2146,2145,1790072173715.897,15.95089
d1f37ed1,2147,2146,1790072173748.764,32.866648
d1f37ed1,2148,2147,1790072174025.756,276.992671
d1f37ed1,2149,2148,1790072174065.896,40.139353
d1f37ed1,2150,2149,1790072174107.259,41.36331
d1f37ed1,2151,2150,1790072174149.877,42.617819
d1f37ed1,2152,2151,1790072174196.134,46.257546
d1f37ed1,2153,2152,1790072174245.7,49.566027
d1f37ed1,2154,2153,1790072174271.587,25.887109
d1f37ed1,2155,2154,1790072174312.852,41.264408
d1f37ed1,2156,2155,1790072174361.653,48.801429
d1f37ed1,2157,2156,1790072174389.987,28.333714
d1f37ed1,2158,2157,1790072174430.202,40.214536
d1f37ed1,2159,2158,1790072174474.257,44.055314
d1f37ed1,2160,2159,1790072174515.66,41.403448
d1f37ed1,2161,2160,1790072174545.936,30.27578
d1f37ed1,2162,2161,1790072174588.976,43.040074
d1f37ed1,2163,2162,1790072174626.927,37.950916
d1f37ed1,2164,2163,1790072174679.299,52.37174
d1f37ed1,2165,2164,1790072174710.457,31.158315
d1f37ed1,2166,2165,1790072174755.92,45.462891
d1f37ed1,2167,2166,1790072174795.174,39.254352
d1f37ed1,2168,2167,1790072174821.573,26.399062
d1f37ed1,2169,2168,1790072174871.791,50.217252
d1f37ed1,2170,2169,1790072174911.8,40.009395
d1f37ed1,2171,2170,1790072174957.91,46.1095
d1f37ed1,2172,2171,1790072174993.146,35.236377
d1f37ed1,2173,2172,1790072175025.806,32.660412
d1f37ed1,2174,2173,1790072175082.154,56.347658
d1f37ed1,2175,2174,1790072175123.802,41.648501
d1f37ed1,2176,2175,1790072175149.861,26.058443
d1f37ed1,2177,2176,1790072175203.93,54.068746
d1f37ed1,2178,2177,1790072175225.25,21.320483
d1f37ed1,2179,2178,1790072175268.573,43.32328
d1f37ed1,2180,2179,1790072175318.2,49.627008
d1f37ed1,2181,2180,1790072175363.558,45.357023
d1f37ed1,2182,2181,1790072175396.918,33.360641
d1f37ed1,2183,2182,1790072175440.257,43.338685
d1f37ed1,2184,2183,1790072175478.165,37.907861
d1f37ed1,2185,2184,1790072175511.8,33.635084
d1f37ed1,2186,2185,1790072175550.295,38.495525
d1f37ed1,2187,2186,1790072175585.589,35.293194
d1f37ed1,2188,2187,1790072175645.308,59.719632
d1f37ed1,2189,2188,1790072175673.239,27.931212
d1f37ed1,2190,2189,1790072175696.451,23.211814
d1f37ed1,2191,2190,1790072175700.521,4.069678
d1f37ed1,2192,2191,1790072175703.45,2.928973
d1f37ed1,2193,2192,1790072175710.615,7.164936
d1f37ed1,2194,2193,1790072175713.682,3.067667
d1f37ed1,2195,2194,1790072175750.285,36.602786
d1f37ed1,2196,2195,1790072176032.603,282.317254
d1f37ed1,2197,2196,1790072176080.636,48.033663
d1f37ed1,2198,2197,1790072176111.55,30.913994
d1f37ed1,2199,2198,1790072176151.579,40.029199
d1f37ed1,2200,2199,1790072176191.059,39.479248
d1f37ed1,2201,2200,1790072176224.214,33.155164
d1f37ed1,2202,2201,1790072176267.345,43.1309
d1f37ed1,2203,2202,1790072176309.445,42.099941
d1f37ed1,2204,2203,1790072176344.25,34.80594
d1f37ed1,2205,2204,1790072176400.092,55.841525
d1f37ed1,2206,2205,1790072176429.514,29.421919
d1f37ed1,2207,2206,1790072176481.738,52.224169
d1f37ed1,2208,2207,1790072176509.728,27.989894
d1f37ed1,2209,2208,1790072176559.597,49.868693
d1f37ed1,2210,2209,1790072176591.747,32.150031
d1f37ed1,2211,2210,1790072176626.667,34.92068
d1f37ed1,2212,2211,1790072176675.527,48.859068
d1f37ed1,2213,2212,1790072176716.905,41.378557
d1f37ed1,2214,2213,1790072176758.237,41.33214
d1f37ed1,2215,2214,1790072176799.188,40.951315
d1f37ed1,2216,2215,1790072176826.214,27.025381
d1f37ed1,2217,2216,1790072176881.91,55.695921
d1f37ed1,2218,2217,1790072176915.746,33.835728
d1f37ed1,2219,2218,1790072176960.507,44.761571
d1f37ed1,2220,2219,1790072176990.065,29.557973
d1f37ed1,2221,2220,1790072177035.088,45.023405
d1f37ed1,2222,2221,1790072177069.011,33.92302
d1f37ed1,2223,2222,1790072177116.38,47.368666
d1f37ed1,2224,2223,1790072177155.152,38.772066
d1f37ed1,2225,2224,1790072177199.3,44.147419
d1f37ed1,2226,2225,1790072177234.831,35.531518
d1f37ed1,2227,2226,1790072177274.141,39.309542
d1f37ed1,2228,2227,1790072177324.318,50.17725
d1f37ed1,2229,2228,1790072177348.468,24.150411
d1f37ed1,2230,2229,1790072177403.608,55.139228
d1f37ed1,2231,2230,1790072177443.18,39.572158
d1f37ed1,2232,2231,1790072177473.356,30.176754
d1f37ed1,2233,2232,1790072177523.827,50.470084
d1f37ed1,2234,2233,1790072177558.225,34.398093
d1f37ed1,2235,2234,1790072177586.647,28.422602
d1f37ed1,2236,2235,1790072177631.622,44.974641
d1f37ed1,2237,2236,1790072177678.991,47.369422
d1f37ed1,2238,2237,1790072177683.299,4.30741
d1f37ed1,2239,2238,1790072177686.255,2.955941
d1f37ed1,2240,2239,1790072177687.395,1.140494
d1f37ed1,2241,2240,1790072177688.722,1.327284
d1f37ed1,2242,2241,1790072177691.47,2.747641
d1f37ed1,2243,2242,1790072177760.729,69.258361
d1f37ed1,2244,2243,1790072178036.786,276.057889
d1f37ed1,2245,2244,1790072178066.97,30.183736
d1f37ed1,2246,2245,1790072178111.472,44.50192
d1f37ed1,2247,2246,1790072178158.052,46.579795
d1f37ed1,2248,2247,1790072178197.039,38.987596
d1f37ed1,2249,2248,1790072178247.428,50.388222
d1f37ed1,2250,2249,1790072178283.249,35.821011
d1f37ed1,2251,2250,1790072178310.434,27.185646
d1f37ed1,2252,2251,1790072178351.596,41.161409
d1f37ed1,2253,2252,1790072178395.941,44.345503
d1f37ed1,2254,2253,1790072178435.675,39.733672
d1f37ed1,2255,2254,1790072178486.323,50.647733
d1f37ed1,2256,2255,1790072178517.699,31.376064
d1f37ed1,2257,2256,1790072178552.468,34.768956
d1f37ed1,2258,2257,1790072178595.434,42.966462
d1f37ed1,2259,2258,1790072178632.848,37.414004
d1f37ed1,2260,2259,1790072178679.884,47.035768
d1f37ed1,2261,2260,1790072178724.33,44.446083
d1f37ed1,2262,2261,1790072178764.055,39.725021
d1f37ed1,2263,2262,1790072178796.201,32.146379
d1f37ed1,2264,2263,1790072178837.241,41.04014
d1f37ed1,2265,2264,1790072178867.412,30.170606
d1f37ed1,2266,2265,1790072178909.964,42.551939
d1f37ed1,2267,2266,1790072178954.542,44.578356
d1f37ed1,2268,2267,1790072179006.079,51.536817
d1f37ed1,2269,2268,1790072179029.311,23.231663
d1f37ed1,2270,2269,1790072179084.465,55.154434
d1f37ed1,2271,2270,1790072179119.298,34.832668
d1f37ed1,2272,2271,1790072179155.871,36.572884
d1f37ed1,2273,2272,1790072179187.194,31.323035
d1f37ed1,2274,2273,1790072179239.776,52.582032
d1f37ed1,2275,2274,1790072179276.239,36.462683
d1f37ed1,2276,2275,1790072179315.901,39.662007
d1f37ed1,2277,2276,1790072179364.44,48.539737
d1f37ed1,2278,2277,1790072179393.201,28.76021
d1f37ed1,2279,2278,1790072179432.535,39.334671
d1f37ed1,2280,2279,1790072179470.15,37.6146
d1f37ed1,2281,2280,1790072179503.201,33.051021
d1f37ed1,2282,2281,1790072179557.71,54.509303
d1f37ed1,2283,2282,1790072179591.097,33.38691
d1f37ed1,2284,2283,1790072179639.882,48.784844
d1f37ed1,2285,2284,1790072179678.674,38.791807
d1f37ed1,2286,2285,1790072179681.969,3.294767
d1f37ed1,2287,2286,1790072179690.062,8.092962
d1f37ed1,2288,2287,1790072179696.904,6.842792
d1f37ed1,2289,2288,1790072179700.832,3.927195
d1f37ed1,2290,2289,1790072179705.231,4.400086
d1f37ed1,2291,2290,1790072179754.534,49.303018
d1f37ed1,2292,2291,1790072180026.019,271.483944
d1f37ed1,2293,2292,1790072180084.196,58.177685
d1f37ed1,2294,2293,1790072180111.806,27.610018
d1f37ed1,2295,2294,1790072180147.651,35.845276
d1f37ed1,2296,2295,1790072180199.117,51.465169
06e9e5b9,264,263,1790072095197.608,38.866543
06e9e5b9,265,264,1790072095259.322,61.714493
06e9e5b9,266,265,1790072095287.951,28.628849
06e9e5b9,267,266,1790072095317.752,29.800522
06e9e5b9,268,267,1790072095356.353,38.600899
06e9e5b9,269,268,1790072095392.72,36.367552
06e9e5b9,270,269,1790072095430.643,37.922686
06e9e5b9,271,270,1790072095478.947,48.303927
06e9e5b9,272,271,1790072095515.539,36.59204
06e9e5b9,273,272,1790072095550.91,35.370911
06e9e5b9,274,273,1790072095588.477,37.56695
06e9e5b9,275,274,1790072095635.793,47.316689
06e9e5b9,276,275,1790072095689.634,53.840106
06e9e5b9,277,276,1790072095691.408,1.774973
06e9e5b9,278,277,1790072095693.874,2.465494
06e9e5b9,279,278,1790072095694.975,1.100962
06e9e5b9,280,279,1790072095698.46,3.48555
06e9e5b9,281,280,1790072095699.882,1.421532
06e9e5b9,282,281,1790072095767.219,67.33736
06e9e5b9,283,282,1790072096039.059,271.839378
06e9e5b9,284,283,1790072096071.439,32.38026
06e9e5b9,285,284,1790072096120.378,48.93881
06e9e5b9,286,285,1790072096164.523,44.145042
06e9e5b9,287,286,1790072096189.42,24.897488
06e9e5b9,288,287,1790072096227.694,38.273757
06e9e5b9,289,288,1790072096272.028,44.333514
06e9e5b9,290,289,1790072096312.523,40.495628
06e9e5b9,291,290,1790072096348.784,36.261251
06e9e5b9,292,291,1790072096399.186,50.401247
06e9e5b9,293,292,1790072096430.438,31.251995
06e9e5b9,294,293,1790072096485.459,55.021116
06e9e5b9,295,294,1790072096522.473,37.013917
06e9e5b9,296,295,1790072096572.853,50.379993
06e9e5b9,297,296,1790072096590.986,18.132724
06e9e5b9,298,297,1790072096651.546,60.560202
06e9e5b9,299,298,1790072096668.16,16.614183
06e9e5b9,300,299,1790072096716.541,48.380573
06e9e5b9,301,300,1790072096755.853,39.312223
06e9e5b9,302,301,1790072096793.791,37.938682
06e9e5b9,303,302,1790072096841.225,47.433378
06e9e5b9,304,303,1790072096877.97,36.744915
06e9e5b9,305,304,1790072096916.05,38.079871
06e9e5b9,306,305,1790072096945.727,29.677387
06e9e5b9,307,306,1790072096989.677,43.95006
06e9e5b9,308,307,1790072097030.176,40.498601
06e9e5b9,309,308,1790072097070.106,39.930668
06e9e5b9,310,309,1790072097110.681,40.5748
06e9e5b9,311,310,1790072097173.188,62.507546
06e9e5b9,312,311,1790072097209.005,35.816149
06e9e5b9,313,312,1790072097232.46,23.454942
06e9e5b9,314,313,1790072097292.257,59.797243
06e9e5b9,315,314,1790072097308.905,16.647749
06e9e5b9,316,315,1790072097349.801,40.896662
06e9e5b9,317,316,1790072097398.436,48.634946
06e9e5b9,318,317,1790072097441.028,42.591826
06e9e5b9,319,318,1790072097482.755,41.726807
06e9e5b9,320,319,1790072097510.991,28.235747
06e9e5b9,321,320,1790072097557.844,46.852791
06e9e5b9,322,321,1790072097591.865,34.021258
06e9e5b9,323,322,1790072097641.51,49.645468
06e9e5b9,324,323,1790072097681.75,40.240378
06e9e5b9,325,324,1790072097683.301,1.550215
06e9e5b9,326,325,1790072097684.15,0.849089
06e9e5b9,327,326,1790072097686.816,2.666188
06e9e5b9,328,327,1790072097690.616,3.799694
06e9e5b9,329,328,1790072097693.632,3.01617
06e9e5b9,330,329,1790072097752.851,59.218742
06e9e5b9,331,330,1790072098035.424,282.573425
06e9e5b9,332,331,1790072098067.188,31.76385
06e9e5b9,333,332,1790072098109.718,42.52973
06e9e5b9,334,333,1790072098157.965,48.247018
06e9e5b9,335,334,1790072098195.813,37.848103
06e9e5b9,336,335,1790072098247.529,51.716225
06e9e5b9,337,336,1790072098268.437,20.907422
06e9e5b9,338,337,1790072098311.947,43.510254
06e9e5b9,339,338,1790072098351.625,39.67792
06e9e5b9,340,339,1790072098388.91,37.285823
06e9e5b9,341,340,1790072098450.265,61.354452
06e9e5b9,342,341,1790072098474.616,24.351588
06e9e5b9,343,342,1790072098518.445,43.828003
06e9e5b9,344,343,1790072098560.262,41.817307
06e9e5b9,345,344,1790072098590.198,29.936511
06e9e5b9,346,345,1790072098631.723,41.524441
06e9e5b9,347,346,1790072098683.315,51.592249
06e9e5b9,348,347,1790072098705.961,22.646477
06e9e5b9,349,348,1790072098748.951,42.989912
06e9e5b9,350,349,1790072098794.368,45.416997
06e9e5b9,351,350,1790072098832.164,37.79521
06e9e5b9,352,351,1790072098874.39,42.226756
06e9e5b9,353,352,1790072098918.056,43.666086
06e9e5b9,354,353,1790072098953.979,35.922678
06e9e5b9,355,354,1790072098991.638,37.658627
06e9e5b9,356,355,1790072099035.328,43.690254
06e9e5b9,357,356,1790072099081.081,45.753095
06e9e5b9,358,357,1790072099107.244,26.162855
06e9e5b9,359,358,1790072099155.526,48.281642
06e9e5b9,360,359,1790072099199.729,44.203887
06e9e5b9,361,360,1790072099227.281,27.552104
06e9e5b9,362,361,1790072099279.082,51.800065
06e9e5b9,363,362,1790072099308.676,29.593993
06e9e5b9,364,363,1790072099372.881,64.205299
06e9e5b9,365,364,1790072099384.239,11.357866
06e9e5b9,366,365,1790072099424.986,40.746891
06e9e5b9,367,366,1790072099474.658,49.672349
06e9e5b9,368,367,1790072099512.37,37.711862
06e9e5b9,369,368,1790072099571.554,59.18465
06e9e5b9,370,369,1790072099594.698,23.143284
06e9e5b9,371,370,1790072099625.222,30.524462
06e9e5b9,372,371,1790072099685.994,60.772096
06e9e5b9,373,372,1790072099687.676,1.6817
06e9e5b9,374,373,1790072099688.642,0.966213
06e9e5b9,375,374,1790072099689.957,1.314303
06e9e5b9,376,375,1790072099697.981,8.024107
06e9e5b9,377,376,1790072099705.73,7.749064
06e9e5b9,378,377,1790072099751.856,46.126061
06e9e5b9,379,378,1790072100035.094,283.238556
06e9e5b9,380,379,1790072100079.463,44.368592
06e9e5b9,381,380,1790072100107.322,27.858658
06e9e5b9,382,381,1790072100150.856,43.534049
06e9e5b9,383,382,1790072100193.371,42.515307
06e9e5b9,384,383,1790072100234.17,40.799228
06e9e5b9,385,384,1790072100274.719,40.549136
06e9e5b9,386,385,1790072100315.602,40.882475
06e9e5b9,387,386,1790072100344.19,28.588564
06e9e5b9,388,387,1790072100398.441,54.250352
06e9e5b9,389,388,1790072100426.974,28.533586
06e9e5b9,390,389,1790072100481.386,54.411615
06e9e5b9,391,390,1790072100509.109,27.723079
06e9e5b9,392,391,1790072100555.233,46.124239
06e9e5b9,393,392,1790072100582.741,27.507425
06e9e5b9,394,393,1790072100640.716,57.974855
06e9e5b9,395,394,1790072100671.712,30.996044
06e9e5b9,396,395,1790072100712.624,40.912021
06e9e5b9,397,396,1790072100743.948,31.324851
06e9e5b9,398,397,1790072100799.587,55.639015
06e9e5b9,399,398,1790072100847.259,47.671274
06e9e5b9,400,399,1790072100866.154,18.895116
06e9e5b9,401,400,1790072100919.081,52.927011
06e9e5b9,402,401,1790072100950.941,31.859893
06e9e5b9,403,402,1790072100995.086,44.144927
06e9e5b9,404,403,1790072101040.384,45.298073
06e9e5b9,405,404,1790072101071.771,31.387311
06e9e5b9,406,405,1790072101110.798,39.027115
06e9e5b9,407,406,1790072101153.339,42.541189
06e9e5b9,408,407,1790072101208.123,54.78374
06e9e5b9,409,408,1790072101224.153,16.030239
06e9e5b9,410,409,1790072101275.998,51.844402
06e9e5b9,411,410,1790072101310.86,34.862179
06e9e5b9,412,411,1790072101353.045,42.184831
06e9e5b9,413,412,1790072101396.697,43.651901
06e9e5b9,414,413,1790072101434.031,37.334175
06e9e5b9,415,414,1790072101472.577,38.546635
06e9e5b9,416,415,1790072101505.37,32.792626
06e9e5b9,417,416,1790072101564.179,58.80875
06e9e5b9,418,417,1790072101591.873,27.694103
06e9e5b9,419,418,1790072101634.552,42.679553
06e9e5b9,420,419,1790072101689.121,54.568708
06e9e5b9,421,420,1790072101693.964,4.842642
06e9e5b9,422,421,1790072101698.567,4.602923
06e9e5b9,423,422,1790072101703.472,4.90525
06e9e5b9,424,423,1790072101717.072,13.599749
06e9e5b9,425,424,1790072101743.109,26.036794
06e9e5b9,426,425,1790072102028.532,285.423507
06e9e5b9,427,426,1790072102068.663,40.131365
06e9e5b9,428,427,1790072102113.177,44.513784
06e9e5b9,429,428,1790072102151.349,38.171968
06e9e5b9,430,429,1790072102192.441,41.092238
06e9e5b9,431,430,1790072102243.225,50.783942
06e9e5b9,432,431,1790072102288.965,45.739886
06e9e5b9,433,432,1790072102316.017,27.052085
06e9e5b9,434,433,1790072102350.176,34.158486
06e9e5b9,435,434,1790072102389.375,39.198882
06e9e5b9,436,435,1790072102435.309,45.934679
06e9e5b9,437,436,1790072102470.725,35.415301
06e9e5b9,438,437,1790072102514.673,43.947868
06e9e5b9,439,438,1790072102562.802,48.129052
06e9e5b9,440,439,1790072102594.499,31.696844
06e9e5b9,441,440,1790072102628.976,34.477383
06e9e5b9,442,441,1790072102669.485,40.509472
06e9e5b9,443,442,1790072102711.904,42.418291
06e9e5b9,444,443,1790072102758.64,46.736133
06e9e5b9,445,444,1790072102793.208,34.568238
06e9e5b9,446,445,1790072102837.89,44.682436
06e9e5b9,447,446,1790072102876.206,38.315087
06e9e5b9,448,447,1790072102934.839,58.633352
06e9e5b9,449,448,1790072102957.773,22.934066
06e9e5b9,450,449,1790072102986.136,28.362817
06e9e5b9,451,450,1790072103027.445,41.30913
06e9e5b9,452,451,1790072103077.835,50.390226
06e9e5b9,453,452,1790072103122.702,44.867425
06e9e5b9,454,453,1790072103153.708,31.005647
06e9e5b9,455,454,1790072103199.207,45.498828
06e9e5b9,456,455,1790072103227.5,28.292719
06e9e5b9,457,456,1790072103279.45,51.950183
06e9e5b9,458,457,1790072103309.269,29.819372
06e9e5b9,459,458,1790072103355.898,46.629261
06e9e5b9,460,459,1790072103396.653,40.754462
06e9e5b9,461,460,1790072103434.713,38.060318
06e9e5b9,462,461,1790072103470.539,35.8258
06e9e5b9,463,462,1790072103515.009,44.469437
06e9e5b9,464,463,1790072103555.57,40.561391
06e9e5b9,465,464,1790072103586.476,30.906144
06e9e5b9,466,465,1790072103627.38,40.903917
06e9e5b9,467,466,1790072103684.74,57.359675
06e9e5b9,468,467,1790072103687.593,2.853243
06e9e5b9,469,468,1790072103689.791,2.197918
06e9e5b9,470,469,1790072103694.242,4.45083
06e9e5b9,471,470,1790072103696.676,2.433974
06e9e5b9,472,471,1790072103700.423,3.747134
06e9e5b9,473,472,1790072103750.727,50.303695
06e9e5b9,474,473,1790072104032.456,281.72946
06e9e5b9,475,474,1790072104079.794,47.338535
06e9e5b9,476,475,1790072104116.096,36.301646
06e9e5b9,477,476,1790072104153.587,37.490592
06e9e5b9,478,477,1790072104211.219,57.631766
06e9e5b9,479,478,1790072104248.28,37.06101
06e9e5b9,480,479,1790072104279.332,31.052777
06e9e5b9,481,480,1790072104317.273,37.94124
06e9e5b9,482,481,1790072104353.779,36.505327
06e9e5b9,483,482,1790072104394.485,40.705789
06e9e5b9,484,483,1790072104424.778,30.293691
06e9e5b9,485,484,1790072104475.347,50.568788
06e9e5b9,486,485,1790072104519.342,43.994559
06e9e5b9,487,486,1790072104550.849,31.50759
06e9e5b9,488,487,1790072104589.929,39.079579
06e9e5b9,489,488,1790072104634.883,44.953732
06e9e5b9,490,489,1790072104677.446,42.563607
06e9e5b9,491,490,1790072104718.071,40.624414
06e9e5b9,492,491,1790072104745.122,27.051435
06e9e5b9,493,492,1790072104787.123,42.000939
06e9e5b9,494,493,1790072104832.625,45.501872
06e9e5b9,495,494,1790072104875.338,42.713522
06e9e5b9,496,495,1790072104910.628,35.28944
06e9e5b9,497,496,1790072104945.627,34.999204
06e9e5b9,498,497,1790072104998.633,53.006425
06e9e5b9,499,498,1790072105034.928,36.294859
06e9e5b9,500,499,1790072105078.258,43.329745
06e9e5b9,501,500,1790072105121.06,42.802168
06e9e5b9,502,501,1790072105146.286,25.225825
06e9e5b9,503,502,1790072105200.146,53.860376
06e9e5b9,504,503,1790072105237.751,37.604816
06e9e5b9,505,504,1790072105290.604,52.852466
06e9e5b9,506,505,1790072105306.608,16.004501
06e9e5b9,507,506,1790072105376.178,69.569666
06e9e5b9,508,507,1790072105389.745,13.56715
06e9e5b9,509,508,1790072105431.696,41.951306
06e9e5b9,510,509,1790072105466.063,34.366546
06e9e5b9,511,510,1790072105508.977,42.914037
06e9e5b9,512,511,1790072105558.48,49.503669
06e9e5b9,513,512,1790072105593.336,34.856012
06e9e5b9,514,513,1790072105640.862,47.525824
06e9e5b9,515,514,1790072105679.086,38.224005
06e9e5b9,516,515,1790072105681.72,2.633822
06e9e5b9,517,516,1790072105682.519,0.798546
06e9e5b9,518,517,1790072105687.213,4.694392
06e9e5b9,519,518,1790072105689.578,2.364956
06e9e5b9,520,519,1790072105693.56,3.981745
06e9e5b9,521,520,1790072105757.565,64.005568
06e9e5b9,522,521,1790072106027.993,270.427398
06e9e5b9,523,522,1790072106072.439,44.446096
06e9e5b9,524,523,1790072106104.776,32.337358
06e9e5b9,525,524,1790072106148.715,43.93831
06e9e5b9,526,525,1790072106193.593,44.878274
06e9e5b9,527,526,1790072106231.064,37.470846
06e9e5b9,528,527,1790072106283.246,52.182259
06e9e5b9,529,528,1790072106315.511,32.265467
06e9e5b9,530,529,1790072106351.587,36.075305
06e9e5b9,531,530,1790072106393.088,41.501707
06e9e5b9,532,531,1790072106432.244,39.155255
06e9e5b9,533,532,1790072106500.53,68.286349
06e9e5b9,534,533,1790072106517.628,17.09781
06e9e5b9,535,534,1790072106547.622,29.994259
06e9e5b9,536,535,1790072106586.627,39.005413
06e9e5b9,537,536,1790072106630.024,43.396963
06e9e5b9,538,537,1790072106679.765,49.741002
06e9e5b9,539,538,1790072106705.826,26.060722
06e9e5b9,540,539,1790072106748.021,42.194443
06e9e5b9,541,540,1790072106793.744,45.723671
06e9e5b9,542,541,1790072106830.587,36.842634
06e9e5b9,543,542,1790072106889.195,58.607848
06e9e5b9,544,543,1790072106921.534,32.339425
06e9e5b9,545,544,1790072106953.455,31.92049
06e9e5b9,546,545,1790072106998.758,45.303085
06e9e5b9,547,546,1790072107044.347,45.589509
06e9e5b9,548,547,1790072107079.359,35.012074
06e9e5b9,549,548,1790072107121.266,41.906235
06e9e5b9,550,549,1790072107149.21,27.944592
06e9e5b9,551,550,1790072107192.158,42.948
06e9e5b9,552,551,1790072107240.847,48.688399
06e9e5b9,553,552,1790072107283.664,42.817394
06e9e5b9,554,553,1790072107312.64,28.975703
06e9e5b9,555,554,1790072107348.523,35.883053
06e9e5b9,556,555,1790072107390.77,42.246921
06e9e5b9,557,556,1790072107442.895,52.125658
06e9e5b9,558,557,1790072107465.489,22.593197
06e9e5b9,559,558,1790072107528.986,63.497653
06e9e5b9,560,559,1790072107545.463,16.476637
06e9e5b9,561,560,1790072107592.274,46.811246
06e9e5b9,562,561,1790072107631.684,39.409912
06e9e5b9,563,562,1790072107689.256,57.571773
06e9e5b9,564,563,1790072107691.853,2.597106
06e9e5b9,565,564,1790072107693.666,1.812856
06e9e5b9,566,565,1790072107697.5,3.834528
06e9e5b9,567,566,1790072107699.734,2.233741
06e9e5b9,568,567,1790072107704.469,4.734752
06e9e5b9,569,568,1790072107772.235,67.766394
06e9e5b9,570,569,1790072108026.736,254.501174
06e9e5b9,571,570,1790072108071.363,44.626827
06e9e5b9,572,571,1790072108121.829,50.465567
06e9e5b9,573,572,1790072108174.973,53.144251
06e9e5b9,574,573,1790072108195.06,20.086682
06e9e5b9,575,574,1790072108249.641,54.581719
06e9e5b9,576,575,1790072108279.147,29.505649
06e9e5b9,577,576,1790072108306.28,27.133216
06e9e5b9,578,577,1790072108346.448,40.168052
06e9e5b9,579,578,1790072108386.623,40.175139
06e9e5b9,580,579,1790072108439.332,52.708611
06e9e5b9,581,580,1790072108472.945,33.612715
06e9e5b9,582,581,1790072108528.212,55.267234
06e9e5b9,583,582,1790072108547.533,19.321592
06e9e5b9,584,583,1790072108593.117,45.583432
06e9e5b9,585,584,1790072108643.904,50.787205
06e9e5b9,586,585,1790072108674.871,30.966784
06e9e5b9,587,586,1790072108720.124,45.253182
06e9e5b9,588,587,1790072108745.422,25.298023
06e9e5b9,589,588,1790072108786.832,41.410077
06e9e5b9,590,589,1790072108828.905,42.072888
06e9e5b9,591,590,1790072108875.29,46.38522
06e9e5b9,592,591,1790072108916.282,40.99149
06e9e5b9,593,592,1790072108954.668,38.386254
06e9e5b9,594,593,1790072108988.75,34.081891
06e9e5b9,595,594,1790072109041.754,53.003594
06e9e5b9,596,595,1790072109070.22,28.466181
06e9e5b9,597,596,1790072109115.37,45.149876
06e9e5b9,598,597,1790072109175.208,59.838964
06e9e5b9,599,598,1790072109187.407,12.198097
06e9e5b9,600,599,1790072109249.395,61.988022
06e9e5b9,601,600,1790072109272.424,23.029624
06e9e5b9,602,601,1790072109324.371,51.946235
06e9e5b9,603,602,1790072109369.67,45.299662
06e9e5b9,604,603,1790072109413.52,43.84954
06e9e5b9,605,604,1790072109427.426,13.905817
06e9e5b9,606,605,1790072109491.018,63.591922
06e9e5b9,607,606,1790072109538.281,47.262941
06e9e5b9,608,607,1790072109550.894,12.61347
06e9e5b9,609,608,1790072109604.788,53.894414
06e9e5b9,610,609,1790072109638.333,33.545103
06e9e5b9,611,610,1790072109683.933,45.599056
06e9e5b9,612,611,1790072109686.568,2.63522
06e9e5b9,613,612,1790072109688.242,1.674776
06e9e5b9,614,613,1790072109689.567,1.32433
06e9e5b9,615,614,1790072109691.745,2.178185
06e9e5b9,616,615,1790072109693.269,1.523412
06e9e5b9,617,616,1790072109769.473,76.204135
06e9e5b9,618,617,1790072110042.497,273.024412
06e9e5b9,619,618,1790072110073.625,31.127585
06e9e5b9,620,619,1790072110119.967,46.342301
06e9e5b9,621,620,1790072110164.694,44.726676
06e9e5b9,622,621,1790072110196.176,31.482217
06e9e5b9,623,622,1790072110234.946,38.770017
06e9e5b9,624,623,1790072110274.496,39.549839
06e9e5b9,625,624,1790072110305.139,30.643021
06e9e5b9,626,625,1790072110347.005,41.866394
06e9e5b9,627,626,1790072110390.533,43.528523
06e9e5b9,628,627,1790072110430.731,40.197112
06e9e5b9,629,628,1790072110471.15,40.41982
06e9e5b9,630,629,1790072110516.75,45.599454
06e9e5b9,631,630,1790072110570.641,53.891004
06e9e5b9,632,631,1790072110596.647,26.005724
06e9e5b9,633,632,1790072110644.231,47.584585
06e9e5b9,634,633,1790072110676.35,32.118249
06e9e5b9,635,634,1790072110715.716,39.366774
06e9e5b9,636,635,1790072110752.358,36.641804
06e9e5b9,637,636,1790072110793.941,41.582487
06e9e5b9,638,637,1790072110833.86,39.919465
06e9e5b9,639,638,1790072110870.99,37.130011
06e9e5b9,640,639,1790072110917.593,46.60285
06e9e5b9,641,640,1790072110961.383,43.790195
06e9e5b9,642,641,1790072110996.664,35.281109
06e9e5b9,643,642,1790072111036.237,39.572887
06e9e5b9,644,643,1790072111075.667,39.430336
06e9e5b9,645,644,1790072111115.758,40.09096
06e9e5b9,646,645,1790072111145.94,30.181958
06e9e5b9,647,646,1790072111192.501,46.560536
06e9e5b9,648,647,1790072111246.624,54.123046
06e9e5b9,649,648,1790072111288.75,42.125876
06e9e5b9,650,649,1790072111326.977,38.226988
06e9e5b9,651,650,1790072111345.066,18.088846
06e9e5b9,652,651,1790072111390.203,45.136944
06e9e5b9,653,652,1790072111428.143,37.940543
06e9e5b9,654,653,1790072111469.381,41.237885
06e9e5b9,655,654,1790072111536.391,67.009976
06e9e5b9,656,655,1790072111559.469,23.077495
06e9e5b9,657,656,1790072111606.083,46.614714
06e9e5b9,658,657,1790072111630.644,24.5611
06e9e5b9,659,658,1790072111685.083,54.438122
06e9e5b9,660,659,1790072111686.381,1.298166
06e9e5b9,661,660,1790072111687.352,0.971736
06e9e5b9,662,661,1790072111688.557,1.204277
06e9e5b9,663,662,1790072111691.077,2.520252
06e9e5b9,664,663,1790072111693.339,2.262198
06e9e5b9,665,664,1790072111763.104,69.765533
06e9e5b9,666,665,1790072112033.748,270.64324
06e9e5b9,667,666,1790072112072.29,38.542065
06e9e5b9,668,667,1790072112120.642,48.352485
06e9e5b9,669,668,1790072112162.936,42.293261
06e9e5b9,670,669,1790072112196.191,33.255735
06e9e5b9,671,670,1790072112226.434,30.242389
06e9e5b9,672,671,1790072112275.148,48.714221
06e9e5b9,673,672,1790072112306.119,30.970829
06e9e5b9,674,673,1790072112370.205,64.08646
06e9e5b9,675,674,1790072112390.254,20.049193
06e9e5b9,676,675,1790072112427.854,37.599263
06e9e5b9,677,676,1790072112471.564,43.71069
06e9e5b9,678,677,1790072112509.171,37.60684
06e9e5b9,679,678,1790072112557.259,48.087253
06e9e5b9,680,679,1790072112588.777,31.51852
06e9e5b9,681,680,1790072112654.751,65.974177
06e9e5b9,682,681,1790072112681.331,26.58001
06e9e5b9,683,682,1790072112713.472,32.14102
06e9e5b9,684,683,1790072112748.336,34.863815
06e9e5b9,685,684,1790072112796.726,48.390294
06e9e5b9,686,685,1790072112832.229,35.502898
06e9e5b9,687,686,1790072112874.014,41.785112
06e9e5b9,688,687,1790072112912.006,37.991846
06e9e5b9,689,688,1790072112969.411,57.40491
06e9e5b9,690,689,1790072112990.304,20.892929
06e9e5b9,691,690,1790072113036.715,46.410985
06e9e5b9,692,691,1790072113074.793,38.078454
06e9e5b9,693,692,1790072113116.867,42.07375
06e9e5b9,694,693,1790072113164.019,47.15138
06e9e5b9,695,694,1790072113187.63,23.610975
06e9e5b9,696,695,1790072113228.963,41.333213
06e9e5b9,697,696,1790072113272.04,43.077453
06e9e5b9,698,697,1790072113326.172,54.131992
06e9e5b9,699,698,1790072113350.828,24.655464
06e9e5b9,700,699,1790072113390.274,39.44603
06e9e5b9,701,700,1790072113433.978,43.704666
06e9e5b9,702,701,1790072113467.762,33.783832
06e9e5b9,703,702,1790072113517.442,49.68022
06e9e5b9,704,703,1790072113561.139,43.696243
06e9e5b9,705,704,1790072113599.241,38.102087
06e9e5b9,706,705,1790072113639.618,40.376949
06e9e5b9,707,706,1790072113669.871,30.25291
06e9e5b9,708,707,1790072113673.753,3.882596
06e9e5b9,709,708,1790072113674.939,1.185795
06e9e5b9,710,709,1790072113679.836,4.897377
06e9e5b9,711,710,1790072113686.142,6.305099
06e9e5b9,712,711,1790072113763.686,77.544473
06e9e5b9,713,712,1790072114043.43,279.743875
06e9e5b9,714,713,1790072114065.5,22.070678
06e9e5b9,715,714,1790072114110.608,45.107735
06e9e5b9,716,715,1790072114154.894,44.285263
06e9e5b9,717,716,1790072114220.956,66.062426
06e9e5b9,718,717,1790072114229.106,8.149736
06e9e5b9,719,718,1790072114280.474,51.368235
06e9e5b9,720,719,1790072114315.649,35.175166
06e9e5b9,721,720,1790072114349.394,33.745004
06e9e5b9,722,721,1790072114404.849,55.455236
06e9e5b9,723,722,1790072114425.533,20.683794
06e9e5b9,724,723,1790072114483.256,57.722758
06e9e5b9,725,724,1790072114511.26,28.003889
06e9e5b9,726,725,1790072114554.359,43.099534
06e9e5b9,727,726,1790072114597.53,43.170829
06e9e5b9,728,727,1790072114635.687,38.15702
06e9e5b9,729,728,1790072114676.455,40.767693
06e9e5b9,730,729,1790072114726.753,50.298237
06e9e5b9,731,730,1790072114759.961,33.20835
06e9e5b9,732,731,1790072114804.52,44.558473
06e9e5b9,733,732,1790072114826.289,21.768738
06e9e5b9,734,733,1790072114885.708,59.418784
06e9e5b9,735,734,1790072114910.48,24.772388
06e9e5b9,736,735,1790072114954.724,44.243809
06e9e5b9,737,736,1790072115004.557,49.833518
06e9e5b9,738,737,1790072115038.243,33.685873
06e9e5b9,739,738,1790072115073.438,35.194842
06e9e5b9,740,739,1790072115114.693,41.255003
06e9e5b9,741,740,1790072115147.411,32.717724
06e9e5b9,742,741,1790072115190.366,42.955517
06e9e5b9,743,742,1790072115251.986,61.620206
06e9e5b9,744,743,1790072115271.36,19.373366
06e9e5b9,745,744,1790072115318.867,47.507458
06e9e5b9,746,745,1790072115354.892,36.025128
06e9e5b9,747,746,1790072115387.023,32.131201
06e9e5b9,748,747,1790072115435.362,48.338122
06e9e5b9,749,748,1790072115483.238,47.876673
06e9e5b9,750,749,1790072115512.045,28.80649
06e9e5b9,751,750,1790072115564.621,52.576576
06e9e5b9,752,751,1790072115591.082,26.460321
06e9e5b9,753,752,1790072115637.194,46.11197
06e9e5b9,754,753,1790072115677.466,40.272474
06e9e5b9,755,754,1790072115683.578,6.111567
06e9e5b9,756,755,1790072115687.54,3.962542
06e9e5b9,757,756,1790072115691.266,3.725829
06e9e5b9,758,757,1790072115695.427,4.160674
06e9e5b9,759,758,1790072115697.734,2.30775
06e9e5b9,760,759,1790072115764.578,66.843241
06e9e5b9,761,760,1790072116041.347,276.769556
06e9e5b9,762,761,1790072116070.12,28.772579
06e9e5b9,763,762,1790072116112.125,42.004641
06e9e5b9,764,763,1790072116153.489,41.36398
06e9e5b9,765,764,1790072116203.52,50.031776
06e9e5b9,766,765,1790072116226.198,22.677297
06e9e5b9,767,766,1790072116272.512,46.314297
06e9e5b9,768,767,1790072116325.666,53.154493
06e9e5b9,769,768,1790072116355.003,29.336384
06e9e5b9,770,769,1790072116386.459,31.456119
06e9e5b9,771,770,1790072116444.814,58.355007
06e9e5b9,772,771,1790072116471.083,26.268821
06e9e5b9,773,772,1790072116507.813,36.730074
06e9e5b9,774,773,1790072116562.117,54.304565
06e9e5b9,775,774,1790072116589.417,27.300197
06e9e5b9,776,775,1790072116642.262,52.844647
06e9e5b9,777,776,1790072116677.063,34.801238
06e9e5b9,778,777,1790072116712.801,35.73757
06e9e5b9,779,778,1790072116756.968,44.166781
06e9e5b9,780,779,1790072116803.694,46.726296
06e9e5b9,781,780,1790072116833.888,30.193864
06e9e5b9,782,781,1790072116873.673,39.785465
06e9e5b9,783,782,1790072116912.493,38.820061
06e9e5b9,784,783,1790072116957.615,45.12197
06e9e5b9,785,784,1790072117005.515,47.89964
06e9e5b9,786,785,1790072117041.676,36.161071
06e9e5b9,787,786,1790072117077.108,35.432256
06e9e5b9,788,787,1790072117122.154,45.045439
06e9e5b9,789,788,1790072117153.209,31.055291
06e9e5b9,790,789,1790072117189.549,36.339762
06e9e5b9,791,790,1790072117228.16,38.61092
06e9e5b9,792,791,1790072117280.286,52.126406
06e9e5b9,793,792,1790072117317.265,36.978572
06e9e5b9,794,793,1790072117355.055,37.790654
06e9e5b9,795,794,1790072117405.595,50.539749
06e9e5b9,796,795,1790072117446.591,40.995333
06e9e5b9,797,796,1790072117466.462,19.871796
06e9e5b9,798,797,1790072117517.289,50.826353
06e9e5b9,799,798,1790072117553.448,36.159668
06e9e5b9,800,799,1790072117590.985,37.536393
06e9e5b9,801,800,1790072117632.466,41.481307
06e9e5b9,802,801,1790072117695.88,63.413564
06e9e5b9,803,802,1790072117699.477,3.597279
06e9e5b9,804,803,1790072117702.05,2.572732
06e9e5b9,805,804,1790072117706.537,4.487609
06e9e5b9,806,805,1790072117707.413,0.876013
06e9e5b9,807,806,1790072117708.761,1.348375
06e9e5b9,808,807,1790072117762.446,53.684656
06e9e5b9,809,808,1790072118042.662,280.21563
06e9e5b9,810,809,1790072118073.276,30.61402
06e9e5b9,811,810,1790072118114.876,41.60015
06e9e5b9,812,811,1790072118154.395,39.518621
06e9e5b9,813,812,1790072118193.012,38.617434
06e9e5b9,814,813,1790072118236.241,43.229094
06e9e5b9,815,814,1790072118274.381,38.139728
06e9e5b9,816,815,1790072118311.331,36.94979
06e9e5b9,817,816,1790072118352.834,41.503021
06e9e5b9,818,817,1790072118386.376,33.542419
06e9e5b9,819,818,1790072118432.45,46.074066
06e9e5b9,820,819,1790072118479.24,46.790135
06e9e5b9,821,820,1790072118515.034,35.794027
06e9e5b9,822,821,1790072118564.913,49.879004
06e9e5b9,823,822,1790072118592.379,27.465291
06e9e5b9,824,823,1790072118628.154,35.775307
06e9e5b9,825,824,1790072118669.549,41.395453
06e9e5b9,826,825,1790072118715.001,45.451696
06e9e5b9,827,826,1790072118752.657,37.656408
06e9e5b9,828,827,1790072118800.603,47.945703
06e9e5b9,829,828,1790072118827.898,27.295119
06e9e5b9,830,829,1790072118886.318,58.42008
06e9e5b9,831,830,1790072118916.059,29.74016
06e9e5b9,832,831,1790072118951.312,35.25306
06e9e5b9,833,832,1790072118991.099,39.787489
06e9e5b9,834,833,1790072119030.996,39.897124
06e9e5b9,835,834,1790072119075.407,44.410571
06e9e5b9,836,835,1790072119115.613,40.206118
06e9e5b9,837,836,1790072119162.762,47.149282
06e9e5b9,838,837,1790072119189.526,26.764194
06e9e5b9,839,838,1790072119238.996,49.469227
06e9e5b9,840,839,1790072119273.075,34.079667
06e9e5b9,841,840,1790072119315.719,42.643238
06e9e5b9,842,841,1790072119357.77,42.051198
06e9e5b9,843,842,1790072119396.641,38.871336
06e9e5b9,844,843,1790072119437.006,40.365114
06e9e5b9,845,844,1790072119481.758,44.751832
06e9e5b9,846,845,1790072119524.556,42.798474
06e9e5b9,847,846,1790072119544.25,19.693551
06e9e5b9,848,847,1790072119600.729,56.479204
06e9e5b9,849,848,1790072119627.428,26.698485
06e9e5b9,850,849,1790072119671.583,44.155448
06e9e5b9,851,850,1790072119673.222,1.638486
06e9e5b9,852,851,1790072119676.081,2.858857
06e9e5b9,853,852,1790072119763.892,87.811064
06e9e5b9,854,853,1790072120043.565,279.673626
06e9e5b9,855,854,1790072120095.765,52.199347
06e9e5b9,856,855,1790072120121.836,26.071216
06e9e5b9,857,856,1790072120171.87,50.034585
06e9e5b9,858,857,1790072120191.193,19.323069
06e9e5b9,859,858,1790072120238.654,47.46041
06e9e5b9,860,859,1790072120282.951,44.297018
06e9e5b9,861,860,1790072120315.878,32.92727
06e9e5b9,862,861,1790072120352.448,36.570107
06e9e5b9,863,862,1790072120403.298,50.849646
06e9e5b9,864,863,1790072120429.057,25.7587
06e9e5b9,865,864,1790072120469.681,40.624687
06e9e5b9,866,865,1790072120512.596,42.915251
06e9e5b9,867,866,1790072120561.828,49.231174
06e9e5b9,868,867,1790072120585.283,23.455259
06e9e5b9,869,868,1790072120628.767,43.483937
06e9e5b9,870,869,1790072120675.776,47.008748
06e9e5b9,871,870,1790072120721.193,45.417314
06e9e5b9,872,871,1790072120759.785,38.591802
06e9e5b9,873,872,1790072120793.03,33.245105
06e9e5b9,874,873,1790072120831.77,38.739705
06e9e5b9,875,874,1790072120891.812,60.042768
06e9e5b9,876,875,1790072120917.431,25.618454
06e9e5b9,877,876,1790072120956.395,38.964047
06e9e5b9,878,877,1790072120995.1,38.704863
06e9e5b9,879,878,1790072121051.173,56.073318
06e9e5b9,880,879,1790072121078.486,27.313282
06e9e5b9,881,880,1790072121109.974,31.487398
06e9e5b9,882,881,1790072121168.647,58.673457
06e9e5b9,883,882,1790072121191.974,23.32688
06e9e5b9,884,883,1790072121255.731,63.756873
06e9e5b9,885,884,1790072121277.63,21.899298
06e9e5b9,886,885,1790072121306.343,28.712303
06e9e5b9,887,886,1790072121364.126,57.783746
06e9e5b9,888,887,1790072121389.936,25.810059
06e9e5b9,889,888,1790072121437.162,47.226161
06e9e5b9,890,889,1790072121474.227,37.064333
06e9e5b9,891,890,1790072121530.479,56.252273
06e9e5b9,892,891,1790072121545.726,15.247181
06e9e5b9,893,892,1790072121608.188,62.46182
06e9e5b9,894,893,1790072121628.025,19.83695
06e9e5b9,895,894,1790072121675.495,47.470323
06e9e5b9,896,895,1790072121682.591,7.09595
06e9e5b9,897,896,1790072121684.065,1.474193
06e9e5b9,898,897,1790072121685.497,1.431949
06e9e5b9,899,898,1790072121689.599,4.101668
06e9e5b9,900,899,1790072121692.61,3.010398
06e9e5b9,901,900,1790072121752.059,59.449286
06e9e5b9,902,901,1790072122036.31,284.251269
06e9e5b9,903,902,1790072122080.332,44.021547
06e9e5b9,904,903,1790072122117.38,37.048192
06e9e5b9,905,904,1790072122148.829,31.449267
06e9e5b9,906,905,1790072122191.305,42.475705
06e9e5b9,907,906,1790072122232.939,41.63412
06e9e5b9,908,907,1790072122288.395,55.45587
06e9e5b9,909,908,1790072122312.066,23.671061
06e9e5b9,910,909,1790072122357.116,45.050214
06e9e5b9,911,910,1790072122417.489,60.373072
06e9e5b9,912,911,1790072122428.845,11.356329
06e9e5b9,913,912,1790072122490.518,61.672714
06e9e5b9,914,913,1790072122511.749,21.231213
06e9e5b9,915,914,1790072122558.616,46.866914
06e9e5b9,916,915,1790072122590.2,31.583579
06e9e5b9,917,916,1790072122633.751,43.551632
06e9e5b9,918,917,1790072122685.414,51.662423
06e9e5b9,919,918,1790072122715.934,30.519929
06e9e5b9,920,919,1790072122757.801,41.866866
06e9e5b9,921,920,1790072122786.857,29.055956
06e9e5b9,922,921,1790072122831.968,45.111113
06e9e5b9,923,922,1790072122874.926,42.958479
06e9e5b9,924,923,1790072122915.446,40.519351
06e9e5b9,925,924,1790072122951.189,35.74386
06e9e5b9,926,925,1790072122994.902,43.712273
06e9e5b9,927,926,1790072123037.834,42.932681
06e9e5b9,928,927,1790072123067.738,29.90397
06e9e5b9,929,928,1790072123108.274,40.536051
06e9e5b9,930,929,1790072123165.19,56.915247
06e9e5b9,931,930,1790072123204.89,39.699964
06e9e5b9,932,931,1790072123239.552,34.662591
06e9e5b9,933,932,1790072123286.999,47.446733
06e9e5b9,934,933,1790072123311.728,24.728975
06e9e5b9,935,934,1790072123354.136,42.408139
06e9e5b9,936,935,1790072123395.471,41.335307
06e9e5b9,937,936,1790072123438.606,43.134471
06e9e5b9,938,937,1790072123467.54,28.934272
06e9e5b9,939,938,1790072123527.589,60.049159
06e9e5b9,940,939,1790072123552.39,24.80048
06e9e5b9,941,940,1790072123599.522,47.132192
06e9e5b9,942,941,1790072123633.82,34.298458
06e9e5b9,943,942,1790072123668.373,34.552251
06e9e5b9,944,943,1790072123670.321,1.948266
06e9e5b9,945,944,1790072123671.49,1.169467
06e9e5b9,946,945,1790072123679.892,8.40125
06e9e5b9,947,946,1790072123687.677,7.785816
06e9e5b9,948,947,1790072123690.944,3.266807
06e9e5b9,949,948,1790072123761.944,70.999657
06e9e5b9,950,949,1790072124035.253,273.309046
06e9e5b9,951,950,1790072124077.667,42.41417
06e9e5b9,952,951,1790072124107.257,29.590016
06e9e5b9,953,952,1790072124150.05,42.79246
06e9e5b9,954,953,1790072124194.524,44.474055
06e9e5b9,955,954,1790072124227.23,32.706194
06e9e5b9,956,955,1790072124281.88,54.649758
06e9e5b9,957,956,1790072124319.117,37.237878
06e9e5b9,958,957,1790072124357.785,38.667574
06e9e5b9,959,958,1790072124401.57,43.78468
06e9e5b9,960,959,1790072124431.399,29.829596
06e9e5b9,961,960,1790072124475.378,43.978729
06e9e5b9,962,961,1790072124505.773,30.394529
06e9e5b9,963,962,1790072124566.103,60.330426
06e9e5b9,964,963,1790072124594.759,28.655933
06e9e5b9,965,964,1790072124632.286,37.526597
06e9e5b9,966,965,1790072124672.464,40.178633
06e9e5b9,967,966,1790072124719.106,46.641675
06e9e5b9,968,967,1790072124760.795,41.68928
06e9e5b9,969,968,1790072124795.596,34.800549
06e9e5b9,970,969,1790072124837.769,42.173504
06e9e5b9,971,970,1790072124874.7,36.930653
06e9e5b9,972,971,1790072124911.378,36.677878
06e9e5b9,973,972,1790072124953.258,41.880496
06e9e5b9,974,973,1790072125002.68,49.421854
06e9e5b9,975,974,1790072125031.152,28.472274
06e9e5b9,976,975,1790072125071.411,40.258978
06e9e5b9,977,976,1790072125113.015,41.603954
06e9e5b9,978,977,1790072125147.317,34.301437
06e9e5b9,979,978,1790072125206.34,59.023105
06e9e5b9,980,979,1790072125234.672,28.331961
06e9e5b9,981,980,1790072125279.58,44.908625
06e9e5b9,982,981,1790072125304.533,24.952638
06e9e5b9,983,982,1790072125357.009,52.476119
06e9e5b9,984,983,1790072125402.499,45.489545
06e9e5b9,985,984,1790072125439.821,37.322639
06e9e5b9,986,985,1790072125476.668,36.847121
06e9e5b9,987,986,1790072125515.566,38.897762
06e9e5b9,988,987,1790072125553.499,37.932924
06e9e5b9,989,988,1790072125595.582,42.082462
06e9e5b9,990,989,1790072125639.828,44.245875
06e9e5b9,991,990,1790072125686.364,46.53674
06e9e5b9,992,991,1790072125689.164,2.799226
06e9e5b9,993,992,1790072125690.575,1.41191
06e9e5b9,994,993,1790072125692.427,1.851793
06e9e5b9,995,994,1790072125694.259,1.831936
06e9e5b9,996,995,1790072125696.451,2.191688
06e9e5b9,997,996,1790072125772.121,75.669999
06e9e5b9,998,997,1790072126026.646,254.525658
06e9e5b9,999,998,1790072126074.19,47.543737
06e9e5b9,1000,999,1790072126110.841,36.650391
06e9e5b9,1001,1000,1790072126146.049,35.208493
06e9e5b9,1002,1001,1790072126189.595,43.546277
06e9e5b9,1003,1002,1790072126236.043,46.447578
06e9e5b9,1004,1003,1790072126270.561,34.51841
06e9e5b9,1005,1004,1790072126311.314,40.752686
06e9e5b9,1006,1005,1790072126361.98,50.665639
06e9e5b9,1007,1006,1790072126397.483,35.503233
06e9e5b9,1008,1007,1790072126426.163,28.680276
06e9e5b9,1009,1008,1790072126472.06,45.896761
06e9e5b9,1010,1009,1790072126511.085,39.024968
06e9e5b9,1011,1010,1790072126552.148,41.063359
06e9e5b9,1012,1011,1790072126587.288,35.139327
06e9e5b9,1013,1012,1790072126704.109,116.821099
06e9e5b9,1014,1013,1790072126709.489,5.380629
06e9e5b9,1015,1014,1790072126714.466,4.976966
06e9e5b9,1016,1015,1790072126754.218,39.751926
06e9e5b9,1017,1016,1790072126795.985,41.76673
06e9e5b9,1018,1017,1790072126835.603,39.618416
06e9e5b9,1019,1018,1790072126872.305,36.701791
06e9e5b9,1020,1019,1790072126912.88,40.575285
06e9e5b9,1021,1020,1790072126955.727,42.846108
06e9e5b9,1022,1021,1790072126995.019,39.292732
06e9e5b9,1023,1022,1790072127033.339,38.319558
06e9e5b9,1024,1023,1790072127086.832,53.492981
06e9e5b9,1025,1024,1790072127118.149,31.317375
06e9e5b9,1026,1025,1790072127144.479,26.330383
06e9e5b9,1027,1026,1790072127191.025,46.545206
06e9e5b9,1028,1027,1790072127234.291,43.265764
06e9e5b9,1029,1028,1790072127264.599,30.308271
06e9e5b9,1030,1029,1790072127317.764,53.165473
06e9e5b9,1031,1030,1790072127350.437,32.672697
06e9e5b9,1032,1031,1790072127390.874,40.436709
06e9e5b9,1033,1032,1790072127436.476,45.602567
06e9e5b9,1034,1033,1790072127477.819,41.342404
06e9e5b9,1035,1034,1790072127515.363,37.543794
06e9e5b9,1036,1035,1790072127550.029,34.66645
06e9e5b9,1037,1036,1790072127591.58,41.550761
06e9e5b9,1038,1037,1790072127641.554,49.974484
06e9e5b9,1039,1038,1790072127681.833,40.278564
06e9e5b9,1040,1039,1790072127687.291,5.457936
06e9e5b9,1041,1040,1790072127691.421,4.130513
06e9e5b9,1042,1041,1790072127694.207,2.785969
06e9e5b9,1043,1042,1790072127695.296,1.088782
06e9e5b9,1044,1043,1790072127697.15,1.854087
06e9e5b9,1045,1044,1790072127756.456,59.305725
06e9e5b9,1046,1045,1790072128028.89,272.434748
06e9e5b9,1047,1046,1790072128069.539,40.648757
06e9e5b9,1048,1047,1790072128111.807,42.267528
06e9e5b9,1049,1048,1790072128151.335,39.5284
06e9e5b9,1050,1049,1790072128197.004,45.66867
06e9e5b9,1051,1050,1790072128232.681,35.676801
06e9e5b9,1052,1051,1790072128278.816,46.135287
06e9e5b9,1053,1052,1790072128312.24,33.424445
06e9e5b9,1054,1053,1790072128354.885,42.645036
06e9e5b9,1055,1054,1790072128397.012,42.126957
06e9e5b9,1056,1055,1790072128435.892,38.879924
06e9e5b9,1057,1056,1790072128478.571,42.678241
06e9e5b9,1058,1057,1790072128505.479,26.908759
06e9e5b9,1059,1058,1790072128564.283,58.803694
06e9e5b9,1060,1059,1790072128590.015,25.73248
06e9e5b9,1061,1060,1790072128632.143,42.127516
06e9e5b9,1062,1061,1790072128674.942,42.799469
06e9e5b9,1063,1062,1790072128701.939,26.996517
06e9e5b9,1064,1063,1790072128745.624,43.684543
06e9e5b9,1065,1064,1790072128788.248,42.624614
06e9e5b9,1066,1065,1790072128834.45,46.201534
06e9e5b9,1067,1066,1790072128875.667,41.217891
06e9e5b9,1068,1067,1790072128912.62,36.952218
06e9e5b9,1069,1068,1790072128951.225,38.604812
06e9e5b9,1070,1069,1790072128988.001,36.776514
06e9e5b9,1071,1070,1790072129031.911,43.90981
06e9e5b9,1072,1071,1790072129076.614,44.703323
06e9e5b9,1073,1072,1790072129118.763,42.149264
06e9e5b9,1074,1073,1790072129147.336,28.573046
06e9e5b9,1075,1074,1790072129190.69,43.35331
06e9e5b9,1076,1075,1790072129237.382,46.691667
06e9e5b9,1077,1076,1790072129268.766,31.384333
06e9e5b9,1078,1077,1790072129317.478,48.712045
06e9e5b9,1079,1078,1790072129355.544,38.066465
06e9e5b9,1080,1079,1790072129407.356,51.811278
06e9e5b9,1081,1080,1790072129445.592,38.236296
06e9e5b9,1082,1081,1790072129468.537,22.945232
06e9e5b9,1083,1082,1790072129505.775,37.237396
06e9e5b9,1084,1083,1790072129552.111,46.336687
06e9e5b9,1085,1084,1790072129594.847,42.736
06e9e5b9,1086,1085,1790072129634.458,39.610938
06e9e5b9,1087,1086,1790072129690.01,55.551409
06e9e5b9,1088,1087,1790072129692.517,2.507233
06e9e5b9,1089,1088,1790072129702.881,10.36446
06e9e5b9,1090,1089,1790072129704.094,1.212471
06e9e5b9,1091,1090,1790072129705.665,1.570787
06e9e5b9,1092,1091,1790072129745.648,39.983842
06e9e5b9,1093,1092,1790072130029.68,284.031426
06e9e5b9,1094,1093,1790072130072.439,42.759049
06e9e5b9,1095,1094,1790072130125.232,52.792929
06e9e5b9,1096,1095,1790072130149.194,23.962092
06e9e5b9,1097,1096,1790072130196.497,47.302927
06e9e5b9,1098,1097,1790072130239.556,43.058967
06e9e5b9,1099,1098,1790072130276.987,37.431022
06e9e5b9,1100,1099,1790072130309.444,32.457094
06e9e5b9,1101,1100,1790072130346.32,36.876343
06e9e5b9,1102,1101,1790072130386.936,40.615625
06e9e5b9,1103,1102,1790072130427.361,40.424768
06e9e5b9,1104,1103,1790072130476.678,49.317516
06e9e5b9,1105,1104,1790072130518.906,42.227471
06e9e5b9,1106,1105,1790072130551.25,32.344478
06e9e5b9,1107,1106,1790072130596.835,45.585156
06e9e5b9,1108,1107,1790072130628.061,31.225225
06e9e5b9,1109,1108,1790072130674.156,46.09504
06e9e5b9,1110,1109,1790072130721.886,47.730724
06e9e5b9,1111,1110,1790072130748.246,26.360022
06e9e5b9,1112,1111,1790072130799.109,50.862446
06e9e5b9,1113,1112,1790072130841.335,42.226151
06e9e5b9,1114,1113,1790072130869.492,28.156839
06e9e5b9,1115,1114,1790072130912.979,43.486788
06e9e5b9,1116,1115,1790072130948.783,35.804872
06e9e5b9,1117,1116,1790072130990.0,41.216359
06e9e5b9,1118,1117,1790072131032.234,42.234081
06e9e5b9,1119,1118,1790072131076.551,44.316936
06e9e5b9,1120,1119,1790072131105.752,29.201798
06e9e5b9,1121,1120,1790072131158.542,52.789651
06e9e5b9,1122,1121,1790072131191.848,33.306201
06e9e5b9,1123,1122,1790072131229.04,37.191923
06e9e5b9,1124,1123,1790072131270.014,40.973926
06e9e5b9,1125,1124,1790072131309.425,39.411157
06e9e5b9,1126,1125,1790072131351.553,42.127716
06e9e5b9,1127,1126,1790072131391.569,40.015748
06e9e5b9,1128,1127,1790072131438.159,46.589946
06e9e5b9,1129,1128,1790072131474.722,36.563643
06e9e5b9,1130,1129,1790072131505.874,31.151775
06e9e5b9,1131,1130,1790072131560.192,54.317965
06e9e5b9,1132,1131,1790072131587.502,27.309969
06e9e5b9,1133,1132,1790072131637.938,50.435416
06e9e5b9,1134,1133,1790072131682.936,44.998293
06e9e5b9,1135,1134,1790072131689.033,6.096957
06e9e5b9,1136,1135,1790072131691.768,2.734763
06e9e5b9,1137,1136,1790072131694.233,2.465534
06e9e5b9,1138,1137,1790072131700.611,6.377611
06e9e5b9,1139,1138,1790072131707.778,7.167118
06e9e5b9,1140,1139,1790072131768.475,60.697288
06e9e5b9,1141,1140,1790072132037.776,269.300813
06e9e5b9,1142,1141,1790072132066.599,28.8226
06e9e5b9,1143,1142,1790072132116.298,49.699521
06e9e5b9,1144,1143,1790072132150.74,34.441988
06e9e5b9,1145,1144,1790072132211.672,60.931788
06e9e5b9,1146,1145,1790072132238.802,27.130536
06e9e5b9,1147,1146,1790072132276.902,38.099661
06e9e5b9,1148,1147,1790072132307.799,30.897215
06e9e5b9,1149,1148,1790072132355.042,47.243284
06e9e5b9,1150,1149,1790072132393.293,38.250417
06e9e5b9,1151,1150,1790072132444.388,51.095029
06e9e5b9,1152,1151,1790072132474.957,30.569406
06e9e5b9,1153,1152,1790072132507.855,32.897554
06e9e5b9,1154,1153,1790072132562.468,54.612612
06e9e5b9,1155,1154,1790072132607.909,45.441503
06e9e5b9,1156,1155,1790072132638.244,30.335048
06e9e5b9,1157,1156,1790072132665.383,27.138796
06e9e5b9,1158,1157,1790072132708.112,42.729058
06e9e5b9,1159,1158,1790072132751.148,43.036499
06e9e5b9,1160,1159,1790072132801.793,50.644396
06e9e5b9,1161,1160,1790072132826.002,24.209472
06e9e5b9,1162,1161,1790072132867.496,41.493872
06e9e5b9,1163,1162,1790072132917.771,50.275284
06e9e5b9,1164,1163,1790072132951.416,33.644834
06e9e5b9,1165,1164,1790072132996.214,44.797908
06e9e5b9,1166,1165,1790072133041.985,45.770829
06e9e5b9,1167,1166,1790072133070.336,28.351065
06e9e5b9,1168,1167,1790072133121.293,50.957282
06e9e5b9,1169,1168,1790072133145.695,24.401717
06e9e5b9,1170,1169,1790072133193.845,48.149645
06e9e5b9,1171,1170,1790072133227.735,33.889999
06e9e5b9,1172,1171,1790072133279.13,51.395045
06e9e5b9,1173,1172,1790072133323.795,44.665149
06e9e5b9,1174,1173,1790072133355.145,31.350426
06e9e5b9,1175,1174,1790072133389.786,34.640655
06e9e5b9,1176,1175,1790072133442.033,52.246653
06e9e5b9,1177,1176,1790072133480.459,38.426605
06e9e5b9,1178,1177,1790072133518.033,37.573301
06e9e5b9,1179,1178,1790072133546.487,28.454539
06e9e5b9,1180,1179,1790072133591.129,44.642241
06e9e5b9,1181,1180,1790072133630.436,39.3061
06e9e5b9,1182,1181,1790072133682.317,51.881168
06e9e5b9,1183,1182,1790072133685.048,2.730884
06e9e5b9,1184,1183,1790072133689.311,4.263059
06e9e5b9,1185,1184,1790072133692.257,2.946771
06e9e5b9,1186,1185,1790072133694.774,2.516632
06e9e5b9,1187,1186,1790072133747.752,52.978144
06e9e5b9,1188,1187,1790072134026.343,278.591059
06e9e5b9,1189,1188,1790072134069.425,43.081664
06e9e5b9,1190,1189,1790072134111.424,41.999067
06e9e5b9,1191,1190,1790072134149.762,38.337766
06e9e5b9,1192,1191,1790072134191.157,41.39527
06e9e5b9,1193,1192,1790072134234.931,43.774133
06e9e5b9,1194,1193,1790072134266.112,31.181037
06e9e5b9,1195,1194,1790072134317.918,51.806216
06e9e5b9,1196,1195,1790072134352.862,34.94351
06e9e5b9,1197,1196,1790072134392.588,39.726078
06e9e5b9,1198,1197,1790072134431.364,38.776411
06e9e5b9,1199,1198,1790072134474.214,42.850052
06e9e5b9,1200,1199,1790072134514.869,40.654554
06e9e5b9,1201,1200,1790072134545.43,30.560636
06e9e5b9,1202,1201,1790072134592.417,46.987337
06e9e5b9,1203,1202,1790072134639.167,46.749743
06e9e5b9,1204,1203,1790072134670.317,31.149923
06e9e5b9,1205,1204,1790072134715.838,45.52118
06e9e5b9,1206,1205,1790072134753.409,37.571629
06e9e5b9,1207,1206,1790072134786.986,33.5763
06e9e5b9,1208,1207,1790072134831.937,44.951582
06e9e5b9,1209,1208,1790072134873.399,41.462108
06e9e5b9,1210,1209,1790072134918.472,45.072552
06e9e5b9,1211,1210,1790072134953.787,35.315139
06e9e5b9,1212,1211,1790072134991.335,37.547557
06e9e5b9,1213,1212,1790072135024.91,33.575611
06e9e5b9,1214,1213,1790072135081.167,56.256324
06e9e5b9,1215,1214,1790072135112.549,31.382134
06e9e5b9,1216,1215,1790072135152.948,40.399351
06e9e5b9,1217,1216,1790072135195.153,42.204788
06e9e5b9,1218,1217,1790072135302.023,106.870331
06e9e5b9,1219,1218,1790072135308.268,6.244534
06e9e5b9,1220,1219,1790072135316.731,8.462998
06e9e5b9,1221,1220,1790072135352.973,36.241935
06e9e5b9,1222,1221,1790072135391.404,38.430918
06e9e5b9,1223,1222,1790072135437.327,45.923603
06e9e5b9,1224,1223,1790072135475.324,37.996963
06e9e5b9,1225,1224,1790072135506.469,31.144956
06e9e5b9,1226,1225,1790072135559.693,53.224369
06e9e5b9,1227,1226,1790072135589.084,29.391108
06e9e5b9,1228,1227,1790072135628.709,39.624956
06e9e5b9,1229,1228,1790072135676.324,47.614099
06e9e5b9,1230,1229,1790072135678.053,1.729953
06e9e5b9,1231,1230,1790072135679.847,1.793128
06e9e5b9,1232,1231,1790072135680.834,0.987081
06e9e5b9,1233,1232,1790072135683.468,2.634314
06e9e5b9,1234,1233,1790072135760.437,76.969226
06e9e5b9,1235,1234,1790072136038.468,278.030551
06e9e5b9,1236,1235,1790072136078.344,39.875727
06e9e5b9,1237,1236,1790072136112.798,34.453949
06e9e5b9,1238,1237,1790072136147.049,34.251037
06e9e5b9,1239,1238,1790072136187.367,40.318817
06e9e5b9,1240,1239,1790072136242.678,55.310589
06e9e5b9,1241,1240,1790072136277.063,34.385227
06e9e5b9,1242,1241,1790072136317.353,40.289534
06e9e5b9,1243,1242,1790072136354.85,37.497322
06e9e5b9,1244,1243,1790072136400.954,46.104016
06e9e5b9,1245,1244,1790072136440.221,39.266812
06e9e5b9,1246,1245,1790072136470.796,30.574636
06e9e5b9,1247,1246,1790072136524.916,54.120144
06e9e5b9,1248,1247,1790072136553.589,28.673408
06e9e5b9,1249,1248,1790072136605.855,52.26572
06e9e5b9,1250,1249,1790072136628.183,22.327845
06e9e5b9,1251,1250,1790072136679.58,51.397547
06e9e5b9,1252,1251,1790072136709.423,29.842368
06e9e5b9,1253,1252,1790072136753.202,43.779438
06e9e5b9,1254,1253,1790072136806.08,52.87844
06e9e5b9,1255,1254,1790072136830.706,24.625545
06e9e5b9,1256,1255,1790072136881.288,50.582254
06e9e5b9,1257,1256,1790072136912.806,31.517594
06e9e5b9,1258,1257,1790072136956.913,44.106969
06e9e5b9,1259,1258,1790072136986.838,29.925088
06e9e5b9,1260,1259,1790072137029.454,42.616491
06e9e5b9,1261,1260,1790072137070.104,40.650021
06e9e5b9,1262,1261,1790072137112.755,42.650246
06e9e5b9,1263,1262,1790072137152.595,39.839958
06e9e5b9,1264,1263,1790072137197.078,44.483759
06e9e5b9,1265,1264,1790072137245.021,47.942808
06e9e5b9,1266,1265,1790072137267.689,22.668305
06e9e5b9,1267,1266,1790072137320.983,53.294013
06e9e5b9,1268,1267,1790072137352.274,31.290714
06e9e5b9,1269,1268,1790072137404.625,52.350696
06e9e5b9,1270,1269,1790072137439.492,34.867165
06e9e5b9,1271,1270,1790072137476.309,36.816807
06e9e5b9,1272,1271,1790072137509.203,32.89395
06e9e5b9,1273,1272,1790072137553.556,44.353657
06e9e5b9,1274,1273,1790072137608.183,54.626421
06e9e5b9,1275,1274,1790072137637.325,29.142497
06e9e5b9,1276,1275,1790072137691.328,54.002258
06e9e5b9,1277,1276,1790072137692.793,1.465492
06e9e5b9,1278,1277,1790072137694.235,1.442043
06e9e5b9,1279,1278,1790072137696.473,2.237805
06e9e5b9,1280,1279,1790072137753.852,57.379111
06e9e5b9,1281,1280,1790072138033.414,279.561628
06e9e5b9,1282,1281,1790072138073.524,40.110461
06e9e5b9,1283,1282,1790072138112.711,39.186675
06e9e5b9,1284,1283,1790072138150.06,37.348839
06e9e5b9,1285,1284,1790072138202.064,52.004018
06e9e5b9,1286,1285,1790072138229.854,27.790327
06e9e5b9,1287,1286,1790072138279.245,49.390975
06e9e5b9,1288,1287,1790072138308.871,29.626028
06e9e5b9,1289,1288,1790072138348.701,39.829784
06e9e5b9,1290,1289,1790072138389.526,40.825342
06e9e5b9,1291,1290,1790072138430.071,40.544556
06e9e5b9,1292,1291,1790072138471.719,41.648038
06e9e5b9,1293,1292,1790072138529.398,57.679135
06e9e5b9,1294,1293,1790072138545.607,16.209542
06e9e5b9,1295,1294,1790072138597.306,51.698387
06e9e5b9,1296,1295,1790072138628.25,30.944396
06e9e5b9,1297,1296,1790072138669.512,41.261445
06e9e5b9,1298,1297,1790072138718.437,48.925169
06e9e5b9,1299,1298,1790072138745.073,26.636111
06e9e5b9,1300,1299,1790072138785.933,40.860197
06e9e5b9,1301,1300,1790072138840.901,54.968151
06e9e5b9,1302,1301,1790072138874.005,33.103432
06e9e5b9,1303,1302,1790072138927.633,53.627864
06e9e5b9,1304,1303,1790072138966.389,38.756795
06e9e5b9,1305,1304,1790072139005.478,39.088221
06e9e5b9,1306,1305,1790072139027.281,21.802916
06e9e5b9,1307,1306,1790072139071.282,44.00177
06e9e5b9,1308,1307,1790072139112.133,40.850145
06e9e5b9,1309,1308,1790072139153.252,41.120007
06e9e5b9,1310,1309,1790072139210.108,56.85596
06e9e5b9,1311,1310,1790072139238.753,28.644598
06e9e5b9,1312,1311,1790072139288.169,49.416055
06e9e5b9,1313,1312,1790072139308.425,20.256165
06e9e5b9,1314,1313,1790072139351.176,42.750447
06e9e5b9,1315,1314,1790072139402.244,51.068783
06e9e5b9,1316,1315,1790072139438.254,36.009169
06e9e5b9,1317,1316,1790072139475.615,37.361585
06e9e5b9,1318,1317,1790072139507.117,31.501498
06e9e5b9,1319,1318,1790072139552.211,45.094441
06e9e5b9,1320,1319,1790072139605.16,52.948548
06e9e5b9,1321,1320,1790072139625.914,20.753892
06e9e5b9,1322,1321,1790072139686.841,60.927577
06e9e5b9,1323,1322,1790072139688.57,1.72901
06e9e5b9,1324,1323,1790072139689.836,1.265763
06e9e5b9,1325,1324,1790072139691.196,1.35965
06e9e5b9,1326,1325,1790072139692.368,1.172805
06e9e5b9,1327,1326,1790072139693.542,1.173365
06e9e5b9,1328,1327,1790072139753.465,59.923213
06e9e5b9,1329,1328,1790072140028.008,274.543258
06e9e5b9,1330,1329,1790072140071.437,43.42866
06e9e5b9,1331,1330,1790072140112.061,40.624133
06e9e5b9,1332,1331,1790072140149.586,37.524997
06e9e5b9,1333,1332,1790072140201.322,51.735491
06e9e5b9,1334,1333,1790072140235.081,33.759304
06e9e5b9,1335,1334,1790072140272.219,37.138318
06e9e5b9,1336,1335,1790072140318.305,46.08634
06e9e5b9,1337,1336,1790072140359.852,41.546795
06e9e5b9,1338,1337,1790072140400.216,40.363864
06e9e5b9,1339,1338,1790072140432.431,32.214633
06e9e5b9,1340,1339,1790072140472.075,39.644356
06e9e5b9,1341,1340,1790072140511.068,38.993222
06e9e5b9,1342,1341,1790072140568.806,57.738158
06e9e5b9,1343,1342,1790072140594.196,25.38922
06e9e5b9,1344,1343,1790072140635.066,40.870156
06e9e5b9,1345,1344,1790072140679.149,44.083591
06e9e5b9,1346,1345,1790072140711.568,32.418073
06e9e5b9,1347,1346,1790072140752.587,41.019952
06e9e5b9,1348,1347,1790072140804.355,51.767377
06e9e5b9,1349,1348,1790072140834.648,30.292939
06e9e5b9,1350,1349,1790072140874.042,39.393819
06e9e5b9,1351,1350,1790072140916.436,42.394232
06e9e5b9,1352,1351,1790072140945.151,28.715459
06e9e5b9,1353,1352,1790072140989.054,43.902283
06e9e5b9,1354,1353,1790072141039.789,50.734854
06e9e5b9,1355,1354,1790072141070.415,30.626317
06e9e5b9,1356,1355,1790072141115.49,45.075124
06e9e5b9,1357,1356,1790072141161.639,46.148943
06e9e5b9,1358,1357,1790072141189.547,27.907781
06e9e5b9,1359,1358,1790072141231.68,42.13336
06e9e5b9,1360,1359,1790072141268.256,36.57555
06e9e5b9,1361,1360,1790072141308.692,40.436743
06e9e5b9,1362,1361,1790072141352.894,44.201714
06e9e5b9,1363,1362,1790072141403.155,50.260989
06e9e5b9,1364,1363,1790072141447.09,43.935361
06e9e5b9,1365,1364,1790072141477.452,30.362012
06e9e5b9,1366,1365,1790072141514.323,36.870295
06e9e5b9,1367,1366,1790072141558.473,44.150717
06e9e5b9,1368,1367,1790072141608.031,49.557271
06e9e5b9,1369,1368,1790072141627.054,19.023079
06e9e5b9,1370,1369,1790072141681.864,54.810618
06e9e5b9,1371,1370,1790072141683.039,1.174212
06e9e5b9,1372,1371,1790072141684.251,1.212199
06e9e5b9,1373,1372,1790072141688.475,4.224495
06e9e5b9,1374,1373,1790072141691.204,2.728426
06e9e5b9,1375,1374,1790072141694.617,3.413831
06e9e5b9,1376,1375,1790072141755.47,60.852271
06e9e5b9,1377,1376,1790072142038.022,282.552215
06e9e5b9,1378,1377,1790072142069.664,31.641603
06e9e5b9,1379,1378,1790072142116.1,46.43678
06e9e5b9,1380,1379,1790072142153.396,37.295115
06e9e5b9,1381,1380,1790072142209.364,55.968362
06e9e5b9,1382,1381,1790072142227.766,18.402161
06e9e5b9,1383,1382,1790072142284.413,56.647169
06e9e5b9,1384,1383,1790072142307.273,22.860149
06e9e5b9,1385,1384,1790072142357.337,50.063906
06e9e5b9,1386,1385,1790072142390.85,33.513104
06e9e5b9,1387,1386,1790072142429.117,38.267204
06e9e5b9,1388,1387,1790072142486.012,56.894768
06e9e5b9,1389,1388,1790072142526.696,40.683415
06e9e5b9,1390,1389,1790072142553.449,26.753078
06e9e5b9,1391,1390,1790072142585.595,32.146549
06e9e5b9,1392,1391,1790072142627.043,41.448145
06e9e5b9,1393,1392,1790072142668.81,41.766398
06e9e5b9,1394,1393,1790072142710.996,42.185608
06e9e5b9,1395,1394,1790072142750.561,39.565702
06e9e5b9,1396,1395,1790072142804.806,54.245043
06e9e5b9,1397,1396,1790072142835.559,30.753015
06e9e5b9,1398,1397,1790072142867.006,31.44691
06e9e5b9,1399,1398,1790072142922.015,55.008617
06e9e5b9,1400,1399,1790072142958.499,36.483879
06e9e5b9,1401,1400,1790072142997.417,38.918049
06e9e5b9,1402,1401,1790072143038.874,41.457256
06e9e5b9,1403,1402,1790072143079.345,40.471403
06e9e5b9,1404,1403,1790072143116.809,37.463369
06e9e5b9,1405,1404,1790072143156.554,39.745409
06e9e5b9,1406,1405,1790072143188.614,32.05998
06e9e5b9,1407,1406,1790072143228.606,39.991657
06e9e5b9,1408,1407,1790072143265.539,36.933458
06e9e5b9,1409,1408,1790072143314.274,48.734353
06e9e5b9,1410,1409,1790072143350.625,36.351054
06e9e5b9,1411,1410,1790072143399.477,48.852447
06e9e5b9,1412,1411,1790072143440.689,41.211968
06e9e5b9,1413,1412,1790072143479.166,38.476667
06e9e5b9,1414,1413,1790072143521.253,42.087482
06e9e5b9,1415,1414,1790072143548.447,27.193309
06e9e5b9,1416,1415,1790072143587.181,38.734544
06e9e5b9,1417,1416,1790072143636.941,49.760181
06e9e5b9,1418,1417,1790072143694.756,57.814901
06e9e5b9,1419,1418,1790072143703.727,8.971203
06e9e5b9,1420,1419,1790072143707.831,4.103641
06e9e5b9,1421,1420,1790072143709.063,1.232472
06e9e5b9,1422,1421,1790072143715.468,6.4041
06e9e5b9,1423,1422,1790072143752.065,36.597123
06e9e5b9,1424,1423,1790072144043.745,291.680003
06e9e5b9,1425,1424,1790072144074.789,31.044638
06e9e5b9,1426,1425,1790072144130.725,55.935628
06e9e5b9,1427,1426,1790072144147.458,16.733392
06e9e5b9,1428,1427,1790072144195.313,47.855235
06e9e5b9,1429,1428,1790072144242.561,47.247257
06e9e5b9,1430,1429,1790072144277.461,34.900614
06e9e5b9,1431,1430,1790072144311.416,33.954852
06e9e5b9,1432,1431,1790072144348.056,36.639793
06e9e5b9,1433,1432,1790072144399.443,51.387257
06e9e5b9,1434,1433,1790072144428.993,29.549964
06e9e5b9,1435,1434,1790072144476.214,47.22024
06e9e5b9,1436,1435,1790072144522.002,45.788104
06e9e5b9,1437,1436,1790072144556.737,34.735252
06e9e5b9,1438,1437,1790072144592.755,36.018327
06e9e5b9,1439,1438,1790072144629.396,36.640662
06e9e5b9,1440,1439,1790072144687.71,58.313798
06e9e5b9,1441,1440,1790072144710.396,22.686086
06e9e5b9,1442,1441,1790072144759.927,49.531418
06e9e5b9,1443,1442,1790072144803.317,43.389462
06e9e5b9,1444,1443,1790072144831.056,27.739718
06e9e5b9,1445,1444,1790072144873.437,42.380384
06e9e5b9,1446,1445,1790072144925.454,52.017453
06e9e5b9,1447,1446,1790072144951.133,25.678741
06e9e5b9,1448,1447,1790072144998.841,47.707976
06e9e5b9,1449,1448,1790072145030.984,32.143283
06e9e5b9,1450,1449,1790072145077.762,46.777472
06e9e5b9,1451,1450,1790072145114.125,36.362834
06e9e5b9,1452,1451,1790072145157.321,43.196144
06e9e5b9,1453,1452,1790072145200.607,43.286469
06e9e5b9,1454,1453,1790072145226.566,25.95849
06e9e5b9,1455,1454,1790072145271.954,45.388326
06e9e5b9,1456,1455,1790072145313.398,41.443624
06e9e5b9,1457,1456,1790072145352.304,38.90654
06e9e5b9,1458,1457,1790072145386.29,33.986005
06e9e5b9,1459,1458,1790072145443.522,57.231538
06e9e5b9,1460,1459,1790072145469.889,26.367375
06e9e5b9,1461,1460,1790072145514.502,44.612654
06e9e5b9,1462,1461,1790072145549.688,35.186791
06e9e5b9,1463,1462,1790072145592.282,42.593795
06e9e5b9,1464,1463,1790072145628.955,36.672237
06e9e5b9,1465,1464,1790072145683.993,55.038194
06e9e5b9,1466,1465,1790072145687.019,3.026524
06e9e5b9,1467,1466,1790072145691.606,4.586403
06e9e5b9,1468,1467,1790072145694.328,2.722818
06e9e5b9,1469,1468,1790072145695.394,1.065479
06e9e5b9,1470,1469,1790072145697.315,1.920788
06e9e5b9,1471,1470,1790072145752.238,54.922967
06e9e5b9,1472,1471,1790072146044.911,292.673197
06e9e5b9,1473,1472,1790072146084.047,39.136117
06e9e5b9,1474,1473,1790072146107.385,23.337575
06e9e5b9,1475,1474,1790072146148.712,41.327389
06e9e5b9,1476,1475,1790072146196.364,47.651998
06e9e5b9,1477,1476,1790072146228.151,31.786907
06e9e5b9,1478,1477,1790072146279.476,51.325034
06e9e5b9,1479,1478,1790072146310.639,31.162977
06e9e5b9,1480,1479,1790072146354.205,43.566309
06e9e5b9,1481,1480,1790072146416.104,61.898808
06e9e5b9,1482,1481,1790072146440.727,24.622531
06e9e5b9,1483,1482,1790072146471.141,30.414713
06e9e5b9,1484,1483,1790072146510.047,38.906116
06e9e5b9,1485,1484,1790072146552.348,42.300951
06e9e5b9,1486,1485,1790072146587.645,35.296997
06e9e5b9,1487,1486,1790072146638.5,50.854639
06e9e5b9,1488,1487,1790072146673.831,35.331277
06e9e5b9,1489,1488,1790072146728.61,54.77863
06e9e5b9,1490,1489,1790072146757.878,29.268642
06e9e5b9,1491,1490,1790072146799.929,42.050927
06e9e5b9,1492,1491,1790072146832.05,32.120119
06e9e5b9,1493,1492,1790072146875.013,42.963471
06e9e5b9,1494,1493,1790072146911.875,36.862429
06e9e5b9,1495,1494,1790072146950.853,38.977692
06e9e5b9,1496,1495,1790072146984.205,33.351941
06e9e5b9,1497,1496,1790072147037.812,53.606423
06e9e5b9,1498,1497,1790072147077.485,39.673309
06e9e5b9,1499,1498,1790072147114.778,37.293239
06e9e5b9,1500,1499,1790072147156.904,42.12573
06e9e5b9,1501,1500,1790072147193.73,36.825936
06e9e5b9,1502,1501,1790072147299.288,105.557868
06e9e5b9,1503,1502,1790072147301.436,2.148175
06e9e5b9,1504,1503,1790072147313.943,12.506889
06e9e5b9,1505,1504,1790072147352.833,38.89021
06e9e5b9,1506,1505,1790072147391.639,38.805771
06e9e5b9,1507,1506,1790072147434.373,42.734332
06e9e5b9,1508,1507,1790072147466.504,32.131364
06e9e5b9,1509,1508,1790072147507.818,41.313379
06e9e5b9,1510,1509,1790072147550.986,43.168072
06e9e5b9,1511,1510,1790072147599.771,48.785549
06e9e5b9,1512,1511,1790072147626.007,26.236092
06e9e5b9,1513,1512,1790072147701.055,75.047179
06e9e5b9,1514,1513,1790072147703.043,1.98882
06e9e5b9,1515,1514,1790072147704.244,1.200464
06e9e5b9,1516,1515,1790072147708.332,4.088084
06e9e5b9,1517,1516,1790072147709.849,1.517085
06e9e5b9,1518,1517,1790072147712.494,2.64495
06e9e5b9,1519,1518,1790072147748.981,36.487045
06e9e5b9,1520,1519,1790072148038.758,289.776776
06e9e5b9,1521,1520,1790072148073.288,34.530286
06e9e5b9,1522,1521,1790072148110.834,37.545903
06e9e5b9,1523,1522,1790072148155.091,44.256477
06e9e5b9,1524,1523,1790072148209.41,54.31943
06e9e5b9,1525,1524,1790072148230.974,21.563895
06e9e5b9,1526,1525,1790072148278.01,47.035729
06e9e5b9,1527,1526,1790072148309.776,31.766272
06e9e5b9,1528,1527,1790072148349.028,39.251999
06e9e5b9,1529,1528,1790072148391.52,42.492027
06e9e5b9,1530,1529,1790072148440.29,48.77044
06e9e5b9,1531,1530,1790072148475.119,34.82883
06e9e5b9,1532,1531,1790072148511.046,35.926802
06e9e5b9,1533,1532,1790072148552.486,41.440305
06e9e5b9,1534,1533,1790072148603.356,50.869874
06e9e5b9,1535,1534,1790072148639.118,35.761827
06e9e5b9,1536,1535,1790072148680.266,41.148431
06e9e5b9,1537,1536,1790072148716.383,36.11685
06e9e5b9,1538,1537,1790072148756.117,39.733495
06e9e5b9,1539,1538,1790072148785.73,29.613736
06e9e5b9,1540,1539,1790072148826.729,40.998375
06e9e5b9,1541,1540,1790072148868.457,41.728148
06e9e5b9,1542,1541,1790072148909.938,41.481557
06e9e5b9,1543,1542,1790072148951.669,41.730079
06e9e5b9,1544,1543,1790072149001.677,50.008121
06e9e5b9,1545,1544,1790072149042.019,40.342079
06e9e5b9,1546,1545,1790072149072.94,30.921275
06e9e5b9,1547,1546,1790072149116.658,43.717736
06e9e5b9,1548,1547,1790072149149.165,32.506925
06e9e5b9,1549,1548,1790072149189.914,40.749598
06e9e5b9,1550,1549,1790072149236.373,46.458822
06e9e5b9,1551,1550,1790072149274.297,37.923575
06e9e5b9,1552,1551,1790072149315.544,41.247691
06e9e5b9,1553,1552,1790072149343.512,27.967586
06e9e5b9,1554,1553,1790072149395.999,52.486907
06e9e5b9,1555,1554,1790072149436.903,40.903687
06e9e5b9,1556,1555,1790072149469.718,32.815673
06e9e5b9,1557,1556,1790072149503.565,33.846886
06e9e5b9,1558,1557,1790072149560.988,57.422615
06e9e5b9,1559,1558,1790072149586.665,25.677333
06e9e5b9,1560,1559,1790072149627.781,41.115493
06e9e5b9,1561,1560,1790072149677.511,49.730195
06e9e5b9,1562,1561,1790072149680.747,3.23648
06e9e5b9,1563,1562,1790072149684.499,3.751156
06e9e5b9,1564,1563,1790072149685.874,1.375443
06e9e5b9,1565,1564,1790072149689.769,3.895017
06e9e5b9,1566,1565,1790072149692.413,2.644233
06e9e5b9,1567,1566,1790072149750.215,57.801393
06e9e5b9,1568,1567,1790072150041.147,290.932714
06e9e5b9,1569,1568,1790072150067.212,26.064912
06e9e5b9,1570,1569,1790072150117.64,50.42815
06e9e5b9,1571,1570,1790072150149.877,32.236301
06e9e5b9,1572,1571,1790072150184.567,34.690673
06e9e5b9,1573,1572,1790072150226.917,42.350247
06e9e5b9,1574,1573,1790072150270.361,43.443492
06e9e5b9,1575,1574,1790072150308.853,38.491482
06e9e5b9,1576,1575,1790072150351.562,42.709727
06e9e5b9,1577,1576,1790072150391.038,39.475647
06e9e5b9,1578,1577,1790072150422.514,31.476179
06e9e5b9,1579,1578,1790072150465.102,42.588153
06e9e5b9,1580,1579,1790072150520.559,55.457215
06e9e5b9,1581,1580,1790072150552.834,32.274979
06e9e5b9,1582,1581,1790072150595.042,42.207359
06e9e5b9,1583,1582,1790072150626.395,31.352732
06e9e5b9,1584,1583,1790072150674.809,48.414038
06e9e5b9,1585,1584,1790072150708.823,34.014605
06e9e5b9,1586,1585,1790072150746.307,37.484035
06e9e5b9,1587,1586,1790072150789.371,43.063808
06e9e5b9,1588,1587,1790072150827.458,38.08741
06e9e5b9,1589,1588,1790072150879.546,52.087895
06e9e5b9,1590,1589,1790072150915.09,35.543679
06e9e5b9,1591,1590,1790072150957.763,42.672828
06e9e5b9,1592,1591,1790072150999.843,42.079977
06e9e5b9,1593,1592,1790072151026.141,26.298183
06e9e5b9,1594,1593,1790072151086.877,60.73644
06e9e5b9,1595,1594,1790072151110.677,23.799016
06e9e5b9,1596,1595,1790072151157.789,47.112932
06e9e5b9,1597,1596,1790072151193.63,35.840472
06e9e5b9,1598,1597,1790072151237.608,43.977771
06e9e5b9,1599,1598,1790072151278.147,40.539276
06e9e5b9,1600,1599,1790072151307.639,29.492275
06e9e5b9,1601,1600,1790072151350.612,42.972855
06e9e5b9,1602,1601,1790072151396.679,46.067436
06e9e5b9,1603,1602,1790072151444.334,47.654334
06e9e5b9,1604,1603,1790072151474.002,29.668094
06e9e5b9,1605,1604,1790072151506.16,32.158588
06e9e5b9,1606,1605,1790072151546.681,40.520326
06e9e5b9,1607,1606,1790072151586.953,40.272359
06e9e5b9,1608,1607,1790072151635.76,48.806469
06e9e5b9,1609,1608,1790072151687.721,51.961668
06e9e5b9,1610,1609,1790072151702.317,14.59533
06e9e5b9,1611,1610,1790072151706.293,3.976316
06e9e5b9,1612,1611,1790072151712.147,5.853779
06e9e5b9,1613,1612,1790072151714.645,2.498514
06e9e5b9,1614,1613,1790072151718.21,3.564515
06e9e5b9,1615,1614,1790072151753.968,35.757754
06e9e5b9,1616,1615,1790072152027.886,273.918575
06e9e5b9,1617,1616,1790072152082.729,54.842833
06e9e5b9,1618,1617,1790072152111.793,29.064491
06e9e5b9,1619,1618,1790072152147.572,35.778973
06e9e5b9,1620,1619,1790072152194.607,47.034299
06e9e5b9,1621,1620,1790072152238.112,43.50539
06e9e5b9,1622,1621,1790072152274.475,36.362797
06e9e5b9,1623,1622,1790072152315.341,40.86574
06e9e5b9,1624,1623,1790072152350.374,35.033009
06e9e5b9,1625,1624,1790072152404.236,53.862573
06e9e5b9,1626,1625,1790072152430.229,25.993101
06e9e5b9,1627,1626,1790072152470.873,40.6441
06e9e5b9,1628,1627,1790072152524.03,53.156335
06e9e5b9,1629,1628,1790072152556.881,32.85168
06e9e5b9,1630,1629,1790072152602.719,45.837797
06e9e5b9,1631,1630,1790072152631.441,28.721935
06e9e5b9,1632,1631,1790072152670.09,38.649183
06e9e5b9,1633,1632,1790072152709.243,39.153095
06e9e5b9,1634,1633,1790072152753.969,44.725512
06e9e5b9,1635,1634,1790072152791.917,37.948705
06e9e5b9,1636,1635,1790072152844.201,52.283418
06e9e5b9,1637,1636,1790072152880.134,35.932956
06e9e5b9,1638,1637,1790072152907.276,27.142162
06e9e5b9,1639,1638,1790072152949.785,42.508596
06e9e5b9,1640,1639,1790072152991.577,41.791999
06e9e5b9,1641,1640,1790072153042.786,51.209643
06e9e5b9,1642,1641,1790072153067.904,25.117599
06e9e5b9,1643,1642,1790072153116.893,48.988582
06e9e5b9,1644,1643,1790072153155.125,38.232441
06e9e5b9,1645,1644,1790072153186.682,31.557347
06e9e5b9,1646,1645,1790072153241.003,54.320553
06e9e5b9,1647,1646,1790072153270.583,29.580235
06e9e5b9,1648,1647,1790072153312.314,41.731046
06e9e5b9,1649,1648,1790072153350.733,38.418816
06e9e5b9,1650,1649,1790072153409.639,58.90597
06e9e5b9,1651,1650,1790072153443.328,33.688833
06e9e5b9,1652,1651,1790072153475.331,32.003253
06e9e5b9,1653,1652,1790072153506.552,31.221164
06e9e5b9,1654,1653,1790072153550.901,44.348904
06e9e5b9,1655,1654,1790072153590.754,39.85337
06e9e5b9,1656,1655,1790072153636.331,45.576058
06e9e5b9,1657,1656,1790072153681.132,44.801277
06e9e5b9,1658,1657,1790072153686.471,5.338974
06e9e5b9,1659,1658,1790072153703.113,16.642181
06e9e5b9,1660,1659,1790072153704.718,1.605112
06e9e5b9,1661,1660,1790072153706.305,1.587135
06e9e5b9,1662,1661,1790072153711.418,5.112441
06e9e5b9,1663,1662,1790072153747.796,36.378172
06e9e5b9,1664,1663,1790072154032.565,284.769435
06e9e5b9,1665,1664,1790072154068.361,35.795694
06e9e5b9,1666,1665,1790072154114.486,46.125453
06e9e5b9,1667,1666,1790072154154.947,40.460259
06e9e5b9,1668,1667,1790072154202.685,47.738057
06e9e5b9,1669,1668,1790072154226.046,23.361573
06e9e5b9,1670,1669,1790072154267.079,41.032884
06e9e5b9,1671,1670,1790072154310.102,43.02258
06e9e5b9,1672,1671,1790072154352.381,42.279418
06e9e5b9,1673,1672,1790072154403.771,51.390162
06e9e5b9,1674,1673,1790072154430.327,26.555239
06e9e5b9,1675,1674,1790072154471.287,40.960584
06e9e5b9,1676,1675,1790072154504.912,33.624878
06e9e5b9,1677,1676,1790072154576.217,71.304995
06e9e5b9,1678,1677,1790072154586.695,10.477675
06e9e5b9,1679,1678,1790072154628.713,42.018568
06e9e5b9,1680,1679,1790072154684.829,56.115867
06e9e5b9,1681,1680,1790072154712.098,27.269017
06e9e5b9,1682,1681,1790072154741.599,29.501189
06e9e5b9,1683,1682,1790072154799.796,58.196886
06e9e5b9,1684,1683,1790072154829.802,30.005748
06e9e5b9,1685,1684,1790072154883.906,54.104314
06e9e5b9,1686,1685,1790072154911.777,27.870853
06e9e5b9,1687,1686,1790072154950.873,39.095501
06e9e5b9,1688,1687,1790072154987.431,36.558432
06e9e5b9,1689,1688,1790072155041.259,53.828178
06e9e5b9,1690,1689,1790072155073.229,31.969362
06e9e5b9,1691,1690,1790072155123.519,50.290505
06e9e5b9,1692,1691,1790072155152.973,29.453445
06e9e5b9,1693,1692,1790072155193.79,40.817768
06e9e5b9,1694,1693,1790072155227.785,33.994234
06e9e5b9,1695,1694,1790072155289.153,61.368459
06e9e5b9,1696,1695,1790072155315.855,26.702095
06e9e5b9,1697,1696,1790072155364.479,48.623471
06e9e5b9,1698,1697,1790072155394.374,29.895345
06e9e5b9,1699,1698,1790072155437.012,42.638452
06e9e5b9,1700,1699,1790072155475.485,38.472314
06e9e5b9,1701,1700,1790072155509.748,34.263633
06e9e5b9,1702,1701,1790072155551.19,41.441771
06e9e5b9,1703,1702,1790072155609.084,57.893771
06e9e5b9,1704,1703,1790072155632.533,23.448964
06e9e5b9,1705,1704,1790072155672.931,40.398508
06e9e5b9,1706,1705,1790072155675.689,2.757827
06e9e5b9,1707,1706,1790072155678.112,2.422379
06e9e5b9,1708,1707,1790072155679.118,1.006362
06e9e5b9,1709,1708,1790072155683.488,4.370391
06e9e5b9,1710,1709,1790072155686.215,2.726794
06e9e5b9,1711,1710,1790072155750.064,63.849163
06e9e5b9,1712,1711,1790072156039.487,289.422923
06e9e5b9,1713,1712,1790072156074.442,34.955107
06e9e5b9,1714,1713,1790072156114.76,40.318195
06e9e5b9,1715,1714,1790072156168.594,53.833732
06e9e5b9,1716,1715,1790072156200.031,31.436262
06e9e5b9,1717,1716,1790072156229.349,29.318539
06e9e5b9,1718,1717,1790072156270.284,40.935062
06e9e5b9,1719,1718,1790072156319.62,49.33606
06e9e5b9,1720,1719,1790072156351.774,32.153631
06e9e5b9,1721,1720,1790072156401.895,50.121415
06e9e5b9,1722,1721,1790072156434.86,32.964771
06e9e5b9,1723,1722,1790072156484.868,50.008478
06e9e5b9,1724,1723,1790072156507.216,22.347399
06e9e5b9,1725,1724,1790072156553.458,46.2416
06e9e5b9,1726,1725,1790072156589.161,35.703096
06e9e5b9,1727,1726,1790072156629.67,40.50919
06e9e5b9,1728,1727,1790072156690.464,60.793891
06e9e5b9,1729,1728,1790072156715.036,24.572679
06e9e5b9,1730,1729,1790072156765.616,50.579508
06e9e5b9,1731,1730,1790072156802.537,36.921225
06e9e5b9,1732,1731,1790072156838.719,36.181797
06e9e5b9,1733,1732,1790072156869.518,30.799467
06e9e5b9,1734,1733,1790072156914.121,44.602722
06e9e5b9,1735,1734,1790072156953.426,39.304795
06e9e5b9,1736,1735,1790072156996.047,42.621647
06e9e5b9,1737,1736,1790072157044.083,48.035652
06e9e5b9,1738,1737,1790072157066.007,21.923822
06e9e5b9,1739,1738,1790072157107.536,41.528768
06e9e5b9,1740,1739,1790072157156.136,48.599985
06e9e5b9,1741,1740,1790072157196.062,39.925899
06e9e5b9,1742,1741,1790072157237.062,41.000886
06e9e5b9,1743,1742,1790072157270.012,32.949775
06e9e5b9,1744,1743,1790072157311.759,41.747144
06e9e5b9,1745,1744,1790072157366.322,54.562852
06e9e5b9,1746,1745,1790072157394.446,28.123489
06e9e5b9,1747,1746,1790072157437.96,43.51483
06e9e5b9,1748,1747,1790072157467.028,29.066951
06e9e5b9,1749,1748,1790072157514.953,47.925642
06e9e5b9,1750,1749,1790072157549.029,34.076148
06e9e5b9,1751,1750,1790072157602.771,53.7418
06e9e5b9,1752,1751,1790072157639.185,36.413927
06e9e5b9,1753,1752,1790072157684.18,44.994816
06e9e5b9,1754,1753,1790072157686.982,2.802
06e9e5b9,1755,1754,1790072157689.327,2.345501
06e9e5b9,1756,1755,1790072157692.674,3.346614
06e9e5b9,1757,1756,1790072157693.911,1.237254
06e9e5b9,1758,1757,1790072157694.796,0.884764
06e9e5b9,1759,1758,1790072157760.354,65.558192
06e9e5b9,1760,1759,1790072158037.516,277.161681
06e9e5b9,1761,1760,1790072158077.209,39.6936
06e9e5b9,1762,1761,1790072158116.085,38.875875
06e9e5b9,1763,1762,1790072158154.305,38.219626
06e9e5b9,1764,1763,1790072158188.483,34.177756
06e9e5b9,1765,1764,1790072158230.244,41.761727
06e9e5b9,1766,1765,1790072158271.525,41.280327
06e9e5b9,1767,1766,1790072158311.725,40.200374
06e9e5b9,1768,1767,1790072158346.343,34.618097
06e9e5b9,1769,1768,1790072158401.078,54.734391
06e9e5b9,1770,1769,1790072158443.26,42.182257
06e9e5b9,1771,1770,1790072158482.89,39.630481
06e9e5b9,1772,1771,1790072158514.977,32.08686
06e9e5b9,1773,1772,1790072158559.857,44.879673
06e9e5b9,1774,1773,1790072158587.479,27.622435
06e9e5b9,1775,1774,1790072158630.172,42.692605
06e9e5b9,1776,1775,1790072158668.769,38.597045
06e9e5b9,1777,1776,1790072158711.131,42.361871
06e9e5b9,1778,1777,1790072158764.765,53.633951
06e9e5b9,1779,1778,1790072158792.426,27.661125
06e9e5b9,1780,1779,1790072158824.483,32.057167
06e9e5b9,1781,1780,1790072158869.756,45.272843
06e9e5b9,1782,1781,1790072158910.085,40.328941
06e9e5b9,1783,1782,1790072158953.098,43.013352
06e9e5b9,1784,1783,1790072158994.951,41.852947
06e9e5b9,1785,1784,1790072159030.281,35.330215
06e9e5b9,1786,1785,1790072159076.943,46.661953
06e9e5b9,1787,1786,1790072159125.148,48.204854
06e9e5b9,1788,1787,1790072159160.012,34.864067
06e9e5b9,1789,1788,1790072159209.317,49.304492
06e9e5b9,1790,1789,1790072159237.345,28.028491
06e9e5b9,1791,1790,1790072159268.684,31.338611
06e9e5b9,1792,1791,1790072159318.02,49.335836
06e9e5b9,1793,1792,1790072159351.781,33.760885
06e9e5b9,1794,1793,1790072159386.703,34.922073
06e9e5b9,1795,1794,1790072159426.207,39.503837
06e9e5b9,1796,1795,1790072159469.871,43.664094
06e9e5b9,1797,1796,1790072159504.483,34.612661
06e9e5b9,1798,1797,1790072159557.476,52.992365
06e9e5b9,1799,1798,1790072159591.775,34.299565
06e9e5b9,1800,1799,1790072159632.18,40.404639
06e9e5b9,1801,1800,1790072159680.762,48.582576
06e9e5b9,1802,1801,1790072159682.544,1.781381
06e9e5b9,1803,1802,1790072159683.927,1.38268
06e9e5b9,1804,1803,1790072159685.116,1.189559
06e9e5b9,1805,1804,1790072159686.279,1.16289
06e9e5b9,1806,1805,1790072159751.528,65.249307
06e9e5b9,1807,1806,1790072160041.447,289.919109
06e9e5b9,1808,1807,1790072160068.0,26.552793
06e9e5b9,1809,1808,1790072160119.112,51.111729
06e9e5b9,1810,1809,1790072160152.226,33.114321
06e9e5b9,1811,1810,1790072160200.732,48.505636
06e9e5b9,1812,1811,1790072160236.662,35.930031
06e9e5b9,1813,1812,1790072160273.601,36.938653
06e9e5b9,1814,1813,1790072160306.814,33.213994
06e9e5b9,1815,1814,1790072160350.277,43.462862
06e9e5b9,1816,1815,1790072160408.426,58.148917
06e9e5b9,1817,1816,1790072160429.049,20.622215
06e9e5b9,1818,1817,1790072160483.071,54.022707
06e9e5b9,1819,1818,1790072160520.122,37.050826
06e9e5b9,1820,1819,1790072160552.728,32.605725
06e9e5b9,1821,1820,1790072160593.505,40.777527
06e9e5b9,1822,1821,1790072160635.0,41.494946
06e9e5b9,1823,1822,1790072160678.68,43.680273
06e9e5b9,1824,1823,1790072160711.802,33.12133
06e9e5b9,1825,1824,1790072160750.073,38.271396
06e9e5b9,1826,1825,1790072160811.079,61.00533
06e9e5b9,1827,1826,1790072160839.663,28.584252
06e9e5b9,1828,1827,1790072160887.917,48.254298
06e9e5b9,1829,1828,1790072160917.595,29.677977
06e9e5b9,1830,1829,1790072160955.003,37.408316
06e9e5b9,1831,1830,1790072161012.91,57.906542
06e9e5b9,1832,1831,1790072161039.123,26.213413
06e9e5b9,1833,1832,1790072161070.469,31.345795
06e9e5b9,1834,1833,1790072161115.985,45.516298
06e9e5b9,1835,1834,1790072161153.144,37.158715
06e9e5b9,1836,1835,1790072161192.12,38.975684
06e9e5b9,1837,1836,1790072161242.947,50.827313
06e9e5b9,1838,1837,1790072161266.135,23.188387
06e9e5b9,1839,1838,1790072161322.543,56.407399
06e9e5b9,1840,1839,1790072161347.848,25.305552
06e9e5b9,1841,1840,1790072161391.086,43.237884
06e9e5b9,1842,1841,1790072161428.867,37.780883
06e9e5b9,1843,1842,1790072161478.936,50.069085
06e9e5b9,1844,1843,1790072161518.716,39.779822
06e9e5b9,1845,1844,1790072161551.229,32.513323
06e9e5b9,1846,1845,1790072161594.432,43.202304
06e9e5b9,1847,1846,1790072161638.936,44.504263
06e9e5b9,1848,1847,1790072161700.456,61.519448
06e9e5b9,1849,1848,1790072161703.225,2.769638
06e9e5b9,1850,1849,1790072161710.148,6.922834
06e9e5b9,1851,1850,1790072161712.414,2.266332
06e9e5b9,1852,1851,1790072161721.07,8.655974
06e9e5b9,1853,1852,1790072161728.833,7.763346
06e9e5b9,1854,1853,1790072161749.834,21.000658
06e9e5b9,1855,1854,1790072162025.952,276.117786
06e9e5b9,1856,1855,1790072162070.534,44.582033
06e9e5b9,1857,1856,1790072162109.525,38.990569
06e9e5b9,1858,1857,1790072162160.429,50.904194
06e9e5b9,1859,1858,1790072162192.035,31.605838
06e9e5b9,1860,1859,1790072162233.743,41.708436
06e9e5b9,1861,1860,1790072162265.654,31.910906
06e9e5b9,1862,1861,1790072162332.352,66.698134
06e9e5b9,1863,1862,1790072162356.683,24.330464
06e9e5b9,1864,1863,1790072162387.352,30.669308
06e9e5b9,1865,1864,1790072162436.676,49.323668
06e9e5b9,1866,1865,1790072162477.653,40.977553
06e9e5b9,1867,1866,1790072162512.154,34.500985
06e9e5b9,1868,1867,1790072162550.304,38.149948
06e9e5b9,1869,1868,1790072162599.186,48.881773
06e9e5b9,1870,1869,1790072162638.176,38.990233
06e9e5b9,1871,1870,1790072162692.093,53.917205
06e9e5b9,1872,1871,1790072162727.495,35.401288
06e9e5b9,1873,1872,1790072162750.869,23.374016
06e9e5b9,1874,1873,1790072162798.858,47.989777
06e9e5b9,1875,1874,1790072162829.475,30.616669
06e9e5b9,1876,1875,1790072162870.884,41.409031
06e9e5b9,1877,1876,1790072162911.108,40.223845
06e9e5b9,1878,1877,1790072162964.857,53.749559
06e9e5b9,1879,1878,1790072162995.475,30.617267
06e9e5b9,1880,1879,1790072163034.291,38.815806
06e9e5b9,1881,1880,1790072163072.121,37.830862
06e9e5b9,1882,1881,1790072163126.632,54.510769
06e9e5b9,1883,1882,1790072163155.85,29.217706
06e9e5b9,1884,1883,1790072163186.911,31.060634
06e9e5b9,1885,1884,1790072163240.57,53.659221
06e9e5b9,1886,1885,1790072163269.427,28.856753
06e9e5b9,1887,1886,1790072163326.838,57.411541
06e9e5b9,1888,1887,1790072163350.869,24.030819
06e9e5b9,1889,1888,1790072163394.667,43.79852
06e9e5b9,1890,1889,1790072163433.652,38.984923
06e9e5b9,1891,1890,1790072163482.741,49.088651
06e9e5b9,1892,1891,1790072163518.153,35.411643
06e9e5b9,1893,1892,1790072163562.094,43.941707
06e9e5b9,1894,1893,1790072163587.058,24.963628
06e9e5b9,1895,1894,1790072163640.284,53.226159
06e9e5b9,1896,1895,1790072163689.563,49.279465
06e9e5b9,1897,1896,1790072163693.514,3.950184
06e9e5b9,1898,1897,1790072163696.078,2.56401
06e9e5b9,1899,1898,1790072163698.915,2.837301
06e9e5b9,1900,1899,1790072163701.154,2.239129
06e9e5b9,1901,1900,1790072163702.392,1.237733
06e9e5b9,1902,1901,1790072163753.178,50.786168
06e9e5b9,1903,1902,1790072164027.565,274.386823
06e9e5b9,1904,1903,1790072164084.848,57.283295
06e9e5b9,1905,1904,1790072164118.797,33.948754
06e9e5b9,1906,1905,1790072164168.271,49.474174
06e9e5b9,1907,1906,1790072164201.759,33.487802
06e9e5b9,1908,1907,1790072164255.618,53.858646
06e9e5b9,1909,1908,1790072164355.715,100.097468
06e9e5b9,1910,1909,1790072164374.279,18.564046
06e9e5b9,1911,1910,1790072164388.048,13.768705
06e9e5b9,1912,1911,1790072164392.15,4.102063
06e9e5b9,1913,1912,1790072164433.172,41.02225
06e9e5b9,1914,1913,1790072164492.302,59.129399
06e9e5b9,1915,1914,1790072164512.752,20.450897
06e9e5b9,1916,1915,1790072164555.606,42.854157
06e9e5b9,1917,1916,1790072164607.226,51.618921
06e9e5b9,1918,1917,1790072164627.407,20.181212
06e9e5b9,1919,1918,1790072164679.294,51.887307
06e9e5b9,1920,1919,1790072164707.05,27.75633
06e9e5b9,1921,1920,1790072164761.915,54.864928
06e9e5b9,1922,1921,1790072164791.252,29.337286
06e9e5b9,1923,1922,1790072164834.486,43.233715
06e9e5b9,1924,1923,1790072164870.988,36.501777
06e9e5b9,1925,1924,1790072164927.261,56.27316
06e9e5b9,1926,1925,1790072164968.842,41.581056
06e9e5b9,1927,1926,1790072164988.286,19.443353
06e9e5b9,1928,1927,1790072165027.915,39.629158
06e9e5b9,1929,1928,1790072165074.169,46.254112
06e9e5b9,1930,1929,1790072165115.927,41.758583
06e9e5b9,1931,1930,1790072165146.329,30.401295
06e9e5b9,1932,1931,1790072165197.818,51.489538
06e9e5b9,1933,1932,1790072165247.048,49.229356
06e9e5b9,1934,1933,1790072165270.032,22.984671
06e9e5b9,1935,1934,1790072165334.124,64.091192
06e9e5b9,1936,1935,1790072165364.049,29.925535
06e9e5b9,1937,1936,1790072165397.835,33.78629
06e9e5b9,1938,1937,1790072165428.564,30.728792
06e9e5b9,1939,1938,1790072165466.82,38.255959
06e9e5b9,1940,1939,1790072165509.525,42.705072
06e9e5b9,1941,1940,1790072165543.529,34.003358
06e9e5b9,1942,1941,1790072165586.14,42.611377
06e9e5b9,1943,1942,1790072165651.165,65.024835
06e9e5b9,1944,1943,1790072165677.178,26.013282
06e9e5b9,1945,1944,1790072165680.011,2.833341
06e9e5b9,1946,1945,1790072165682.959,2.948068
06e9e5b9,1947,1946,1790072165685.706,2.746978
06e9e5b9,1948,1947,1790072165688.626,2.91952
06e9e5b9,1949,1948,1790072165691.644,3.01761
06e9e5b9,1950,1949,1790072165751.39,59.746259
06e9e5b9,1951,1950,1790072166034.623,283.232838
06e9e5b9,1952,1951,1790072166069.217,34.594124
06e9e5b9,1953,1952,1790072166111.692,42.47555
06e9e5b9,1954,1953,1790072166159.293,47.600814
06e9e5b9,1955,1954,1790072166197.55,38.257195
06e9e5b9,1956,1955,1790072166241.248,43.697668
06e9e5b9,1957,1956,1790072166274.012,32.763795
06e9e5b9,1958,1957,1790072166310.078,36.065831
06e9e5b9,1959,1958,1790072166361.352,51.274639
06e9e5b9,1960,1959,1790072166416.648,55.29593
06e9e5b9,1961,1960,1790072166442.78,26.13131
06e9e5b9,1962,1961,1790072166469.103,26.323427
06e9e5b9,1963,1962,1790072166513.386,44.283494
06e9e5b9,1964,1963,1790072166560.184,46.797474
06e9e5b9,1965,1964,1790072166589.786,29.601952
06e9e5b9,1966,1965,1790072166657.986,68.200462
06e9e5b9,1967,1966,1790072166682.875,24.888986
06e9e5b9,1968,1967,1790072166706.828,23.953208
06e9e5b9,1969,1968,1790072166756.496,49.667047
06e9e5b9,1970,1969,1790072166790.477,33.981548
06e9e5b9,1971,1970,1790072166832.455,41.977865
06e9e5b9,1972,1971,1790072166877.526,45.071264
06e9e5b9,1973,1972,1790072166914.077,36.551158
06e9e5b9,1974,1973,1790072166958.388,44.31113
06e9e5b9,1975,1974,1790072166995.594,37.205779
06e9e5b9,1976,1975,1790072167028.013,32.418598
06e9e5b9,1977,1976,1790072167078.054,50.041667
06e9e5b9,1978,1977,1790072167111.675,33.619952
06e9e5b9,1979,1978,1790072167156.148,44.47393
06e9e5b9,1980,1979,1790072167191.19,35.041284
06e9e5b9,1981,1980,1790072167229.251,38.061163
06e9e5b9,1982,1981,1790072167286.401,57.150142
06e9e5b9,1983,1982,1790072167308.226,21.825083
06e9e5b9,1984,1983,1790072167347.052,38.825519
06e9e5b9,1985,1984,1790072167388.289,41.236981
06e9e5b9,1986,1985,1790072167437.571,49.282238
06e9e5b9,1987,1986,1790072167477.493,39.922531
06e9e5b9,1988,1987,1790072167525.537,48.043985
06e9e5b9,1989,1988,1790072167555.599,30.062036
06e9e5b9,1990,1989,1790072167591.383,35.783952
06e9e5b9,1991,1990,1790072167627.703,36.319504
06e9e5b9,1992,1991,1790072167678.545,50.841827
06e9e5b9,1993,1992,1790072167680.077,1.532579
06e9e5b9,1994,1993,1790072167681.209,1.132136
06e9e5b9,1995,1994,1790072167682.344,1.134347
06e9e5b9,1996,1995,1790072167683.451,1.107412
06e9e5b9,1997,1996,1790072167686.267,2.816298
06e9e5b9,1998,1997,1790072167756.449,70.181179
06e9e5b9,1999,1998,1790072168027.291,270.841955
06e9e5b9,2000,1999,1790072168080.474,53.18345
06e9e5b9,2001,2000,1790072168125.746,45.27172
06e9e5b9,2002,2001,1790072168154.137,28.391112
06e9e5b9,2003,2002,1790072168202.538,48.400979
06e9e5b9,2004,2003,1790072168242.93,40.392694
06e9e5b9,2005,2004,1790072168284.285,41.354886
06e9e5b9,2006,2005,1790072168310.572,26.286534
06e9e5b9,2007,2006,1790072168349.505,38.933401
06e9e5b9,2008,2007,1790072168386.902,37.396808
06e9e5b9,2009,2008,1790072168430.161,43.258768
06e9e5b9,2010,2009,1790072168483.917,53.756062
06e9e5b9,2011,2010,1790072168509.399,25.481873
06e9e5b9,2012,2011,1790072168566.219,56.819734
06e9e5b9,2013,2012,1790072168592.985,26.766267
06e9e5b9,2014,2013,1790072168642.014,49.029185
06e9e5b9,2015,2014,1790072168673.673,31.658846
06e9e5b9,2016,2015,1790072168714.715,41.041846
06e9e5b9,2017,2016,1790072168772.645,57.930413
06e9e5b9,2018,2017,1790072168805.311,32.665586
06e9e5b9,2019,2018,1790072168832.84,27.529274
06e9e5b9,2020,2019,1790072168884.559,51.719062
06e9e5b9,2021,2020,1790072168911.387,26.828205
06e9e5b9,2022,2021,1790072168954.62,43.232628
06e9e5b9,2023,2022,1790072169006.562,51.94158
06e9e5b9,2024,2023,1790072169028.249,21.686999
06e9e5b9,2025,2024,1790072169069.698,41.449449
06e9e5b9,2026,2025,1790072169111.662,41.964228
06e9e5b9,2027,2026,1790072169151.469,39.806757
06e9e5b9,2028,2027,1790072169190.815,39.345865
06e9e5b9,2029,2028,1790072169235.59,44.774748
06e9e5b9,2030,2029,1790072169282.344,46.75411
06e9e5b9,2031,2030,1790072169304.144,21.800327
06e9e5b9,2032,2031,1790072169347.504,43.359767
06e9e5b9,2033,2032,1790072169412.095,64.591529
06e9e5b9,2034,2033,1790072169441.165,29.069775
06e9e5b9,2035,2034,1790072169477.781,36.615591
06e9e5b9,2036,2035,1790072169513.02,35.239276
06e9e5b9,2037,2036,1790072169550.416,37.396142
06e9e5b9,2038,2037,1790072169592.452,42.036431
06e9e5b9,2039,2038,1790072169654.544,62.091622
06e9e5b9,2040,2039,1790072169677.599,23.054506
06e9e5b9,2041,2040,1790072169682.563,4.964662
06e9e5b9,2042,2041,1790072169698.971,16.407999
06e9e5b9,2043,2042,1790072169701.367,2.395324
06e9e5b9,2044,2043,1790072169705.681,4.314109
06e9e5b9,2045,2044,1790072169713.866,8.185781
06e9e5b9,2046,2045,1790072169744.851,30.984618
06e9e5b9,2047,2046,1790072170044.247,299.395574
06e9e5b9,2048,2047,1790072170078.323,34.075821
06e9e5b9,2049,2048,1790072170123.273,44.950925
06e9e5b9,2050,2049,1790072170149.104,25.830219
06e9e5b9,2051,2050,1790072170197.091,47.987463
06e9e5b9,2052,2051,1790072170230.116,33.024659
06e9e5b9,2053,2052,1790072170276.238,46.122434
06e9e5b9,2054,2053,1790072170318.496,42.257881
06e9e5b9,2055,2054,1790072170364.77,46.274023
06e9e5b9,2056,2055,1790072170394.904,30.133493
06e9e5b9,2057,2056,1790072170441.966,47.06211
06e9e5b9,2058,2057,1790072170470.115,28.149819
06e9e5b9,2059,2058,1790072170530.422,60.30684
06e9e5b9,2060,2059,1790072170568.483,38.060313
06e9e5b9,2061,2060,1790072170586.649,18.166553
06e9e5b9,2062,2061,1790072170626.992,40.342669
06e9e5b9,2063,2062,1790072170678.976,51.983614
06e9e5b9,2064,2063,1790072170713.461,34.485703
06e9e5b9,2065,2064,1790072170749.882,36.420651
06e9e5b9,2066,2065,1790072170809.709,59.827677
06e9e5b9,2067,2066,1790072170845.462,35.752605
06e9e5b9,2068,2067,1790072170865.534,20.07185
06e9e5b9,2069,2068,1790072170914.021,48.486987
06e9e5b9,2070,2069,1790072170948.874,34.85276
06e9e5b9,2071,2070,1790072171004.338,55.464128
06e9e5b9,2072,2071,1790072171040.566,36.228355
06e9e5b9,2073,2072,1790072171072.443,31.876875
06e9e5b9,2074,2073,1790072171112.659,40.215527
06e9e5b9,2075,2074,1790072171152.482,39.823092
06e9e5b9,2076,2075,1790072171194.495,42.013402
06e9e5b9,2077,2076,1790072171240.41,45.914426
06e9e5b9,2078,2077,1790072171271.875,31.465803
06e9e5b9,2079,2078,1790072171305.116,33.240897
06e9e5b9,2080,2079,1790072171360.444,55.32819
06e9e5b9,2081,2080,1790072171388.68,28.235629
06e9e5b9,2082,2081,1790072171451.278,62.597565
06e9e5b9,2083,2082,1790072171477.906,26.628574
06e9e5b9,2084,2083,1790072171518.391,40.484318
06e9e5b9,2085,2084,1790072171563.05,44.65988
06e9e5b9,2086,2085,1790072171594.89,31.839581
06e9e5b9,2087,2086,1790072171629.674,34.783836
06e9e5b9,2088,2087,1790072171681.666,51.992466
06e9e5b9,2089,2088,1790072171684.642,2.975722
06e9e5b9,2090,2089,1790072171686.072,1.429965
06e9e5b9,2091,2090,1790072171690.149,4.077476
06e9e5b9,2092,2091,1790072171693.258,3.108619
06e9e5b9,2093,2092,1790072171697.995,4.73691
06e9e5b9,2094,2093,1790072171756.535,58.540086
06e9e5b9,2095,2094,1790072172033.552,277.017019
06e9e5b9,2096,2095,1790072172077.156,43.603729
06e9e5b9,2097,2096,1790072172120.561,43.405173
06e9e5b9,2098,2097,1790072172147.076,26.515106
06e9e5b9,2099,2098,1790072172188.877,41.800718
06e9e5b9,2100,2099,1790072172226.895,38.017928
06e9e5b9,2101,2100,1790072172286.295,59.400427
06e9e5b9,2102,2101,1790072172331.788,45.492851
06e9e5b9,2103,2102,1790072172372.43,40.642219
06e9e5b9,2104,2103,1790072172402.535,30.105087
06e9e5b9,2105,2104,1790072172427.409,24.873858
06e9e5b9,2106,2105,1790072172474.961,47.551772
06e9e5b9,2107,2106,1790072172510.867,35.906253
06e9e5b9,2108,2107,1790072172559.798,48.930627
06e9e5b9,2109,2108,1790072172586.957,27.159495
06e9e5b9,2110,2109,1790072172638.205,51.247693
06e9e5b9,2111,2110,1790072172680.458,42.252933
06e9e5b9,2112,2111,1790072172711.651,31.193072
06e9e5b9,2113,2112,1790072172748.264,36.613442
06e9e5b9,2114,2113,1790072172791.788,43.52323
06e9e5b9,2115,2114,1790072172826.558,34.770657
06e9e5b9,2116,2115,1790072172880.524,53.965706
06e9e5b9,2117,2116,1790072172912.864,32.340154
06e9e5b9,2118,2117,1790072172955.614,42.749637
06e9e5b9,2119,2118,1790072172996.201,40.587221
06e9e5b9,2120,2119,1790072173043.033,46.832168
06e9e5b9,2121,2120,1790072173074.045,31.011632
06e9e5b9,2122,2121,1790072173129.057,55.012206
06e9e5b9,2123,2122,1790072173154.868,25.810798
06e9e5b9,2124,2123,1790072173205.577,50.709004
06e9e5b9,2125,2124,1790072173233.925,28.34807
06e9e5b9,2126,2125,1790072173268.808,34.882684
06e9e5b9,2127,2126,1790072173327.781,58.97336
06e9e5b9,2128,2127,1790072173369.118,41.336978
06e9e5b9,2129,2128,1790072173403.183,34.065141
06e9e5b9,2130,2129,1790072173429.15,25.966779
06e9e5b9,2131,2130,1790072173470.339,41.188681
06e9e5b9,2132,2131,1790072173518.06,47.721057
06e9e5b9,2133,2132,1790072173551.887,33.827033
06e9e5b9,2134,2133,1790072173607.564,55.676941
06e9e5b9,2135,2134,1790072173641.34,33.776548
06e9e5b9,2136,2135,1790072173692.95,51.609512
06e9e5b9,2137,2136,1790072173697.01,4.060263
06e9e5b9,2138,2137,1790072173710.079,13.069249
06e9e5b9,2139,2138,1790072173717.58,7.500865
06e9e5b9,2140,2139,1790072173721.021,3.440424
06e9e5b9,2141,2140,1790072173725.954,4.933609
06e9e5b9,2142,2141,1790072173751.773,25.819361
06e9e5b9,2143,2142,1790072174035.202,283.428603
06e9e5b9,2144,2143,1790072174075.773,40.571128
06e9e5b9,2145,2144,1790072174105.876,30.103208
06e9e5b9,2146,2145,1790072174152.27,46.393791
06e9e5b9,2147,2146,1790072174202.092,49.821922
06e9e5b9,2148,2147,1790072174246.984,44.892313
06e9e5b9,2149,2148,1790072174272.59,25.605752
06e9e5b9,2150,2149,1790072174313.686,41.095915
06e9e5b9,2151,2150,1790072174365.715,52.028642
06e9e5b9,2152,2151,1790072174400.205,34.490719
06e9e5b9,2153,2152,1790072174424.844,24.638562
06e9e5b9,2154,2153,1790072174470.732,45.887652
06e9e5b9,2155,2154,1790072174507.439,36.707754
06e9e5b9,2156,2155,1790072174562.387,54.947408
06e9e5b9,2157,2156,1790072174591.736,29.349086
06e9e5b9,2158,2157,1790072174628.415,36.678948
06e9e5b9,2159,2158,1790072174681.333,52.918435
06e9e5b9,2160,2159,1790072174712.767,31.433876
06e9e5b9,2161,2160,1790072174748.585,35.817452
06e9e5b9,2162,2161,1790072174797.68,49.095398
06e9e5b9,2163,2162,1790072174824.47,26.790225
06e9e5b9,2164,2163,1790072174872.892,48.421301
06e9e5b9,2165,2164,1790072174914.777,41.885222
06e9e5b9,2166,2165,1790072174960.944,46.16767
06e9e5b9,2167,2166,1790072174988.082,27.137586
06e9e5b9,2168,2167,1790072175027.697,39.614666
06e9e5b9,2169,2168,1790072175070.519,42.822026
06e9e5b9,2170,2169,1790072175131.859,61.340123
06e9e5b9,2171,2170,1790072175152.565,20.705903
06e9e5b9,2172,2171,1790072175186.869,34.303979
06e9e5b9,2173,2172,1790072175228.436,41.567631
06e9e5b9,2174,2173,1790072175270.698,42.262111
06e9e5b9,2175,2174,1790072175314.104,43.405697
06e9e5b9,2176,2175,1790072175366.041,51.937193
06e9e5b9,2177,2176,1790072175399.264,33.222901
06e9e5b9,2178,2177,1790072175438.84,39.576052
06e9e5b9,2179,2178,1790072175475.609,36.768395
06e9e5b9,2180,2179,1790072175517.947,42.338397
06e9e5b9,2181,2180,1790072175552.874,34.927311
06e9e5b9,2182,2181,1790072175586.973,34.098251
06e9e5b9,2183,2182,1790072175642.502,55.529658
06e9e5b9,2184,2183,1790072175701.847,59.344747
06e9e5b9,2185,2184,1790072175706.21,4.363134
06e9e5b9,2186,2185,1790072175711.917,5.706909
06e9e5b9,2187,2186,1790072175715.265,3.347835
06e9e5b9,2188,2187,1790072175716.684,1.41906
06e9e5b9,2189,2188,1790072175719.516,2.83247
06e9e5b9,2190,2189,1790072175752.009,32.492316
06e9e5b9,2191,2190,1790072176035.264,283.255443
06e9e5b9,2192,2191,1790072176084.743,49.47862
06e9e5b9,2193,2192,1790072176114.279,29.536197
06e9e5b9,2194,2193,1790072176152.859,38.580093
06e9e5b9,2195,2194,1790072176192.271,39.412005
06e9e5b9,2196,2195,1790072176236.0,43.729083
06e9e5b9,2197,2196,1790072176285.789,49.788439
06e9e5b9,2198,2197,1790072176310.732,24.943244
06e9e5b9,2199,2198,1790072176358.646,47.914629
06e9e5b9,2200,2199,1790072176411.267,52.62059
06e9e5b9,2201,2200,1790072176431.785,20.51765
06e9e5b9,2202,2201,1790072176487.705,55.920122
06e9e5b9,2203,2202,1790072176516.391,28.685663
06e9e5b9,2204,2203,1790072176549.099,32.708048
06e9e5b9,2205,2204,1790072176594.5,45.40168
06e9e5b9,2206,2205,1790072176630.699,36.198668
06e9e5b9,2207,2206,1790072176676.929,46.230531
06e9e5b9,2208,2207,1790072176712.176,35.246324
06e9e5b9,2209,2208,1790072176753.144,40.968408
06e9e5b9,2210,2209,1790072176804.082,50.938078
06e9e5b9,2211,2210,1790072176828.363,24.28027
06e9e5b9,2212,2211,1790072176876.63,48.267398
06e9e5b9,2213,2212,1790072176914.438,37.807596
06e9e5b9,2214,2213,1790072176961.857,47.419534
06e9e5b9,2215,2214,1790072176988.826,26.969033
06e9e5b9,2216,2215,1790072177041.46,52.634113
06e9e5b9,2217,2216,1790072177071.524,30.064118
06e9e5b9,2218,2217,1790072177117.83,46.305941
06e9e5b9,2219,2218,1790072177153.503,35.673132
06e9e5b9,2220,2219,1790072177197.479,43.97573
06e9e5b9,2221,2220,1790072177229.974,32.495038
06e9e5b9,2222,2221,1790072177272.198,42.2239
06e9e5b9,2223,2222,1790072177305.765,33.566484
06e9e5b9,2224,2223,1790072177346.941,41.176467
06e9e5b9,2225,2224,1790072177401.182,54.241104
06e9e5b9,2226,2225,1790072177444.344,43.161332
06e9e5b9,2227,2226,1790072177477.972,33.628195
06e9e5b9,2228,2227,1790072177505.883,27.911655
06e9e5b9,2229,2228,1790072177555.494,49.610622
06e9e5b9,2230,2229,1790072177594.019,38.525318
06e9e5b9,2231,2230,1790072177629.343,35.3235
06e9e5b9,2232,2231,1790072177690.276,60.933076
06e9e5b9,2233,2232,1790072177692.733,2.457214
06e9e5b9,2234,2233,1790072177695.995,3.262202
06e9e5b9,2235,2234,1790072177702.685,6.690087
06e9e5b9,2236,2235,1790072177706.667,3.981488
06e9e5b9,2237,2236,1790072177720.807,14.139878
06e9e5b9,2238,2237,1790072177755.816,35.00979
06e9e5b9,2239,2238,1790072178035.664,279.84726
06e9e5b9,2240,2239,1790072178064.276,28.612609
06e9e5b9,2241,2240,1790072178109.575,45.299053
06e9e5b9,2242,2241,1790072178148.084,38.508543
06e9e5b9,2243,2242,1790072178188.659,40.575365
06e9e5b9,2244,2243,1790072178230.502,41.842838
06e9e5b9,2245,2244,1790072178276.962,46.459397
06e9e5b9,2246,2245,1790072178313.085,36.123964
06e9e5b9,2247,2246,1790072178353.01,39.924527
06e9e5b9,2248,2247,1790072178404.962,51.952217
06e9e5b9,2249,2248,1790072178434.505,29.542397
06e9e5b9,2250,2249,1790072178469.806,35.301085
06e9e5b9,2251,2250,1790072178515.98,46.173998
06e9e5b9,2252,2251,1790072178554.25,38.270439
06e9e5b9,2253,2252,1790072178599.302,45.052046
06e9e5b9,2254,2253,1790072178635.015,35.712636
06e9e5b9,2255,2254,1790072178670.956,35.940705
06e9e5b9,2256,2255,1790072178718.053,47.097365
06e9e5b9,2257,2256,1790072178762.262,44.209076
06e9e5b9,2258,2257,1790072178799.615,37.353149
06e9e5b9,2259,2258,1790072178838.36,38.744361
06e9e5b9,2260,2259,1790072178883.456,45.096286
06e9e5b9,2261,2260,1790072178905.644,22.188035
06e9e5b9,2262,2261,1790072178968.214,62.570387
06e9e5b9,2263,2262,1790072179004.665,36.450935
06e9e5b9,2264,2263,1790072179030.523,25.857439
06e9e5b9,2265,2264,1790072179090.328,59.805815
06e9e5b9,2266,2265,1790072179124.057,33.728173
06e9e5b9,2267,2266,1790072179160.552,36.494823
06e9e5b9,2268,2267,1790072179185.278,24.726555
06e9e5b9,2269,2268,1790072179232.535,47.256934
06e9e5b9,2270,2269,1790072179270.495,37.960247
06e9e5b9,2271,2270,1790072179320.593,50.098035
06e9e5b9,2272,2271,1790072179360.493,39.899699
06e9e5b9,2273,2272,1790072179396.21,35.717655
06e9e5b9,2274,2273,1790072179435.261,39.05036
06e9e5b9,2275,2274,1790072179468.719,33.45764
06e9e5b9,2276,2275,1790072179510.808,42.089137
06e9e5b9,2277,2276,1790072179555.096,44.288609
06e9e5b9,2278,2277,1790072179585.639,30.543218
06e9e5b9,2279,2278,1790072179634.09,48.45074
06e9e5b9,2280,2279,1790072179685.3,51.209501
06e9e5b9,2281,2280,1790072179694.74,9.439866
06e9e5b9,2282,2281,1790072179697.978,3.238771
06e9e5b9,2283,2282,1790072179702.242,4.263943
06e9e5b9,2284,2283,1790072179706.454,4.211287
06e9e5b9,2285,2284,1790072179708.024,1.570671
06e9e5b9,2286,2285,1790072179751.891,43.866736
06e9e5b9,2287,2286,1790072180026.874,274.982771
06e9e5b9,2288,2287,1790072180069.273,42.399268
06e9e5b9,2289,2288,1790072180113.212,43.939087
06e9e5b9,2290,2289,1790072180149.612,36.400168
06e9e5b9,2291,2290,1790072180202.868,53.255794
