pid,camera,camera_name,frame,object_id,label,is_label,epoch_ms,warmup,tracker_objects,targets,decoder_objects,worker,t0_ns,t1_ns,t2_ns,decoder_cuda_ms,decoder_host_ms,encoder_frame_cuda_ms,segment_wall_ms,queue_wait_ms,copy_wall_ms,cache_ns,has_mask,accepted,reject_reason,t2_cache_ms,t3_ns,output_frame,t2_t3_ms,t0_t3_ms,cache_t3_ms,t0_t1_ms,t1_t2_ms
1545,06e9e5b9,Cam góc rộng toàn sân,3029,105989861701223,Robot_2001,True,1790073141683.072,False,4,7,4,1,638778696152238,638778767481546,638778894174374,12.983263969421387,13.667056,12.812543869018555,166.083161,70.263714,0.232257,638778912535588,True,True,,18.361214,638779064478158,3036,170.303784,368.32592,151.94257,71.329308,126.692828
1545,06e9e5b9,Cam góc rộng toàn sân,3029,203145721272521,Robot_6868,True,1790073141683.072,False,4,7,4,1,638778696152238,638778767481546,638778856361874,22.53376007080078,20.313694,12.812543869018555,166.083161,70.263714,0.232257,638778879324987,True,True,,22.963113,638779064469194,3036,208.10732,368.316956,185.144207,71.329308,88.880328
1545,b1269e28,Cam 4,2673,163927143868405,Robot_28100,True,1790073147442.053,False,4,8,4,0,638784455133560,638784520988373,638784645510312,22.581951141357422,22.713434,8.797504425048828,139.465584,65.039494,0.371696,638784660381018,True,True,,14.870706,638784821706083,2678,176.195771,366.572523,161.325065,65.854813,124.521939
1545,b1269e28,Cam 4,811,163927143868405,Robot_28100,True,1790073054364.848,False,4,8,4,0,638691377928487,638691410006421,638691697346250,16.106367111206055,17.102084,7.983104228973389,300.38112,31.503902,0.221647,638691710306829,True,True,,12.960579,638691715881581,817,18.535331,337.953094,5.574752,32.077934,287.339829
1545,06e9e5b9,Cam góc rộng toàn sân,2939,105989861701223,Robot_2001,True,1790073137755.648,False,4,7,4,1,638774768728615,638774995988031,638775063557187,17.81865692138672,18.177933,9.362560272216797,82.145607,226.586676,0.291129,638775068680386,True,True,,5.123199,638775097579888,2941,34.022701,328.851273,28.899502,227.259416,67.569156
1545,b1269e28,Cam 4,2314,258791973882344,Robot_1,True,1790073129528.625,False,4,8,6,0,638766541705086,638766577969933,638766658440000,25.308576583862305,25.290927,12.874176025390625,192.035699,35.66542,0.289476,638766668597921,True,True,,10.157921,638766867263587,2318,208.823587,325.558501,198.665666,36.264847,80.470067
1545,b1269e28,Cam 4,2314,163927143868405,Robot_28100,True,1790073129528.625,False,4,8,6,0,638766541705086,638766577969933,638766720299374,11.954400062561035,11.919269,12.874176025390625,192.035699,35.66542,0.289476,638766730568648,True,True,,10.269274,638766867260165,2318,146.960791,325.555079,136.691517,36.264847,142.329441
1545,b1269e28,Cam 4,2314,70436418202045,Robot_2001,True,1790073129528.625,False,4,8,6,0,638766541705086,638766577969933,638766701815000,33.15577697753906,33.777267,12.874176025390625,192.035699,35.66542,0.289476,638766708334308,True,True,,6.519308,638766867253466,2318,165.438466,325.54838,158.919158,36.264847,123.845067
1545,c7e22c1f,Cam mới,1026,165620421351559,Robot_28100,False,1790073054343.599,False,1,1,1,1,638691356679661,638691401076045,638691432764218,22.176288604736328,22.170994,8.686304092407227,37.978909,43.696066,0.324546,638691439049297,True,True,,6.285079,638691677569944,1029,244.805726,320.890283,238.520647,44.396384,31.688173
1545,d1f37ed1,Cam hik 1,2733,215686623484377,Robot_1,True,1790073129753.588,False,1,2,2,1,638766766668051,638767013292020,638767043354062,15.17580795288086,14.896541,14.382399559020996,52.336174,245.870252,0.508914,638767053051363,True,True,,9.697301,638767087482674,2735,44.128612,320.814623,34.431311,246.623969,30.062042
1545,b1269e28,Cam 4,811,70436418202045,Robot_2001,True,1790073054364.848,False,4,8,4,0,638691377928487,638691410006421,638691471783750,9.803263664245605,9.77495,7.983104228973389,300.38112,31.503902,0.221647,638691680252163,True,True,,208.468413,638691695472092,815,223.688342,317.543605,15.219929,32.077934,61.777329
1545,b1269e28,Cam 4,2317,258791973882344,Robot_1,True,1790073129640.487,False,4,8,4,0,638766653567580,638766845938079,638766896580624,11.391584396362305,11.218454,10.683744430541992,90.289998,191.392291,0.641957,638766902040499,True,True,,5.459875,638766952086164,2322,55.50554,298.518584,50.045665,192.370499,50.642545
1545,b1269e28,Cam 4,2317,163927143868405,Robot_28100,True,1790073129640.487,False,4,8,4,0,638766653567580,638766845938079,638766930736874,9.70803165435791,9.83481,10.683744430541992,90.289998,191.392291,0.641957,638766936190333,True,True,,5.453459,638766952079892,2322,21.343018,298.512312,15.889559,192.370499,84.798795
1545,b1269e28,Cam 4,2317,70436418202045,Robot_2001,True,1790073129640.487,False,4,8,4,0,638766653567580,638766845938079,638766911861874,9.877504348754883,9.879381,10.683744430541992,90.289998,191.392291,0.641957,638766920921234,True,True,,9.05936,638766952072749,2322,40.210875,298.505169,31.151515,192.370499,65.923795
1545,b1269e28,Cam 4,2317,166004701118821,Rack,True,1790073129640.487,False,4,8,4,0,638766653567580,638766845938079,638766879775937,22.041696548461914,23.073314,10.683744430541992,90.289998,191.392291,0.641957,638766885228869,True,True,,5.452932,638766952061683,2322,72.285746,298.494103,66.832814,192.370499,33.837858
1545,b1269e28,Cam 4,811,258791973882344,Robot_1,True,1790073054364.848,False,4,8,4,0,638691377928487,638691410006421,638691451377500,11.24067211151123,11.096953,7.983104228973389,300.38112,31.503902,0.221647,638691461901044,True,True,,10.523544,638691676222687,814,224.845187,298.2942,214.321643,32.077934,41.371079
1545,d1f37ed1,Cam hik 1,2402,215686623484377,Robot_1,True,1790073115748.868,False,2,3,1,1,638752761948722,638752805862872,638752845986874,29.11302375793457,29.369193,10.220735549926758,50.779292,42.865626,0.456146,638752856616854,True,True,,10.62998,638753058111070,2403,212.124196,296.162348,201.494216,43.91415,40.124002
1545,b1269e28,Cam 4,1037,163927143868405,Robot_28100,True,1790073065646.384,False,4,8,4,0,638702659464041,638702770690346,638702873908750,18.594911575317383,18.582445,11.808480262756348,109.035586,110.239051,0.465028,638702879683879,True,True,,5.775129,638702955485939,1042,81.577189,296.021898,75.80206,111.226305,103.218404
1545,06e9e5b9,Cam góc rộng toàn sân,2030,105989861701223,Robot_2001,True,1790073099754.576,False,3,6,3,1,638736767655924,638736829960694,638736909182187,11.904000282287598,11.585191,10.18563175201416,84.515781,61.792023,0.207495,638736914384186,True,True,,5.201999,638737063260794,2031,154.078607,295.60487,148.876608,62.30477,79.221493
1545,e0606b55,Cam hướng ra cửa,305,116454320966922,Robot_6868,False,1790073025672.007,False,2,2,1,0,638662685087502,638662758669485,638662784501523,16.906688690185547,17.025279,8.553471565246582,32.012635,73.223626,0.152028,638662790648853,True,True,,6.14733,638662980685238,306,196.183715,295.597736,190.036385,73.581983,25.832038
1545,06e9e5b9,Cam góc rộng toàn sân,2030,203145721272521,Robot_6868,True,1790073099754.576,False,3,6,3,1,638736767655924,638736829960694,638736886596250,20.6246395111084,20.457843,10.18563175201416,84.515781,61.792023,0.207495,638736897225578,True,True,,10.629328,638737063253493,2031,176.657243,295.597569,166.027915,62.30477,56.635556
1545,06e9e5b9,Cam góc rộng toàn sân,2030,138493342419992,Robot_28100,True,1790073099754.576,False,3,6,3,1,638736767655924,638736829960694,638736855572812,14.865535736083984,14.971202,10.18563175201416,84.515781,61.792023,0.207495,638736865946694,True,True,,10.373882,638737063242661,2031,207.669849,295.586737,197.295967,62.30477,25.612118
1545,06e9e5b9,Cam góc rộng toàn sân,2476,105989861701223,Robot_2001,True,1790073118627.97,False,4,7,3,1,638755641050461,638755696296222,638755887650937,20.395200729370117,20.857549,6.801727771759033,203.471265,54.321189,0.598629,638755899502000,True,True,,11.851063,638755936446855,2483,48.795918,295.396394,36.944855,55.245761,191.354715
1545,e0606b55,Cam hướng ra cửa,2677,116454320966922,Robot_6868,False,1790073125671.495,False,3,3,1,0,638762684574783,638762787203644,638762817182187,18.76595115661621,22.507251,10.813920021057129,41.36641,101.386157,0.604136,638762828449451,True,True,,11.267264,638762978773937,2678,161.59175,294.199154,150.324486,102.628861,29.978543
1545,d1f37ed1,Cam hik 1,2354,215686623484377,Robot_1,True,1790073113753.824,False,2,3,2,1,638750766904697,638750785433562,638750801760312,9.464096069335938,10.67469,6.551072120666504,47.129324,17.531903,0.487152,638750815320613,True,True,,13.560301,638751059262713,2355,257.502401,292.358016,243.9421,18.528865,16.32675
1545,06e9e5b9,Cam góc rộng toàn sân,1464,105989861701223,Robot_2001,True,1790073075748.602,False,4,7,4,1,638712761682276,638712780491816,638712850846250,22.806943893432617,22.756102,5.731040000915527,85.932164,18.129799,0.226769,638712857494754,True,True,,6.648504,638713053688970,1465,202.84272,292.006694,196.194216,18.80954,70.354434
1545,06e9e5b9,Cam góc rộng toàn sân,1464,203145721272521,Robot_6868,True,1790073075748.602,False,4,7,4,1,638712761682276,638712780491816,638712820416562,14.377087593078613,14.0277,5.731040000915527,85.932164,18.129799,0.226769,638712827972374,True,True,,7.555812,638713053684754,1465,233.268192,292.002478,225.71238,18.80954,39.924746
1545,06e9e5b9,Cam góc rộng toàn sân,1464,138493342419992,Robot_28100,True,1790073075748.602,False,4,7,4,1,638712761682276,638712780491816,638712799936093,11.951935768127441,14.704078,5.731040000915527,85.932164,18.129799,0.226769,638712806011357,True,True,,6.075264,638713053676962,1465,253.740869,291.994686,247.665605,18.80954,19.444277
1545,e0606b55,Cam hướng ra cửa,2057,116454320966922,Robot_6868,False,1790073099668.958,False,3,3,1,0,638736682037900,638736823042730,638736853619687,17.975648880004883,20.811713,11.884096145629883,35.99009,140.325088,0.32808,638736858973603,True,True,,5.353916,638736973857420,2058,120.237733,291.81952,114.883817,141.00483,30.576957
1545,e0606b55,Cam hướng ra cửa,917,116454320966922,Robot_6868,False,1790073051664.149,False,2,2,1,0,638688677229612,638688722989300,638688741943906,9.411392211914062,11.175599,8.104703903198242,23.644456,45.093359,0.285071,638688746620915,True,True,,4.677009,638688968968329,918,227.024423,291.738717,222.347414,45.759688,18.954606
1545,d1f37ed1,Cam hik 1,1126,215686623484377,Robot_1,True,1790073061752.217,False,1,2,1,1,638698765297220,638698927277600,638698946193906,10.739904403686523,13.790721,7.7740478515625,23.162455,161.485215,0.163851,638698950383254,True,True,,4.189348,638699056910971,1127,110.717065,291.613751,106.527717,161.98038,18.916306
1545,e0606b55,Cam hướng ra cửa,1868,116454320966922,Robot_6868,False,1790073091669.147,False,3,3,1,0,638728682227797,638728816355892,638728838463437,10.360159873962402,16.097692,11.154975891113281,29.103675,133.575567,0.275164,638728845420069,True,True,,6.956632,638728973752239,1869,135.288802,291.524442,128.33217,134.128095,22.107545
1545,e0606b55,Cam hướng ra cửa,588,116454320966922,Robot_6868,False,1790073037663.694,False,2,2,1,0,638674676774566,638674780231694,638674795916562,9.632320404052734,11.481792,5.509535789489746,23.801098,103.018911,0.227195,638674803961454,True,True,,8.044892,638674968267079,589,172.350517,291.492513,164.305625,103.457128,15.684868
1545,06e9e5b9,Cam góc rộng toàn sân,2556,105989861701223,Robot_2001,True,1790073121752.272,False,4,7,4,1,638758765352281,638758794746532,638758892354062,19.347679138183594,19.259363,10.639904022216797,126.365184,28.135529,0.453822,638758902761035,True,True,,10.406973,638759056128231,2557,163.774169,290.77595,153.367196,29.394251,97.60753
1545,06e9e5b9,Cam góc rộng toàn sân,2556,203145721272521,Robot_6868,True,1790073121752.272,False,4,7,4,1,638758765352281,638758794746532,638758863244687,17.16080093383789,17.103209,10.639904022216797,126.365184,28.135529,0.453822,638758872982518,True,True,,9.737831,638759056123983,2557,192.879296,290.771702,183.141465,29.394251,68.498155
1545,06e9e5b9,Cam góc rộng toàn sân,2556,138493342419992,Robot_28100,True,1790073121752.272,False,4,7,4,1,638758765352281,638758794746532,638758834541562,28.531679153442383,29.221885,10.639904022216797,126.365184,28.135529,0.453822,638758845794478,True,True,,11.252916,638759056118245,2557,221.576683,290.765964,210.323767,29.394251,39.79503
1545,06e9e5b9,Cam góc rộng toàn sân,2891,105989861701223,Robot_2001,True,1790073135756.434,False,4,7,4,1,638772769513773,638772776508829,638772854158750,17.44748878479004,17.384126,10.452287673950195,96.654556,6.451641,0.253432,638772862088113,True,True,,7.929363,638773059760348,2892,205.601598,290.246575,197.672235,6.995056,77.649921
1545,06e9e5b9,Cam góc rộng toàn sân,2891,203145721272521,Robot_6868,True,1790073135756.434,False,4,7,4,1,638772769513773,638772776508829,638772830861874,22.214879989624023,22.16758,10.452287673950195,96.654556,6.451641,0.253432,638772836770375,True,True,,5.908501,638773059757046,2892,228.895172,290.243273,222.986671,6.995056,54.353045
1545,06e9e5b9,Cam góc rộng toàn sân,2891,138493342419992,Robot_28100,True,1790073135756.434,False,4,7,4,1,638772769513773,638772776508829,638772801768124,14.368096351623535,18.109316,10.452287673950195,96.654556,6.451641,0.253432,638772808722402,True,True,,6.954278,638773059750886,2892,257.982762,290.237113,251.028484,6.995056,25.259295
1545,e0606b55,Cam hướng ra cửa,3484,116454320966922,Robot_6868,False,1790073159671.498,False,3,3,1,0,638796684577919,638796792892390,638796834447812,26.7063045501709,26.901195,14.44041633605957,50.440882,106.8803,0.410282,638796843271023,True,True,,8.823211,638796974686107,3485,140.238295,290.108188,131.415084,108.314471,41.555422
1545,06e9e5b9,Cam góc rộng toàn sân,1272,105989861701223,Robot_2001,True,1790073067751.645,False,4,7,3,1,638704764725415,638704832718802,638704881779843,9.934911727905273,10.143317,6.038784027099609,54.676301,67.391592,0.290955,638704887262657,True,True,,5.482814,638705054761267,1273,172.981424,290.035852,167.49861,67.993387,49.061041
1545,06e9e5b9,Cam góc rộng toàn sân,1272,203145721272521,Robot_6868,True,1790073067751.645,False,4,7,3,1,638704764725415,638704832718802,638704865424374,10.482015609741211,10.60051,6.038784027099609,54.676301,67.391592,0.290955,638704871701410,True,True,,6.277036,638705054757776,1273,189.333402,290.032361,183.056366,67.993387,32.705572
1545,d1f37ed1,Cam hik 1,2781,215686623484377,Robot_1,True,1790073131757.664,False,1,2,2,1,638768770744018,638768783187271,638768820072812,22.591007232666016,22.561135,12.77132797241211,60.268419,11.6285,0.406261,638768830332876,True,True,,10.260064,638769060774291,2782,240.701479,290.030273,230.441415,12.443253,36.885541
1545,06e9e5b9,Cam góc rộng toàn sân,1272,138493342419992,Robot_28100,True,1790073067751.645,False,4,7,3,1,638704764725415,638704832718802,638704849693906,10.663328170776367,11.77403,6.038784027099609,54.676301,67.391592,0.290955,638704854781990,True,True,,5.088084,638705054749545,1273,205.055639,290.02413,199.967555,67.993387,16.975104
1545,d1f37ed1,Cam hik 1,2829,215686623484377,Robot_1,True,1790073133754.492,False,2,3,1,1,638770767572318,638770868494405,638770888768124,13.17728042602539,15.146238,6.880288124084473,27.101179,100.39376,0.250936,638770895492808,True,True,,6.724684,638771057415081,2830,168.646957,289.842763,161.922273,100.922087,20.273719
1545,e0606b55,Cam hướng ra cửa,3436,116454320966922,Robot_6868,False,1790073157674.548,False,3,3,3,0,638794687628518,638794788990793,638794837479062,13.48031997680664,13.323755,8.345760345458984,55.87295,100.087765,0.37662,638794844719669,True,True,,7.240607,638794976941965,3437,139.462903,289.313447,132.222296,101.362275,48.488269
1545,06e9e5b9,Cam góc rộng toàn sân,1416,105989861701223,Robot_2001,True,1790073073758.756,False,4,7,3,1,638710771836202,638710912907910,638710960318906,9.580991744995117,9.590203,9.803680419921875,56.445445,140.524571,0.161232,638710969315465,True,True,,8.996559,638711061086143,1417,100.767237,289.249941,91.770678,141.071708,47.410996
1545,06e9e5b9,Cam góc rộng toàn sân,1416,203145721272521,Robot_6868,True,1790073073758.756,False,4,7,3,1,638710771836202,638710912907910,638710946986874,7.416736125946045,7.357554,9.803680419921875,56.445445,140.524571,0.161232,638710950687242,True,True,,3.700368,638711061083084,1417,114.09621,289.246882,110.395842,141.071708,34.078964
1545,06e9e5b9,Cam góc rộng toàn sân,1416,138493342419992,Robot_28100,True,1790073073758.756,False,4,7,3,1,638710771836202,638710912907910,638710935283750,12.140928268432617,18.514815,9.803680419921875,56.445445,140.524571,0.161232,638710939530519,True,True,,4.246769,638711061077843,1417,125.794093,289.241641,121.547324,141.071708,22.37584
1545,06e9e5b9,Cam góc rộng toàn sân,2365,105989861701223,Robot_2001,True,1790073113755.917,False,4,7,4,1,638750768997491,638750882019827,638750935713437,14.331583976745605,14.42263,6.35587215423584,69.38339,112.166969,0.232934,638750942132916,True,True,,6.419479,638751057983803,2366,122.270366,288.986312,115.850887,113.022336,53.69361
1545,06e9e5b9,Cam góc rộng toàn sân,2365,203145721272521,Robot_6868,True,1790073113755.917,False,4,7,4,1,638750768997491,638750882019827,638750913549374,9.627679824829102,9.353792,6.35587215423584,69.38339,112.166969,0.232934,638750921287698,True,True,,7.738324,638751057977112,2366,144.427738,288.979621,136.689414,113.022336,31.529547
1545,06e9e5b9,Cam góc rộng toàn sân,2365,138493342419992,Robot_28100,True,1790073113755.917,False,4,7,4,1,638750768997491,638750882019827,638750899080624,10.194432258605957,10.408685,6.35587215423584,69.38339,112.166969,0.232934,638750903897347,True,True,,4.816723,638751057967773,2366,158.887149,288.970282,154.070426,113.022336,17.060797
1545,d1f37ed1,Cam hik 1,1409,215686623484377,Robot_1,True,1790073073756.706,False,1,2,2,1,638710769786458,638710828948840,638710855885312,18.365856170654297,20.992401,6.507584095001221,60.490627,58.405806,0.296774,638710869438003,True,True,,13.552691,638711058751404,1410,202.866092,288.964946,189.313401,59.162382,26.936472
1545,06e9e5b9,Cam góc rộng toàn sân,3083,105989861701223,Robot_2001,True,1790073143755.798,False,4,7,4,1,638780768878495,638780898452826,638780959721250,12.64185619354248,12.812099,11.172896385192871,79.478503,128.793503,0.461126,638780967690507,True,True,,7.969257,638781057714784,3084,97.993534,288.836289,90.024277,129.574331,61.268424
1545,06e9e5b9,Cam góc rộng toàn sân,3083,203145721272521,Robot_6868,True,1790073143755.798,False,4,7,4,1,638780768878495,638780898452826,638780942111874,13.719327926635742,13.607911,11.172896385192871,79.478503,128.793503,0.461126,638780946885877,True,True,,4.774003,638781057707330,3084,115.595456,288.828835,110.821453,129.574331,43.659048
1545,06e9e5b9,Cam góc rộng toàn sân,3083,138493342419992,Robot_28100,True,1790073143755.798,False,4,7,4,1,638780768878495,638780898452826,638780923736874,13.82528018951416,20.020784,11.172896385192871,79.478503,128.793503,0.461126,638780928484375,True,True,,4.747501,638781057697292,3084,133.960418,288.818797,129.212917,129.574331,25.284048
1545,e0606b55,Cam hướng ra cửa,2200,116454320966922,Robot_6868,False,1790073105678.914,False,3,3,1,0,638742691993969,638742811883344,638742835979062,17.490047454833984,19.408802,6.119103908538818,44.120637,119.104825,0.320578,638742855920720,True,True,,19.941658,638742980767735,2201,144.788673,288.773766,124.847015,119.889375,24.095718
1545,d1f37ed1,Cam hik 1,886,215686623484377,Robot_1,True,1790073051753.6,False,2,3,2,1,638688766679830,638688825026696,638688841834531,8.905216217041016,10.348917,6.3788161277771,32.240173,57.35755,0.183849,638688847788522,True,True,,5.953991,638689055397077,887,213.562546,288.717247,207.608555,58.346866,16.807835
1545,06e9e5b9,Cam góc rộng toàn sân,1982,105989861701223,Robot_2001,True,1790073097753.507,False,3,6,4,1,638734766586722,638734781635799,638734849650937,22.452255249023438,22.465708,8.923839569091797,89.964022,14.502827,0.263632,638734860531944,True,True,,10.881007,638735055288385,1983,205.637448,288.701663,194.756441,15.049077,68.015138
1545,06e9e5b9,Cam góc rộng toàn sân,1982,203145721272521,Robot_6868,True,1790073097753.507,False,3,6,4,1,638734766586722,638734781635799,638734822111874,9.366720199584961,9.237878,8.923839569091797,89.964022,14.502827,0.263632,638734827184588,True,True,,5.072714,638735055285115,1983,233.173241,288.698393,228.100527,15.049077,40.476075
1545,06e9e5b9,Cam góc rộng toàn sân,1982,138493342419992,Robot_28100,True,1790073097753.507,False,3,6,4,1,638734766586722,638734781635799,638734802955624,11.83456039428711,15.788774,8.923839569091797,89.964022,14.502827,0.263632,638734812755540,True,True,,9.799916,638735055278880,1983,252.323256,288.692158,242.52334,15.049077,21.319825
1545,06e9e5b9,Cam góc rộng toàn sân,2604,105989861701223,Robot_2001,True,1790073123758.007,False,4,7,3,1,638760771087592,638760917443637,638760986877500,20.758975982666016,20.871237,9.032256126403809,80.451357,145.741209,0.229571,638760997807555,True,True,,10.930055,638761059583029,2605,72.705529,288.495437,61.775474,146.356045,69.433863
1545,06e9e5b9,Cam góc rộng toàn sân,2604,203145721272521,Robot_6868,True,1790073123758.007,False,4,7,3,1,638760771087592,638760917443637,638760958729062,12.101663589477539,12.425268,9.032256126403809,80.451357,145.741209,0.229571,638760965975976,True,True,,7.246914,638761059579197,2605,100.850135,288.491605,93.603221,146.356045,41.285425
1545,06e9e5b9,Cam góc rộng toàn sân,2604,138493342419992,Robot_28100,True,1790073123758.007,False,4,7,3,1,638760771087592,638760917443637,638760938822812,12.130559921264648,15.395602,9.032256126403809,80.451357,145.741209,0.229571,638760946302713,True,True,,7.479901,638761059572375,2605,120.749563,288.484783,113.269662,146.356045,21.379175
1545,06e9e5b9,Cam góc rộng toàn sân,1224,105989861701223,Robot_2001,True,1790073065753.609,False,4,7,4,1,638702766689603,638702812998990,638702883381406,11.905247688293457,11.21177,5.9752960205078125,84.847381,45.70047,0.354194,638702888579569,True,True,,5.198163,638703055086510,1225,171.705104,288.396907,166.506941,46.309387,70.382416
1545,06e9e5b9,Cam góc rộng toàn sân,1224,203145721272521,Robot_6868,True,1790073065753.609,False,4,7,4,1,638702766689603,638702812998990,638702866408750,13.372447967529297,13.292628,5.9752960205078125,84.847381,45.70047,0.354194,638702871412399,True,True,,5.003649,638703055079920,1225,188.67117,288.390317,183.667521,46.309387,53.40976
1545,06e9e5b9,Cam góc rộng toàn sân,1224,138493342419992,Robot_28100,True,1790073065753.609,False,4,7,4,1,638702766689603,638702812998990,638702842479062,23.104127883911133,24.151325,5.9752960205078125,84.847381,45.70047,0.354194,638702852938496,True,True,,10.459434,638703055070043,1225,212.590981,288.38044,202.131547,46.309387,29.480072
1545,06e9e5b9,Cam góc rộng toàn sân,2078,105989861701223,Robot_2001,True,1790073101754.119,False,4,7,4,1,638738767199527,638738777323874,638738825158750,11.02297592163086,10.563592,6.069439888000488,63.840304,9.443953,0.315376,638738829735010,True,True,,4.57626,638739055059951,2079,229.901201,287.860424,225.324941,10.124347,47.834876
1545,06e9e5b9,Cam góc rộng toàn sân,2078,203145721272521,Robot_6868,True,1790073101754.119,False,4,7,4,1,638738767199527,638738777323874,638738809369687,11.028287887573242,10.993319,6.069439888000488,63.840304,9.443953,0.315376,638738813979652,True,True,,4.609965,638739055053234,2079,245.683547,287.853707,241.073582,10.124347,32.045813
1545,06e9e5b9,Cam góc rộng toàn sân,2078,138493342419992,Robot_28100,True,1790073101754.119,False,4,7,4,1,638738767199527,638738777323874,638738794455624,10.619839668273926,13.772961,6.069439888000488,63.840304,9.443953,0.315376,638738798363344,True,True,,3.90772,638739055044229,2079,260.588605,287.844702,256.680885,10.124347,17.13175
1545,06e9e5b9,Cam góc rộng toàn sân,2795,105989861701223,Robot_2001,True,1790073131759.065,False,4,7,3,1,638768772144952,638768875751642,638768930361874,12.07430362701416,12.05762,6.854112148284912,60.597082,102.796548,0.440136,638768936274148,True,True,,5.912274,638769059779663,2796,129.417789,287.634711,123.505515,103.60669,54.610232
1545,06e9e5b9,Cam góc rộng toàn sân,2795,203145721272521,Robot_6868,True,1790073131759.065,False,4,7,3,1,638768772144952,638768875751642,638768911752500,10.282400131225586,11.873402,6.854112148284912,60.597082,102.796548,0.440136,638768918340476,True,True,,6.587976,638769059772759,2796,148.020259,287.627807,141.432283,103.60669,36.000858
1545,06e9e5b9,Cam góc rộng toàn sân,2795,138493342419992,Robot_28100,True,1790073131759.065,False,4,7,3,1,638768772144952,638768875751642,638768894260312,11.227168083190918,11.637075,6.854112148284912,60.597082,102.796548,0.440136,638768899949355,True,True,,5.689043,638769059763897,2796,165.503585,287.618945,159.814542,103.60669,18.50867
1545,e0606b55,Cam hướng ra cửa,824,116454320966922,Robot_6868,False,1790073047675.601,False,2,2,2,0,638684688681252,638684872590118,638684905959531,12.955072402954102,12.955017,7.616479873657227,38.886992,183.064762,0.344299,638684911387305,True,True,,5.427774,638684975845834,825,69.886303,287.164582,64.458529,183.908866,33.369413
1545,b1269e28,Cam 4,2129,163927143868405,Robot_28100,True,1790073120247.362,False,4,8,6,0,638757260442598,638757350446756,638757472432187,23.413856506347656,23.409784,10.40499210357666,176.991357,88.994248,0.452502,638757483156643,True,True,,10.724456,638757547288009,2134,74.855822,286.845411,64.131366,90.004158,121.985431
1545,e0606b55,Cam hướng ra cửa,495,116454320966922,Robot_6868,False,1790073033672.572,False,3,3,2,0,638670685652140,638670725883867,638670759844296,13.892959594726562,13.889744,10.362815856933594,39.400007,39.345719,0.282904,638670765185024,True,True,,5.340728,638670972477554,496,212.633258,286.825414,207.29253,40.231727,33.960429
1545,e0606b55,Cam hướng ra cửa,353,116454320966922,Robot_6868,False,1790073027675.857,False,2,2,1,0,638664688937638,638664777288039,638664792364804,9.003135681152344,10.950395,5.7112321853637695,20.051738,87.598599,0.5313,638664797321102,True,True,,4.956298,638664975741656,354,183.376852,286.804018,178.420554,88.350401,15.076765
1545,06e9e5b9,Cam góc rộng toàn sân,1841,105989861701223,Robot_2001,True,1790073091759.03,False,4,7,3,1,638728772110107,638728821830312,638728885768124,12.4900484085083,12.487158,9.96009635925293,68.979497,48.473134,0.80596,638728890710869,True,True,,4.942745,638729058698660,1842,172.930536,286.588553,167.987791,49.720205,63.937812
1545,06e9e5b9,Cam góc rộng toàn sân,1841,203145721272521,Robot_6868,True,1790073091759.03,False,4,7,3,1,638728772110107,638728821830312,638728867979062,14.992351531982422,15.012306,9.96009635925293,68.979497,48.473134,0.80596,638728873253919,True,True,,5.274857,638729058693178,1842,190.714116,286.583071,185.439259,49.720205,46.14875
1545,06e9e5b9,Cam góc rộng toàn sân,1841,138493342419992,Robot_28100,True,1790073091759.03,False,4,7,3,1,638728772110107,638728821830312,638728845002500,12.332832336425781,18.006258,9.96009635925293,68.979497,48.473134,0.80596,638728852907131,True,True,,7.904631,638729058684614,1842,213.682114,286.574507,205.777483,49.720205,23.172188
1545,e0606b55,Cam hướng ra cửa,1677,116454320966922,Robot_6868,False,1790073083673.091,False,3,3,1,0,638720686171302,638720766486324,638720790650937,17.41222381591797,20.000553,6.214975833892822,34.692815,79.460143,0.409033,638720801017804,True,True,,10.366867,638720972443918,1678,181.792981,286.272616,171.426114,80.315022,24.164613
1545,d1f37ed1,Cam hik 1,1265,215686623484377,Robot_1,True,1790073067752.892,False,2,3,1,1,638704765971785,638704887494612,638704904502500,9.104288101196289,11.752658,7.547264099121094,21.686106,120.715198,0.500852,638704909150113,True,True,,4.647613,638705052195460,1266,147.69296,286.223675,143.045347,121.522827,17.007888
1545,06e9e5b9,Cam góc rộng toàn sân,1745,105989861701223,Robot_2001,True,1790073087753.176,False,4,7,3,1,638724766256271,638724848862574,638724911705624,13.1145601272583,13.320112,8.199104309082031,68.638273,82.113406,0.17119,638724917383837,True,True,,5.678213,638725052355854,1746,140.65023,286.099583,134.972017,82.606303,62.84305
1545,06e9e5b9,Cam góc rộng toàn sân,1745,203145721272521,Robot_6868,True,1790073087753.176,False,4,7,3,1,638724766256271,638724848862574,638724888799374,15.163071632385254,15.117603,8.199104309082031,68.638273,82.113406,0.17119,638724898300390,True,True,,9.501016,638725052349199,1746,163.549825,286.092928,154.048809,82.606303,39.9368
1545,06e9e5b9,Cam góc rộng toàn sân,1745,138493342419992,Robot_28100,True,1790073087753.176,False,4,7,3,1,638724766256271,638724848862574,638724867635312,10.00271987915039,10.207341,8.199104309082031,68.638273,82.113406,0.17119,638724873629441,True,True,,5.994129,638725052340294,1746,184.704982,286.084023,178.710853,82.606303,18.772738
1545,e0606b55,Cam hướng ra cửa,2390,116454320966922,Robot_6868,False,1790073113677.233,False,3,3,3,0,638750690312785,638750749032021,638750809549374,16.913631439208984,16.901391,7.951488018035889,73.655865,57.775265,0.322481,638750822277572,True,True,,12.728198,638750976348674,2391,166.7993,286.035889,154.071102,58.719236,60.517353
1545,06e9e5b9,Cam góc rộng toàn sân,417,105989861701223,Robot_2001,True,1790073031751.778,False,3,6,4,1,638668764858227,638668857555536,638668946348203,18.22332763671875,18.20865,9.867168426513672,106.663645,92.089676,0.276485,638668950854630,True,True,,4.506427,638669050870263,418,104.52206,286.012036,100.015633,92.697309,88.792667
1545,06e9e5b9,Cam góc rộng toàn sân,417,203145721272521,Robot_6868,True,1790073031751.778,False,3,6,4,1,638668764858227,638668857555536,638668918637265,20.999839782714844,21.018368,9.867168426513672,106.663645,92.089676,0.276485,638668927441638,True,True,,8.804373,638669050864063,418,132.226798,286.005836,123.422425,92.697309,61.081729
1545,06e9e5b9,Cam góc rộng toàn sân,417,138493342419992,Robot_28100,True,1790073031751.778,False,3,6,4,1,638668764858227,638668857555536,638668884381406,15.7772798538208,15.778444,9.867168426513672,106.663645,92.089676,0.276485,638668897384092,True,True,,13.002686,638669050856048,418,166.474642,285.997821,153.471956,92.697309,26.82587
1545,e0606b55,Cam hướng ra cửa,3202,116454320966922,Robot_6868,False,1790073147666.845,False,3,3,1,0,638784679925442,638784892803863,638784909729062,9.592512130737305,12.262691,7.080128192901611,24.110925,212.110476,0.290685,638784916755746,True,True,,7.026684,638784965866036,3203,56.136974,285.940594,49.11029,212.878421,16.925199
1545,06e9e5b9,Cam góc rộng toàn sân,2939,203145721272521,Robot_6868,True,1790073137755.648,False,4,7,4,1,638774768728615,638774995988031,638775039018124,11.884544372558594,11.463265,9.362560272216797,82.145607,226.586676,0.291129,638775045272593,True,True,,6.254469,638775054662008,2940,15.643884,285.933393,9.389415,227.259416,43.030093
1545,06e9e5b9,Cam góc rộng toàn sân,2939,138493342419992,Robot_28100,True,1790073137755.648,False,4,7,4,1,638774768728615,638774995988031,638775020838437,15.169183731079102,20.329221,9.362560272216797,82.145607,226.586676,0.291129,638775027148588,True,True,,6.310151,638775054651948,2940,33.813511,285.923333,27.50336,227.259416,24.850406
1545,e0606b55,Cam hướng ra cửa,2485,116454320966922,Robot_6868,False,1790073117671.918,False,2,2,1,0,638754684998196,638754840014249,638754875182187,20.9006404876709,21.379744,13.430912017822266,44.900672,154.478202,0.236362,638754884819673,True,True,,9.637486,638754970232453,2486,95.050266,285.234257,85.41278,155.016053,35.167938
1545,e0606b55,Cam hướng ra cửa,871,116454320966922,Robot_6868,False,1790073049670.929,False,3,3,1,0,638686684009220,638686802147146,638686830357968,18.04582405090332,18.118441,9.54860782623291,34.038913,116.91039,0.468757,638686836153138,True,True,,5.79517,638686969193053,872,138.835085,285.183833,133.039915,118.137926,28.210822
1545,06e9e5b9,Cam góc rộng toàn sân,3223,105989861701223,Robot_2001,True,1790073149761.708,False,4,7,4,1,638786774788661,638786906835743,638786989057187,15.50556755065918,15.571485,8.124192237854004,105.537687,127.155971,2.1396,638786997308120,True,True,,8.250933,638787059962045,3224,70.904858,285.173384,62.653925,132.047082,82.221444
1545,06e9e5b9,Cam góc rộng toàn sân,3223,203145721272521,Robot_6868,True,1790073149761.708,False,4,7,4,1,638786774788661,638786906835743,638786968650937,23.082656860351562,23.099852,8.124192237854004,105.537687,127.155971,2.1396,638786973514282,True,True,,4.863345,638787059955307,3224,91.30437,285.166646,86.441025,132.047082,61.815194
1545,06e9e5b9,Cam góc rộng toàn sân,3223,138493342419992,Robot_28100,True,1790073149761.708,False,4,7,4,1,638786774788661,638786906835743,638786935916562,19.10950469970703,24.454361,8.124192237854004,105.537687,127.155971,2.1396,638786945644612,True,True,,9.72805,638787059946077,3224,124.029515,285.157416,114.301465,132.047082,29.080819
1545,06e9e5b9,Cam góc rộng toàn sân,3364,105989861701223,Robot_2001,True,1790073155752.722,False,4,7,4,1,638792765802181,638792863533490,638792925463437,13.39145565032959,13.33907,13.344415664672852,74.213028,96.787138,0.427246,638792930061395,True,True,,4.597958,638793050906662,3365,125.443225,285.104481,120.845267,97.731309,61.929947
1545,06e9e5b9,Cam góc rộng toàn sân,3364,203145721272521,Robot_6868,True,1790073155752.722,False,4,7,4,1,638792765802181,638792863533490,638792906979062,11.24783992767334,11.881975,13.344415664672852,74.213028,96.787138,0.427246,638792912151103,True,True,,5.172041,638793050899866,3365,143.920804,285.097685,138.748763,97.731309,43.445572
1545,06e9e5b9,Cam góc rộng toàn sân,3364,138493342419992,Robot_28100,True,1790073155752.722,False,4,7,4,1,638792765802181,638792863533490,638792890135312,12.87168025970459,13.103503,13.344415664672852,74.213028,96.787138,0.427246,638792895772937,True,True,,5.637625,638793050890053,3365,160.754741,285.087872,155.117116,97.731309,26.601822
1545,e0606b55,Cam hướng ra cửa,3345,116454320966922,Robot_6868,False,1790073153671.695,False,3,3,1,0,638790684775345,638790794513078,638790814010312,11.090720176696777,14.520133,8.255200386047363,25.38845,108.847466,0.402684,638790819879520,True,True,,5.869208,638790969728418,3346,155.718106,284.953073,149.848898,109.737733,19.497234
1545,e0606b55,Cam hướng ra cửa,1198,116454320966922,Robot_6868,False,1790073063669.422,False,3,3,3,0,638700682502339,638700735445514,638700781088437,16.7258243560791,16.722535,8.059840202331543,50.942087,52.391234,0.260898,638700786368525,True,True,,5.280088,638700967396192,1199,186.307755,284.893853,181.027667,52.943175,45.642923
1545,e0606b55,Cam hướng ra cửa,540,116454320966922,Robot_6868,False,1790073035668.175,False,3,3,3,0,638672681255390,638672736293227,638672779197812,11.23744010925293,11.244273,6.397600173950195,48.112896,54.491239,0.227905,638672784306445,True,True,,5.108633,638672965902381,541,186.704569,284.646991,181.595936,55.037837,42.904585
1545,e0606b55,Cam hướng ra cửa,1486,116454320966922,Robot_6868,False,1790073075677.875,False,2,2,2,0,638712690955673,638712870384463,638712900826718,10.588000297546387,10.574571,9.096192359924316,35.606591,178.828588,0.266229,638712905951801,True,True,,5.125083,638712975488493,1487,74.661775,284.53282,69.536692,179.42879,30.442255
1545,06e9e5b9,Cam góc rộng toàn sân,511,105989861701223,Robot_2001,True,1790073035751.469,False,4,7,3,1,638672764548677,638672872335090,638672946981015,24.435487747192383,24.267525,6.606080055236816,81.732197,107.284881,0.225692,638672953866681,True,True,,6.885666,638673048964749,512,101.983734,284.416072,95.098068,107.786413,74.645925
1545,06e9e5b9,Cam góc rộng toàn sân,511,203145721272521,Robot_6868,True,1790073035751.469,False,4,7,3,1,638672764548677,638672872335090,638672912068906,12.688480377197266,12.674548,6.606080055236816,81.732197,107.284881,0.225692,638672922359748,True,True,,10.290842,638673048961550,512,136.892644,284.412873,126.601802,107.786413,39.733816
1545,06e9e5b9,Cam góc rộng toàn sân,511,138493342419992,Robot_28100,True,1790073035751.469,False,4,7,3,1,638672764548677,638672872335090,638672890977109,11.411744117736816,11.748106,6.606080055236816,81.732197,107.284881,0.225692,638672899264979,True,True,,8.28787,638673048955915,512,157.978806,284.407238,149.690936,107.786413,18.642019
1545,06e9e5b9,Cam góc rộng toàn sân,748,105989861701223,Robot_2001,True,1790073045753.972,False,3,6,4,1,638682767052289,638682881132907,638682937463437,10.958527565002441,10.563005,6.737311840057373,71.383197,113.684281,0.163403,638682942400074,True,True,,4.936637,638683051319405,749,113.855968,284.267116,108.919331,114.080618,56.33053
1545,06e9e5b9,Cam góc rộng toàn sân,748,203145721272521,Robot_6868,True,1790073045753.972,False,3,6,4,1,638682767052289,638682881132907,638682918611874,16.999935150146484,16.911853,6.737311840057373,71.383197,113.684281,0.163403,638682926387543,True,True,,7.775669,638683051315351,749,132.703477,284.263062,124.927808,114.080618,37.478967
1545,06e9e5b9,Cam góc rộng toàn sân,748,138493342419992,Robot_28100,True,1790073045753.972,False,3,6,4,1,638682767052289,638682881132907,638682897209531,8.681856155395508,10.216029,6.737311840057373,71.383197,113.684281,0.163403,638682901448884,True,True,,4.239353,638683051308142,749,154.098611,284.255853,149.859258,114.080618,16.076624
1545,d1f37ed1,Cam hik 1,2258,215686623484377,Robot_1,True,1790073109755.743,False,1,2,1,1,638746768823135,638746950752798,638746987471250,23.8437442779541,24.031827,12.119359970092773,47.288615,181.437743,0.224277,638746997932853,True,True,,10.461603,638747053011067,2259,65.539817,284.187932,55.078214,181.929663,36.718452
1545,d1f37ed1,Cam hik 1,2542,215686623484377,Robot_1,True,1790073121755.096,False,1,2,1,1,638758768176743,638758959806434,638758989408750,19.264575958251953,23.854251,9.738752365112305,41.026671,190.215142,0.492874,638759000753463,True,True,,11.344713,638759052355631,2543,62.946881,284.178888,51.602168,191.629691,29.602316
1545,e0606b55,Cam hướng ra cửa,2152,116454320966922,Robot_6868,False,1790073103675.264,False,3,3,2,0,638740688344621,638740794105421,638740840127500,23.90127944946289,23.880557,9.578559875488281,54.565745,105.157517,0.193989,638740848560256,True,True,,8.432756,638740972511257,2153,132.383757,284.166636,123.951001,105.7608,46.022079
1545,d1f37ed1,Cam hik 1,1173,215686623484377,Robot_1,True,1790073063756.619,False,1,2,2,1,638700769698862,638700788349927,638700814752500,15.407072067260742,18.411053,10.245951652526855,55.906969,18.22592,0.200557,638700828591076,True,True,,13.838576,638701053816622,1174,239.064122,284.11776,225.225546,18.651065,26.402573
1545,06e9e5b9,Cam góc rộng toàn sân,2269,105989861701223,Robot_2001,True,1790073109754.28,False,3,6,3,1,638746767360407,638746835142339,638746941338437,25.966400146484375,26.056531,13.845120429992676,115.437912,67.153916,0.293885,638746950426112,True,True,,9.087675,638747050934649,2270,109.596212,283.574242,100.508537,67.781932,106.196098
1545,e0606b55,Cam hướng ra cửa,2296,116454320966922,Robot_6868,False,1790073109672.516,False,3,3,3,0,638746685595868,638746735177032,638746808158750,21.071456909179688,21.08007,10.706815719604492,82.658812,48.595021,0.414987,638746817626781,True,True,,9.468031,638746969169774,2297,161.011024,283.573906,151.542993,49.581164,72.981718
1545,06e9e5b9,Cam góc rộng toàn sân,2269,203145721272521,Robot_6868,True,1790073109754.28,False,3,6,3,1,638746767360407,638746835142339,638746906119687,22.86729621887207,22.748627,13.845120429992676,115.437912,67.153916,0.293885,638746915197495,True,True,,9.077808,638747050928099,2270,144.808412,283.567692,135.730604,67.781932,70.977348
1545,06e9e5b9,Cam góc rộng toàn sân,2269,138493342419992,Robot_28100,True,1790073109754.28,False,3,6,3,1,638746767360407,638746835142339,638746872979062,23.22140884399414,23.223611,13.845120429992676,115.437912,67.153916,0.293885,638746883251951,True,True,,10.272889,638747050918016,2270,177.938954,283.557609,167.666065,67.781932,37.836723
1545,e0606b55,Cam hướng ra cửa,2963,116454320966922,Robot_6868,False,1790073137673.42,False,3,3,3,0,638774686500376,638774729575722,638774903869687,128.3992919921875,128.321626,9.854463577270508,182.457266,42.221227,0.343331,638774911940655,True,True,,8.070968,638774969973953,2964,66.104266,283.473577,58.033298,43.075346,174.293965
1545,b1269e28,Cam 4,893,163927143868405,Robot_28100,True,1790073058445.573,False,4,8,6,0,638695458652789,638695545191225,638695649244687,13.23084831237793,13.269659,6.919936180114746,144.593985,86.016308,0.225783,638695658290505,True,True,,9.045818,638695742016239,898,92.771552,283.36345,83.725734,86.538436,104.053462
1545,e0606b55,Cam hướng ra cửa,2248,116454320966922,Robot_6868,False,1790073107672.1,False,3,3,1,0,638744685179947,638744724543640,638744742838437,9.317407608032227,12.930175,8.521344184875488,23.1889,38.585967,0.346288,638744747730842,True,True,,4.892405,638744968410391,2249,225.571954,283.230444,220.679549,39.363693,18.294797
1545,06e9e5b9,Cam góc rộng toàn sân,796,105989861701223,Robot_2001,True,1790073047753.785,False,3,6,3,1,638684766865038,638684784481900,638684849928281,11.029727935791016,11.01284,8.190303802490234,72.458496,17.072177,0.199886,638684856803228,True,True,,6.874947,638685050066644,797,200.138363,283.201606,193.263416,17.616862,65.446381
1545,06e9e5b9,Cam góc rộng toàn sân,796,203145721272521,Robot_6868,True,1790073047753.785,False,3,6,3,1,638684766865038,638684784481900,638684833010312,15.216064453125,15.171026,8.190303802490234,72.458496,17.072177,0.199886,638684838784918,True,True,,5.774606,638685050063706,797,217.053394,283.198668,211.278788,17.616862,48.528412
1545,06e9e5b9,Cam góc rộng toàn sân,796,138493342419992,Robot_28100,True,1790073047753.785,False,3,6,3,1,638684766865038,638684784481900,638684806916562,13.496000289916992,16.952154,8.190303802490234,72.458496,17.072177,0.199886,638684817672538,True,True,,10.755976,638685050058372,797,243.14181,283.193334,232.385834,17.616862,22.434662
1545,e0606b55,Cam hướng ra cửa,1821,116454320966922,Robot_6868,False,1790073089673.273,False,3,3,1,0,638726686352904,638726785040161,638726818307187,21.261791229248047,21.428376,11.057984352111816,41.108722,95.630108,2.414848,638726826172883,True,True,,7.865696,638726969487687,1822,151.1805,283.134783,143.314804,98.687257,33.267026
1545,b1269e28,Cam 4,2789,163927143868405,Robot_28100,True,1790073153250.9,False,4,8,4,0,638790263979853,638790342028990,638790449900937,17.900096893310547,19.492061,8.488736152648926,117.338611,77.272847,0.38387,638790459264324,True,True,,9.363387,638790547030590,2794,97.129653,283.050737,87.766266,78.049137,107.871947
1545,d1f37ed1,Cam hik 1,1030,215686623484377,Robot_1,True,1790073057754.897,False,1,2,2,1,638694767977188,638694894570990,638694913471250,10.321632385253906,15.300643,8.2291841506958,41.679011,125.864947,0.230107,638694919865873,True,True,,6.394623,638695050979135,1031,137.507885,283.001947,131.113262,126.593802,18.90026
1545,e0606b55,Cam hướng ra cửa,2342,116454320966922,Robot_6868,False,1790073111673.396,False,3,3,2,0,638748686475669,638748705485527,638748746822812,18.94879913330078,18.466492,6.09062385559082,48.055241,18.523182,0.206321,638748753409649,True,True,,6.586837,638748969306573,2343,222.483761,282.830904,215.896924,19.009858,41.337285
1545,e0606b55,Cam hướng ra cửa,3155,116454320966922,Robot_6868,False,1790073145674.287,False,3,3,1,0,638782687366877,638782757661884,638782776447812,10.778400421142578,13.755836,7.280479907989502,28.43481,69.175345,0.515759,638782786018486,True,True,,9.570674,638782970184577,3156,193.736765,282.8177,184.166091,70.295007,18.785928
1545,e0606b55,Cam hướng ra cửa,965,116454320966922,Robot_6868,False,1790073053676.751,False,3,3,1,0,638690689831607,638690773733214,638690790635312,10.302207946777344,13.415217,6.246496200561523,21.320143,82.921396,0.467605,638690794996927,True,True,,4.361615,638690972612665,966,181.977353,282.781058,177.615738,83.901607,16.902098
1545,06e9e5b9,Cam góc rộng toàn sân,1697,105989861701223,Robot_2001,True,1790073085757.931,False,4,7,3,1,638722771011299,638722872718451,638722922900937,10.994463920593262,10.850159,9.192928314208984,57.83538,101.037989,0.285142,638722930525131,True,True,,7.624194,638723053756576,1698,130.855639,282.745277,123.231445,101.707152,50.182486
1545,06e9e5b9,Cam góc rộng toàn sân,1697,203145721272521,Robot_6868,True,1790073085757.931,False,4,7,3,1,638722771011299,638722872718451,638722907283750,9.120960235595703,9.251726,9.192928314208984,57.83538,101.037989,0.285142,638722911698766,True,True,,4.415016,638723053753325,1698,146.469575,282.742026,142.054559,101.707152,34.565299
1545,06e9e5b9,Cam góc rộng toàn sân,1697,138493342419992,Robot_28100,True,1790073085757.931,False,4,7,3,1,638722771011299,638722872718451,638722893760312,11.31766414642334,11.631495,9.192928314208984,57.83538,101.037989,0.285142,638722898065283,True,True,,4.304971,638723053747181,1698,159.986869,282.735882,155.681898,101.707152,21.041861
1545,e0606b55,Cam hướng ra cửa,2819,116454320966922,Robot_6868,False,1790073131671.793,False,3,3,2,0,638768684872916,638768726261493,638768779072812,20.03388786315918,19.895625,10.366016387939453,60.771175,40.471228,0.563426,638768786946957,True,True,,7.874145,638768967278996,2820,188.206184,282.40608,180.332039,41.388577,52.811319
1545,06e9e5b9,Cam góc rộng toàn sân,2413,105989861701223,Robot_2001,True,1790073115761.608,False,3,6,4,1,638752774688667,638752919552026,638752993479062,15.00550365447998,14.88249,9.222975730895996,97.024397,143.931369,0.356962,638753001431002,True,True,,7.95194,638753057020656,2414,63.541594,282.331989,55.589654,144.863359,73.927036
1545,06e9e5b9,Cam góc rộng toàn sân,2413,203145721272521,Robot_6868,True,1790073115761.608,False,3,6,4,1,638752774688667,638752919552026,638752972807187,17.937728881835938,17.563425,9.222975730895996,97.024397,143.931369,0.356962,638752978381962,True,True,,5.574775,638753057017732,2414,84.210545,282.329065,78.63577,144.863359,53.255161
1545,06e9e5b9,Cam góc rộng toàn sân,2413,138493342419992,Robot_28100,True,1790073115761.608,False,3,6,4,1,638752774688667,638752919552026,638752947330624,17.93788719177246,21.55538,9.222975730895996,97.024397,143.931369,0.356962,638752954766458,True,True,,7.435834,638753057011909,2414,109.681285,282.323242,102.245451,144.863359,27.778598
1545,e0606b55,Cam hướng ra cửa,3391,116454320966922,Robot_6868,False,1790073155676.707,False,3,3,3,0,638792689786825,638792793181877,638792836635312,11.579968452453613,11.573512,6.3375678062438965,52.032058,102.101343,0.417939,638792845107294,True,True,,8.471982,638792971955139,3392,135.319827,282.168314,126.847845,103.395052,43.453435
1545,d1f37ed1,Cam hik 1,653,215686623484377,Robot_1,True,1790073041747.278,False,1,2,1,1,638678760358525,638678810808309,638678833557187,12.438112258911133,18.572464,7.066783905029297,29.113371,49.951681,0.216011,638678839870681,True,True,,6.313494,638679042504445,654,208.947258,282.14592,202.633764,50.449784,22.748878
1545,e0606b55,Cam hướng ra cửa,2915,116454320966922,Robot_6868,False,1790073135678.947,False,3,3,1,0,638772692026868,638772740113937,638772760400937,12.921536445617676,14.916692,6.919519901275635,29.057167,47.359715,0.300814,638772769012155,True,True,,8.611218,638772974063752,2916,213.662815,282.036884,205.051597,48.087069,20.287
1545,06e9e5b9,Cam góc rộng toàn sân,1128,105989861701223,Robot_2001,True,1790073061751.338,False,4,7,3,1,638698764417871,638698862944750,638698919338437,12.190367698669434,12.152314,10.88265609741211,64.247743,97.909032,0.263126,638698927052291,True,True,,7.713854,638699046452484,1129,127.114047,282.034613,119.400193,98.526879,56.393687
1545,06e9e5b9,Cam góc rộng toàn sân,1128,203145721272521,Robot_6868,True,1790073061751.338,False,4,7,3,1,638698764417871,638698862944750,638698902361874,11.091039657592773,11.120501,10.88265609741211,64.247743,97.909032,0.263126,638698907076025,True,True,,4.714151,638699046449568,1129,144.087694,282.031697,139.373543,98.526879,39.417124
1545,06e9e5b9,Cam góc rộng toàn sân,1128,138493342419992,Robot_28100,True,1790073061751.338,False,4,7,3,1,638698764417871,638698862944750,638698886135312,11.826560020446777,18.83327,10.88265609741211,64.247743,97.909032,0.263126,638698891212955,True,True,,5.077643,638699046444111,1129,160.308799,282.02624,155.231156,98.526879,23.190562
1545,b1269e28,Cam 4,997,163927143868405,Robot_28100,True,1790073063649.0,False,4,8,6,0,638700662080636,638700786531661,638700892940000,15.837696075439453,15.767756,10.586912155151367,137.997464,123.680601,0.283677,638700901340527,True,True,,8.400527,638700944097696,1002,51.157696,282.01706,42.757169,124.451025,106.408339
1545,b1269e28,Cam 4,997,70436418202045,Robot_2001,True,1790073063649.0,False,4,8,6,0,638700662080636,638700786531661,638700870428281,21.161151885986328,21.123616,10.586912155151367,137.997464,123.680601,0.283677,638700876973460,True,True,,6.545179,638700944088983,1002,73.660702,282.008347,67.115523,124.451025,83.89662
1545,d1f37ed1,Cam hik 1,1313,215686623484377,Robot_1,True,1790073069750.555,False,1,2,1,1,638706763635523,638706909580321,638706927611874,10.924575805664062,13.49374,6.735551834106445,27.389385,145.192606,0.233825,638706936891841,True,True,,9.279967,638707045471510,1314,117.859636,281.835987,108.579669,145.944798,18.031553
1545,e0606b55,Cam hướng ra cửa,2581,116454320966922,Robot_6868,False,1790073121683.759,False,3,3,1,0,638758696838694,638758892021875,638758919213437,15.331263542175293,15.247507,11.085151672363281,36.037552,194.594183,0.235866,638758928067396,True,True,,8.853959,638758978670859,2582,59.457422,281.832165,50.603463,195.183181,27.191562
1545,06e9e5b9,Cam góc rộng toàn sân,607,105989861701223,Robot_2001,True,1790073039753.188,False,4,7,4,1,638676766268269,638676884655890,638676936199765,14.861023902893066,14.750853,6.562560081481934,68.338078,117.760941,0.300188,638676943508529,True,True,,7.308764,638677048090271,608,111.890506,281.822002,104.581742,118.387621,51.543875
1545,06e9e5b9,Cam góc rộng toàn sân,655,105989861701223,Robot_2001,True,1790073041748.962,False,4,7,3,1,638678762042753,638678881900427,638678940857968,13.817248344421387,13.855935,10.25158405303955,64.307032,119.192657,0.292654,638678945984928,True,True,,5.12696,638679043862557,656,103.004589,281.819804,97.877629,119.857674,58.957541
1545,06e9e5b9,Cam góc rộng toàn sân,607,203145721272521,Robot_6868,True,1790073039753.188,False,4,7,4,1,638676766268269,638676884655890,638676915699765,9.20252799987793,9.281635,6.562560081481934,68.338078,117.760941,0.300188,638676921188881,True,True,,5.489116,638677048086764,608,132.386999,281.818495,126.897883,118.387621,31.043875
1545,06e9e5b9,Cam góc rộng toàn sân,655,203145721272521,Robot_6868,True,1790073041748.962,False,4,7,3,1,638678762042753,638678881900427,638678920502500,11.735584259033203,11.791123,10.25158405303955,64.307032,119.192657,0.292654,638678926895691,True,True,,6.393191,638679043859429,656,123.356929,281.816676,116.963738,119.857674,38.602073
1545,06e9e5b9,Cam góc rộng toàn sân,607,138493342419992,Robot_28100,True,1790073039753.188,False,4,7,4,1,638676766268269,638676884655890,638676901268124,9.627296447753906,11.063378,6.562560081481934,68.338078,117.760941,0.300188,638676906325605,True,True,,5.057481,638677048081005,608,146.812881,281.812736,141.7554,118.387621,16.612234
1545,06e9e5b9,Cam góc rộng toàn sân,655,138493342419992,Robot_28100,True,1790073041748.962,False,4,7,3,1,638678762042753,638678881900427,638678903397031,10.420607566833496,14.606681,10.25158405303955,64.307032,119.192657,0.292654,638678908625823,True,True,,5.228792,638679043854066,656,140.457035,281.811313,135.228243,119.857674,21.496604
1545,e0606b55,Cam hướng ra cửa,776,116454320966922,Robot_6868,False,1790073045671.531,False,3,3,3,0,638682684611550,638682798108003,638682842975156,12.165247917175293,11.349227,7.083903789520264,51.961569,112.829329,0.251754,638682850033202,True,True,,7.058046,638682966389610,777,123.414454,281.77806,116.356408,113.496453,44.867153
1545,e0606b55,Cam hướng ra cửa,1962,116454320966922,Robot_6868,False,1790073095674.956,False,3,3,1,0,638732688035964,638732806284459,638732826400937,12.953184127807617,15.815884,6.568672180175781,30.105436,116.652956,0.972438,638732836352654,True,True,,9.951717,638732969772006,1963,143.371069,281.736042,133.419352,118.248495,20.116478
1545,d1f37ed1,Cam hik 1,699,215686623484377,Robot_1,True,1790073043754.441,False,1,2,2,1,638680767521672,638680951199625,638680986242734,25.923168182373047,26.164565,8.533984184265137,71.395184,182.342249,1.055218,638681001190020,True,True,,14.947286,638681049133472,700,62.890738,281.6118,47.943452,183.677953,35.043109
1545,e0606b55,Cam hướng ra cửa,2533,116454320966922,Robot_6868,False,1790073119671.116,False,3,3,3,0,638756684196386,638756702196942,638756781635312,23.560768127441406,23.353015,9.580544471740723,90.770702,17.232436,0.286615,638756792915943,True,True,,11.280631,638756965754950,2534,184.119638,281.558564,172.839007,18.000556,79.43837
1545,e0606b55,Cam hướng ra cửa,1012,116454320966922,Robot_6868,False,1790073055674.837,False,3,3,1,0,638692687916841,638692844387536,638692860205624,9.76476764678955,10.412074,5.703872203826904,21.288318,155.61404,0.326803,638692865650915,True,True,,5.445291,638692969458071,1013,109.252447,281.54123,103.807156,156.470695,15.818088
1545,e0606b55,Cam hướng ra cửa,728,116454320966922,Robot_6868,False,1790073043678.647,False,3,3,1,0,638680691727301,638680848372804,638680866410703,11.394911766052246,11.947442,6.244607925415039,25.75967,155.972907,0.232184,638680874100615,True,True,,7.689912,638680973215782,729,106.805079,281.488481,99.115167,156.645503,18.037899
1545,d1f37ed1,Cam hik 1,1361,215686623484377,Robot_1,True,1790073071751.864,False,1,2,1,1,638708764944144,638708867474786,638708893752500,13.804896354675293,14.800152,11.923871994018555,32.299643,101.791128,0.33389,638708899726425,True,True,,5.973925,638709046372277,1362,152.619777,281.428133,146.645852,102.530642,26.277714
1545,06e9e5b9,Cam góc rộng toàn sân,3271,105989861701223,Robot_2001,True,1790073151757.709,False,4,7,3,1,638788770788989,638788901733400,638788953307187,11.938752174377441,11.28852,7.685215950012207,57.415882,129.999415,0.681805,638788959054329,True,True,,5.747142,638789052136040,3272,98.828853,281.347051,93.081711,130.944411,51.573787
1545,06e9e5b9,Cam góc rộng toàn sân,3271,203145721272521,Robot_6868,True,1790073151757.709,False,4,7,3,1,638788770788989,638788901733400,638788936635312,9.754176139831543,9.752319,7.685215950012207,57.415882,129.999415,0.681805,638788941450141,True,True,,4.814829,638789052132881,3272,115.497569,281.343892,110.68274,130.944411,34.901912
1545,06e9e5b9,Cam góc rộng toàn sân,3271,138493342419992,Robot_28100,True,1790073151757.709,False,4,7,3,1,638788770788989,638788901733400,638788921369687,11.591584205627441,15.96564,7.685215950012207,57.415882,129.999415,0.681805,638788926973131,True,True,,5.603444,638789052126787,3272,130.7571,281.337798,125.153656,130.944411,19.636287
1545,06e9e5b9,Cam góc rộng toàn sân,700,105989861701223,Robot_2001,True,1790073043756.1,False,4,7,3,1,638680769179893,638680858185397,638680941660703,18.46668815612793,18.301341,6.102752208709717,92.912696,88.222072,0.249008,638680950998489,True,True,,9.337786,638681050388014,701,108.727311,281.208121,99.389525,89.005504,83.475306
1545,06e9e5b9,Cam góc rộng toàn sân,700,203145721272521,Robot_6868,True,1790073043756.1,False,4,7,3,1,638680769179893,638680858185397,638680912070859,21.640064239501953,21.62357,6.102752208709717,92.912696,88.222072,0.249008,638680922994668,True,True,,10.923809,638681050384038,701,138.313179,281.204145,127.38937,89.005504,53.885462
1545,06e9e5b9,Cam góc rộng toàn sân,700,138493342419992,Robot_28100,True,1790073043756.1,False,4,7,3,1,638680769179893,638680858185397,638680881623593,16.81839942932129,17.986187,6.102752208709717,92.912696,88.222072,0.249008,638680890286912,True,True,,8.663319,638681050377394,701,168.753801,281.197501,160.090482,89.005504,23.438196
1545,06e9e5b9,Cam góc rộng toàn sân,1368,105989861701223,Robot_2001,True,1790073071750.675,False,4,7,4,1,638708763755573,638708766381373,638708813029843,9.294591903686523,9.279145,6.205215930938721,65.822543,1.835859,0.321034,638708819455561,True,True,,6.425718,638709044886452,1369,231.856609,281.130879,225.430891,2.6258,46.64847
1545,06e9e5b9,Cam góc rộng toàn sân,1368,203145721272521,Robot_6868,True,1790073071750.675,False,4,7,4,1,638708763755573,638708766381373,638708798420468,12.017215728759766,12.102283,6.205215930938721,65.822543,1.835859,0.321034,638708803683047,True,True,,5.262579,638709044879880,1369,246.459412,281.124307,241.196833,2.6258,32.039095
1545,06e9e5b9,Cam góc rộng toàn sân,1368,138493342419992,Robot_28100,True,1790073071750.675,False,4,7,4,1,638708763755573,638708766381373,638708781908750,8.310624122619629,9.282472,6.205215930938721,65.822543,1.835859,0.321034,638708786266486,True,True,,4.357736,638709044871054,1369,262.962304,281.115481,258.604568,2.6258,15.527377
1545,b1269e28,Cam 4,2773,163927143868405,Robot_28100,True,1790073152456.135,False,4,8,4,0,638789469215420,638789539440610,638789698510312,30.608800888061523,30.666806,9.503583908081055,168.81546,69.405736,0.339621,638789708078978,True,True,,9.568666,638789750330537,2778,51.820225,281.115117,42.251559,70.22519,159.069702
1545,e0606b55,Cam hướng ra cửa,3297,116454320966922,Robot_6868,False,1790073151683.341,False,3,3,3,0,638788696421462,638788802482781,638788851275937,15.262144088745117,15.263916,7.428512096405029,55.118449,103.310472,1.887614,638788857535899,True,True,,6.259962,638788977526312,3298,126.250375,281.10485,119.990413,106.061319,48.793156
1545,b1269e28,Cam 4,2773,70436418202045,Robot_2001,True,1790073152456.135,False,4,8,4,0,638789469215420,638789539440610,638789654541562,22.644832611083984,22.568257,9.503583908081055,168.81546,69.405736,0.339621,638789667798751,True,True,,13.257189,638789750318269,2778,95.776707,281.102849,82.519518,70.22519,115.100952
1545,06e9e5b9,Cam góc rộng toàn sân,1889,105989861701223,Robot_2001,True,1790073093753.479,False,2,5,3,1,638730766559249,638730895457336,638730957432187,9.51360034942627,9.479083,8.383999824523926,71.332394,128.362683,0.242288,638730966751354,True,True,,9.319167,638731047489455,1890,90.057268,280.930206,80.738101,128.898087,61.974851
1545,06e9e5b9,Cam góc rộng toàn sân,1889,203145721272521,Robot_6868,True,1790073093753.479,False,2,5,3,1,638730766559249,638730895457336,638730942291562,14.31283187866211,14.237937,8.383999824523926,71.332394,128.362683,0.242288,638730947860696,True,True,,5.569134,638731047482774,1890,105.191212,280.923525,99.622078,128.898087,46.834226
1545,06e9e5b9,Cam góc rộng toàn sân,1889,138493342419992,Robot_28100,True,1790073093753.479,False,2,5,3,1,638730766559249,638730895457336,638730919244687,14.613056182861328,14.50382,8.383999824523926,71.332394,128.362683,0.242288,638730927907537,True,True,,8.66285,638731047473789,1890,128.229102,280.91454,119.566252,128.898087,23.787351
1545,e0606b55,Cam hướng ra cửa,1773,116454320966922,Robot_6868,False,1790073087685.531,False,3,3,3,0,638724698611196,638724750925734,638724786697812,9.125856399536133,9.009276,5.847583770751953,40.57124,51.581722,0.272619,638724791451210,True,True,,4.753398,638724979424945,1774,192.727133,280.813749,187.973735,52.314538,35.772078
1545,06e9e5b9,Cam góc rộng toàn sân,3412,105989861701223,Robot_2001,True,1790073157755.902,False,2,5,3,1,638794768981767,638794797670136,638794879729062,20.538623809814453,21.26717,6.611775875091553,89.659669,28.131042,0.240115,638794887244085,True,True,,7.515023,638795049718024,3413,169.988962,280.736257,162.473939,28.688369,82.058926
1545,06e9e5b9,Cam góc rộng toàn sân,3412,203145721272521,Robot_6868,True,1790073157755.902,False,2,5,3,1,638794768981767,638794797670136,638794851697812,24.61039924621582,24.237129,6.611775875091553,89.659669,28.131042,0.240115,638794858492839,True,True,,6.795027,638795049711253,3413,198.013441,280.729486,191.218414,28.688369,54.027676
1545,06e9e5b9,Cam góc rộng toàn sân,3412,138493342419992,Robot_28100,True,1790073157755.902,False,2,5,3,1,638794768981767,638794797670136,638794819822812,14.35587215423584,16.917099,6.611775875091553,89.659669,28.131042,0.240115,638794827158035,True,True,,7.335223,638795049700495,3413,229.877683,280.718728,222.54246,28.688369,22.152676
1545,06e9e5b9,Cam góc rộng toàn sân,3127,105989861701223,Robot_2001,True,1790073145763.594,False,4,7,4,1,638782776674148,638782858466307,638782914854062,10.955007553100586,11.040913,7.2902398109436035,73.610734,81.195714,0.270458,638782920664061,True,True,,5.809999,638783057386158,3128,142.532096,280.71201,136.722097,81.792159,56.387755
1545,06e9e5b9,Cam góc rộng toàn sân,3127,203145721272521,Robot_6868,True,1790073145763.594,False,4,7,4,1,638782776674148,638782858466307,638782899057187,10.5283203125,10.839973,7.2902398109436035,73.610734,81.195714,0.270458,638782903628183,True,True,,4.570996,638783057379445,3128,158.322258,280.705297,153.751262,81.792159,40.59088
1545,06e9e5b9,Cam góc rộng toàn sân,3127,138493342419992,Robot_28100,True,1790073145763.594,False,4,7,4,1,638782776674148,638782858466307,638782878869687,10.201343536376953,14.410433,7.2902398109436035,73.610734,81.195714,0.270458,638782888217741,True,True,,9.348054,638783057369916,3128,178.500229,280.695768,169.152175,81.792159,20.40338
1545,e0606b55,Cam hướng ra cửa,1438,116454320966922,Robot_6868,False,1790073073674.732,False,3,3,3,0,638710687812224,638710738491806,638710779326718,13.874015808105469,12.980374,6.462463855743408,48.500912,49.806404,0.321332,638710786954551,True,True,,7.627833,638710968478484,1439,189.151766,280.66626,181.523933,50.679582,40.834912
1545,06e9e5b9,Cam góc rộng toàn sân,1176,105989861701223,Robot_2001,True,1790073063757.854,False,4,7,3,1,638700770934070,638700918590316,638700978951718,10.208224296569824,10.190731,11.679391860961914,68.915023,147.018324,0.3033,638700987522256,True,True,,8.570538,638701051473603,1177,72.521885,280.539533,63.951347,147.656246,60.361402
1545,06e9e5b9,Cam góc rộng toàn sân,1176,203145721272521,Robot_6868,True,1790073063757.854,False,4,7,3,1,638700770934070,638700918590316,638700961732968,12.434592247009277,12.425383,11.679391860961914,68.915023,147.018324,0.3033,638700968686127,True,True,,6.953159,638701051466391,1177,89.733423,280.532321,82.780264,147.656246,43.142652
1545,06e9e5b9,Cam góc rộng toàn sân,1176,138493342419992,Robot_28100,True,1790073063757.854,False,4,7,3,1,638700770934070,638700918590316,638700944053281,13.09552001953125,16.030361,11.679391860961914,68.915023,147.018324,0.3033,638700949245702,True,True,,5.192421,638701051455994,1177,107.402713,280.521924,102.210292,147.656246,25.462965
1545,d1f37ed1,Cam hik 1,2637,215686623484377,Robot_1,True,1790073125756.203,False,1,2,1,1,638762769283520,638762921187482,638762943549374,12.379679679870605,14.114561,9.527711868286133,28.9771,151.382778,0.188835,638762950085442,True,True,,6.536068,638763049782708,2638,106.233334,280.499188,99.697266,151.903962,22.361892
1545,06e9e5b9,Cam góc rộng toàn sân,1650,105989861701223,Robot_2001,True,1790073083750.717,False,3,6,4,1,638720763797424,638720855061730,638720904979062,9.8187837600708,9.819655,5.6466240882873535,63.603774,90.639983,0.19395,638720909413924,True,True,,4.434862,638721044167664,1651,139.188602,280.37024,134.75374,91.264306,49.917332
1545,06e9e5b9,Cam góc rộng toàn sân,1650,203145721272521,Robot_6868,True,1790073083750.717,False,3,6,4,1,638720763797424,638720855061730,638720890190000,12.069855690002441,12.044238,5.6466240882873535,63.603774,90.639983,0.19395,638720895125572,True,True,,4.935572,638721044164489,1651,153.974489,280.367065,149.038917,91.264306,35.12827
1545,06e9e5b9,Cam góc rộng toàn sân,1650,138493342419992,Robot_28100,True,1790073083750.717,False,3,6,4,1,638720763797424,638720855061730,638720870635312,9.624799728393555,9.747702,5.6466240882873535,63.603774,90.639983,0.19395,638720878104729,True,True,,7.469417,638721044159175,1651,173.523863,280.361751,166.054446,91.264306,15.573582
1545,b1269e28,Cam 4,2213,163927143868405,Robot_28100,True,1790073124442.638,False,5,8,6,0,638761455718026,638761537794007,638761658807187,18.18502426147461,18.206986,14.309056282043457,157.451572,80.920272,0.649594,638761667516493,True,True,,8.709306,638761736047668,2218,77.240481,280.329642,68.531175,82.075981,121.01318
1545,06e9e5b9,Cam góc rộng toàn sân,1793,105989861701223,Robot_2001,True,1790073089754.977,False,4,7,3,1,638726768057157,638726799832137,638726879400937,11.739520072937012,11.641349,9.07590389251709,85.287482,31.071725,0.20772,638726884998264,True,True,,5.597327,638727048294536,1794,168.893599,280.237379,163.296272,31.77498,79.5688
1545,06e9e5b9,Cam góc rộng toàn sân,1793,203145721272521,Robot_6868,True,1790073089754.977,False,4,7,3,1,638726768057157,638726799832137,638726862541562,17.162431716918945,17.042638,9.07590389251709,85.287482,31.071725,0.20772,638726867621810,True,True,,5.080248,638727048287662,1794,185.7461,280.230505,180.665852,31.77498,62.709425
1545,06e9e5b9,Cam góc rộng toàn sân,1793,138493342419992,Robot_28100,True,1790073089754.977,False,4,7,3,1,638726768057157,638726799832137,638726837424374,27.946847915649414,28.183562,9.07590389251709,85.287482,31.071725,0.20772,638726845333547,True,True,,7.909173,638727048278200,1794,210.853826,280.221043,202.944653,31.77498,37.592237
1545,e0606b55,Cam hướng ra cửa,1725,116454320966922,Robot_6868,False,1790073085674.551,False,3,3,1,0,638722687630975,638722795697541,638722815502500,11.354911804199219,15.080335,7.998688220977783,24.971623,107.273462,0.336886,638722820556387,True,True,,5.053887,638722967820103,1726,152.317603,280.189128,147.263716,108.066566,19.804959
1545,06e9e5b9,Cam góc rộng toàn sân,2508,105989861701223,Robot_2001,True,1790073119758.721,False,4,7,4,1,638756771801391,638756916641167,638756990549374,14.426495552062988,14.509392,8.149951934814453,97.125573,143.891528,0.608171,638756999232889,True,True,,8.683515,638757051901595,2509,61.352221,280.100204,52.668706,144.839776,73.908207
1545,06e9e5b9,Cam góc rộng toàn sân,2508,203145721272521,Robot_6868,True,1790073119758.721,False,4,7,4,1,638756771801391,638756916641167,638756969346250,14.533184051513672,14.591105,8.149951934814453,97.125573,143.891528,0.608171,638756976036793,True,True,,6.690543,638757051896372,2509,82.550122,280.094981,75.859579,144.839776,52.705083
1545,06e9e5b9,Cam góc rộng toàn sân,2508,138493342419992,Robot_28100,True,1790073119758.721,False,4,7,4,1,638756771801391,638756916641167,638756948088437,20.649215698242188,20.266961,8.149951934814453,97.125573,143.891528,0.608171,638756954785533,True,True,,6.697096,638757051890213,2509,103.801776,280.088822,97.10468,144.839776,31.44727
1545,b1269e28,Cam 4,2217,163927143868405,Robot_28100,True,1790073124649.323,False,5,9,5,0,638761662403465,638761730834252,638761877807187,27.54969596862793,27.634206,14.691967964172363,174.837594,66.585747,0.850351,638761893263784,True,True,,15.456597,638761942416806,2222,64.609619,280.013341,49.153022,68.430787,146.972935
1545,e0606b55,Cam hướng ra cửa,2629,116454320966922,Robot_6868,False,1790073123679.75,False,3,3,3,0,638760692830457,638760821333680,638760878861874,12.284607887268066,12.294803,8.140640258789062,68.204443,127.489656,0.533469,638760889397133,True,True,,10.535259,638760972438521,2630,93.576647,279.608064,83.041388,128.503223,57.528194
1545,d1f37ed1,Cam hik 1,745,215686623484377,Robot_1,True,1790073045755.11,False,2,3,1,1,638682768190447,638682832045805,638682853611874,13.224255561828613,16.055579,7.772895812988281,31.179101,63.543785,0.138563,638682863091124,True,True,,9.47925,638683047625212,746,194.013338,279.434765,184.534088,63.855358,21.566069
1545,b1269e28,Cam 4,1677,163927143868405,Robot_28100,True,1790073097641.359,False,4,8,4,0,638734654439411,638734785458535,638734875908750,10.589599609375,10.149278,9.797087669372559,94.464986,130.249392,0.393747,638734879814240,True,True,,3.90549,638734933678828,1682,57.770078,279.239417,53.864588,131.019124,90.450215
1545,b1269e28,Cam 4,1677,70436418202045,Robot_2001,True,1790073097641.359,False,4,8,4,0,638734654439411,638734785458535,638734859143124,17.85148811340332,17.830977,9.797087669372559,94.464986,130.249392,0.393747,638734865244547,True,True,,6.101423,638734933672153,1682,74.529029,279.232742,68.427606,131.019124,73.684589
1545,06e9e5b9,Cam góc rộng toàn sân,1032,105989861701223,Robot_2001,True,1790073057760.016,False,4,7,4,1,638694773095840,638694815887451,638694880510312,20.44879913330078,20.268377,8.179231643676758,78.587755,40.806115,1.276615,638694884983961,True,True,,4.473649,638695052118719,1033,171.608407,279.022879,167.134758,42.791611,64.622861
1545,d1f37ed1,Cam hik 1,2589,215686623484377,Robot_1,True,1790073123756.443,False,1,2,1,1,638760769522908,638760881319436,638760910635312,19.959487915039062,20.030009,8.703231811523438,36.033615,110.961944,0.407575,638760917306071,True,True,,6.670759,638761048541006,2590,137.905694,279.018098,131.234935,111.796528,29.315876
1545,06e9e5b9,Cam góc rộng toàn sân,1032,203145721272521,Robot_6868,True,1790073057760.016,False,4,7,4,1,638694773095840,638694815887451,638694854604062,13.052607536315918,12.965839,8.179231643676758,78.587755,40.806115,1.276615,638694859974473,True,True,,5.370411,638695052112942,1033,197.50888,279.017102,192.138469,42.791611,38.716611
1545,06e9e5b9,Cam góc rộng toàn sân,1032,138493342419992,Robot_28100,True,1790073057760.016,False,4,7,4,1,638694773095840,638694815887451,638694837197812,12.607808113098145,15.487336,8.179231643676758,78.587755,40.806115,1.276615,638694841481465,True,True,,4.283653,638695052103961,1033,214.906149,279.008121,210.622496,42.791611,21.310361
1545,e0606b55,Cam hướng ra cửa,3250,116454320966922,Robot_6868,False,1790073149674.053,False,3,3,1,0,638786687133085,638786773500901,638786794369687,11.350015640258789,17.363444,8.627327919006348,27.50277,84.998781,0.568964,638786800883400,True,True,,6.513713,638786965893180,3251,171.523493,278.760095,165.00978,86.367816,20.868786
1545,06e9e5b9,Cam góc rộng toàn sân,1080,105989861701223,Robot_2001,True,1790073059756.141,False,4,7,4,1,638696769221489,638696861997994,638696916025937,10.85865592956543,10.525765,6.911935806274414,70.17753,92.132438,0.275305,638696923593513,True,True,,7.567576,638697047885682,1081,131.859745,278.664193,124.292169,92.776505,54.027943
1545,06e9e5b9,Cam góc rộng toàn sân,1080,203145721272521,Robot_6868,True,1790073059756.141,False,4,7,4,1,638696769221489,638696861997994,638696900283750,11.826560020446777,11.754551,6.911935806274414,70.17753,92.132438,0.275305,638696904950955,True,True,,4.667205,638697047882587,1081,147.598837,278.661098,142.931632,92.776505,38.285756
1545,06e9e5b9,Cam góc rộng toàn sân,1080,138493342419992,Robot_28100,True,1790073059756.141,False,4,7,4,1,638696769221489,638696861997994,638696881607968,12.124959945678711,12.63383,6.911935806274414,70.17753,92.132438,0.275305,638696888401929,True,True,,6.793961,638697047877089,1081,166.269121,278.6556,159.47516,92.776505,19.609974
1545,06e9e5b9,Cam góc rộng toàn sân,841,105989861701223,Robot_2001,True,1790073049754.094,False,4,7,3,1,638686767174132,638686832595101,638686902967343,12.790783882141113,12.728018,9.480928421020508,74.672924,64.778888,0.189087,638686907184972,True,True,,4.217629,638687045531389,842,142.564046,278.357257,138.346417,65.420969,70.372242
1545,06e9e5b9,Cam góc rộng toàn sân,841,203145721272521,Robot_6868,True,1790073049754.094,False,4,7,3,1,638686767174132,638686832595101,638686881670468,22.08857536315918,22.18318,9.480928421020508,74.672924,64.778888,0.189087,638686890016008,True,True,,8.34554,638687045524930,842,163.854462,278.350798,155.508922,65.420969,49.075367
1545,06e9e5b9,Cam góc rộng toàn sân,841,138493342419992,Robot_28100,True,1790073049754.094,False,4,7,3,1,638686767174132,638686832595101,638686854795468,12.219712257385254,15.494255,9.480928421020508,74.672924,64.778888,0.189087,638686859393202,True,True,,4.597734,638687045515885,842,190.720417,278.341753,186.122683,65.420969,22.200367
1545,e0606b55,Cam hướng ra cửa,633,116454320966922,Robot_6868,False,1790073039671.87,False,3,3,3,0,638676684950065,638676748981146,638676789414609,9.516160011291504,9.43642,7.685023784637451,45.886025,62.916728,0.319757,638676794774750,True,True,,5.360141,638676963200092,634,173.785483,278.250027,168.425342,64.031081,40.433463
1545,e0606b55,Cam hướng ra cửa,2725,116454320966922,Robot_6868,False,1790073127674.261,False,3,3,1,0,638764687341583,638764845586164,638764868307187,11.190719604492188,16.88446,9.45680046081543,28.922421,157.16965,0.71757,638764874376490,True,True,,6.069303,638764965501099,2726,97.193912,278.159516,91.124609,158.244581,22.721023
1545,06e9e5b9,Cam góc rộng toàn sân,2652,105989861701223,Robot_2001,True,1790073125754.967,False,4,7,3,1,638762768047492,638762851742264,638762914877500,12.5382719039917,12.332947,7.479231834411621,69.334371,83.018444,0.303785,638762920950047,True,True,,6.072547,638763046190274,2653,131.312774,278.142782,125.240227,83.694772,63.135236
1545,06e9e5b9,Cam góc rộng toàn sân,2652,203145721272521,Robot_6868,True,1790073125754.967,False,4,7,3,1,638762768047492,638762851742264,638762896346250,18.76892852783203,18.729209,7.479231834411621,69.334371,83.018444,0.303785,638762902360641,True,True,,6.014391,638763046183136,2653,149.836886,278.135644,143.822495,83.694772,44.603986
1545,06e9e5b9,Cam góc rộng toàn sân,2652,138493342419992,Robot_28100,True,1790073125754.967,False,4,7,3,1,638762768047492,638762851742264,638762871307187,11.580991744995117,14.498792,7.479231834411621,69.334371,83.018444,0.303785,638762877580602,True,True,,6.273415,638763046172998,2653,174.865811,278.125506,168.592396,83.694772,19.564923
1545,e0606b55,Cam hướng ra cửa,1246,116454320966922,Robot_6868,False,1790073065681.467,False,2,2,2,0,638702694546964,638702879888209,638702917736874,18.751712799072266,18.718956,6.808640003204346,44.386186,184.685648,0.326046,638702924188778,True,True,,6.451904,638702972577732,1247,54.840858,278.030768,48.388954,185.341245,37.848665
1545,06e9e5b9,Cam góc rộng toàn sân,2843,105989861701223,Robot_2001,True,1790073133756.012,False,3,6,3,1,638770769092761,638770895695305,638770961643124,10.582207679748535,10.539497,7.015423774719238,72.194143,126.023458,0.220869,638770967849056,True,True,,6.205932,638771047116555,2844,85.473431,278.023794,79.267499,126.602544,65.947819
1545,06e9e5b9,Cam góc rộng toàn sân,2843,203145721272521,Robot_6868,True,1790073133756.012,False,3,6,3,1,638770769092761,638770895695305,638770943213437,23.37238311767578,23.374102,7.015423774719238,72.194143,126.023458,0.220869,638770950965605,True,True,,7.752168,638771047110114,2844,103.896677,278.017353,96.144509,126.602544,47.518132
1545,06e9e5b9,Cam góc rộng toàn sân,2843,138493342419992,Robot_28100,True,1790073133756.012,False,3,6,3,1,638770769092761,638770895695305,638770913955624,10.951904296875,11.95931,7.015423774719238,72.194143,126.023458,0.220869,638770919908007,True,True,,5.952383,638771047099992,2844,133.144368,278.007231,127.191985,126.602544,18.260319
1545,06e9e5b9,Cam góc rộng toàn sân,371,105989861701223,Robot_2001,True,1790073029756.374,False,4,7,3,1,638666769453813,638666832113369,638666876166562,9.207008361816406,9.078517,7.180992126464844,49.663881,62.311647,0.153638,638666881675432,True,True,,5.50887,638667047452957,372,171.286395,277.999144,165.777525,62.659556,44.053193
1545,06e9e5b9,Cam góc rộng toàn sân,371,203145721272521,Robot_6868,True,1790073029756.374,False,4,7,3,1,638666769453813,638666832113369,638666861504453,8.968768119812012,9.089655,7.180992126464844,49.663881,62.311647,0.153638,638666866829031,True,True,,5.324578,638667047450085,372,185.945632,277.996272,180.621054,62.659556,29.391084
1545,06e9e5b9,Cam góc rộng toàn sân,371,138493342419992,Robot_28100,True,1790073029756.374,False,4,7,3,1,638666769453813,638666832113369,638666848481015,8.776960372924805,11.290043,7.180992126464844,49.663881,62.311647,0.153638,638666852290368,True,True,,3.809353,638667047445253,372,198.964238,277.99144,195.154885,62.659556,16.367646
1545,e0606b55,Cam hướng ra cửa,1058,116454320966922,Robot_6868,False,1790073057676.428,False,2,2,1,0,638694689508626,638694760265323,638694783924374,11.7957124710083,12.695893,11.479040145874023,29.579935,69.53618,0.360174,638694789722773,True,True,,5.798399,638694967499372,1059,183.574998,277.990746,177.776599,70.756697,23.659051
1545,d1f37ed1,Cam hik 1,793,215686623484377,Robot_1,True,1790073047752.628,False,2,3,2,1,638684765707972,638684857061998,638684881947812,12.562111854553223,12.774883,11.751744270324707,52.329424,90.811679,0.290053,638684894161151,True,True,,12.213339,638685043288679,794,161.340867,277.580707,149.127528,91.354026,24.885814
1545,e0606b55,Cam hướng ra cửa,1534,116454320966922,Robot_6868,False,1790073077679.355,False,3,3,1,0,638714692434987,638714757385197,638714774037656,10.230079650878906,11.039009,6.126848220825195,24.92514,64.479666,0.199031,638714782259138,True,True,,8.221482,638714969999788,1535,195.962132,277.564801,187.74065,64.95021,16.652459
1545,06e9e5b9,Cam góc rộng toàn sân,323,105989861701223,Robot_2001,True,1790073027756.575,False,4,7,3,1,638664769654990,638664820516082,638664871289609,8.876543998718262,8.876571,10.827775955200195,55.006803,50.191749,0.260454,638664875447534,True,True,,4.157925,638665047207561,324,175.917952,277.552571,171.760027,50.861092,50.773527
1545,06e9e5b9,Cam góc rộng toàn sân,323,203145721272521,Robot_6868,True,1790073027756.575,False,4,7,3,1,638664769654990,638664820516082,638664857953671,11.298751831054688,11.297893,10.827775955200195,55.006803,50.191749,0.260454,638664862262930,True,True,,4.309259,638665047204277,324,189.250606,277.549287,184.941347,50.861092,37.437589
1545,06e9e5b9,Cam góc rộng toàn sân,323,138493342419992,Robot_28100,True,1790073027756.575,False,4,7,3,1,638664769654990,638664820516082,638664841475156,9.69654369354248,9.634298,10.827775955200195,55.006803,50.191749,0.260454,638664846529321,True,True,,5.054165,638665047198374,324,205.723218,277.543384,200.669053,50.861092,20.959074
1545,e0606b55,Cam hướng ra cửa,449,116454320966922,Robot_6868,False,1790073031669.242,False,2,2,1,0,638668682322228,638668697754622,638668714012265,9.04700756072998,11.809069,6.672287940979004,24.831379,14.918649,0.231177,638668722471072,True,True,,8.458807,638668959865413,450,245.853148,277.543185,237.394341,15.432394,16.257643
1545,d1f37ed1,Cam hik 1,2969,215686623484377,Robot_1,True,1790073139756.156,False,1,2,1,1,638776769235962,638776896543494,638776916666562,13.365535736083984,14.236077,6.353248119354248,26.246234,126.868048,0.20348,638776922657117,True,True,,5.990555,638777046655400,2970,129.988838,277.419438,123.998283,127.307532,20.123068
1545,d1f37ed1,Cam hik 1,1220,215686623484377,Robot_1,True,1790073065752.23,False,1,2,1,1,638702765310633,638702771211272,638702803697812,20.264480590820312,26.222305,11.853119850158691,41.683595,5.093483,0.543343,638702812746035,True,True,,9.048223,638703042657176,1221,238.959364,277.346543,229.911141,5.900639,32.48654
1545,b1269e28,Cam 4,2005,163927143868405,Robot_28100,True,1790073114047.482,False,4,8,6,0,638751060562587,638751130013251,638751235572812,13.879743576049805,13.455431,11.98425579071045,168.324473,68.692986,0.2496,638751260524907,True,True,,24.952095,638751337772140,2010,102.199328,277.209553,77.247233,69.450664,105.559561
1545,06e9e5b9,Cam góc rộng toàn sân,559,105989861701223,Robot_2001,True,1790073037755.532,False,4,7,3,1,638674768612251,638674882026853,638674928967343,10.973376274108887,10.981645,9.369952201843262,52.710132,112.554775,0.65838,638674934665310,True,True,,5.697967,638675045813871,560,116.846528,277.20162,111.148561,113.414602,46.94049
1545,06e9e5b9,Cam góc rộng toàn sân,559,203145721272521,Robot_6868,True,1790073037755.532,False,4,7,3,1,638674768612251,638674882026853,638674914004453,9.764896392822266,9.765961,9.369952201843262,52.710132,112.554775,0.65838,638674917886199,True,True,,3.881746,638675045810924,560,131.806471,277.198673,127.924725,113.414602,31.9776
1545,06e9e5b9,Cam góc rộng toàn sân,559,138493342419992,Robot_28100,True,1790073037755.532,False,4,7,3,1,638674768612251,638674882026853,638674900023984,8.148768424987793,12.172012,9.369952201843262,52.710132,112.554775,0.65838,638674904140457,True,True,,4.116473,638675045805651,560,145.781667,277.1934,141.665194,113.414602,17.997131
1545,b1269e28,Cam 4,557,163927143868405,Robot_28100,True,1790073041646.855,False,4,8,4,0,638678659935455,638678780503242,638678877602109,11.132991790771484,11.146309,6.3218560218811035,103.947737,119.759863,0.409487,638678884335969,True,True,,6.73386,638678937090634,562,59.488525,277.155179,52.754665,120.567787,97.098867
1545,b1269e28,Cam 4,557,70436418202045,Robot_2001,True,1790073041646.855,False,4,8,4,0,638678659935455,638678780503242,638678857973203,25.27507209777832,25.222583,6.3218560218811035,103.947737,119.759863,0.409487,638678866226602,True,True,,8.253399,638678937087205,562,79.114002,277.15175,70.860603,120.567787,77.469961
1545,e0606b55,Cam hướng ra cửa,1390,116454320966922,Robot_6868,False,1790073071682.393,False,3,3,1,0,638708695472806,638708833106592,638708868572812,23.688608169555664,24.886949,11.155200004577637,41.396935,136.964843,0.37294,638708874503673,True,True,,5.930861,638708972600638,1391,104.027826,277.127832,98.096965,137.633786,35.46622
1545,b1269e28,Cam 4,2097,163927143868405,Robot_28100,True,1790073118645.025,False,4,8,6,0,638755658104936,638755680447514,638755879846250,17.164447784423828,16.929531,6.095456123352051,240.500398,21.181986,0.574375,638755888512250,True,True,,8.666,638755935024695,2102,55.178445,276.919759,46.512445,22.342578,199.398736
1545,d1f37ed1,Cam hik 1,934,215686623484377,Robot_1,True,1790073053750.098,False,2,3,1,1,638690763177856,638690798836936,638690812104062,6.915840148925781,10.068881,5.970848083496094,16.765773,34.805354,0.318863,638690815536879,True,True,,3.432817,638691039965709,935,227.861647,276.787853,224.42883,35.65908,13.267126
1545,06e9e5b9,Cam góc rộng toàn sân,3318,105989861701223,Robot_2001,True,1790073153756.374,False,4,7,3,1,638790769454299,638790772323007,638790846572812,24.269376754760742,24.778807,9.545791625976562,80.502161,2.018889,0.350726,638790852781104,True,True,,6.208292,638791046211964,3319,199.639152,276.757665,193.43086,2.868708,74.249805
1545,06e9e5b9,Cam góc rộng toàn sân,3318,203145721272521,Robot_6868,True,1790073153756.374,False,4,7,3,1,638790769454299,638790772323007,638790812322812,13.243776321411133,13.755664,9.545791625976562,80.502161,2.018889,0.350726,638790821807661,True,True,,9.484849,638791046204212,3319,233.8814,276.749913,224.396551,2.868708,39.999805
1545,06e9e5b9,Cam góc rộng toàn sân,3318,138493342419992,Robot_28100,True,1790073153756.374,False,4,7,3,1,638790769454299,638790772323007,638790793354062,11.00211238861084,11.74193,9.545791625976562,80.502161,2.018889,0.350726,638790798675212,True,True,,5.32115,638791046193754,3319,252.839692,276.739455,247.518542,2.868708,21.031055
1545,d1f37ed1,Cam hik 1,2166,215686623484377,Robot_1,True,1790073105755.438,False,2,3,2,1,638742768517939,638742791927899,638742814221250,13.170016288757324,16.421749,8.595552444458008,38.014819,22.489291,0.336943,638742819328583,True,True,,5.107333,638743044863660,2167,230.64241,276.345721,225.535077,23.40996,22.293351
1545,e0606b55,Cam hướng ra cửa,3107,116454320966922,Robot_6868,False,1790073143676.486,False,3,3,3,0,638780689566175,638780733672121,638780786096250,10.751680374145508,10.7372,7.158304214477539,61.661049,43.339426,0.481426,638780795306641,True,True,,9.210391,638780965561406,3108,179.465156,275.995231,170.254765,44.105946,52.424129
1545,e0606b55,Cam hướng ra cửa,1105,116454320966922,Robot_6868,False,1790073059675.533,False,3,3,1,0,638696688613578,638696797592540,638696818682187,9.949728012084961,10.050218,10.6430082321167,26.17429,108.249267,0.344342,638696823662868,True,True,,4.980681,638696964584361,1106,145.902174,275.970783,140.921493,108.978962,21.089647
1545,06e9e5b9,Cam góc rộng toàn sân,2747,105989861701223,Robot_2001,True,1790073129755.227,False,4,7,3,1,638766768307309,638766858720251,638766955619687,22.78780746459961,22.763604,8.43945598602295,108.512859,89.694291,0.297306,638766967148904,True,True,,11.529217,638767044083153,2748,88.463466,275.775844,76.934249,90.412942,96.899436
1545,06e9e5b9,Cam góc rộng toàn sân,2747,203145721272521,Robot_6868,True,1790073129755.227,False,4,7,3,1,638766768307309,638766858720251,638766925518124,20.871967315673828,20.985034,8.43945598602295,108.512859,89.694291,0.297306,638766932773201,True,True,,7.255077,638767044079745,2748,118.561621,275.772436,111.306544,90.412942,66.797873
1545,06e9e5b9,Cam góc rộng toàn sân,2747,138493342419992,Robot_28100,True,1790073129755.227,False,4,7,3,1,638766768307309,638766858720251,638766895104062,26.550495147705078,29.400595,8.43945598602295,108.512859,89.694291,0.297306,638766904558630,True,True,,9.454568,638767044073486,2748,148.969424,275.766177,139.514856,90.412942,36.383811
1545,06e9e5b9,Cam góc rộng toàn sân,1560,105989861701223,Robot_2001,True,1790073079758.811,False,4,7,3,1,638716771891332,638716894761948,638716953908750,13.440671920776367,13.444603,7.680480003356934,68.876949,122.253614,0.247752,638716963451546,True,True,,9.542796,638717047628281,1561,93.719531,275.736949,84.176735,122.870616,59.146802
1545,06e9e5b9,Cam góc rộng toàn sân,1560,203145721272521,Robot_6868,True,1790073079758.811,False,4,7,3,1,638716771891332,638716894761948,638716936135312,9.626367568969727,9.611765,7.680480003356934,68.876949,122.253614,0.247752,638716940431109,True,True,,4.295797,638717047621519,1561,111.486207,275.730187,107.19041,122.870616,41.373364
1545,06e9e5b9,Cam góc rộng toàn sân,1560,138493342419992,Robot_28100,True,1790073079758.811,False,4,7,3,1,638716771891332,638716894761948,638716916377500,13.602463722229004,15.884034,7.680480003356934,68.876949,122.253614,0.247752,638716926458574,True,True,,10.081074,638717047612283,1561,131.234783,275.720951,121.153709,122.870616,21.615552
1545,06e9e5b9,Cam góc rộng toàn sân,3175,105989861701223,Robot_2001,True,1790073147757.768,False,4,7,3,1,638784770848621,638784856549479,638784911447812,10.228639602661133,10.991953,6.343967914581299,66.080903,85.020814,0.255225,638784922501628,True,True,,11.053816,638785046517926,3176,135.070114,275.669305,124.016298,85.700858,54.898333
1545,06e9e5b9,Cam góc rộng toàn sân,3175,203145721272521,Robot_6868,True,1790073147757.768,False,4,7,3,1,638784770848621,638784856549479,638784894604062,13.74681568145752,13.10466,6.343967914581299,66.080903,85.020814,0.255225,638784900502715,True,True,,5.898653,638785046513778,3176,151.909716,275.665157,146.011063,85.700858,38.054583
1545,06e9e5b9,Cam góc rộng toàn sân,3175,138493342419992,Robot_28100,True,1790073147757.768,False,4,7,3,1,638784770848621,638784856549479,638784873166562,9.91494369506836,10.735068,6.343967914581299,66.080903,85.020814,0.255225,638784880882898,True,True,,7.716336,638785046507191,3176,173.340629,275.65857,165.624293,85.700858,16.617083
1545,d1f37ed1,Cam hik 1,2876,215686623484377,Robot_1,True,1790073135754.208,False,1,2,1,1,638772767288126,638772945159042,638772968229062,11.057184219360352,17.708764,11.202143669128418,33.176116,177.314159,0.286378,638772978299032,True,True,,10.06997,638773042847684,2877,74.618622,275.559558,64.548652,177.870916,23.07002
1545,b1269e28,Cam 4,2117,163927143868405,Robot_28100,True,1790073119646.552,False,4,8,6,0,638756659632411,638756793087709,638756904221250,19.326047897338867,19.369476,7.707327842712402,150.930815,132.582717,0.324712,638756914152139,True,True,,9.930889,638756935149675,2122,30.928425,275.517264,20.997536,133.455298,111.133541
1545,b1269e28,Cam 4,2117,70436418202045,Robot_2001,True,1790073119646.552,False,4,8,6,0,638756659632411,638756793087709,638756877229062,13.166367530822754,13.445849,7.707327842712402,150.930815,132.582717,0.324712,638756884759814,True,True,,7.530752,638756935143480,2122,57.914418,275.511069,50.383666,133.455298,84.141353
1545,06e9e5b9,Cam góc rộng toàn sân,2699,105989861701223,Robot_2001,True,1790073127757.766,False,4,7,3,1,638764770845978,638764890008228,638764971471250,18.886272430419922,18.783136,11.317695617675781,87.505858,118.410147,0.230999,638764976731962,True,True,,5.260712,638765046175720,2700,74.70447,275.329742,69.443758,119.16225,81.463022
1545,06e9e5b9,Cam góc rộng toàn sân,2699,203145721272521,Robot_6868,True,1790073127757.766,False,4,7,3,1,638764770845978,638764890008228,638764942940000,13.12611198425293,13.229037,11.317695617675781,87.505858,118.410147,0.230999,638764952508635,True,True,,9.568635,638765046169710,2700,103.22971,275.323732,93.661075,119.16225,52.931772
1545,06e9e5b9,Cam góc rộng toàn sân,2699,138493342419992,Robot_28100,True,1790073127757.766,False,4,7,3,1,638764770845978,638764890008228,638764921807187,19.835039138793945,19.802611,11.317695617675781,87.505858,118.410147,0.230999,638764929496716,True,True,,7.689529,638765046161691,2700,124.354504,275.315713,116.664975,119.16225,31.798959
1545,06e9e5b9,Cam góc rộng toàn sân,2126,105989861701223,Robot_2001,True,1790073103759.022,False,4,7,3,1,638740772102636,638740816576898,638740888307187,14.909024238586426,14.888083,7.567935943603516,76.635457,43.838638,0.291962,638740892975395,True,True,,4.668208,638741047387942,2127,159.080755,275.285306,154.412547,44.474262,71.730289
1545,06e9e5b9,Cam góc rộng toàn sân,2126,203145721272521,Robot_6868,True,1790073103759.022,False,4,7,3,1,638740772102636,638740816576898,638740865619687,20.427520751953125,20.407968,7.567935943603516,76.635457,43.838638,0.291962,638740873398681,True,True,,7.778994,638741047381266,2127,181.761579,275.27863,173.982585,44.474262,49.042789
1545,06e9e5b9,Cam góc rộng toàn sân,2126,138493342419992,Robot_28100,True,1790073103759.022,False,4,7,3,1,638740772102636,638740816576898,638740838979062,14.453439712524414,16.494685,7.567935943603516,76.635457,43.838638,0.291962,638740845206745,True,True,,6.227683,638741047372448,2127,208.393386,275.269812,202.165703,44.474262,22.402164
1545,e0606b55,Cam hướng ra cửa,681,116454320966922,Robot_6868,False,1790073041679.902,False,3,3,3,0,638678692982456,638678735886125,638678776481015,9.195808410644531,9.173666,8.145503997802734,44.512536,42.48956,0.187608,638678780322760,True,True,,3.841745,638678967931578,682,191.450563,274.949122,187.608818,42.903669,40.59489
1545,e0606b55,Cam hướng ra cửa,3059,116454320966922,Robot_6868,False,1790073141681.886,False,3,3,3,0,638778694965987,638778746860749,638778811658750,17.262239456176758,16.73365,11.85696029663086,91.421073,51.33977,0.22404,638778838147195,True,True,,26.488445,638778969581952,3060,157.923202,274.615965,131.434757,51.894762,64.798001
1545,e0606b55,Cam hướng ra cửa,2773,116454320966922,Robot_6868,False,1790073129678.07,False,3,3,3,0,638766691150114,638766770180032,638766838299374,18.752031326293945,18.551304,10.416223526000977,75.521705,78.375381,0.309755,638766845267433,True,True,,6.968059,638766965738336,2774,127.438962,274.588222,120.470903,79.029918,68.119342
1545,06e9e5b9,Cam góc rộng toàn sân,277,105989861701223,Robot_2001,True,1790073025752.764,False,4,7,4,1,638662765843795,638662777347326,638662831148007,12.553631782531738,12.554836,5.62281608581543,71.538421,10.960276,0.206943,638662836958664,True,True,,5.810657,638663040262775,278,209.114768,274.41898,203.304111,11.503531,53.800681
1545,06e9e5b9,Cam góc rộng toàn sân,277,203145721272521,Robot_6868,True,1790073025752.764,False,4,7,4,1,638662765843795,638662777347326,638662812236874,15.733728408813477,15.694975,5.62281608581543,71.538421,10.960276,0.206943,638662818419792,True,True,,6.182918,638663040259801,278,228.022927,274.416006,221.840009,11.503531,34.889548
1545,06e9e5b9,Cam góc rộng toàn sân,277,138493342419992,Robot_28100,True,1790073025752.764,False,4,7,4,1,638662765843795,638662777347326,638662791479062,8.116479873657227,8.79114,5.62281608581543,71.538421,10.960276,0.206943,638662796373386,True,True,,4.894324,638663040254576,278,248.775514,274.410781,243.88119,11.503531,14.131736
1545,e0606b55,Cam hướng ra cửa,2010,116454320966922,Robot_6868,False,1790073097678.3,False,3,3,3,0,638734691380248,638734730713231,638734776377500,22.74675178527832,22.806913,5.843135833740234,54.604507,38.826924,0.260926,638734785104015,True,True,,8.726515,638734965687667,2011,189.310167,274.307419,180.583652,39.332983,45.664269
1545,b1269e28,Cam 4,2717,258791973882344,Robot_1,True,1790073149666.023,False,4,8,6,0,638786679103303,638786801118468,638786852822812,22.607967376708984,22.320308,7.072224140167236,135.097863,120.07201,0.327006,638786866527935,True,True,,13.705123,638786953339415,2722,100.516603,274.236112,86.81148,122.015165,51.704344
1545,b1269e28,Cam 4,2717,163927143868405,Robot_28100,True,1790073149666.023,False,4,8,6,0,638786679103303,638786801118468,638786899932187,11.909728050231934,11.862901,7.072224140167236,135.097863,120.07201,0.327006,638786905772344,True,True,,5.840157,638786953335564,2722,53.403377,274.232261,47.56322,122.015165,98.813719
1545,b1269e28,Cam 4,2717,70436418202045,Robot_2001,True,1790073149666.023,False,4,8,6,0,638786679103303,638786801118468,638786881213437,14.58687973022461,14.310151,7.072224140167236,135.097863,120.07201,0.327006,638786887844750,True,True,,6.631313,638786953325252,2722,72.111815,274.221949,65.480502,122.015165,80.094969
1545,e0606b55,Cam hướng ra cửa,1581,116454320966922,Robot_6868,False,1790073079675.569,False,3,3,3,0,638716688648869,638716781734904,638716816635312,10.020959854125977,9.763895,6.946911811828613,43.008662,92.013464,0.488379,638716824671517,True,True,,8.036205,638716962860613,1582,146.225301,274.211744,138.189096,93.086035,34.900408
1545,e0606b55,Cam hướng ra cửa,2438,116454320966922,Robot_6868,False,1790073115680.457,False,3,3,1,0,638752693536818,638752823694872,638752859502500,25.479488372802734,25.012436,9.742112159729004,49.382139,128.673313,0.272684,638752872901958,True,True,,13.399458,638752967702344,2439,108.199844,274.165526,94.800386,130.158054,35.807628
1545,d1f37ed1,Cam hik 1,2306,215686623484377,Robot_1,True,1790073111755.99,False,2,3,1,1,638748769070468,638748845420362,638748879182187,20.98681640625,20.956556,12.14089584350586,39.690992,75.856174,0.231493,638748885077724,True,True,,5.895537,638749043226452,2307,164.044265,274.155984,158.148728,76.349894,33.761825
1545,06e9e5b9,Cam góc rộng toàn sân,2317,105989861701223,Robot_2001,True,1790073111754.86,False,3,6,4,1,638748767940128,638748885223639,638748954908750,10.383135795593262,9.926957,9.074912071228027,91.962297,116.683129,0.249872,638748962980021,True,True,,8.071271,638749042064410,2318,87.15566,274.124282,79.084389,117.283511,69.685111
1545,06e9e5b9,Cam góc rộng toàn sân,2317,203145721272521,Robot_6868,True,1790073111754.86,False,3,6,4,1,638748767940128,638748885223639,638748935658750,19.592575073242188,19.580124,9.074912071228027,91.962297,116.683129,0.249872,638748944547886,True,True,,8.889136,638749042050680,2318,106.39193,274.110552,97.502794,117.283511,50.435111
1545,d1f37ed1,Cam hik 1,558,215686623484377,Robot_1,True,1790073037754.389,False,2,3,2,1,638674767469031,638674834531968,638674866973203,16.65782356262207,16.65742,14.376255989074707,47.397875,66.688151,0.165823,638674871522164,True,True,,4.548961,638675041564338,559,174.591135,274.095307,170.042174,67.062937,32.441235
1545,06e9e5b9,Cam góc rộng toàn sân,2317,138493342419992,Robot_28100,True,1790073111754.86,False,3,6,4,1,638748767940128,638748885223639,638748910166562,15.473664283752441,19.917551,9.074912071228027,91.962297,116.683129,0.249872,638748916097383,True,True,,5.930821,638749042024229,2318,131.857667,274.084101,125.926846,117.283511,24.942923
1545,e0606b55,Cam hướng ra cửa,1153,116454320966922,Robot_6868,False,1790073061675.891,False,2,2,1,0,638698688971109,638698824412293,638698854065000,18.58723258972168,18.951479,10.235424041748047,37.686868,134.621038,0.558999,638698862031966,True,True,,7.966966,638698962683358,1154,108.618358,273.712249,100.651392,135.441184,29.652707
1545,d1f37ed1,Cam hik 1,841,215686623484377,Robot_1,True,1790073049755.288,False,2,3,1,1,638686768368275,638686907356340,638686926436093,9.995231628417969,12.799536,8.715200424194336,25.883367,138.674942,0.134743,638686933209291,True,True,,6.773198,638687041854004,842,115.417911,273.485729,108.644713,138.988065,19.079753
1545,d1f37ed1,Cam hik 1,1078,215686623484377,Robot_1,True,1790073059754.738,False,1,2,2,1,638696767817977,638696787274309,638696811100156,17.164608001708984,20.145521,6.110752105712891,39.20319,18.56599,0.309857,638696816555742,True,True,,5.455586,638697041176700,1079,230.076544,273.358723,224.620958,19.456332,23.825847
1545,06e9e5b9,Cam góc rộng toàn sân,936,105989861701223,Robot_2001,True,1790073053754.655,False,3,6,3,1,638690767735073,638690815682238,638690873631406,19.40559959411621,19.339654,5.417695999145508,66.883709,47.389786,0.218645,638690882452051,True,True,,8.820645,638691041079585,937,167.448179,273.344512,158.627534,47.947165,57.949168
1545,06e9e5b9,Cam góc rộng toàn sân,936,203145721272521,Robot_6868,True,1790073053754.655,False,3,6,3,1,638690767735073,638690815682238,638690847424374,15.458527565002441,15.32138,5.417695999145508,66.883709,47.389786,0.218645,638690853694413,True,True,,6.270039,638691041075307,937,193.650933,273.340234,187.380894,47.947165,31.742136
1545,06e9e5b9,Cam góc rộng toàn sân,936,138493342419992,Robot_28100,True,1790073053754.655,False,3,6,3,1,638690767735073,638690815682238,638690828178281,6.725376129150391,9.028958,5.417695999145508,66.883709,47.389786,0.218645,638690831894102,True,True,,3.715821,638691041069599,937,212.891318,273.334526,209.175497,47.947165,12.496043
1545,06e9e5b9,Cam góc rộng toàn sân,1934,105989861701223,Robot_2001,True,1790073095760.941,False,3,6,3,1,638732774021719,638732974314955,638733038666562,16.664031982421875,16.604563,6.0307841300964355,71.963843,199.753548,0.239788,638733046131379,True,True,,7.464817,638733047204973,1935,8.538411,273.183254,1.073594,200.293236,64.351607
1545,06e9e5b9,Cam góc rộng toàn sân,1934,203145721272521,Robot_6868,True,1790073095760.941,False,3,6,3,1,638732774021719,638732974314955,638733012408750,17.32841682434082,17.51055,6.0307841300964355,71.963843,199.753548,0.239788,638733021926191,True,True,,9.517441,638733047201646,1935,34.792896,273.179927,25.275455,200.293236,38.093795
1545,06e9e5b9,Cam góc rộng toàn sân,1934,138493342419992,Robot_28100,True,1790073095760.941,False,3,6,3,1,638732774021719,638732974314955,638732990315000,8.948287963867188,10.109601,6.0307841300964355,71.963843,199.753548,0.239788,638732994759659,True,True,,4.444659,638733047195681,1935,56.880681,273.173962,52.436022,200.293236,16.000045
1545,06e9e5b9,Cam góc rộng toàn sân,889,105989861701223,Robot_2001,True,1790073051756.721,False,4,7,3,1,638688769801035,638688857370929,638688902639218,9.588640213012695,9.215091,6.125408172607422,49.553005,87.131728,0.184234,638688906862666,True,True,,4.223448,638689042938878,890,140.29966,273.137843,136.076212,87.569894,45.268289
1545,06e9e5b9,Cam góc rộng toàn sân,889,203145721272521,Robot_6868,True,1790073051756.721,False,4,7,3,1,638688769801035,638688857370929,638688888361874,9.704319953918457,9.516887,6.125408172607422,49.553005,87.131728,0.184234,638688892945968,True,True,,4.584094,638689042932368,890,154.570494,273.131333,149.9864,87.569894,30.990945
1545,06e9e5b9,Cam góc rộng toàn sân,889,138493342419992,Robot_28100,True,1790073051756.721,False,4,7,3,1,638688769801035,638688857370929,638688873627500,9.696736335754395,11.118121,6.125408172607422,49.553005,87.131728,0.184234,638688878579597,True,True,,4.952097,638689042923833,890,169.296333,273.122798,164.344236,87.569894,16.256571
1545,b1269e28,Cam 4,461,163927143868405,Robot_28100,True,1790073036851.989,False,4,8,4,0,638673865069138,638673930761759,638674070494687,18.45123291015625,18.143818,10.398271560668945,144.544256,64.491132,0.497661,638674075222481,True,True,,4.727794,638674138178295,466,67.683608,273.109157,62.955814,65.692621,139.732928
1545,b1269e28,Cam 4,477,163927143868405,Robot_28100,True,1790073037646.571,False,4,8,4,0,638674659650950,638674804128109,638674872584531,11.267775535583496,11.26074,7.788832187652588,74.551463,143.796975,0.259787,638674878557524,True,True,,5.972993,638674932366949,482,59.782418,272.715999,53.809425,144.477159,68.456422
1545,d1f37ed1,Cam hik 1,2494,215686623484377,Robot_1,True,1790073119762.176,False,2,3,1,1,638756775256554,638756800946145,638756841111874,27.91596794128418,29.807964,10.9017915725708,49.934518,24.95938,0.320818,638756850814264,True,True,,9.70239,638757047511558,2495,206.399684,272.255004,196.697294,25.689591,40.165729
1545,06e9e5b9,Cam góc rộng toàn sân,2987,105989861701223,Robot_2001,True,1790073139759.48,False,4,7,3,1,638776772559930,638776922892816,638776994963437,15.538751602172852,16.208259,7.499104022979736,78.30673,149.046255,0.49172,638777001178537,True,True,,6.2151,638777044778153,2988,49.814716,272.218223,43.599616,150.332886,72.070621
1545,06e9e5b9,Cam góc rộng toàn sân,1320,105989861701223,Robot_2001,True,1790073069756.567,False,4,7,3,1,638706769647356,638706850549055,638706904252500,9.383008003234863,9.259288,10.914655685424805,58.937661,80.254246,0.252671,638706909392475,True,True,,5.139975,638707041859143,1321,137.606643,272.211787,132.466668,80.901699,53.703445
1545,06e9e5b9,Cam góc rộng toàn sân,2987,203145721272521,Robot_6868,True,1790073139759.48,False,4,7,3,1,638776772559930,638776922892816,638776965971250,13.369664192199707,13.164072,7.499104022979736,78.30673,149.046255,0.49172,638776978383472,True,True,,12.412222,638777044771616,2988,78.800366,272.211686,66.388144,150.332886,43.078434
1545,06e9e5b9,Cam góc rộng toàn sân,1320,203145721272521,Robot_6868,True,1790073069756.567,False,4,7,3,1,638706769647356,638706850549055,638706890408750,12.964832305908203,12.934097,10.914655685424805,58.937661,80.254246,0.252671,638706894801868,True,True,,4.393118,638707041855802,1321,151.447052,272.208446,147.053934,80.901699,39.859695
1545,06e9e5b9,Cam góc rộng toàn sân,2987,138493342419992,Robot_28100,True,1790073139759.48,False,4,7,3,1,638776772559930,638776922892816,638776945432187,14.242879867553711,16.72795,7.499104022979736,78.30673,149.046255,0.49172,638776952681168,True,True,,7.248981,638777044762799,2988,99.330612,272.202869,92.081631,150.332886,22.539371
1545,06e9e5b9,Cam góc rộng toàn sân,1320,138493342419992,Robot_28100,True,1790073069756.567,False,4,7,3,1,638706769647356,638706850549055,638706871791562,9.730048179626465,9.988149,10.914655685424805,58.937661,80.254246,0.252671,638706877401510,True,True,,5.609948,638707041850189,1321,170.058627,272.202833,164.448679,80.901699,21.242507
1545,06e9e5b9,Cam góc rộng toàn sân,984,105989861701223,Robot_2001,True,1790073055759.673,False,4,7,3,1,638692772753509,638692911187505,638692973732968,14.250783920288086,14.224993,6.307712078094482,68.941773,137.644278,0.26796,638692980076675,True,True,,6.343707,638693044816867,985,71.083899,272.063358,64.740192,138.433996,62.545463
1545,06e9e5b9,Cam góc rộng toàn sân,984,203145721272521,Robot_6868,True,1790073055759.673,False,4,7,3,1,638692772753509,638692911187505,638692954232968,10.336671829223633,10.518851,6.307712078094482,68.941773,137.644278,0.26796,638692959346477,True,True,,5.113509,638693044813685,985,90.580717,272.060176,85.467208,138.433996,43.045463
1545,06e9e5b9,Cam góc rộng toàn sân,984,138493342419992,Robot_28100,True,1790073055759.673,False,4,7,3,1,638692772753509,638692911187505,638692933686093,15.789823532104492,16.629781,6.307712078094482,68.941773,137.644278,0.26796,638692943642912,True,True,,9.956819,638693044808140,985,111.122047,272.054631,101.165228,138.433996,22.498588
1545,e0606b55,Cam hướng ra cửa,2104,116454320966922,Robot_6868,False,1790073101679.911,False,3,3,1,0,638738692990999,638738708756370,638738735291562,19.615808486938477,20.510305,6.359839916229248,36.142821,14.761153,0.444595,638738744741556,True,True,,9.449994,638738964559700,2105,229.268138,271.568701,219.818144,15.765371,26.535192
1545,d1f37ed1,Cam hik 1,606,215686623484377,Robot_1,True,1790073039759.393,False,2,3,2,1,638676772472714,638676850357504,638676866641171,9.488287925720215,10.801354,6.3731842041015625,34.214849,77.327028,0.272869,638676871814422,True,True,,5.173251,638677043836909,607,177.195738,271.364195,172.022487,77.88479,16.283667
1545,e0606b55,Cam hướng ra cửa,1294,116454320966922,Robot_6868,False,1790073067675.497,False,2,2,1,0,638704688577184,638704712396162,638704733623593,13.667519569396973,14.524631,7.0313920974731445,25.701755,23.163408,0.250586,638704738052898,True,True,,4.429305,638704959680645,1295,226.057052,271.103461,221.627747,23.818978,21.227431
1545,06e9e5b9,Cam góc rộng toàn sân,1606,105989861701223,Robot_2001,True,1790073081758.115,False,4,7,3,1,638718771195497,638718909687548,638718958947812,12.163040161132812,12.147691,6.5543999671936035,55.037771,136.750578,0.89066,638718964657089,True,True,,5.709277,638719042229225,1607,83.281413,271.033728,77.572136,138.492051,49.260264
1545,06e9e5b9,Cam góc rộng toàn sân,1606,203145721272521,Robot_6868,True,1790073081758.115,False,4,7,3,1,638718771195497,638718909687548,638718940932187,9.333279609680176,9.208461,6.5543999671936035,55.037771,136.750578,0.89066,638718946762900,True,True,,5.830713,638719042225880,1607,101.293693,271.030383,95.46298,138.492051,31.244639
1545,06e9e5b9,Cam góc rộng toàn sân,1606,138493342419992,Robot_28100,True,1790073081758.115,False,4,7,3,1,638718771195497,638718909687548,638718926619687,10.04099178314209,12.49939,6.5543999671936035,55.037771,136.750578,0.89066,638718931585234,True,True,,4.965547,638719042219926,1607,115.600239,271.024429,110.634692,138.492051,16.932139
1545,d1f37ed1,Cam hik 1,2685,215686623484377,Robot_1,True,1790073127759.837,False,1,2,2,1,638764772916903,638764794851336,638764819455624,14.690815925598145,18.857583,9.232768058776855,47.547596,20.813307,0.790039,638764831932949,True,True,,12.477325,638765043849622,2686,224.393998,270.932719,211.916673,21.934433,24.604288
1545,e0606b55,Cam hướng ra cửa,1629,116454320966922,Robot_6868,False,1790073081674.583,False,2,2,1,0,638718687663440,638718782541792,638718817721250,20.318016052246094,29.781705,13.672767639160156,52.174496,94.131073,0.279477,638718834701829,True,True,,16.980579,638718958397113,1630,140.675863,270.733673,123.695284,94.878352,35.179458
1545,e0606b55,Cam hướng ra cửa,1342,116454320966922,Robot_6868,False,1790073069677.614,False,3,3,1,0,638706690694256,638706746420920,638706767002500,14.659392356872559,15.987497,5.630911827087402,32.938196,55.203732,0.2893,638706779258949,True,True,,12.256449,638706960117441,1343,193.114941,269.423185,180.858492,55.726664,20.58158
1545,d1f37ed1,Cam hik 1,2212,215686623484377,Robot_1,True,1790073107760.493,False,2,3,1,1,638744773573743,638744869218099,638744889955624,13.02342414855957,13.802923,7.3717122077941895,28.074527,93.729586,1.380298,638744897261933,True,True,,7.306309,638745042676824,2213,152.7212,269.103081,145.414891,95.644356,20.737525
1545,d1f37ed1,Cam hik 1,982,215686623484377,Robot_1,True,1790073055758.376,False,2,3,2,1,638692771456495,638692878014444,638692898346250,12.558431625366211,12.83585,6.17523193359375,33.083054,106.091988,0.220223,638692903544794,True,True,,5.198544,638693040528132,983,142.181882,269.071637,136.983338,106.557949,20.331806
1545,d1f37ed1,Cam hik 1,2447,215686623484377,Robot_1,True,1790073117766.952,False,2,3,2,1,638754780032001,638754924205030,638754965221250,27.07356834411621,27.458516,13.440352439880371,62.649959,142.808344,0.668619,638754972918441,True,True,,7.697191,638755047846323,2448,82.625073,267.814322,74.927882,144.173029,41.01622
1545,06e9e5b9,Cam góc rộng toàn sân,2174,105989861701223,Robot_2001,True,1790073105765.631,False,3,6,4,1,638742778711569,638742830052511,638742891346250,10.80016040802002,10.801188,6.5032958984375,79.736448,50.182715,0.672381,638742900030809,True,True,,8.684559,638743046250976,2175,154.904726,267.539407,146.220167,51.340942,61.293739
1545,06e9e5b9,Cam góc rộng toàn sân,2174,203145721272521,Robot_6868,True,1790073105765.631,False,3,6,4,1,638742778711569,638742830052511,638742875252500,10.871135711669922,10.893338,6.5032958984375,79.736448,50.182715,0.672381,638742880418518,True,True,,5.166018,638743046247412,2175,170.994912,267.535843,165.828894,51.340942,45.199989
1545,06e9e5b9,Cam góc rộng toàn sân,2174,138493342419992,Robot_28100,True,1790073105765.631,False,3,6,4,1,638742778711569,638742830052511,638742859260312,22.320831298828125,22.197665,6.5032958984375,79.736448,50.182715,0.672381,638742864390684,True,True,,5.130372,638743046239117,2175,186.978805,267.527548,181.848433,51.340942,29.207801
1545,e0606b55,Cam hướng ra cửa,1914,116454320966922,Robot_6868,False,1790073093684.177,False,3,3,1,0,638730697256747,638730802427083,638730822525937,12.966879844665527,13.58085,6.795104026794434,28.325602,104.700941,0.221807,638730830698749,True,True,,8.172812,638730964607166,1915,142.081229,267.350419,133.908417,105.170336,20.098854
1545,d1f37ed1,Cam hik 1,944,215686623484377,Robot_1,True,1790073054398.697,False,2,3,1,1,638691411777258,638691439130973,638691466279843,18.555200576782227,22.315409,8.140159606933594,239.188562,24.486432,1.399774,638691678118087,True,True,,211.838244,638691678860071,947,212.580228,267.082813,0.741984,27.353715,27.14887
1545,b1269e28,Cam 4,677,163927143868405,Robot_28100,True,1790073047652.517,False,4,8,4,0,638684665597178,638684744755397,638684866842343,17.168960571289062,17.169246,11.130720138549805,127.671642,78.458391,0.175407,638684872302951,True,True,,5.460608,638684932338488,682,65.496145,266.74131,60.035537,79.158219,122.086946
1545,06e9e5b9,Cam góc rộng toàn sân,2460,105989861701223,Robot_2001,True,1790073117764.575,False,4,7,3,1,638754777655557,638754843917121,638754918330624,10.702816009521484,10.709423,9.34160041809082,80.185555,65.888565,0.149505,638754924009250,True,True,,5.678626,638755043700250,2461,125.369626,266.044693,119.691,66.261564,74.413503
1545,06e9e5b9,Cam góc rộng toàn sân,2460,203145721272521,Robot_6868,True,1790073117764.575,False,4,7,3,1,638754777655557,638754843917121,638754902158750,13.223487854003906,13.156363,9.34160041809082,80.185555,65.888565,0.149505,638754907657761,True,True,,5.499011,638755043693394,2461,141.534644,266.037837,136.035633,66.261564,58.241629
1545,06e9e5b9,Cam góc rộng toàn sân,2460,138493342419992,Robot_28100,True,1790073117764.575,False,4,7,3,1,638754777655557,638754843917121,638754880205624,22.54960060119629,29.454788,9.34160041809082,80.185555,65.888565,0.149505,638754888885758,True,True,,8.680134,638755043683965,2461,163.478341,266.028408,154.798207,66.261564,36.288503
1545,e0606b55,Cam hướng ra cửa,401,116454320966922,Robot_6868,False,1790073029680.42,False,2,2,1,0,638666693499856,638666794153234,638666810408750,8.606752395629883,8.836306,7.282623767852783,27.015415,99.967499,0.247428,638666821080468,True,True,,10.671718,638666959058386,402,148.649636,265.55853,137.977918,100.653378,16.255516
1545,b1269e28,Cam 4,2114,163927143868405,Robot_28100,True,1790073119524.566,False,4,8,4,0,638756537645884,638756546613899,638756694416562,21.57472038269043,21.521925,11.081791877746582,155.439099,8.013208,0.511088,638756701890387,True,True,,7.473825,638756801597551,2118,107.180989,263.951667,99.707164,8.968015,147.802663
1545,b1269e28,Cam 4,2114,70436418202045,Robot_2001,True,1790073119524.566,False,4,8,4,0,638756537645884,638756546613899,638756662846250,25.177568435668945,26.151051,11.081791877746582,155.439099,8.013208,0.511088,638756672758443,True,True,,9.912193,638756801591432,2118,138.745182,263.945548,128.832989,8.968015,116.232351
1545,e0606b55,Cam hướng ra cửa,3011,116454320966922,Robot_6868,False,1790073139696.168,False,3,3,1,0,638776709248033,638776779800523,638776803315000,11.360671997070312,18.300963,11.46236801147461,29.80109,69.763111,0.322596,638776809587458,True,True,,6.272458,638776972542170,3012,169.22717,263.294137,162.954712,70.55249,23.514477
1545,06e9e5b9,Cam góc rộng toàn sân,463,105989861701223,Robot_2001,True,1790073033772.213,False,4,7,3,1,638670785293169,638670864923299,638670927418515,10.572959899902344,10.4627,6.37772798538208,66.770616,79.091355,0.21762,638670931537253,True,True,,4.118738,638671047412458,464,119.993943,262.119289,115.875205,79.63013,62.495216
1545,06e9e5b9,Cam góc rộng toàn sân,463,203145721272521,Robot_6868,True,1790073033772.213,False,4,7,3,1,638670785293169,638670864923299,638670910777890,15.8853759765625,16.323591,6.37772798538208,66.770616,79.091355,0.21762,638670916704299,True,True,,5.926409,638671047409018,464,136.631128,262.115849,130.704719,79.63013,45.854591
1545,06e9e5b9,Cam góc rộng toàn sân,463,138493342419992,Robot_28100,True,1790073033772.213,False,4,7,3,1,638670785293169,638670864923299,638670889326718,17.20675277709961,18.867282,6.37772798538208,66.770616,79.091355,0.21762,638670894341518,True,True,,5.0148,638671047402874,464,158.076156,262.109705,153.061356,79.63013,24.403419
1545,06e9e5b9,Cam góc rộng toàn sân,2221,105989861701223,Robot_2001,True,1790073107767.257,False,3,6,4,1,638744780337511,638744897373812,638744971190000,21.962303161621094,21.963403,6.032415866851807,91.424749,116.548179,0.195329,638744980507239,True,True,,9.317239,638745041342295,2222,70.152295,261.004784,60.835056,117.036301,73.816188
1545,06e9e5b9,Cam góc rộng toàn sân,2221,203145721272521,Robot_6868,True,1790073107767.257,False,3,6,4,1,638744780337511,638744897373812,638744940525937,20.862815856933594,20.70674,6.032415866851807,91.424749,116.548179,0.195329,638744949116344,True,True,,8.590407,638745041339080,2222,100.813143,261.001569,92.222736,117.036301,43.152125
1545,06e9e5b9,Cam góc rộng toàn sân,2221,138493342419992,Robot_28100,True,1790073107767.257,False,3,6,4,1,638744780337511,638744897373812,638744914440000,10.775615692138672,10.991216,6.032415866851807,91.424749,116.548179,0.195329,638744919660906,True,True,,5.220906,638745041333537,2222,126.893537,260.996026,121.672631,117.036301,17.066188
1545,b1269e28,Cam 4,1674,163927143868405,Robot_28100,True,1790073097531.844,False,4,8,6,0,638734544924680,638734578077827,638734677518124,10.887328147888184,11.176279,11.980704307556152,152.498066,32.583801,0.229539,638734692752594,True,True,,15.23447,638734805243468,1678,127.725344,260.318788,112.490874,33.153147,99.440297
1545,b1269e28,Cam 4,1674,70436418202045,Robot_2001,True,1790073097531.844,False,4,8,6,0,638734544924680,638734578077827,638734657432187,16.8636474609375,16.912746,11.980704307556152,152.498066,32.583801,0.229539,638734666338011,True,True,,8.905824,638734805237718,1678,147.805531,260.313038,138.899707,33.153147,79.35436
1545,06e9e5b9,Cam góc rộng toàn sân,1512,105989861701223,Robot_2001,True,1790073077765.414,False,4,7,4,1,638714778493943,638714873805625,638714930908750,8.985535621643066,8.977899,8.932160377502441,68.778267,94.920733,0.166251,638714935159193,True,True,,4.250443,638715038474784,1513,107.566034,259.980841,103.315591,95.311682,57.103125
1545,06e9e5b9,Cam góc rộng toàn sân,1512,203145721272521,Robot_6868,True,1790073077765.414,False,4,7,4,1,638714778493943,638714873805625,638714916490781,10.86025619506836,10.846229,8.932160377502441,68.778267,94.920733,0.166251,638714921879511,True,True,,5.38873,638715038471650,1513,121.980869,259.977707,116.592139,95.311682,42.685156
1545,06e9e5b9,Cam góc rộng toàn sân,1512,138493342419992,Robot_28100,True,1790073077765.414,False,4,7,4,1,638714778493943,638714873805625,638714897588437,14.316703796386719,17.543051,8.932160377502441,68.778267,94.920733,0.166251,638714905579300,True,True,,7.990863,638715038466046,1513,140.877609,259.972103,132.886746,95.311682,23.782812
1545,b1269e28,Cam 4,1874,163927143868405,Robot_28100,True,1790073107529.867,False,4,8,6,0,638744542947173,638744559969649,638744682502500,13.710304260253906,13.712703,6.805056095123291,164.452143,16.05471,0.37431,638744698548422,True,True,,16.045922,638744799357437,1878,116.854937,256.410264,100.809015,17.022476,122.532851
1545,b1269e28,Cam 4,1874,70436418202045,Robot_2001,True,1790073107529.867,False,4,8,6,0,638744542947173,638744559969649,638744661900937,23.019168853759766,22.851034,6.805056095123291,164.452143,16.05471,0.37431,638744668803438,True,True,,6.902501,638744799353770,1878,137.452833,256.406597,130.550332,17.022476,101.931288
1545,b1269e28,Cam 4,1716,163927143868405,Robot_28100,True,1790073099608.838,False,4,8,4,0,638736621918149,638736728077661,638736807252500,17.075712203979492,17.07883,5.883423805236816,94.797502,105.203856,0.40715,638736822633708,True,True,,15.381208,638736874831483,1721,67.578983,252.913334,52.197775,106.159512,79.174839
1545,c7e22c1f,Cam mới,2869,165620421351559,Robot_28100,False,1790073128548.414,False,4,4,4,1,638765561494494,638765597733790,638765672158750,31.398080825805664,31.317524,23.577024459838867,113.354709,35.59221,0.250947,638765683202903,True,True,,11.044153,638765811507295,2875,139.348545,250.012801,128.304392,36.239296,74.42496
1545,b1269e28,Cam 4,2294,163927143868405,Robot_28100,True,1790073128520.309,False,5,9,7,0,638765533389386,638765582523676,638765722330624,23.03094482421875,23.027985,8.03321647644043,212.278031,48.638888,0.220431,638765736637977,True,True,,14.307353,638765782991274,2299,60.66065,249.601888,46.353297,49.13429,139.806948
1545,b1269e28,Cam 4,354,163927143868405,Robot_28100,True,1790073031540.067,False,4,8,6,0,638668553147304,638668573743783,638668662604062,17.106496810913086,18.857349,7.822656154632568,123.909887,19.285375,0.717594,638668669191748,True,True,,6.587686,638668802366542,358,139.76248,249.219238,133.174794,20.596479,88.860279
1545,b1269e28,Cam 4,884,163927143868405,Robot_28100,True,1790073058010.132,False,4,8,4,0,638695023212009,638695130077105,638695218357968,14.618016242980957,14.574467,10.136672019958496,95.3557,105.9928,0.340834,638695225295013,True,True,,6.937045,638695271065273,889,52.707305,247.853264,45.77026,106.865096,88.280863
1545,b1269e28,Cam 4,2859,163927143868405,Robot_28100,True,1790073156775.259,False,4,8,6,0,638793788339626,638793865017780,638793971213437,19.027999877929688,19.220813,8.070079803466797,150.807391,75.651169,0.432004,638793980117401,True,True,,8.903964,638794034862049,2864,63.648612,246.522423,54.744648,76.678154,106.195657
1545,b1269e28,Cam 4,2074,163927143868405,Robot_28100,True,1790073117528.822,False,5,9,4,0,638754541902365,638754547919947,638754653885312,17.761247634887695,17.764148,8.074527740478516,115.970721,5.056029,0.283484,638754663834266,True,True,,9.948954,638754788226640,2078,134.341328,246.324275,124.392374,6.017582,105.965365
1545,b1269e28,Cam 4,594,163927143868405,Robot_28100,True,1790073043520.115,False,4,8,4,0,638680533195505,638680563886161,638680675006406,21.25289535522461,21.346883,9.874367713928223,117.040347,29.535369,0.314186,638680680833694,True,True,,5.827288,638680778513318,598,103.506912,245.317813,97.679624,30.690656,111.120245
1545,c7e22c1f,Cam mới,2623,165620421351559,Robot_28100,False,1790073118599.816,False,2,2,1,1,638755612895910,638755652049009,638755686440000,20.30169677734375,20.691698,13.424032211303711,44.126377,38.346898,0.52918,638755696092565,True,True,,9.652565,638755856025112,2627,169.585112,243.129202,159.932547,39.153099,34.390991
1545,b1269e28,Cam 4,2436,163927143868405,Robot_28100,True,1790073135613.127,False,4,7,3,0,638772626207227,638772769306571,638772842791562,11.945280075073242,11.921608,7.887008190155029,86.232588,142.437113,0.276047,638772855236427,True,True,,12.444865,638772868898274,2441,26.106712,242.691047,13.661847,143.099344,73.484991
1545,b1269e28,Cam 4,2436,70436418202045,Robot_2001,True,1790073135613.127,False,4,7,3,0,638772626207227,638772769306571,638772816479062,15.963839530944824,16.06943,7.887008190155029,86.232588,142.437113,0.276047,638772830559492,True,True,,14.08043,638772868891614,2441,52.412552,242.684387,38.332122,143.099344,47.172491
1545,b1269e28,Cam 4,2310,163927143868405,Robot_28100,True,1790073129334.5,False,5,9,4,0,638766347580695,638766411861319,638766539557187,18.41721534729004,18.403324,13.442848205566406,135.769265,63.611265,0.278148,638766547073169,True,True,,7.515982,638766587069425,2315,47.512238,239.48873,39.996256,64.280624,127.695868
1545,b1269e28,Cam 4,728,163927143868405,Robot_28100,True,1790073050211.732,False,5,9,6,0,638687224812059,638687346701011,638687418752500,9.78384017944336,9.258678,7.278592109680176,97.035403,121.208482,0.276977,638687424606520,True,True,,5.85402,638687463904016,733,45.151516,239.091957,39.297496,121.888952,72.051489
1545,b1269e28,Cam 4,2354,163927143868405,Robot_28100,True,1790073131528.746,False,4,8,6,0,638768541826040,638768553885706,638768674127500,19.3721923828125,19.26109,7.749919891357422,172.217464,11.515588,0.143777,638768684584709,True,True,,10.457209,638768776915376,2358,102.787876,235.089336,92.330667,12.059666,120.241794
1545,b1269e28,Cam 4,1928,163927143868405,Robot_28100,True,1790073110210.092,False,4,8,4,0,638747223172273,638747347758767,638747427463437,10.8754243850708,10.8631,7.682240009307861,84.918312,123.927821,0.297387,638747432615510,True,True,,5.152073,638747457831901,1933,30.368464,234.659628,25.216391,124.586494,79.70467
1545,b1269e28,Cam 4,1928,70436418202045,Robot_2001,True,1790073110210.092,False,4,8,4,0,638747223172273,638747347758767,638747409393124,12.131999969482422,12.186858,7.682240009307861,84.918312,123.927821,0.297387,638747416606369,True,True,,7.213245,638747457822571,1933,48.429447,234.650298,41.216202,124.586494,61.634357
1545,b1269e28,Cam 4,1714,163927143868405,Robot_28100,True,1790073099518.738,False,4,8,4,0,638736531818172,638736576563204,638736655971250,14.08409595489502,14.071224,7.875391960144043,84.773078,44.143275,0.242569,638736661226110,True,True,,5.25486,638736766383502,1718,110.412252,234.56533,105.157392,44.745032,79.408046
1545,b1269e28,Cam 4,1640,163927143868405,Robot_28100,True,1790073095810.507,False,4,8,6,0,638732823586844,638732836523036,638733025049374,11.293888092041016,11.24707,11.909600257873535,222.364903,12.422421,0.238691,638733030262023,True,True,,5.212649,638733057835616,1645,32.786242,234.248772,27.573593,12.936192,188.526338
1545,b1269e28,Cam 4,1044,163927143868405,Robot_28100,True,1790073066021.051,False,4,8,4,0,638703034131527,638703136455303,638703227619687,21.747295379638672,21.866685,6.944096088409424,98.226844,101.70442,0.256253,638703234543145,True,True,,6.923458,638703268282693,1049,40.663006,234.151166,33.739548,102.323776,91.164384
1545,b1269e28,Cam 4,2692,163927143868405,Robot_28100,True,1790073148419.11,False,4,8,4,0,638785432190699,638785509299037,638785613479062,14.762016296386719,15.24238,13.587103843688965,122.093002,75.732556,0.919655,638785631310741,True,True,,17.831679,638785666183989,2697,52.704927,233.99329,34.873248,77.108338,104.180025
1545,b1269e28,Cam 4,1844,163927143868405,Robot_28100,True,1790073106013.092,False,4,8,4,0,638743026172610,638743108805286,638743206736874,18.84832000732422,18.83101,5.887360095977783,107.110599,81.592356,0.421807,638743215734575,True,True,,8.997701,638743257952698,1849,51.215824,231.780088,42.218123,82.632676,97.931588
1545,b1269e28,Cam 4,2276,163927143868405,Robot_28100,True,1790073127622.452,False,4,8,4,0,638764635532119,638764743573228,638764839721250,16.27779197692871,16.113241,6.898335933685303,101.905488,107.44906,0.246305,638764845420726,True,True,,5.699476,638764866133916,2281,26.412666,230.601797,20.71319,108.041109,96.148022
1545,b1269e28,Cam 4,748,163927143868405,Robot_28100,True,1790073051210.565,False,5,9,7,0,638688223645726,638688338989573,638688440068906,10.634112358093262,10.709732,11.233311653137207,157.877959,112.540601,1.792365,638688448405816,True,True,,8.33691,638688453770365,753,13.701459,230.124639,5.364549,115.343847,101.079333
1545,b1269e28,Cam 4,748,70436418202045,Robot_2001,True,1790073051210.565,False,5,9,7,0,638688223645726,638688338989573,638688424389218,11.998496055603027,11.952309,11.233311653137207,157.877959,112.540601,1.792365,638688429196810,True,True,,4.807592,638688453756373,753,29.367155,230.110647,24.559563,115.343847,85.399645
1545,b1269e28,Cam 4,1956,163927143868405,Robot_28100,True,1790073111618.865,False,4,8,6,0,638748631945573,638748753671097,638748841041562,16.46454429626465,16.298405,6.526271820068359,127.14433,121.120948,0.259274,638748852210781,True,True,,11.169219,638748859822894,1961,18.781332,227.877321,7.612113,121.725524,87.370465
1545,06e9e5b9,Cam góc rộng toàn sân,2476,203145721272521,Robot_6868,True,1790073118627.97,False,4,7,3,1,638755641050461,638755696296222,638755738049374,14.333344459533691,14.351912,6.801727771759033,203.471265,54.321189,0.598629,638755866580997,True,True,,128.531623,638755868418536,2481,130.369162,227.368075,1.837539,55.245761,41.753152
1545,b1269e28,Cam 4,2157,163927143868405,Robot_28100,True,1790073121642.237,False,4,8,6,0,638758655317645,638758710942272,638758845322812,22.51456069946289,22.605599,17.148319244384766,180.866048,54.882388,0.313835,638758856961194,True,True,,11.638382,638758881318375,2161,35.995563,226.00073,24.357181,55.624627,134.38054
1545,c7e22c1f,Cam mới,2054,165620421351559,Robot_28100,False,1790073095764.162,False,2,2,1,1,638732777242376,638732837992585,638732867752500,17.64633560180664,20.723697,11.043647766113281,136.228622,60.336782,0.181248,638732974231407,True,True,,106.478907,638733003127732,2060,135.375232,225.885356,28.896325,60.750209,29.759915
1545,b1269e28,Cam 4,995,163927143868405,Robot_28100,True,1790073063568.956,False,4,8,4,0,638700582036498,638700597990981,638700725494687,14.620479583740234,14.619229,14.322976112365723,137.224293,15.359197,0.233921,638700735171261,True,True,,9.676574,638700807550512,998,82.055825,225.514014,72.379251,15.954483,127.503706
1545,b1269e28,Cam 4,995,70436418202045,Robot_2001,True,1790073063568.956,False,4,8,4,0,638700582036498,638700597990981,638700698135312,26.85321617126465,27.309575,14.322976112365723,137.224293,15.359197,0.233921,638700710726768,True,True,,12.591456,638700807546813,998,109.411501,225.510315,96.820045,15.954483,100.144331
1545,b1269e28,Cam 4,995,258791973882344,Robot_1,True,1790073063568.956,False,4,8,4,0,638700582036498,638700597990981,638700661248593,18.183103561401367,18.190063,14.322976112365723,137.224293,15.359197,0.233921,638700671094873,True,True,,9.84628,638700807539909,998,146.291316,225.503411,136.445036,15.954483,63.257612
1545,b1269e28,Cam 4,1008,163927143868405,Robot_28100,True,1790073064228.026,False,4,8,6,0,638701241106688,638701336640032,638701415107968,15.514623641967773,15.49603,7.079904079437256,103.477265,94.609392,0.529772,638701420714047,True,True,,5.606079,638701465732068,1013,50.6241,224.62538,45.018021,95.533344,78.467936
1545,b1269e28,Cam 4,2126,163927143868405,Robot_28100,True,1790073120124.763,False,4,8,4,0,638757137843051,638757171147930,638757303604062,21.420927047729492,21.426616,9.127296447753906,140.556114,32.35899,0.397791,638757311487714,True,True,,7.883652,638757362180368,2130,58.576306,224.337317,50.692654,33.304879,132.456132
1545,b1269e28,Cam 4,2126,70436418202045,Robot_2001,True,1790073120124.763,False,4,8,4,0,638757137843051,638757171147930,638757272377500,21.23369598388672,21.298125,9.127296447753906,140.556114,32.35899,0.397791,638757281985380,True,True,,9.60788,638757362173711,2130,89.796211,224.33066,80.188331,33.304879,101.22957
1545,b1269e28,Cam 4,2782,163927143868405,Robot_28100,True,1790073152920.918,False,4,8,4,0,638789933998059,638789979792612,638790092229062,20.61622428894043,21.156029,9.774208068847656,118.586558,45.068784,0.291526,638790098244262,True,True,,6.0152,638790156462363,2786,64.233301,222.464304,58.218101,45.794553,112.43645
1545,b1269e28,Cam 4,2782,70436418202045,Robot_2001,True,1790073152920.918,False,4,8,4,0,638789933998059,638789979792612,638790060338437,14.32579231262207,14.396375,9.774208068847656,118.586558,45.068784,0.291526,638790071123853,True,True,,10.785416,638790156452653,2786,96.114216,222.454594,85.3288,45.794553,80.545825
1545,b1269e28,Cam 4,1654,163927143868405,Robot_28100,True,1790073096519.606,False,4,8,6,0,638733532685949,638733571738724,638733691830624,28.41935920715332,28.40209,10.203104019165039,153.739852,37.665828,1.143223,638733702481139,True,True,,10.650515,638733753622796,1658,61.792172,220.936847,51.141657,39.052775,120.0919
1545,b1269e28,Cam 4,2334,163927143868405,Robot_28100,True,1790073130521.248,False,4,8,6,0,638767534328225,638767561496199,638767672744687,12.70019245147705,12.689819,7.6141438484191895,162.00735,26.472889,0.203165,638767682626715,True,True,,9.882028,638767755247813,2338,82.503126,220.919588,72.621098,27.167974,111.248488
1545,b1269e28,Cam 4,1155,163927143868405,Robot_28100,True,1790073071561.04,False,4,8,4,0,638708574120537,638708581457884,638708670693906,13.195520401000977,13.185592,6.0016961097717285,94.797355,6.841006,0.188896,638708676111172,True,True,,5.417266,638708794898728,1158,124.204822,220.778191,118.787556,7.337347,89.236022
1545,b1269e28,Cam 4,2097,70436418202045,Robot_2001,True,1790073118645.025,False,4,8,6,0,638755658104936,638755680447514,638755736010312,14.022879600524902,14.435041,6.095456123352051,240.500398,21.181986,0.574375,638755862651198,True,True,,126.640886,638755877749313,2101,141.739001,219.644377,15.098115,22.342578,55.562798
1545,b1269e28,Cam 4,2235,258791973882344,Robot_1,True,1790073125573.55,False,4,8,6,0,638762586630489,638762609887417,638762676963437,21.38412857055664,21.369259,8.950048446655273,177.197078,22.264181,0.38714,638762691162753,True,True,,14.199316,638762805962196,2238,128.998759,219.331707,114.799443,23.256928,67.07602
1545,b1269e28,Cam 4,2235,163927143868405,Robot_28100,True,1790073125573.55,False,4,8,6,0,638762586630489,638762609887417,638762752158750,20.002944946289062,20.02268,8.950048446655273,177.197078,22.264181,0.38714,638762763220058,True,True,,11.061308,638762805959360,2238,53.80061,219.328871,42.739302,23.256928,142.271333
1545,b1269e28,Cam 4,2235,70436418202045,Robot_2001,True,1790073125573.55,False,4,8,6,0,638762586630489,638762609887417,638762720447812,29.245920181274414,28.884134,8.950048446655273,177.197078,22.264181,0.38714,638762732065246,True,True,,11.617434,638762805955634,2238,85.507822,219.325145,73.890388,23.256928,110.560395
1545,b1269e28,Cam 4,2235,166004701118821,Rack,True,1790073125573.55,False,4,8,6,0,638762586630489,638762609887417,638762641635312,21.46544075012207,24.257757,8.950048446655273,177.197078,22.264181,0.38714,638762655576632,True,True,,13.94132,638762805948998,2238,164.313686,219.318509,150.372366,23.256928,31.747895
1545,b1269e28,Cam 4,2677,163927143868405,Robot_28100,True,1790073147644.815,False,4,8,6,0,638784657895598,638784743958739,638784857088437,13.2510404586792,13.194405,10.237536430358887,148.704393,85.149113,0.396346,638784863446149,True,True,,6.357712,638784876409988,2681,19.321551,218.51439,12.963839,86.063141,113.129698
1545,b1269e28,Cam 4,2677,70436418202045,Robot_2001,True,1790073147644.815,False,4,8,6,0,638784657895598,638784743958739,638784833275937,18.856895446777344,19.058048,10.237536430358887,148.704393,85.149113,0.396346,638784843893800,True,True,,10.617863,638784876403913,2681,43.127976,218.508315,32.510113,86.063141,89.317198
1545,b1269e28,Cam 4,2649,163927143868405,Robot_28100,True,1790073146252.72,False,4,8,4,0,638783265800419,638783332585825,638783439447812,14.367839813232422,13.724941,10.63584041595459,115.200444,65.865141,0.421764,638783447741147,True,True,,8.293335,638783483746065,2653,44.298253,217.945646,36.004918,66.785406,106.861987
1545,b1269e28,Cam 4,2649,70436418202045,Robot_2001,True,1790073146252.72,False,4,8,4,0,638783265800419,638783332585825,638783416166562,15.33795166015625,15.29074,10.63584041595459,115.200444,65.865141,0.421764,638783425049948,True,True,,8.883386,638783483730263,2653,67.563701,217.929844,58.680315,66.785406,83.580737
1545,b1269e28,Cam 4,1877,163927143868405,Robot_28100,True,1790073107642.993,False,4,8,4,0,638744656072840,638744747835325,638744834010312,16.109695434570312,15.878537,6.252575874328613,93.411948,91.166988,0.269363,638744841158209,True,True,,7.147897,638744873643386,1881,39.633074,217.570546,32.485177,91.762485,86.174987
1545,b1269e28,Cam 4,365,163927143868405,Robot_28100,True,1790073032039.48,False,4,8,4,0,638669052560337,638669123574522,638669208943906,15.100383758544922,15.090204,7.949567794799805,91.117866,70.354006,0.298607,638669214446360,True,True,,5.502454,638669269847528,369,60.903622,217.287191,55.401168,71.014185,85.369384
1545,b1269e28,Cam 4,1202,163927143868405,Robot_28100,True,1790073073919.39,False,4,8,4,0,638710932470024,638710985328046,638711068400937,19.21334457397461,18.784304,9.742527961730957,87.991945,51.821969,0.789147,638711073265973,True,True,,4.865036,638711148768401,1206,80.367464,216.298377,75.502428,52.858022,83.072891
1545,b1269e28,Cam 4,2117,258791973882344,Robot_1,True,1790073119646.552,False,4,8,6,0,638756659632411,638756793087709,638756849690000,19.757728576660156,19.752157,7.707327842712402,150.930815,132.582717,0.324712,638756863511457,True,True,,13.821457,638756875856935,2121,26.166935,216.224524,12.345478,133.455298,56.602291
1545,b1269e28,Cam 4,2102,163927143868405,Robot_28100,True,1790073118920.878,False,4,8,6,0,638755933958038,638755981855797,638756080518124,13.945216178894043,13.931224,11.785087585449219,145.730981,47.181274,0.331665,638756092299346,True,True,,11.781222,638756150126137,2106,69.608013,216.168099,57.826791,47.897759,98.662327
1545,b1269e28,Cam 4,2102,70436418202045,Robot_2001,True,1790073118920.878,False,4,8,6,0,638755933958038,638755981855797,638756060463437,19.430112838745117,19.630663,11.785087585449219,145.730981,47.181274,0.331665,638756066599600,True,True,,6.136163,638756150118671,2106,89.655234,216.160633,83.519071,47.897759,78.60764
1545,06e9e5b9,Cam góc rộng toàn sân,675,105989861701223,Robot_2001,True,1790073042788.145,False,4,7,4,1,638679801224650,638679842177409,638679970697812,15.88806438446045,15.881694,14.20019245147705,143.703953,39.647527,0.266809,638679974838313,True,True,,4.140501,638680017382129,680,46.684317,216.157479,42.543816,40.952759,128.520403
1545,b1269e28,Cam 4,476,163927143868405,Robot_28100,True,1790073037607.879,False,4,8,6,0,638674620959165,638674643493881,638674755307187,16.754016876220703,16.687673,12.870623588562012,136.635851,22.02755,0.256745,638674759750126,True,True,,4.442939,638674836930230,478,81.623043,215.971065,77.180104,22.534716,111.813306
1545,b1269e28,Cam 4,476,70436418202045,Robot_2001,True,1790073037607.879,False,4,8,6,0,638674620959165,638674643493881,638674729242734,22.193151473999023,22.702026,12.870623588562012,136.635851,22.02755,0.256745,638674738385517,True,True,,9.142783,638674836927478,478,107.684744,215.968313,98.541961,22.534716,85.748853
1545,b1269e28,Cam 4,476,258791973882344,Robot_1,True,1790073037607.879,False,4,8,6,0,638674620959165,638674643493881,638674701760312,11.777119636535645,11.586694,12.870623588562012,136.635851,22.02755,0.256745,638674706419040,True,True,,4.658728,638674836924139,478,135.163827,215.964974,130.505099,22.534716,58.266431
1545,b1269e28,Cam 4,397,163927143868405,Robot_28100,True,1790073033647.213,False,4,8,6,0,638670660293339,638670765450955,638670857764218,13.49731159210205,13.519858,7.576416015625,121.588101,104.555467,0.23332,638670865395523,True,True,,7.631305,638670875653021,401,17.888803,215.359682,10.257498,105.157616,92.313263
1545,b1269e28,Cam 4,397,70436418202045,Robot_2001,True,1790073033647.213,False,4,8,6,0,638670660293339,638670765450955,638670838174374,16.88787269592285,16.841297,7.576416015625,121.588101,104.555467,0.23332,638670844104837,True,True,,5.930463,638670875646604,401,37.47223,215.353265,31.541767,105.157616,72.723419
1545,b1269e28,Cam 4,685,163927143868405,Robot_28100,True,1790073048034.11,False,4,8,4,0,638685047190010,638685134443385,638685252920468,17.937088012695312,17.942915,9.188735961914062,124.236589,86.675372,0.208171,638685258521190,True,True,,5.600722,638685262252543,689,9.332075,215.062533,3.731353,87.253375,118.477083
1545,b1269e28,Cam 4,685,70436418202045,Robot_2001,True,1790073048034.11,False,4,8,4,0,638685047190010,638685134443385,638685226342343,16.465471267700195,16.578786,9.188735961914062,124.236589,86.675372,0.208171,638685234774070,True,True,,8.431727,638685262246855,689,35.904512,215.056845,27.472785,87.253375,91.898958
1545,b1269e28,Cam 4,1233,163927143868405,Robot_28100,True,1790073075439.886,False,4,8,4,0,638712452966568,638712510254622,638712619787656,21.21513557434082,21.178573,5.884799957275391,114.106855,56.314239,0.355327,638712624319788,True,True,,4.532132,638712667469560,1237,47.681904,214.502992,43.149772,57.288054,109.533034
1545,b1269e28,Cam 4,973,163927143868405,Robot_28100,True,1790073062441.287,False,5,9,7,0,638699454367266,638699500258723,638699605182187,23.869152069091797,23.870944,7.7139201164245605,151.056602,45.527487,0.141575,638699619541638,True,True,,14.359451,638699667985516,977,62.803329,213.61825,48.443878,45.891457,104.923464
1545,b1269e28,Cam 4,1922,163927143868405,Robot_28100,True,1790073109920.65,False,4,8,4,0,638746933730677,638746945529165,638747067940000,22.264991760253906,22.269237,11.638879776000977,128.615419,11.005289,0.301196,638747074092824,True,True,,6.152824,638747147305978,1926,79.365978,213.575301,73.213154,11.798488,122.410835
1545,b1269e28,Cam 4,945,163927143868405,Robot_28100,True,1790073061044.322,False,4,8,4,0,638698057402103,638698113442029,638698215693906,24.011167526245117,23.804819,8.565535545349121,109.683061,55.430669,0.24257,638698222933777,True,True,,7.239871,638698270541683,949,54.847777,213.13958,47.607906,56.039926,102.251877
1545,b1269e28,Cam 4,2210,163927143868405,Robot_28100,True,1790073124321.212,False,4,8,4,0,638761334292485,638761375023880,638761467596250,13.317983627319336,13.391704,7.775455951690674,98.221182,40.104433,0.249919,638761473082790,True,True,,5.48654,638761546569415,2214,78.973165,212.27693,73.486625,40.731395,92.57237
1545,b1269e28,Cam 4,1755,163927143868405,Robot_28100,True,1790073101565.143,False,4,8,6,0,638738578223493,638738586549848,638738668690000,11.416735649108887,11.408083,8.800383567810059,122.070275,7.541203,0.301321,638738673920338,True,True,,5.230338,638738790447169,1758,121.757169,212.223676,116.526831,8.326355,82.140152
1545,b1269e28,Cam 4,633,163927143868405,Robot_28100,True,1790073045440.186,False,4,8,4,0,638682453266387,638682512100264,638682626334531,21.631616592407227,21.564351,12.378080368041992,130.990426,57.566775,0.589502,638682642793294,True,True,,16.458763,638682665429495,637,39.094964,212.163108,22.636201,58.833877,114.234267
1545,b1269e28,Cam 4,2646,163927143868405,Robot_28100,True,1790073146129.47,False,4,8,6,0,638783142550548,638783177656076,638783265072812,13.077024459838867,13.05368,10.240511894226074,124.748732,34.101328,0.461843,638783273894209,True,True,,8.821397,638783354637757,2650,89.564945,212.087209,80.743548,35.105528,87.416736
1545,b1269e28,Cam 4,2017,163927143868405,Robot_28100,True,1790073114638.015,False,5,9,6,0,638751651095531,638751705911867,638751810885312,14.372735977172852,14.19872,10.179967880249023,132.945568,54.115269,0.308671,638751819799180,True,True,,8.913868,638751862238204,2021,51.352892,211.142673,42.439024,54.816336,104.973445
1545,b1269e28,Cam 4,1075,163927143868405,Robot_28100,True,1790073067558.115,False,4,8,4,0,638704571195015,638704596167590,638704706928281,16.85206413269043,16.292642,10.2359037399292,116.064443,24.320096,0.253177,638704711596740,True,True,,4.668459,638704782302432,1078,75.374151,211.107417,70.705692,24.972575,110.760691
1545,b1269e28,Cam 4,1075,70436418202045,Robot_2001,True,1790073067558.115,False,4,8,4,0,638704571195015,638704596167590,638704679346250,11.773728370666504,11.308877,10.2359037399292,116.064443,24.320096,0.253177,638704689850932,True,True,,10.504682,638704782295693,1078,102.949443,211.100678,92.444761,24.972575,83.17866
1545,b1269e28,Cam 4,2595,163927143868405,Robot_28100,True,1790073143566.211,False,4,7,5,0,638780579291171,638780591648500,638780682119687,21.02822494506836,21.029402,6.51910400390625,141.88983,11.187962,0.444663,638780693915969,True,True,,11.796282,638780789877438,2598,107.757751,210.586267,95.961469,12.357329,90.471187
1545,b1269e28,Cam 4,2286,163927143868405,Robot_28100,True,1790073128128.331,False,5,9,7,0,638765141411210,638765164214547,638765282619687,12.902144432067871,12.841452,6.506624221801758,171.752796,21.923527,0.310434,638765293764948,True,True,,11.145261,638765351701331,2290,69.081644,210.290121,57.936383,22.803337,118.40514
1545,b1269e28,Cam 4,2286,70436418202045,Robot_2001,True,1790073128128.331,False,5,9,7,0,638765141411210,638765164214547,638765258768124,20.92950439453125,20.902449,6.506624221801758,171.752796,21.923527,0.310434,638765269742434,True,True,,10.97431,638765351691669,2290,92.923545,210.280459,81.949235,22.803337,94.553577
1545,b1269e28,Cam 4,2217,70436418202045,Robot_2001,True,1790073124649.323,False,5,9,5,0,638761662403465,638761730834252,638761839994687,22.5097599029541,22.461183,14.691967964172363,174.837594,66.585747,0.850351,638761849938115,True,True,,9.943428,638761872343868,2221,32.349181,209.940403,22.405753,68.430787,109.160435
1545,b1269e28,Cam 4,1270,163927143868405,Robot_28100,True,1790073077320.24,False,4,8,4,0,638714333320601,638714381642799,638714464881406,13.34547233581543,13.137652,8.820320129394531,89.464821,47.869891,0.186991,638714471011705,True,True,,6.130299,638714542699903,1274,77.818497,209.379302,71.688198,48.322198,83.238607
1545,b1269e28,Cam 4,850,163927143868405,Robot_28100,True,1790073056322.22,False,4,8,6,0,638693335299894,638693373036539,638693459338437,12.154175758361816,12.465779,10.52137565612793,117.318403,37.154857,0.247536,638693465963725,True,True,,6.625288,638693544577523,854,85.239086,209.277629,78.613798,37.736645,86.301898
1545,b1269e28,Cam 4,2213,258791973882344,Robot_1,True,1790073124442.638,False,5,8,6,0,638761455718026,638761537794007,638761604690000,16.236448287963867,16.262925,14.309056282043457,157.451572,80.920272,0.649594,638761616337875,True,True,,11.647875,638761664754102,2217,60.064102,209.036076,48.416227,82.075981,66.895993
1545,b1269e28,Cam 4,2213,70436418202045,Robot_2001,True,1790073124442.638,False,5,8,6,0,638761455718026,638761537794007,638761631502500,14.27996826171875,13.801178,14.309056282043457,157.451572,80.920272,0.649594,638761640550799,True,True,,9.048299,638761664741589,2217,33.239089,209.023563,24.19079,82.075981,93.708493
1545,b1269e28,Cam 4,1848,163927143868405,Robot_28100,True,1790073106197.688,False,4,8,6,0,638743210767799,638743241810457,638743376275937,22.687328338623047,22.629326,8.175040245056152,166.695666,30.476969,0.281871,638743386102632,True,True,,9.826695,638743419556350,1852,43.280413,208.788551,33.453718,31.042658,134.46548
1545,b1269e28,Cam 4,290,163927143868405,Robot_28100,True,1790073028316.942,False,4,8,4,0,638665330022617,638665343872801,638665465502500,16.193567276000977,16.194819,11.293600082397461,127.183271,13.499957,0.134098,638665471018479,True,True,,5.515979,638665538727334,294,73.224834,208.704717,67.708855,13.850184,121.629699
1545,b1269e28,Cam 4,382,163927143868405,Robot_28100,True,1790073032920.661,False,4,8,4,0,638669933741233,638669959139750,638670077027890,10.921631813049316,10.868077,8.763423919677734,130.185681,24.659595,0.28911,638670089027080,True,True,,11.99919,638670142233197,386,65.205307,208.491964,53.206117,25.398517,117.88814
1545,b1269e28,Cam 4,382,70436418202045,Robot_2001,True,1790073032920.661,False,4,8,4,0,638669933741233,638669959139750,638670055598203,25.086015701293945,25.052468,8.763423919677734,130.185681,24.659595,0.28911,638670065805795,True,True,,10.207592,638670142223134,386,86.624931,208.481901,76.417339,25.398517,96.458453
1545,b1269e28,Cam 4,2683,163927143868405,Robot_28100,True,1790073147964.031,False,4,8,6,0,638784977110949,638785021249555,638785136338437,20.432767868041992,20.428733,8.190239906311035,167.841457,43.300026,0.363435,638785148239281,True,True,,11.900844,638785185490493,2687,49.152056,208.379544,37.251212,44.138606,115.088882
1545,b1269e28,Cam 4,306,163927143868405,Robot_28100,True,1790073029117.157,False,4,8,4,0,638666130237723,638666152973139,638666247465390,23.82326316833496,23.761489,11.075039863586426,103.89636,21.961671,0.288561,638666256760240,True,True,,9.29485,638666338562709,310,91.097319,208.324986,81.802469,22.735416,94.492251
1545,b1269e28,Cam 4,1026,163927143868405,Robot_28100,True,1790073065124.751,False,4,8,6,0,638702137831510,638702169427837,638702268549374,15.744064331054688,15.695828,11.037023544311523,128.72498,30.88787,0.242981,638702275358809,True,True,,6.809435,638702346153025,1030,77.603651,208.321515,70.794216,31.596327,99.121537
1545,b1269e28,Cam 4,1897,163927143868405,Robot_28100,True,1790073108640.505,False,4,8,4,0,638745653585011,638745726097482,638745829291562,14.667327880859375,14.925626,6.615520000457764,110.387587,71.646317,0.284027,638745836382966,True,True,,7.091404,638745861784575,1901,32.493013,208.199564,25.401609,72.512471,103.19408
1545,b1269e28,Cam 4,2404,163927143868405,Robot_28100,True,1790073134001.158,False,4,8,4,0,638771014238043,638771050779530,638771166150937,23.850784301757812,23.802125,8.882816314697266,127.426725,35.165864,0.824313,638771178063621,True,True,,11.912684,638771222141399,2408,55.990462,207.903356,44.077778,36.541487,115.371407
1545,b1269e28,Cam 4,1490,163927143868405,Robot_28100,True,1790073088323.395,False,4,8,4,0,638725336475154,638725348344856,638725462080624,20.868831634521484,20.771633,14.261280059814453,124.813744,11.427546,0.186672,638725472445721,True,True,,10.365097,638725544080268,1494,81.999644,207.605114,71.634547,11.869702,113.735768
1545,06e9e5b9,Cam góc rộng toàn sân,3021,105989861701223,Robot_2001,True,1790073141355.351,False,4,7,4,1,638778368431357,638778404295432,638778514236874,20.942495346069336,19.479422,11.570048332214355,155.348118,35.335396,0.20025,638778532349156,True,True,,18.112282,638778576024324,3026,61.78745,207.592967,43.675168,35.864075,109.941442
1545,b1269e28,Cam 4,1245,163927143868405,Robot_28100,True,1790073076043.589,False,4,8,4,0,638713056669678,638713135412179,638713222834531,14.130816459655762,14.128475,7.3919677734375,91.893383,78.151901,0.301331,638713227286312,True,True,,4.451781,638713263776726,1249,40.942195,207.107048,36.490414,78.742501,87.422352
1545,b1269e28,Cam 4,322,163927143868405,Robot_28100,True,1790073029927.585,False,4,8,6,0,638666940665409,638666988122767,638667046354062,9.833663940429688,10.190222,6.61407995223999,82.212057,46.958017,0.218251,638667053233240,True,True,,6.879178,638667147686348,326,101.332286,207.020939,94.453108,47.457358,58.231295
1545,b1269e28,Cam 4,1581,163927143868405,Robot_28100,True,1790073092843.948,False,4,8,4,0,638729857028775,638729911594915,638730027393124,15.573408126831055,15.47148,6.356927871704102,121.823496,54.109735,0.159624,638730033277148,True,True,,5.884024,638730063843667,1585,36.450543,206.814892,30.566519,54.56614,115.798209
1545,b1269e28,Cam 4,2769,163927143868405,Robot_28100,True,1790073152250.704,False,4,8,6,0,638789263784691,638789298251887,638789417354062,19.97110366821289,19.874268,12.504511833190918,154.441682,33.7429,0.263158,638789423120094,True,True,,5.766032,638789470457108,2773,53.103046,206.672417,47.337014,34.467196,119.102175
1545,b1269e28,Cam 4,1770,163927143868405,Robot_28100,True,1790073102323.414,False,4,8,4,0,638739336494427,638739368801918,638739472619687,12.695103645324707,12.638547,10.219008445739746,110.162419,31.938593,0.149619,638739478553489,True,True,,5.933802,638739543030093,1774,70.410406,206.535666,64.476604,32.307491,103.817769
1545,b1269e28,Cam 4,1770,70436418202045,Robot_2001,True,1790073102323.414,False,4,8,4,0,638739336494427,638739368801918,638739448674374,16.361087799072266,16.341857,10.219008445739746,110.162419,31.938593,0.149619,638739459890959,True,True,,11.216585,638739543026904,1774,94.35253,206.532477,83.135945,32.307491,79.872456
1545,b1269e28,Cam 4,2176,163927143868405,Robot_28100,True,1790073122617.647,False,5,9,6,0,638759630727033,638759675764016,638759773658750,18.964767456054688,19.793191,8.386048316955566,152.244,43.988634,0.536171,638759785022187,True,True,,11.363437,638759837239436,2180,63.580686,206.512403,52.217249,45.036983,97.894734
1545,b1269e28,Cam 4,742,163927143868405,Robot_28100,True,1790073050925.256,False,5,9,7,0,638687938336518,638687978163417,638688093170468,19.062816619873047,19.062928,13.629952430725098,170.492199,39.187966,0.25565,638688098549433,True,True,,5.378965,638688144602185,746,51.431717,206.265667,46.052752,39.826899,115.007051
1545,b1269e28,Cam 4,742,70436418202045,Robot_2001,True,1790073050925.256,False,5,9,7,0,638687938336518,638687978163417,638688066190000,24.310943603515625,24.29416,13.629952430725098,170.492199,39.187966,0.25565,638688073939545,True,True,,7.749545,638688144590273,746,78.400273,206.253755,70.650728,39.826899,88.026583
1545,b1269e28,Cam 4,1697,163927143868405,Robot_28100,True,1790073098635.312,False,4,8,4,0,638735648392687,638735720854696,638735822744687,22.077823638916016,23.989338,13.683263778686523,108.660274,71.835434,0.240678,638735829452999,True,True,,6.708312,638735854435590,1701,31.690903,206.042903,24.982591,72.462009,101.889991
1545,b1269e28,Cam 4,2708,163927143868405,Robot_28100,True,1790073149214.877,False,4,8,4,0,638786227957404,638786266687803,638786379025937,28.426176071166992,28.471929,9.728544235229492,125.606213,38.046215,0.299151,638786392180119,True,True,,13.154182,638786433978042,2712,54.952105,206.020638,41.797923,38.730399,112.338134
1545,b1269e28,Cam 4,757,163927143868405,Robot_28100,True,1790073051651.508,False,5,9,4,0,638688664588468,638688746771431,638688832854062,17.01238441467285,16.807926,6.131840229034424,94.625988,81.052594,0.462532,638688841279780,True,True,,8.425718,638688870325798,761,37.471736,205.73733,29.046018,82.182963,86.082631
1545,06e9e5b9,Cam góc rộng toàn sân,2878,105989861701223,Robot_2001,True,1790073135405.366,False,4,7,4,1,638772418446283,638772478741097,638772561307187,26.483871459960938,25.38787,7.828864097595215,120.505925,59.452904,0.324608,638772574590750,True,True,,13.283563,638772623970541,2883,62.663354,205.524258,49.379791,60.294814,82.56609
1545,b1269e28,Cam 4,477,70436418202045,Robot_2001,True,1790073037646.571,False,4,8,4,0,638674659650950,638674804128109,638674855752500,11.724960327148438,11.728846,7.788832187652588,74.551463,143.796975,0.259787,638674861159389,True,True,,5.406889,638674865121580,481,9.36908,205.47063,3.962191,144.477159,51.624391
1545,b1269e28,Cam 4,477,258791973882344,Robot_1,True,1790073037646.571,False,4,8,4,0,638674659650950,638674804128109,638674835779843,11.409119606018066,11.409588,7.788832187652588,74.551463,143.796975,0.259787,638674843895698,True,True,,8.115855,638674865114113,481,29.33427,205.463163,21.218415,144.477159,31.651734
1545,b1269e28,Cam 4,1353,163927143868405,Robot_28100,True,1790073081444.867,False,4,8,6,0,638718457946937,638718523762579,638718636119687,26.765600204467773,26.764811,7.027647972106934,142.047178,64.641958,0.381799,638718641455623,True,True,,5.335936,638718663404674,1357,27.284987,205.457737,21.949051,65.815642,112.357108
1545,b1269e28,Cam 4,2093,163927143868405,Robot_28100,True,1790073118441.115,False,5,9,5,0,638755454195446,638755512221162,638755616666562,22.231679916381836,22.005168,7.326816082000732,134.093545,56.532248,0.422194,638755624593879,True,True,,7.927317,638755659566867,2097,42.900305,205.371421,34.972988,58.025716,104.4454
1545,b1269e28,Cam 4,2306,163927143868405,Robot_28100,True,1790073129130.511,False,5,9,7,0,638766143591676,638766157069012,638766271236874,16.298208236694336,16.176339,15.53219223022461,171.201366,12.47037,0.428617,638766277940462,True,True,,6.703588,638766348885457,2310,77.648583,205.293781,70.944995,13.477336,114.167862
1545,b1269e28,Cam 4,2122,163927143868405,Robot_28100,True,1790073119920.984,False,4,8,6,0,638756934064367,638756944166618,638757055682187,16.784927368164062,16.748434,9.64681625366211,157.114267,9.377354,0.320823,638757067645618,True,True,,11.963431,638757139353046,2126,83.670859,205.288679,71.707428,10.102251,111.515569
1545,b1269e28,Cam 4,1453,163927143868405,Robot_28100,True,1790073086445.529,False,4,8,4,0,638723458608784,638723536562304,638723629025937,21.731168746948242,21.673164,9.212448120117188,102.364903,77.459842,0.23515,638723638777974,True,True,,9.752037,638723663522119,1457,34.496182,204.913335,24.744145,77.95352,92.463633
1545,b1269e28,Cam 4,2258,163927143868405,Robot_28100,True,1790073126725.815,False,4,8,6,0,638763738895771,638763758880623,638763875322812,11.071871757507324,11.193282,16.71855926513672,156.771115,18.960502,0.588163,638763890903071,True,True,,15.580259,638763943753616,2262,68.430804,204.857845,52.850545,19.984852,116.442189
1545,b1269e28,Cam 4,2258,70436418202045,Robot_2001,True,1790073126725.815,False,4,8,6,0,638763738895771,638763758880623,638763855627500,16.26799964904785,16.415511,16.71855926513672,156.771115,18.960502,0.588163,638763864135637,True,True,,8.508137,638763943742956,2262,88.115456,204.847185,79.607319,19.984852,96.746877
1545,b1269e28,Cam 4,2635,258791973882344,Robot_1,True,1790073145562.752,False,4,8,6,0,638782575832028,638782593525133,638782660135312,27.557567596435547,27.380132,9.949600219726562,163.97201,17.026989,0.306104,638782668752741,True,True,,8.617429,638782780376547,2638,120.241235,204.544519,111.623806,17.693105,66.610179
1545,b1269e28,Cam 4,2635,163927143868405,Robot_28100,True,1790073145562.752,False,4,8,6,0,638782575832028,638782593525133,638782716041562,11.568927764892578,11.047232,9.949600219726562,163.97201,17.026989,0.306104,638782726327989,True,True,,10.286427,638782780369876,2638,64.328314,204.537848,54.041887,17.693105,122.516429
1545,b1269e28,Cam 4,2635,70436418202045,Robot_2001,True,1790073145562.752,False,4,8,6,0,638782575832028,638782593525133,638782687041562,18.04425621032715,18.36298,9.949600219726562,163.97201,17.026989,0.306104,638782704509502,True,True,,17.46794,638782780358132,2638,93.31657,204.526104,75.84863,17.693105,93.516429
1545,b1269e28,Cam 4,2135,163927143868405,Robot_28100,True,1790073120566.838,False,4,8,6,0,638757579918190,638757596329234,638757721799374,18.71571159362793,18.616348,13.04918384552002,166.043349,15.667594,0.309073,638757739379125,True,True,,17.579751,638757784422750,2139,62.623376,204.50456,45.043625,16.411044,125.47014
1545,b1269e28,Cam 4,2486,163927143868405,Robot_28100,True,1790073138126.903,False,4,7,3,0,638775139983183,638775162278841,638775256025937,24.540512084960938,24.361622,8.729887962341309,101.897869,21.401691,0.362003,638775264116164,True,True,,8.090227,638775344365457,2490,88.33952,204.382274,80.249293,22.295658,93.747096
1545,b1269e28,Cam 4,2142,258791973882344,Robot_1,True,1790073120929.83,False,4,8,6,0,638757942910547,638757990466799,638758053307187,15.403200149536133,15.923984,13.245951652526855,141.19314,46.925934,0.311675,638758063025157,True,True,,9.71797,638758147200256,2146,93.893069,204.289709,84.175099,47.556252,62.840388
1545,b1269e28,Cam 4,2142,163927143868405,Robot_28100,True,1790073120929.83,False,4,8,6,0,638757942910547,638757990466799,638758098252500,17.906911849975586,17.765062,13.245951652526855,141.19314,46.925934,0.311675,638758103027501,True,True,,4.775001,638758147196916,2146,48.944416,204.286369,44.169415,47.556252,107.785701
1545,b1269e28,Cam 4,2142,70436418202045,Robot_2001,True,1790073120929.83,False,4,8,6,0,638757942910547,638757990466799,638758073690000,10.350015640258789,10.349723,13.245951652526855,141.19314,46.925934,0.311675,638758080222112,True,True,,6.532112,638758147190591,2146,73.500591,204.280044,66.968479,47.556252,83.223201
1545,c7e22c1f,Cam mới,1479,165620421351559,Robot_28100,False,1790073072605.535,False,3,3,3,1,638709618615749,638709642720402,638709681768124,13.813183784484863,13.368073,8.162015914916992,63.50869,22.308233,1.353816,638709695069945,True,True,,13.301821,638709822811881,1484,141.043757,204.196132,127.741936,24.104653,39.047722
1545,b1269e28,Cam 4,2318,163927143868405,Robot_28100,True,1790073129853.1,False,4,8,6,0,638766866180145,638766936420120,638767019572812,11.23583984375,11.202573,8.646047592163086,116.324098,69.546827,0.309264,638767029311464,True,True,,9.738652,638767070362630,2325,50.789818,204.182485,41.051166,70.239975,83.152692
1545,b1269e28,Cam 4,2673,70436418202045,Robot_2001,True,1790073147442.053,False,4,8,4,0,638784455133560,638784520988373,638784604479062,26.859264373779297,26.867127,8.797504425048828,139.465584,65.039494,0.371696,638784622779132,True,True,,18.30007,638784659307815,2677,54.828753,204.174255,36.528683,65.854813,83.490689
1545,b1269e28,Cam 4,2014,163927143868405,Robot_28100,True,1790073114519.043,False,5,9,4,0,638751532123486,638751569400235,638751668229062,12.186464309692383,12.384853,9.020319938659668,104.19129,36.531613,0.308795,638751673507919,True,True,,5.278857,638751736189229,2018,67.960167,204.065743,62.68131,37.276749,98.828827
1545,b1269e28,Cam 4,2014,70436418202045,Robot_2001,True,1790073114519.043,False,5,9,4,0,638751532123486,638751569400235,638751643775937,9.862719535827637,9.942668,9.020319938659668,104.19129,36.531613,0.308795,638751655757433,True,True,,11.981496,638751736183116,2018,92.407179,204.05963,80.425683,37.276749,74.375702
1545,b1269e28,Cam 4,349,163927143868405,Robot_28100,True,1790073031239.427,False,4,8,6,0,638668252507225,638668334099438,638668422164609,11.930527687072754,11.920907,8.218048095703125,110.162907,80.512449,0.378459,638668426839393,True,True,,4.674784,638668456500161,353,34.335552,203.992936,29.660768,81.592213,88.065171
1545,b1269e28,Cam 4,700,163927143868405,Robot_28100,True,1790073048809.778,False,5,9,4,0,638685822857890,638685878718126,638685976467343,16.42310333251953,16.304248,9.002911567687988,106.032426,55.205788,0.246232,638685984602334,True,True,,8.134991,638686026843714,704,50.376371,203.985824,42.24138,55.860236,97.749217
1545,b1269e28,Cam 4,2222,258791973882344,Robot_1,True,1790073124927.008,False,5,9,7,0,638761940088449,638761979431286,638762059682187,21.23468780517578,21.481252,14.227840423583984,189.556067,37.509471,0.957445,638762069744802,True,True,,10.062615,638762144043565,2226,84.361378,203.955116,74.298763,39.342837,80.250901
1545,b1269e28,Cam 4,2222,163927143868405,Robot_28100,True,1790073124927.008,False,5,9,7,0,638761940088449,638761979431286,638762107361874,13.302176475524902,13.254779,14.227840423583984,189.556067,37.509471,0.957445,638762112507977,True,True,,5.146103,638762144040241,2226,36.678367,203.951792,31.532264,39.342837,127.930588
1545,b1269e28,Cam 4,2222,70436418202045,Robot_2001,True,1790073124927.008,False,5,9,7,0,638761940088449,638761979431286,638762083588437,13.77564811706543,13.894425,14.227840423583984,189.556067,37.509471,0.957445,638762094087489,True,True,,10.499052,638762144033962,2226,60.445525,203.945513,49.946473,39.342837,104.157151
1545,b1269e28,Cam 4,2496,163927143868405,Robot_28100,True,1790073138610.202,False,4,7,3,0,638775623281878,638775721814783,638775788690000,13.587552070617676,14.379272,7.075039863586426,72.734576,97.835045,0.40159,638775794516848,True,True,,5.826848,638775827009709,2500,38.319709,203.727831,32.492861,98.532905,66.875217
1545,b1269e28,Cam 4,230,163927143868405,Robot_28100,True,1790073025330.219,False,4,8,6,0,638662343298968,638662408239857,638662478029843,13.514816284179688,13.471107,6.09446382522583,96.641263,63.969671,0.402927,638662486517826,True,True,,8.487983,638662546980936,234,68.951093,203.681968,60.46311,64.940889,69.789986
1545,b1269e28,Cam 4,230,70436418202045,Robot_2001,True,1790073025330.219,False,4,8,6,0,638662343298968,638662408239857,638662457468320,11.3787841796875,11.377391,6.09446382522583,96.641263,63.969671,0.402927,638662464369978,True,True,,6.901658,638662546972737,234,89.504417,203.673769,82.602759,64.940889,49.228463
1545,b1269e28,Cam 4,1926,163927143868405,Robot_28100,True,1790073110132.289,False,4,8,6,0,638747145368988,638747147982781,638747275682187,19.316383361816406,19.307535,13.650400161743164,172.107695,1.116162,0.89592,638747287321517,True,True,,11.63933,638747349029941,1930,73.347754,203.660953,61.708424,2.613793,127.699406
1545,b1269e28,Cam 4,1926,70436418202045,Robot_2001,True,1790073110132.289,False,4,8,6,0,638747145368988,638747147982781,638747241525937,24.180992126464844,24.193176,13.650400161743164,172.107695,1.116162,0.89592,638747256266991,True,True,,14.741054,638747349020662,1930,107.494725,203.651674,92.753671,2.613793,93.543156
1545,b1269e28,Cam 4,1614,163927143868405,Robot_28100,True,1790073094520.388,False,5,9,6,0,638731533468230,638731563829094,638731659604062,21.619487762451172,21.57057,7.511007785797119,130.629682,28.932085,0.80253,638731667021439,True,True,,7.417377,638731737105091,1618,77.501029,203.636861,70.083652,30.360864,95.774968
1545,b1269e28,Cam 4,1029,163927143868405,Robot_28100,True,1790073065243.987,False,4,8,4,0,638702257067302,638702320332404,638702443229062,21.9418888092041,22.160421,8.26147174835205,136.337825,62.350646,0.334694,638702456434927,True,True,,13.205865,638702460476102,1033,17.24704,203.4088,4.041175,63.265102,122.896658
1545,b1269e28,Cam 4,1029,70436418202045,Robot_2001,True,1790073065243.987,False,4,8,4,0,638702257067302,638702320332404,638702408811093,24.4737606048584,24.43696,8.26147174835205,136.337825,62.350646,0.334694,638702421106051,True,True,,12.294958,638702460468196,1033,51.657103,203.400894,39.362145,63.265102,88.478689
1545,b1269e28,Cam 4,654,163927143868405,Robot_28100,True,1790073046531.184,False,4,8,6,0,638683544263824,638683592310080,638683686299374,13.003935813903809,12.885541,6.890431880950928,117.092089,47.519173,0.245525,638683692154707,True,True,,5.855333,638683747454366,658,61.154992,203.190542,55.299659,48.046256,93.989294
1545,b1269e28,Cam 4,654,70436418202045,Robot_2001,True,1790073046531.184,False,4,8,6,0,638683544263824,638683592310080,638683668225156,11.883008003234863,11.788755,6.890431880950928,117.092089,47.519173,0.245525,638683673182029,True,True,,4.956873,638683747445693,658,79.220537,203.181869,74.263664,48.046256,75.915076
1545,b1269e28,Cam 4,2857,163927143868405,Robot_28100,True,1790073156650.316,False,4,8,4,0,638793663396581,638793711093613,638793823713437,27.906496047973633,27.915296,8.917856216430664,120.904015,46.712559,0.406368,638793831960126,True,True,,8.246689,638793866515554,2861,42.802117,203.118973,34.555428,47.697032,112.619824
1545,b1269e28,Cam 4,793,163927143868405,Robot_28100,True,1790073053437.994,False,4,8,4,0,638690451073805,638690512924285,638690623834531,16.009632110595703,15.977015,9.160096168518066,115.834026,61.441287,0.169917,638690628665124,True,True,,4.830593,638690654089956,797,30.255425,203.016151,25.424832,61.85048,110.910246
1545,b1269e28,Cam 4,2785,163927143868405,Robot_28100,True,1790073153049.12,False,4,8,6,0,638790062199958,638790133862849,638790233072812,9.935232162475586,9.631381,12.302592277526855,139.745832,70.696744,0.417507,638790239921434,True,True,,6.848622,638790265017877,2789,31.945065,202.817919,25.096443,71.662891,99.209963
1545,b1269e28,Cam 4,2785,70436418202045,Robot_2001,True,1790073153049.12,False,4,8,6,0,638790062199958,638790133862849,638790213775937,21.155136108398438,20.867979,12.302592277526855,139.745832,70.696744,0.417507,638790222949799,True,True,,9.173862,638790265009511,2789,51.233574,202.809553,42.059712,71.662891,79.913088
1545,b1269e28,Cam 4,853,163927143868405,Robot_28100,True,1790073056450.524,False,4,8,4,0,638693463603895,638693514094020,638693626787656,25.7425594329834,26.056729,6.2599358558654785,118.368161,49.740737,0.247253,638693632352528,True,True,,5.564872,638693666411976,857,39.62432,202.808081,34.059448,50.490125,112.693636
1545,b1269e28,Cam 4,2368,163927143868405,Robot_28100,True,1790073132206.87,False,4,8,6,0,638769219949765,638769239388012,638769372197812,30.09529685974121,30.089536,7.816800117492676,180.352895,18.441195,0.336203,638769380993129,True,True,,8.795317,638769422439848,2372,50.242036,202.490083,41.446719,19.438247,132.8098
1545,b1269e28,Cam 4,641,163927143868405,Robot_28100,True,1790073045844.388,False,4,8,4,0,638682857468360,638682936531275,638683022482968,17.54969596862793,18.104408,6.733183860778809,93.822731,77.685792,0.846526,638683030312995,True,True,,7.830027,638683059822320,645,37.339352,202.35396,29.509325,79.062915,85.951693
1545,b1269e28,Cam 4,2435,163927143868405,Robot_28100,True,1790073135559.678,False,4,7,5,0,638772572758295,638772606804852,638772689596250,15.475775718688965,14.964659,8.147295951843262,133.196687,33.678236,0.144831,638772709923852,True,True,,20.327602,638772775075735,2438,85.479485,202.31744,65.151883,34.046557,82.791398
1545,b1269e28,Cam 4,2435,70436418202045,Robot_2001,True,1790073135559.678,False,4,7,5,0,638772572758295,638772606804852,638772667611874,11.806143760681152,11.920056,8.147295951843262,133.196687,33.678236,0.144831,638772674183848,True,True,,6.571974,638772775071375,2438,107.459501,202.31308,100.887527,34.046557,60.807022
1545,b1269e28,Cam 4,2435,166004701118821,Rack,True,1790073135559.678,False,4,7,5,0,638772572758295,638772606804852,638772640627500,25.074464797973633,29.767657,8.147295951843262,133.196687,33.678236,0.144831,638772655704812,True,True,,15.077312,638772775063854,2438,134.436354,202.305559,119.359042,34.046557,33.822648
1545,c7e22c1f,Cam mới,599,105902132358482,Robot_6868,False,1790073037190.914,False,3,3,3,1,638674203994027,638674214767605,638674357318906,12.053600311279297,12.048922,6.920864105224609,149.508402,9.944629,0.310002,638674364245599,True,True,,6.926693,638674406239939,604,48.921033,202.245912,41.99434,10.773578,142.551301
1545,b1269e28,Cam 4,1965,163927143868405,Robot_28100,True,1790073112040.06,False,4,8,4,0,638749053140315,638749109657180,638749206783750,20.908607482910156,20.8912,8.840319633483887,105.518172,55.883161,0.224956,638749215064920,True,True,,8.28117,638749255092104,1969,48.308354,201.951789,40.027184,56.516865,97.12657
1545,b1269e28,Cam 4,2890,163927143868405,Robot_28100,True,1790073158322.322,False,4,8,6,0,638795335401947,638795346093985,638795459041562,18.639968872070312,18.666247,10.584223747253418,154.17693,10.123734,0.196841,638795467899240,True,True,,8.857678,638795537343058,2894,78.301496,201.941111,69.443818,10.692038,112.947577
1545,b1269e28,Cam 4,2617,163927143868405,Robot_28100,True,1790073144646.043,False,4,8,4,0,638781659123069,638781663383909,638781811885312,25.136831283569336,25.190401,12.646464347839355,161.135935,2.918497,0.547688,638781824443820,True,True,,12.558508,638781860953138,2621,49.067826,201.830069,36.509318,4.26084,148.501403
1545,b1269e28,Cam 4,1857,163927143868405,Robot_28100,True,1790073106649.024,False,4,8,4,0,638743662104457,638743723878687,638743830291562,20.901248931884766,20.898188,10.435327529907227,115.957631,60.921058,0.402282,638743839555194,True,True,,9.263632,638743863911696,1861,33.620134,201.807239,24.356502,61.77423,106.412875
1545,b1269e28,Cam 4,1941,163927143868405,Robot_28100,True,1790073110846.373,False,4,8,4,0,638747859453456,638747940542879,638748040260312,13.071264266967773,13.071929,8.923744201660156,104.799229,80.095805,0.359134,638748045269123,True,True,,5.008811,638748061230520,1945,20.970208,201.777064,15.961397,81.089423,99.717433
1545,b1269e28,Cam 4,1941,70436418202045,Robot_2001,True,1790073110846.373,False,4,8,4,0,638747859453456,638747940542879,638748021768124,21.03513526916504,21.011458,8.923744201660156,104.799229,80.095805,0.359134,638748027137160,True,True,,5.369036,638748061223571,1945,39.455447,201.770115,34.086411,81.089423,81.225245
1545,b1269e28,Cam 4,1987,163927143868405,Robot_28100,True,1790073113156.264,False,4,8,4,0,638750169344562,638750196300344,638750322916562,16.08847999572754,16.770551,12.116031646728516,139.106319,25.342918,0.646385,638750335280632,True,True,,12.36407,638750370856082,1991,47.93952,201.51152,35.57545,26.955782,126.616218
1545,b1269e28,Cam 4,2822,163927143868405,Robot_28100,True,1790073154926.576,False,4,8,4,0,638791939655842,638791977830021,638792080260312,16.918527603149414,16.793639,11.350560188293457,111.444055,37.401262,0.279612,638792089190641,True,True,,8.930329,638792140954350,2826,60.694038,201.298508,51.763709,38.174179,102.430291
1545,b1269e28,Cam 4,2822,70436418202045,Robot_2001,True,1790073154926.576,False,4,8,4,0,638791939655842,638791977830021,638792048041562,16.681663513183594,16.642206,11.350560188293457,111.444055,37.401262,0.279612,638792063307253,True,True,,15.265691,638792140944902,2826,92.90334,201.28906,77.637649,38.174179,70.211541
1545,b1269e28,Cam 4,693,163927143868405,Robot_28100,True,1790073048439.835,False,4,8,4,0,638685452915233,638685505963087,638685620572812,23.04630470275879,23.048609,11.645983695983887,124.393466,51.58443,0.411674,638685630239925,True,True,,9.667113,638685654174598,697,33.601786,201.259365,23.934673,53.047854,114.609725
1545,b1269e28,Cam 4,672,163927143868405,Robot_28100,True,1790073047408.334,False,4,8,6,0,638684421414236,638684508688943,638684581643124,14.639616012573242,14.600208,5.61568021774292,102.014471,86.80061,0.164237,638684586676179,True,True,,5.033055,638684622516102,676,40.872978,201.101866,35.839923,87.274707,72.954181
1545,b1269e28,Cam 4,1001,163927143868405,Robot_28100,True,1790073063846.219,False,4,8,4,0,638700859299351,638700924698559,638701031662656,19.880191802978516,19.882796,9.563712120056152,114.592847,64.034727,0.963808,638701039223173,True,True,,7.560517,638701060372563,1005,28.709907,201.073212,21.14939,65.399208,106.964097
1545,b1269e28,Cam 4,2294,258791973882344,Robot_1,True,1790073128520.309,False,5,9,7,0,638765533389386,638765582523676,638765654674374,29.48454475402832,29.394161,8.03321647644043,212.278031,48.638888,0.220431,638765666239745,True,True,,11.565371,638765734387399,2298,79.713025,200.998013,68.147654,49.13429,72.150698
1545,b1269e28,Cam 4,2294,70436418202045,Robot_2001,True,1790073128520.309,False,5,9,7,0,638765533389386,638765582523676,638765685080624,18.863040924072266,18.684901,8.03321647644043,212.278031,48.638888,0.220431,638765698945506,True,True,,13.864882,638765734377507,2298,49.296883,200.988121,35.432001,49.13429,102.556948
1545,b1269e28,Cam 4,309,163927143868405,Robot_28100,True,1790073029240.593,False,4,8,4,0,638666253673575,638666309054090,638666415561093,21.567935943603516,21.608787,11.197152137756348,112.627866,54.151556,0.413232,638666421598566,True,True,,6.037473,638666454482990,313,38.921897,200.809415,32.884424,55.380515,106.507003
1545,b1269e28,Cam 4,2721,163927143868405,Robot_28100,True,1790073149848.705,False,4,8,4,0,638786861785025,638786936380225,638787029010312,21.510591506958008,21.385107,8.089568138122559,103.838027,73.897181,0.298397,638787040168388,True,True,,11.158076,638787062421315,2725,33.411003,200.63629,22.252927,74.5952,92.630087
1545,b1269e28,Cam 4,1982,163927143868405,Robot_28100,True,1790073112920.257,False,4,8,6,0,638749933336993,638749944441192,638750091268124,24.115360260009766,24.182545,14.870847702026367,176.478249,9.464553,0.510975,638750100967975,True,True,,9.699851,638750133902052,1986,42.633928,200.565059,32.934077,11.104199,146.826932
1545,b1269e28,Cam 4,1982,70436418202045,Robot_2001,True,1790073112920.257,False,4,8,6,0,638749933336993,638749944441192,638750058041562,25.791072845458984,25.701985,14.870847702026367,176.478249,9.464553,0.510975,638750066944815,True,True,,8.903253,638750133896138,1986,75.854576,200.559145,66.951323,11.104199,113.60037
1545,b1269e28,Cam 4,1501,163927143868405,Robot_28100,True,1790073088847.066,False,4,8,6,0,638725860145893,638725912616117,638726025072812,13.284832000732422,13.314549,9.493887901306152,157.244861,51.68776,0.260093,638726031012548,True,True,,5.939736,638726060562360,1505,35.489548,200.416467,29.549812,52.470224,112.456695
1545,b1269e28,Cam 4,1501,70436418202045,Robot_2001,True,1790073088847.066,False,4,8,6,0,638725860145893,638725912616117,638726002346250,14.697728157043457,14.698714,9.493887901306152,157.244861,51.68776,0.260093,638726011656617,True,True,,9.310367,638726060552192,1505,58.205942,200.406299,48.895575,52.470224,89.730133
1545,b1269e28,Cam 4,2873,163927143868405,Robot_28100,True,1790073157450.287,False,4,8,4,0,638794463367198,638794511054264,638794619900937,21.867008209228516,21.881104,11.825471878051758,119.03355,46.45541,0.535886,638794629922252,True,True,,10.021315,638794663617401,2877,43.716464,200.250203,33.695149,47.687066,108.846673
1545,b1269e28,Cam 4,2254,163927143868405,Robot_28100,True,1790073126528.149,False,5,9,5,0,638763541229394,638763583929821,638763699768124,23.706239700317383,25.509275,6.406720161437988,138.561958,41.788967,0.32015,638763709995966,True,True,,10.227842,638763741242927,2258,41.474803,200.013533,31.246961,42.700427,115.838303
1545,b1269e28,Cam 4,2254,70436418202045,Robot_2001,True,1790073126528.149,False,5,9,5,0,638763541229394,638763583929821,638763665424374,25.133535385131836,24.5189,6.406720161437988,138.561958,41.788967,0.32015,638763674308577,True,True,,8.884203,638763741227662,2258,75.803288,199.998268,66.919085,42.700427,81.494553
1545,b1269e28,Cam 4,778,163927143868405,Robot_28100,True,1790073052730.246,False,4,8,4,0,638689743326241,638689779969558,638689867143124,14.219231605529785,14.169958,6.937983989715576,95.85285,36.042163,0.272685,638689875705771,True,True,,8.562647,638689943322798,782,76.179674,199.996557,67.617027,36.643317,87.173566
1545,b1269e28,Cam 4,1505,163927143868405,Robot_28100,True,1790073089046.403,False,4,8,4,0,638726059482877,638726116223245,638726223174374,17.530527114868164,17.740789,11.577856063842773,116.81684,56.052358,0.291427,638726232920921,True,True,,9.746547,638726259456518,1509,36.282144,199.973641,26.535597,56.740368,106.951129
1545,b1269e28,Cam 4,2002,163927143868405,Robot_28100,True,1790073113918.678,False,4,8,4,0,638750931758335,638750958584387,638751065627500,18.361631393432617,19.089872,10.051199913024902,112.420689,25.479948,0.400094,638751070583453,True,True,,4.955953,638751131605181,2006,65.977681,199.846846,61.021728,26.826052,107.043113
1545,b1269e28,Cam 4,2829,163927143868405,Robot_28100,True,1790073155249.363,False,4,8,4,0,638792262443147,638792323546726,638792435416562,14.628000259399414,14.609182,7.6569600105285645,120.444381,60.469947,0.237279,638792443794874,True,True,,8.378312,638792462215438,2833,26.798876,199.772291,18.420564,61.103579,111.869836
1545,b1269e28,Cam 4,1677,258791973882344,Robot_1,True,1790073097641.359,False,4,8,4,0,638734654439411,638734785458535,638734835877500,17.34752082824707,17.236188,9.797087669372559,94.464986,130.249392,0.393747,638734841196299,True,True,,5.318799,638734854163216,1681,18.285716,199.723805,12.966917,131.019124,50.418965
1545,06e9e5b9,Cam góc rộng toàn sân,835,105989861701223,Robot_2001,True,1790073049555.221,False,4,7,4,1,638686568301360,638686580760951,638686692490781,24.75529670715332,24.756619,9.202495574951172,145.261869,11.896945,0.229922,638686708070683,True,True,,15.579902,638686767956830,841,75.466049,199.65547,59.886147,12.459591,111.72983
1545,b1269e28,Cam 4,2242,163927143868405,Robot_28100,True,1790073125923.299,False,4,8,6,0,638762936379241,638762954065749,638763068104062,18.723487854003906,17.989703,12.180928230285645,161.44364,16.84714,0.33953,638763078482130,True,True,,10.378068,638763135979002,2246,67.87494,199.599761,57.496872,17.686508,114.038313
1545,b1269e28,Cam 4,2301,163927143868405,Robot_28100,True,1790073128851.644,False,5,9,7,0,638765864724311,638765888483613,638766016565000,21.78099250793457,21.453005,12.392959594726562,180.972717,22.443796,0.351404,638766026742089,True,True,,10.177089,638766064217323,2305,47.652323,199.493012,37.475234,23.759302,128.081387
1545,b1269e28,Cam 4,1706,163927143868405,Robot_28100,True,1790073099125.634,False,4,8,6,0,638736138714522,638736166307221,638736239971250,10.111328125,10.176047,7.468575954437256,101.37313,26.524921,0.370147,638736249936375,True,True,,9.965125,638736338121085,1710,98.149835,199.406563,88.18471,27.592699,73.664029
1545,06e9e5b9,Cam góc rộng toàn sân,2946,105989861701223,Robot_2001,True,1790073138280.38,False,4,7,3,1,638775293459957,638775356026217,638775458088437,29.879167556762695,29.865655,9.728575706481934,107.321914,61.851152,0.205385,638775463286554,True,True,,5.198117,638775492865191,2951,34.776754,199.405234,29.578637,62.56626,102.06222
1545,b1269e28,Cam 4,2146,163927143868405,Robot_28100,True,1790073121132.62,False,5,8,4,0,638758145700613,638758175618306,638758275065000,13.363007545471191,13.059322,8.468992233276367,106.472668,28.772698,0.547794,638758282029416,True,True,,6.964416,638758345065987,2150,70.000987,199.365374,63.036571,29.917693,99.446694
1545,b1269e28,Cam 4,1393,163927143868405,Robot_28100,True,1790073083448.47,False,4,8,4,0,638720461550381,638720531497985,638720626275937,18.397184371948242,18.395019,6.723519802093506,104.239108,69.426994,0.215388,638720635578337,True,True,,9.3024,638720660734165,1397,34.458228,199.183784,25.155828,69.947604,94.777952
1545,b1269e28,Cam 4,997,258791973882344,Robot_1,True,1790073063649.0,False,4,8,6,0,638700662080636,638700786531661,638700843389218,12.49062442779541,12.470125,10.586912155151367,137.997464,123.680601,0.283677,638700849130876,True,True,,5.741658,638700861064060,1001,17.674842,198.983424,11.933184,124.451025,56.857557
1545,b1269e28,Cam 4,997,166004701118821,Rack,True,1790073063649.0,False,4,8,6,0,638700662080636,638700786531661,638700817404843,19.666912078857422,23.717902,10.586912155151367,137.997464,123.680601,0.283677,638700830845153,True,True,,13.44031,638700861057559,1001,43.652716,198.976923,30.212406,124.451025,30.873182
1545,06e9e5b9,Cam góc rộng toàn sân,2213,105989861701223,Robot_2001,True,1790073107568.916,False,3,6,3,1,638744581995983,638744602454584,638744697838437,19.36944007873535,19.370206,11.599648475646973,100.96035,19.759347,0.318047,638744703288303,True,True,,5.449866,638744780967053,2221,83.128616,198.97107,77.67875,20.458601,95.383853
1545,b1269e28,Cam 4,1574,163927143868405,Robot_28100,True,1790073092522.227,False,4,8,4,0,638729535307173,638729544340947,638729679252500,24.430240631103516,24.263158,8.484288215637207,146.546431,8.403914,0.257114,638729690188717,True,True,,10.936217,638729734145279,1578,54.892779,198.838106,43.956562,9.033774,134.911553
1545,b1269e28,Cam 4,2897,163927143868405,Robot_28100,True,1790073158646.412,False,4,8,6,0,638795659491893,638795721811331,638795836494687,22.106719970703125,21.980606,7.26643180847168,147.102571,61.647439,0.268855,638795843215889,True,True,,6.721202,638795858261510,2901,21.766823,198.769617,15.045621,62.319438,114.683356
1545,b1269e28,Cam 4,446,163927143868405,Robot_28100,True,1790073036129.973,False,4,8,4,0,638673143053378,638673182306179,638673260606015,11.993408203125,11.915502,7.870975971221924,84.918647,37.878368,0.283937,638673267122163,True,True,,6.516148,638673341779828,450,81.173813,198.72645,74.657665,39.252801,78.299836
1545,b1269e28,Cam 4,1344,163927143868405,Robot_28100,True,1790073081009.893,False,4,8,4,0,638718022972724,638718047388498,638718167072812,12.39350414276123,12.444827,7.535935878753662,132.057581,23.022115,0.431269,638718179139987,True,True,,12.067175,638718221694882,1348,54.62207,198.722158,42.554895,24.415774,119.684314
1545,c7e22c1f,Cam mới,3418,165620421351559,Robot_28100,False,1790073150672.748,False,3,3,3,1,638787685828243,638787787303789,638787850744687,20.593280792236328,20.713379,14.202207565307617,103.338135,100.572229,0.285046,638787868486134,True,True,,17.741447,638787884507106,3421,33.762419,198.678863,16.020972,101.475546,63.440898
1545,b1269e28,Cam 4,1037,70436418202045,Robot_2001,True,1790073065646.384,False,4,8,4,0,638702659464041,638702770690346,638702846631406,12.992064476013184,12.982812,11.808480262756348,109.035586,110.239051,0.465028,638702855173777,True,True,,8.542371,638702857804406,1041,11.173,198.340365,2.630629,111.226305,75.94106
1545,b1269e28,Cam 4,1037,258791973882344,Robot_1,True,1790073065646.384,False,4,8,4,0,638702659464041,638702770690346,638702822744687,15.935232162475586,15.958106,11.808480262756348,109.035586,110.239051,0.465028,638702833561385,True,True,,10.816698,638702857795258,1041,35.050571,198.331217,24.233873,111.226305,52.054341
1545,b1269e28,Cam 4,461,70436418202045,Robot_2001,True,1790073036851.989,False,4,8,4,0,638673865069138,638673930761759,638674040008359,19.709632873535156,19.640352,10.398271560668945,144.544256,64.491132,0.497661,638674051854300,True,True,,11.845941,638674063385006,465,23.376647,198.315868,11.530706,65.692621,109.2466
1545,b1269e28,Cam 4,703,163927143868405,Robot_28100,True,1790073048968.038,False,5,9,6,0,638685981118679,638686009779415,638686138451718,26.83888053894043,26.843423,8.614399909973145,157.429115,27.713369,0.310027,638686144785417,True,True,,6.333699,638686179273326,707,40.821608,198.154647,34.487909,28.660736,128.672303
1545,b1269e28,Cam 4,1141,163927143868405,Robot_28100,True,1790073070852.618,False,4,8,6,0,638707865698463,638707938906472,638708018502500,18.506912231445312,18.483332,7.060671806335449,103.220255,72.250245,0.378137,638708026106530,True,True,,7.60403,638708063778886,1145,45.276386,198.080423,37.672356,73.208009,79.596028
1545,b1269e28,Cam 4,2864,163927143868405,Robot_28100,True,1790073157019.847,False,4,8,4,0,638794032927748,638794109342696,638794200932187,14.73356819152832,16.570998,8.731264114379883,102.157697,74.939906,0.618075,638794211367418,True,True,,10.435231,638794230994522,2868,30.062335,198.066774,19.627104,76.414948,91.589491
1545,b1269e28,Cam 4,2110,163927143868405,Robot_28100,True,1790073119328.3,False,4,8,6,0,638756341380603,638756354278940,638756452799374,14.866047859191895,15.504273,7.344543933868408,152.128545,12.012697,0.339922,638756468619424,True,True,,15.82005,638756539085512,2114,86.286138,197.704909,70.466088,12.898337,98.520434
1545,b1269e28,Cam 4,2153,163927143868405,Robot_28100,True,1790073121445.903,False,4,8,4,0,638758458983340,638758524007825,638758629119687,20.046207427978516,19.951589,8.633024215698242,111.678816,63.256049,0.331252,638758635371176,True,True,,6.251489,638758656557623,2157,27.437936,197.574283,21.186447,65.024485,105.111862
1545,b1269e28,Cam 4,2670,163927143868405,Robot_28100,True,1790073147328.924,False,4,8,6,0,638784342004296,638784374150821,638784462510312,12.567551612854004,12.479706,7.022463798522949,117.620659,31.247333,0.392988,638784467861104,True,True,,5.350792,638784539519273,2674,77.008961,197.514977,71.658169,32.146525,88.359491
1545,b1269e28,Cam 4,2833,163927143868405,Robot_28100,True,1790073155447.953,False,4,8,6,0,638792461033517,638792531794490,638792630697812,22.019840240478516,21.917048,6.718368053436279,135.303101,70.093405,0.306779,638792640462041,True,True,,9.764229,638792658546764,2837,27.848952,197.513247,18.084723,70.760973,98.903322
1545,b1269e28,Cam 4,748,258791973882344,Robot_1,True,1790073051210.565,False,5,9,7,0,638688223645726,638688338989573,638688401572812,21.554752349853516,21.554061,11.233311653137207,157.877959,112.540601,1.792365,638688412276041,True,True,,10.703229,638688421115820,752,19.543008,197.470094,8.839779,115.343847,62.583239
1545,b1269e28,Cam 4,748,166004701118821,Rack,True,1790073051210.565,False,5,9,7,0,638688223645726,638688338989573,638688370604062,19.842496871948242,19.990278,11.233311653137207,157.877959,112.540601,1.792365,638688379909925,True,True,,9.305863,638688421104955,752,50.500893,197.459229,41.19503,115.343847,31.614489
1545,b1269e28,Cam 4,441,163927143868405,Robot_28100,True,1790073035848.348,False,4,8,4,0,638672861428144,638672926707644,638673028578671,10.710975646972656,10.519803,12.500608444213867,107.661745,64.24864,0.404408,638673034272700,True,True,,5.694029,638673058871984,445,30.293313,197.44384,24.599284,65.2795,101.871027
1545,b1269e28,Cam 4,441,70436418202045,Robot_2001,True,1790073035848.348,False,4,8,4,0,638672861428144,638672926707644,638673011195859,19.317663192749023,19.30717,12.500608444213867,107.661745,64.24864,0.404408,638673017744868,True,True,,6.549009,638673058866224,445,47.670365,197.43808,41.121356,65.2795,84.488215
1545,b1269e28,Cam 4,649,163927143868405,Robot_28100,True,1790073046252.584,False,4,8,6,0,638683265664557,638683300873674,638683405748593,24.569759368896484,24.554285,8.025856018066406,135.528629,34.297513,0.34765,638683415091598,True,True,,9.343005,638683463062922,653,57.314329,197.398365,47.971324,35.209117,104.874919
1545,c7e22c1f,Cam mới,3414,165620421351559,Robot_28100,False,1790073150603.135,False,3,3,1,1,638787616215248,638787659455492,638787694666562,22.68227195739746,29.886364,12.131232261657715,41.824449,42.821593,0.185258,638787701257489,True,True,,6.590927,638787813517708,3419,118.851146,197.30246,112.260219,43.240244,35.21107
1545,b1269e28,Cam 4,2711,163927143868405,Robot_28100,True,1790073149371.42,False,4,8,6,0,638786384500653,638786430210129,638786527791562,11.21497631072998,13.435561,10.445695877075195,138.476408,44.616751,0.545899,638786540474444,True,True,,12.682882,638786581757368,2715,53.965806,197.256715,41.282924,45.709476,97.581433
1545,b1269e28,Cam 4,409,163927143868405,Robot_28100,True,1790073034254.575,False,4,8,6,0,638671267655417,638671305837886,638671428627500,20.745119094848633,20.746134,6.038976192474365,160.020199,37.25646,0.283531,638671434416715,True,True,,5.789215,638671464899161,413,36.271661,197.243744,30.482446,38.182469,122.789614
1545,b1269e28,Cam 4,970,163927143868405,Robot_28100,True,1790073062327.332,False,5,9,4,0,638699340411934,638699371823029,638699459420468,12.819999694824219,12.827191,9.468928337097168,92.324536,30.779514,0.373452,638699463961334,True,True,,4.540866,638699537617160,974,78.196692,197.205226,73.655826,31.411095,87.597439
1545,b1269e28,Cam 4,2010,163927143868405,Robot_28100,True,1790073114323.566,False,4,8,6,0,638751336645966,638751347514913,638751456963437,16.359424591064453,16.356746,10.783552169799805,148.551924,10.294197,0.298032,638751464133410,True,True,,7.169973,638751533674687,2014,76.71125,197.028721,69.541277,10.868947,109.448524
1545,b1269e28,Cam 4,1494,163927143868405,Robot_28100,True,1790073088529.736,False,4,8,6,0,638725542816206,638725557701173,638725675408750,10.272064208984375,10.27451,17.61350440979004,159.051995,14.168099,0.273579,638725687445439,True,True,,12.036689,638725739844438,1498,64.435688,197.028232,52.398999,14.884967,117.707577
1545,b1269e28,Cam 4,1494,70436418202045,Robot_2001,True,1790073088529.736,False,4,8,6,0,638725542816206,638725557701173,638725657947812,22.59401512145996,22.614478,17.61350440979004,159.051995,14.168099,0.273579,638725665098310,True,True,,7.150498,638725739834908,1498,81.887096,197.018702,74.736598,14.884967,100.246639
1545,b1269e28,Cam 4,1105,163927143868405,Robot_28100,True,1790073069049.711,False,4,8,4,0,638706062791620,638706122860708,638706212537656,13.186367988586426,13.151077,9.074015617370605,95.589681,59.155026,0.353907,638706218316765,True,True,,5.779109,638706259781995,1109,47.244339,196.990375,41.46523,60.069088,89.676948
1545,b1269e28,Cam 4,2032,163927143868405,Robot_28100,True,1790073115415.342,False,4,8,6,0,638752428422401,638752467394780,638752573150937,17.957120895385742,17.82538,8.725279808044434,140.946247,37.785801,0.457164,638752580664016,True,True,,7.513079,638752625291792,2036,52.140855,196.869391,44.627776,38.972379,105.756157
1545,b1269e28,Cam 4,1842,163927143868405,Robot_28100,True,1790073105919.232,False,4,8,4,0,638742932312069,638742952946005,638743049752500,11.703295707702637,11.150454,11.730400085449219,105.056328,19.67355,0.359427,638743057820901,True,True,,8.068401,638743129174902,1846,79.422402,196.862833,71.354001,20.633936,96.806495
1545,b1269e28,Cam 4,2048,163927143868405,Robot_28100,True,1790073116207.063,False,5,9,6,0,638753220143719,638753231968876,638753363861874,24.421600341796875,24.253521,9.590304374694824,192.49349,10.64369,0.562513,638753380261313,True,True,,16.399439,638753416897021,2052,53.035147,196.753302,36.635708,11.825157,131.892998
1545,b1269e28,Cam 4,2445,163927143868405,Robot_28100,True,1790073136056.42,False,4,7,3,0,638773069499811,638773125737668,638773216252500,23.645280838012695,23.543089,11.144063949584961,100.694765,55.676382,0.266311,638773226372727,True,True,,10.120227,638773266230391,2449,49.977891,196.73058,39.857664,56.237857,90.514832
1545,b1269e28,Cam 4,2021,163927143868405,Robot_28100,True,1790073114847.865,False,5,9,4,0,638751860945565,638751904550016,638752024658750,23.481855392456055,23.465808,6.297567844390869,127.118083,42.865756,0.318503,638752031570117,True,True,,6.911367,638752057672429,2025,33.013679,196.726864,26.102312,43.604451,120.108734
1545,b1269e28,Cam 4,2129,70436418202045,Robot_2001,True,1790073120247.362,False,4,8,6,0,638757260442598,638757350446756,638757437322812,18.1013126373291,18.285043,10.40499210357666,176.991357,88.994248,0.452502,638757448987716,True,True,,11.664904,638757457032983,2133,19.710171,196.590385,8.045267,90.004158,86.876056
1545,b1269e28,Cam 4,1956,70436418202045,Robot_2001,True,1790073111618.865,False,4,8,6,0,638748631945573,638748753671097,638748819244687,14.395296096801758,14.522731,6.526271820068359,127.14433,121.120948,0.259274,638748824485151,True,True,,5.240464,638748828500527,1960,9.25584,196.554954,4.015376,121.725524,65.57359
1545,c7e22c1f,Cam mới,1419,165620421351559,Robot_28100,False,1790073070191.535,False,3,3,3,1,638707204615263,638707231990751,638707371861874,121.90316772460938,121.889045,6.345952033996582,156.098148,26.870241,0.182169,638707378763091,True,True,,6.901217,638707401151903,1424,29.290029,196.53664,22.388812,27.375488,139.871123
1545,b1269e28,Cam 4,1640,258791973882344,Robot_1,True,1790073095810.507,False,4,8,6,0,638732823586844,638732836523036,638732985190000,114.84556579589844,114.775788,11.909600257873535,222.364903,12.422421,0.238691,638732992379030,True,True,,7.18903,638733020101625,1644,34.911625,196.514781,27.722595,12.936192,148.666964
1545,b1269e28,Cam 4,1640,70436418202045,Robot_2001,True,1790073095810.507,False,4,8,6,0,638732823586844,638732836523036,638733009002500,16.59836769104004,16.521592,11.909600257873535,222.364903,12.422421,0.238691,638733013757724,True,True,,4.755224,638733020094053,1644,11.091553,196.507209,6.336329,12.936192,172.479464
1545,b1269e28,Cam 4,1950,258791973882344,Robot_1,True,1790073111333.933,False,4,8,6,0,638748347012942,638748409208150,638748461557187,16.63327980041504,16.276171,12.584671974182129,162.178619,60.361983,1.302138,638748469500455,True,True,,7.943268,638748543424055,1954,81.866868,196.411113,73.9236,62.195208,52.349037
1545,b1269e28,Cam 4,1016,163927143868405,Robot_28100,True,1790073064610.482,False,4,8,4,0,638701623561921,638701698416698,638701788494687,11.574111938476562,11.490929,9.161087989807129,96.651091,74.091105,0.314049,638701794988391,True,True,,6.493704,638701819971222,1020,31.476535,196.409301,24.982831,74.854777,90.077989
1545,b1269e28,Cam 4,1950,163927143868405,Robot_28100,True,1790073111333.933,False,4,8,6,0,638748347012942,638748409208150,638748528432187,20.525888442993164,20.70388,12.584671974182129,162.178619,60.361983,1.302138,638748537187542,True,True,,8.755355,638748543420768,1954,14.988581,196.407826,6.233226,62.195208,119.224037
1545,b1269e28,Cam 4,1950,70436418202045,Robot_2001,True,1790073111333.933,False,4,8,6,0,638748347012942,638748409208150,638748496611874,27.0097599029541,26.468617,12.584671974182129,162.178619,60.361983,1.302138,638748507502042,True,True,,10.890168,638748543414809,1954,46.802935,196.401867,35.912767,62.195208,87.403724
1545,b1269e28,Cam 4,1938,163927143868405,Robot_28100,True,1790073110744.834,False,4,8,6,0,638747757914629,638747796585131,638747879549374,12.671648025512695,12.753398,9.362303733825684,112.210894,37.888236,0.33246,638747888690576,True,True,,9.141202,638747954247291,1942,74.697917,196.332662,65.556715,38.670502,82.964243
1545,b1269e28,Cam 4,1938,70436418202045,Robot_2001,True,1790073110744.834,False,4,8,6,0,638747757914629,638747796585131,638747861518124,14.670080184936523,14.699304,9.362303733825684,112.210894,37.888236,0.33246,638747866806854,True,True,,5.28873,638747954237588,1942,92.719464,196.322959,87.430734,38.670502,64.932993
1545,b1269e28,Cam 4,557,258791973882344,Robot_1,True,1790073041646.855,False,4,8,4,0,638678659935455,638678780503242,638678821193906,11.739775657653809,13.112301,6.3218560218811035,103.947737,119.759863,0.409487,638678832527227,True,True,,11.333321,638678856250930,561,35.057024,196.315475,23.723703,120.567787,40.690664
1545,b1269e28,Cam 4,2464,163927143868405,Robot_28100,True,1790073137013.034,False,4,7,3,0,638774026114067,638774062929084,638774169541562,28.058752059936523,28.058225,11.238847732543945,118.805643,35.980372,0.315112,638774181635812,True,True,,12.09425,638774222401893,2468,52.860331,196.287826,40.766081,36.815017,106.612478
1545,b1269e28,Cam 4,728,70436418202045,Robot_2001,True,1790073050211.732,False,5,9,6,0,638687224812059,638687346701011,638687401150937,10.485088348388672,10.487939,7.278592109680176,97.035403,121.208482,0.276977,638687408870801,True,True,,7.719864,638687420958834,732,19.807897,196.146775,12.088033,121.888952,54.449926
1545,b1269e28,Cam 4,728,258791973882344,Robot_1,True,1790073050211.732,False,5,9,6,0,638687224812059,638687346701011,638687384650937,10.68239974975586,10.365047,7.278592109680176,97.035403,121.208482,0.276977,638687390557511,True,True,,5.906574,638687420952777,732,36.30184,196.140718,30.395266,121.888952,37.949926
1545,b1269e28,Cam 4,893,70436418202045,Robot_2001,True,1790073058445.573,False,4,8,6,0,638695458652789,638695545191225,638695630158750,15.056703567504883,15.038741,6.919936180114746,144.593985,86.016308,0.225783,638695635892712,True,True,,5.733962,638695654642639,897,24.483889,195.98985,18.749927,86.538436,84.967525
1545,b1269e28,Cam 4,1708,163927143868405,Robot_28100,True,1790073099205.934,False,4,8,4,0,638736219013987,638736267813142,638736366190000,19.023231506347656,19.028632,6.288671970367432,107.365342,47.830846,0.404772,638736375091606,True,True,,8.901606,638736414906539,1712,48.716539,195.892552,39.814933,48.799155,98.376858
1545,b1269e28,Cam 4,1290,163927143868405,Robot_28100,True,1790073078330.244,False,4,8,4,0,638715343323828,638715394438063,638715466420468,11.311936378479004,11.302943,6.633791923522949,77.243594,50.129566,0.48287,638715471557276,True,True,,5.136808,638715539057419,1294,72.636951,195.733591,67.500143,51.114235,71.982405
1545,b1269e28,Cam 4,2005,70436418202045,Robot_2001,True,1790073114047.482,False,4,8,6,0,638751060562587,638751130013251,638751213518124,25.1889591217041,25.114416,11.98425579071045,168.324473,68.692986,0.2496,638751221572955,True,True,,8.054831,638751256252293,2009,42.734169,195.689706,34.679338,69.450664,83.504873
1545,b1269e28,Cam 4,982,163927143868405,Robot_28100,True,1790073062924.93,False,5,9,4,0,638699938010092,638699947817020,638700067494687,16.87174415588379,16.674533,6.418015956878662,129.192383,9.18064,0.195013,638700076852418,True,True,,9.357731,638700133601857,986,66.10717,195.591765,56.749439,9.806928,119.677667
1545,b1269e28,Cam 4,833,163927143868405,Robot_28100,True,1790073055454.227,False,4,8,4,0,638692467307141,638692511281415,638692620201718,22.304128646850586,22.242318,13.410335540771484,118.492687,43.009431,0.32641,638692629625352,True,True,,9.423634,638692662892242,837,42.690524,195.585101,33.26689,43.974274,108.920303
1545,b1269e28,Cam 4,2269,163927143868405,Robot_28100,True,1790073127250.653,False,5,9,5,0,638764263733099,638764342021513,638764436533750,10.686847686767578,11.397308,9.500960350036621,122.287488,77.134964,0.588139,638764444759682,True,True,,8.225932,638764459214308,2273,22.680558,195.481209,14.454626,78.288414,94.512237
1545,b1269e28,Cam 4,2436,166004701118821,Rack,True,1790073135613.127,False,4,7,3,0,638772626207227,638772769306571,638772792088437,13.229375839233398,14.782808,7.887008190155029,86.232588,142.437113,0.276047,638772800472649,True,True,,8.384212,638772821675009,2440,29.586572,195.467782,21.20236,143.099344,22.781866
1545,b1269e28,Cam 4,2250,163927143868405,Robot_28100,True,1790073126334.28,False,5,9,6,0,638763347360620,638763370805617,638763467283750,26.330848693847656,26.337995,6.708352088928223,141.99849,22.080008,0.627274,638763477861706,True,True,,10.577956,638763542684792,2254,75.401042,195.324172,64.823086,23.444997,96.478133
1545,b1269e28,Cam 4,233,163927143868405,Robot_28100,True,1790073025448.028,False,4,8,4,0,638662461107849,638662532110897,638662615700742,25.171615600585938,25.166611,5.8903679847717285,91.32131,70.417674,0.276255,638662623358231,True,True,,7.657489,638662656405601,237,40.704859,195.297752,33.04737,71.003048,83.589845
1545,b1269e28,Cam 4,1665,163927143868405,Robot_28100,True,1790073097046.209,False,4,8,4,0,638734059289713,638734138245760,638734226877500,15.185919761657715,17.291384,8.108575820922852,94.774555,78.352003,0.262975,638734232897050,True,True,,6.01955,638734254489579,1669,27.612079,195.199866,21.592529,78.956047,88.63174
1545,b1269e28,Cam 4,367,163927143868405,Robot_28100,True,1790073032168.291,False,4,8,6,0,638669181370707,638669253868631,638669341557187,25.760831832885742,25.760033,7.8427839279174805,132.143432,71.7126,0.353002,638669351431024,True,True,,9.873837,638669376517478,371,34.960291,195.146771,25.086454,72.497924,87.688556
1545,b1269e28,Cam 4,2310,258791973882344,Robot_1,True,1790073129334.5,False,5,9,4,0,638766347580695,638766411861319,638766488010312,24.66156768798828,24.626065,13.442848205566406,135.769265,63.611265,0.278148,638766495881046,True,True,,7.870734,638766542684318,2314,54.674006,195.103623,46.803272,64.280624,76.148993
1545,b1269e28,Cam 4,2310,70436418202045,Robot_2001,True,1790073129334.5,False,5,9,4,0,638766347580695,638766411861319,638766511463437,15.117440223693848,15.598609,13.442848205566406,135.769265,63.611265,0.278148,638766520891300,True,True,,9.427863,638766542679886,2314,31.216449,195.099191,21.788586,64.280624,99.602118
1545,b1269e28,Cam 4,2310,166004701118821,Rack,True,1790073129334.5,False,5,9,4,0,638766347580695,638766411861319,638766450494687,24.444608688354492,24.417387,13.442848205566406,135.769265,63.611265,0.278148,638766463300919,True,True,,12.806232,638766542673253,2314,92.178566,195.092558,79.372334,64.280624,38.633368
1545,b1269e28,Cam 4,2341,163927143868405,Robot_28100,True,1790073130853.078,False,4,8,6,0,638767866158106,638767922274175,638768031885312,18.03388786315918,18.332102,7.430016040802002,143.283542,54.437883,0.974853,638768038467307,True,True,,6.581995,638768061128867,2345,29.243555,194.970761,22.66156,56.116069,109.611137
1545,06e9e5b9,Cam góc rộng toàn sân,2031,105989861701223,Robot_2001,True,1790073100048.698,False,4,6,4,1,638737061778442,638737119322216,638737207861874,20.291135787963867,20.400458,18.551647186279297,108.879865,56.339994,0.508875,638737215779312,True,True,,7.917438,638737256672111,2036,48.810237,194.893669,40.892799,57.543774,88.539658
1545,b1269e28,Cam 4,2106,163927143868405,Robot_28100,True,1790073119135.214,False,5,9,5,0,638756148293745,638756155192846,638756263111874,18.54128074645996,18.541866,7.422304153442383,123.117709,5.714946,0.36385,638756268220435,True,True,,5.108561,638756342976593,2110,79.864719,194.682848,74.756158,6.899101,107.919028
1545,e0606b55,Cam hướng ra cửa,3137,116454320966922,Robot_6868,False,1790073145118.487,False,3,3,3,0,638782131567532,638782221353521,638782286385312,15.880448341369629,15.871208,10.875616073608398,72.41645,88.569596,0.601679,638782293709606,True,True,,7.324294,638782326228520,3142,39.843208,194.660988,32.518914,89.785989,65.031791
1545,b1269e28,Cam 4,2628,163927143868405,Robot_28100,True,1790073145224.114,False,4,8,6,0,638782237194001,638782293902361,638782376854062,16.365760803222656,17.169748,6.539103984832764,112.552883,55.759938,0.340855,638782384533358,True,True,,7.679296,638782431815818,2632,54.961756,194.621817,47.28246,56.70836,82.951701
1545,b1269e28,Cam 4,273,163927143868405,Robot_28100,True,1790073027450.156,False,4,8,6,0,638664463236475,638664533478694,638664640722226,14.076031684875488,14.026724,8.469535827636719,135.436133,69.11529,0.578392,638664646307891,True,True,,5.585665,638664657819683,277,17.097457,194.583208,11.511792,70.242219,107.243532
1545,b1269e28,Cam 4,273,70436418202045,Robot_2001,True,1790073027450.156,False,4,8,6,0,638664463236475,638664533478694,638664616956601,22.512128829956055,22.119451,8.469535827636719,135.436133,69.11529,0.578392,638664626487499,True,True,,9.530898,638664657810420,277,40.853819,194.573945,31.322921,70.242219,83.477907
1545,b1269e28,Cam 4,388,163927143868405,Robot_28100,True,1790073033213.652,False,4,8,4,0,638670226732106,638670319713863,638670409613828,16.500896453857422,16.168346,7.912831783294678,95.323477,91.524025,0.65536,638670414875350,True,True,,5.261522,638670421293434,392,11.679606,194.561328,6.418084,92.981757,89.899965
1545,b1269e28,Cam 4,388,70436418202045,Robot_2001,True,1790073033213.652,False,4,8,4,0,638670226732106,638670319713863,638670383545468,23.975008010864258,24.023544,7.912831783294678,95.323477,91.524025,0.65536,638670392789103,True,True,,9.243635,638670421282828,392,37.73736,194.550722,28.493725,92.981757,63.831605
1545,b1269e28,Cam 4,2466,163927143868405,Robot_28100,True,1790073137135.793,False,4,7,5,0,638774148873027,638774221868025,638774299486874,14.335264205932617,14.318926,9.868576049804688,131.488703,71.724708,0.455391,638774308915728,True,True,,9.428854,638774343362516,2470,43.875642,194.489489,34.446788,72.994998,77.618849
1545,b1269e28,Cam 4,2466,70436418202045,Robot_2001,True,1790073137135.793,False,4,7,5,0,638774148873027,638774221868025,638774279932187,14.806912422180176,14.512652,9.868576049804688,131.488703,71.724708,0.455391,638774285195244,True,True,,5.263057,638774343355937,2470,63.42375,194.48291,58.160693,72.994998,58.064162
1545,b1269e28,Cam 4,1166,163927143868405,Robot_28100,True,1790073072128.027,False,4,8,6,0,638709141107305,638709156981054,638709271232968,21.299007415771484,21.300019,8.004063606262207,149.760197,15.147586,0.278876,638709282179503,True,True,,10.946535,638709335585024,1170,64.352056,194.477719,53.405521,15.873749,114.251914
1545,b1269e28,Cam 4,2466,166004701118821,Rack,True,1790073137135.793,False,4,7,5,0,638774148873027,638774221868025,638774253002500,19.733951568603516,19.956664,9.868576049804688,131.488703,71.724708,0.455391,638774265172452,True,True,,12.169952,638774343345917,2470,90.343417,194.47289,78.173465,72.994998,31.134475
1545,06e9e5b9,Cam góc rộng toàn sân,3037,105989861701223,Robot_2001,True,1790073142081.635,False,4,7,4,1,638779094715287,638779130139630,638779229643124,17.850624084472656,18.592972,7.273375988006592,128.43372,32.031918,3.064309,638779241868870,True,True,,12.225746,638779289056910,3041,59.413786,194.341623,47.18804,35.424343,99.503494
1545,b1269e28,Cam 4,1955,163927143868405,Robot_28100,True,1790073111572.0,False,4,8,4,0,638748585079673,638748612028167,638748696979062,19.671327590942383,19.653879,6.676447868347168,93.358294,26.203834,0.311939,638748705323082,True,True,,8.34402,638748779167851,1958,82.188789,194.088178,73.844769,26.948494,84.950895
1545,b1269e28,Cam 4,1955,70436418202045,Robot_2001,True,1790073111572.0,False,4,8,4,0,638748585079673,638748612028167,638748671408750,11.068511962890625,11.014512,6.676447868347168,93.358294,26.203834,0.311939,638748677335256,True,True,,5.926506,638748779164399,1958,107.755649,194.084726,101.829143,26.948494,59.380583
1545,b1269e28,Cam 4,884,70436418202045,Robot_2001,True,1790073058010.132,False,4,8,4,0,638695023212009,638695130077105,638695194850156,13.111647605895996,13.103048,10.136672019958496,95.3557,105.9928,0.340834,638695203643725,True,True,,8.793569,638695217235232,888,22.385076,194.023223,13.591507,106.865096,64.773051
1545,b1269e28,Cam 4,884,258791973882344,Robot_1,True,1790073058010.132,False,4,8,4,0,638695023212009,638695130077105,638695175693906,11.583423614501953,11.57991,10.136672019958496,95.3557,105.9928,0.340834,638695181667588,True,True,,5.973682,638695217229539,888,41.535633,194.01753,35.561951,106.865096,45.616801
1545,b1269e28,Cam 4,2765,163927143868405,Robot_28100,True,1790073152057.906,False,4,8,4,0,638789070985826,638789114318770,638789228916562,24.3654727935791,24.277744,8.303327560424805,124.439733,42.57906,0.298741,638789238103507,True,True,,9.186945,638789264787919,2769,35.871357,193.802093,26.684412,43.332944,114.597792
1545,b1269e28,Cam 4,2716,258791973882344,Robot_1,True,1790073149604.191,False,4,8,4,0,638786617271442,638786654985954,638786720385312,32.11532974243164,32.192853,9.439359664916992,118.391672,36.528948,0.87939,638786729660188,True,True,,9.274876,638786810900194,2718,90.514882,193.628752,81.240006,37.714512,65.399358
1545,b1269e28,Cam 4,2716,163927143868405,Robot_28100,True,1790073149604.191,False,4,8,4,0,638786617271442,638786654985954,638786767713437,16.66694450378418,16.372984,9.439359664916992,118.391672,36.528948,0.87939,638786773296233,True,True,,5.582796,638786810894134,2718,43.180697,193.622692,37.597901,37.714512,112.727483
1545,b1269e28,Cam 4,2716,70436418202045,Robot_2001,True,1790073149604.191,False,4,8,4,0,638786617271442,638786654985954,638786743322812,13.562784194946289,12.559433,9.439359664916992,118.391672,36.528948,0.87939,638786750990015,True,True,,7.667203,638786810887383,2718,67.564571,193.615941,59.897368,37.714512,88.336858
1545,b1269e28,Cam 4,2716,166004701118821,Rack,True,1790073149604.191,False,4,8,4,0,638786617271442,638786654985954,638786678604062,13.627679824829102,17.579135,9.439359664916992,118.391672,36.528948,0.87939,638786688290721,True,True,,9.686659,638786810877680,2718,132.273618,193.606238,122.586959,37.714512,23.618108
1545,06e9e5b9,Cam góc rộng toàn sân,519,105989861701223,Robot_2001,True,1790073036319.772,False,4,7,4,1,638673332851899,638673389938849,638673480268124,14.204095840454102,14.101273,9.845088005065918,115.067585,56.479668,0.242438,638673491123931,True,True,,10.855807,638673526385879,524,46.117755,193.53398,35.261948,57.08695,90.329275
1545,b1269e28,Cam 4,1915,258791973882344,Robot_1,True,1790073109567.272,False,4,8,4,0,638746580352622,638746600596868,638746664830624,14.16153621673584,14.135925,8.619903564453125,134.401685,19.179255,0.800615,638746670309967,True,True,,5.479343,638746773850309,1918,109.019685,193.497687,103.540342,20.244246,64.233756
1545,b1269e28,Cam 4,1915,163927143868405,Robot_28100,True,1790073109567.272,False,4,8,4,0,638746580352622,638746600596868,638746722643124,21.07855987548828,20.946081,8.619903564453125,134.401685,19.179255,0.800615,638746734824802,True,True,,12.181678,638746773846810,1918,51.203686,193.494188,39.022008,20.244246,122.046256
1545,b1269e28,Cam 4,1915,70436418202045,Robot_2001,True,1790073109567.272,False,4,8,4,0,638746580352622,638746600596868,638746684510312,13.966048240661621,14.183313,8.619903564453125,134.401685,19.179255,0.800615,638746701567824,True,True,,17.057512,638746773840218,1918,89.329906,193.487596,72.272394,20.244246,83.913444
1545,06e9e5b9,Cam góc rộng toàn sân,2820,105989861701223,Robot_2001,True,1790073133004.566,False,3,6,3,1,638770017645976,638770083791695,638770187065000,15.173279762268066,15.156104,13.569664001464844,110.581699,64.702792,0.578374,638770194370705,True,True,,7.305705,638770210989492,2825,23.924492,193.343516,16.618787,66.145719,103.273305
1545,06e9e5b9,Cam góc rộng toàn sân,2820,203145721272521,Robot_6868,True,1790073133004.566,False,3,6,3,1,638770017645976,638770083791695,638770155244687,24.976640701293945,24.949903,13.569664001464844,110.581699,64.702792,0.578374,638770171835992,True,True,,16.591305,638770210980502,2825,55.735815,193.334526,39.14451,66.145719,71.452992
1545,b1269e28,Cam 4,2262,163927143868405,Robot_28100,True,1790073126929.094,False,4,8,4,0,638763942174386,638763987252536,638764092127500,17.11065673828125,17.127008,7.71776008605957,114.08189,44.216933,0.39328,638764101314166,True,True,,9.186666,638764135296824,2266,43.169324,193.122438,33.982658,45.07815,104.874964
1545,b1269e28,Cam 4,2262,70436418202045,Robot_2001,True,1790073126929.094,False,4,8,4,0,638763942174386,638763987252536,638764066791562,16.97977638244629,16.920345,7.71776008605957,114.08189,44.216933,0.39328,638764074983787,True,True,,8.192225,638764135288104,2266,68.496542,193.113718,60.304317,45.07815,79.539026
1545,b1269e28,Cam 4,2417,163927143868405,Robot_28100,True,1790073134643.311,False,4,8,4,0,638771656391291,638771717617867,638771816822812,29.710464477539062,29.841384,10.914655685424805,108.685057,59.926506,0.812414,638771826325143,True,True,,9.502331,638771849426029,2421,32.603217,193.034738,23.100886,61.226576,99.204945
1545,c7e22c1f,Cam mới,535,105902132358482,Robot_6868,False,1790073034598.52,False,3,3,2,1,638671611599833,638671655857314,638671698965390,12.4367036819458,12.441602,6.543168067932129,50.068636,43.564813,0.321186,638671705891917,True,True,,6.926527,638671804578519,540,105.613129,192.978686,98.686602,44.257481,43.108076
1545,c7e22c1f,Cam mới,535,165620421351559,Robot_28100,False,1790073034598.52,False,3,3,2,1,638671611599833,638671655857314,638671675732968,12.347647666931152,12.355682,6.543168067932129,50.068636,43.564813,0.321186,638671686401396,True,True,,10.668428,638671804569442,540,128.836474,192.969609,118.168046,44.257481,19.875654
1545,b1269e28,Cam 4,1146,163927143868405,Robot_28100,True,1790073071133.589,False,4,8,6,0,638708146668884,638708202142990,638708269256406,9.34768009185791,9.422754,7.614816188812256,94.515512,54.76166,0.298854,638708274799650,True,True,,5.543244,638708339547462,1150,70.291056,192.878578,64.747812,55.474106,67.113416
1545,b1269e28,Cam 4,1146,70436418202045,Robot_2001,True,1790073071133.589,False,4,8,6,0,638708146668884,638708202142990,638708253498593,12.677599906921387,12.462179,7.614816188812256,94.515512,54.76166,0.298854,638708259739934,True,True,,6.241341,638708339539856,1150,86.041263,192.870972,79.799922,55.474106,51.355603
1545,b1269e28,Cam 4,2789,70436418202045,Robot_2001,True,1790073153250.9,False,4,8,4,0,638790263979853,638790342028990,638790424650937,17.302335739135742,17.881924,8.488736152648926,117.338611,77.272847,0.38387,638790430415375,True,True,,5.764438,638790456801801,2793,32.150864,192.821948,26.386426,78.049137,82.621947
1545,b1269e28,Cam 4,2525,163927143868405,Robot_28100,True,1790073140056.516,False,4,8,6,0,638777069596187,638777121733578,638777217588437,19.676223754882812,19.594888,9.59660816192627,147.649299,48.763113,1.429092,638777225909216,True,True,,8.320779,638777262208797,2529,44.62036,192.61261,36.299581,52.137391,95.854859
1545,b1269e28,Cam 4,1157,163927143868405,Robot_28100,True,1790073071650.027,False,4,8,4,0,638708663107060,638708733804766,638708823397031,17.193567276000977,17.316292,5.999551773071289,99.14863,69.999905,0.2336,638708832838945,True,True,,9.441914,638708855187513,1160,31.790482,192.080453,22.348568,70.697706,89.592265
1545,b1269e28,Cam 4,2276,70436418202045,Robot_2001,True,1790073127622.452,False,4,8,4,0,638764635532119,638764743573228,638764816604062,16.884864807128906,17.839701,6.898335933685303,101.905488,107.44906,0.246305,638764823454179,True,True,,6.850117,638764827435423,2280,10.831361,191.903304,3.981244,108.041109,73.030834
1545,b1269e28,Cam 4,2338,163927143868405,Robot_28100,True,1790073130740.773,False,4,8,4,0,638767753853345,638767756534703,638767858041562,22.713727951049805,22.720122,8.486783981323242,114.474538,1.889322,0.337578,638767870809324,True,True,,12.767762,638767945578875,2342,87.537313,191.72553,74.769551,2.681358,101.506859
1545,b1269e28,Cam 4,2043,163927143868405,Robot_28100,True,1790073115972.555,False,5,9,5,0,638752985634913,638753031552061,638753137815000,24.859615325927734,24.881075,6.202911853790283,131.353594,44.731716,0.476014,638753146570693,True,True,,8.755693,638753177143556,2047,39.328556,191.508643,30.572863,45.917148,106.262939
1545,b1269e28,Cam 4,1928,258791973882344,Robot_1,True,1790073110210.092,False,4,8,4,0,638747223172273,638747347758767,638747390783750,11.121312141418457,11.123964,7.682240009307861,84.918312,123.927821,0.297387,638747397128443,True,True,,6.344693,638747414079457,1932,23.295707,190.907184,16.951014,124.586494,43.024983
1545,b1269e28,Cam 4,1928,166004701118821,Rack,True,1790073110210.092,False,4,8,4,0,638747223172273,638747347758767,638747373416562,15.934111595153809,18.083252,7.682240009307861,84.918312,123.927821,0.297387,638747379697938,True,True,,6.281376,638747414068432,1932,40.65187,190.896159,34.370494,124.586494,25.657795
1545,b1269e28,Cam 4,1995,258791973882344,Robot_1,True,1790073113559.255,False,4,8,4,0,638750572334910,638750598977716,638750666447812,18.880224227905273,18.348294,10.64236831665039,149.89523,25.328188,0.963777,638750671759578,True,True,,5.311766,638750763075162,1998,96.62735,190.740252,91.315584,26.642806,67.470096
1545,b1269e28,Cam 4,1995,163927143868405,Robot_28100,True,1790073113559.255,False,4,8,4,0,638750572334910,638750598977716,638750741744687,24.384992599487305,24.332288,10.64236831665039,149.89523,25.328188,0.963777,638750748767599,True,True,,7.022912,638750763067621,1998,21.322934,190.732711,14.300022,26.642806,142.766971
1545,b1269e28,Cam 4,1995,70436418202045,Robot_2001,True,1790073113559.255,False,4,8,4,0,638750572334910,638750598977716,638750706252500,33.90438461303711,34.342159,10.64236831665039,149.89523,25.328188,0.963777,638750717195067,True,True,,10.942567,638750763055621,1998,56.803121,190.720711,45.860554,26.642806,107.274784
1545,b1269e28,Cam 4,590,163927143868405,Robot_28100,True,1790073043331.649,False,4,8,6,0,638680344729257,638680400490370,638680496367734,20.825599670410156,20.824333,7.99564790725708,131.067444,54.427863,0.786846,638680504618531,True,True,,8.250797,638680534771090,594,38.403356,190.041833,30.152559,55.761113,95.877364
1545,b1269e28,Cam 4,590,70436418202045,Robot_2001,True,1790073043331.649,False,4,8,6,0,638680344729257,638680400490370,638680469918515,9.851776123046875,9.943246,7.99564790725708,131.067444,54.427863,0.786846,638680475428400,True,True,,5.509885,638680534766160,594,64.847645,190.036903,59.33776,55.761113,69.428145
1545,b1269e28,Cam 4,590,258791973882344,Robot_1,True,1790073043331.649,False,4,8,6,0,638680344729257,638680400490370,638680451820859,19.917024612426758,19.898091,7.99564790725708,131.067444,54.427863,0.786846,638680459849888,True,True,,8.029029,638680534757267,594,82.936408,190.02801,74.907379,55.761113,51.330489
1545,b1269e28,Cam 4,622,163927143868405,Robot_28100,True,1790073044933.351,False,4,8,6,0,638681946430733,638681970909251,638682098287656,27.36390495300293,27.322268,6.808224201202393,173.312834,23.849531,0.291601,638682109173784,True,True,,10.886128,638682136080691,626,37.793035,189.649958,26.906907,24.478518,127.378405
1545,b1269e28,Cam 4,622,70436418202045,Robot_2001,True,1790073044933.351,False,4,8,6,0,638681946430733,638681970909251,638682061451718,20.959199905395508,20.900096,6.808224201202393,173.312834,23.849531,0.291601,638682070708778,True,True,,9.25706,638682136074613,626,74.622895,189.64388,65.365835,24.478518,90.542467
1545,b1269e28,Cam 4,2066,258791973882344,Robot_1,True,1790073117130.967,False,5,8,4,0,638754144047493,638754186405964,638754251635312,23.398176193237305,23.353222,9.533087730407715,119.333499,41.292794,0.43669,638754266253440,True,True,,14.618128,638754333675339,2070,82.040027,189.627846,67.421899,42.358471,65.229348
1545,b1269e28,Cam 4,2066,163927143868405,Robot_28100,True,1790073117130.967,False,5,8,4,0,638754144047493,638754186405964,638754300033750,10.644448280334473,10.661501,9.533087730407715,119.333499,41.292794,0.43669,638754305629291,True,True,,5.595541,638754333668531,2070,33.634781,189.621038,28.03924,42.358471,113.627786
1545,b1269e28,Cam 4,2859,70436418202045,Robot_2001,True,1790073156775.259,False,4,8,6,0,638793788339626,638793865017780,638793937213437,14.482080459594727,15.291026,8.070079803466797,150.807391,75.651169,0.432004,638793951889792,True,True,,14.676355,638793977955722,2863,40.742285,189.616096,26.06593,76.678154,72.195657
1545,b1269e28,Cam 4,2066,70436418202045,Robot_2001,True,1790073117130.967,False,5,8,4,0,638754144047493,638754186405964,638754277916562,11.418208122253418,11.542802,9.533087730407715,119.333499,41.292794,0.43669,638754289385370,True,True,,11.468808,638754333658398,2070,55.741836,189.610905,44.273028,42.358471,91.510598
1545,b1269e28,Cam 4,1090,163927143868405,Robot_28100,True,1790073068340.511,False,4,8,6,0,638705353591746,638705371606052,638705458850156,16.006912231445312,16.606062,7.815423965454102,117.586694,17.300178,0.306382,638705466936776,True,True,,8.08662,638705542883138,1094,84.032982,189.291392,75.946362,18.014306,87.244104
1545,b1269e28,Cam 4,1195,258791973882344,Robot_1,True,1790073073572.314,False,4,8,4,0,638710585393992,638710621905915,638710679225156,10.895999908447266,11.402662,13.509023666381836,116.414923,34.2195,0.330831,638710683083672,True,True,,3.858516,638710774632304,1198,95.407148,189.238312,91.548632,36.511923,57.319241
1545,b1269e28,Cam 4,1195,163927143868405,Robot_28100,True,1790073073572.314,False,4,8,4,0,638710585393992,638710621905915,638710731061093,13.830719947814941,13.771241,13.509023666381836,116.414923,34.2195,0.330831,638710738118936,True,True,,7.057843,638710774629256,1198,43.568163,189.235264,36.51032,36.511923,109.155178
1545,b1269e28,Cam 4,1195,70436418202045,Robot_2001,True,1790073073572.314,False,4,8,4,0,638710585393992,638710621905915,638710700201718,16.475967407226562,16.931431,13.509023666381836,116.414923,34.2195,0.330831,638710717176680,True,True,,16.974962,638710774625948,1198,74.42423,189.231956,57.449268,36.511923,78.295803
1545,b1269e28,Cam 4,1195,166004701118821,Rack,True,1790073073572.314,False,4,8,4,0,638710585393992,638710621905915,638710657025937,21.110015869140625,22.023595,13.509023666381836,116.414923,34.2195,0.330831,638710667353561,True,True,,10.327624,638710774617801,1198,117.591864,189.223809,107.26424,36.511923,35.120022
1545,b1269e28,Cam 4,1716,258791973882344,Robot_1,True,1790073099608.838,False,4,8,4,0,638736621918149,638736728077661,638736769377500,16.887584686279297,16.861873,5.883423805236816,94.797502,105.203856,0.40715,638736774694330,True,True,,5.31683,638736811034425,1719,41.656925,189.116276,36.340095,106.159512,41.299839
1545,b1269e28,Cam 4,1716,70436418202045,Robot_2001,True,1790073099608.838,False,4,8,4,0,638736621918149,638736728077661,638736785197812,9.515423774719238,10.459169,5.883423805236816,94.797502,105.203856,0.40715,638736790166136,True,True,,4.968324,638736811027746,1719,25.829934,189.109597,20.86161,106.159512,57.120151
1545,c7e22c1f,Cam mới,336,105902132358482,Robot_6868,False,1790073026597.795,False,3,3,2,1,638663610875154,638663642763112,638663691898007,18.611583709716797,18.59114,6.202559947967529,57.702691,31.312321,0.240354,638663700130088,True,True,,8.232081,638663799841077,341,107.94307,188.965923,99.710989,31.887958,49.134895
1545,b1269e28,Cam 4,516,163927143868405,Robot_28100,True,1790073039612.023,False,4,8,4,0,638676625103674,638676654749701,638676744133359,11.348287582397461,9.508305,6.906847953796387,94.117101,27.730998,0.630983,638676748775570,True,True,,4.642211,638676813954184,518,69.820825,188.85051,65.178614,29.646027,89.383658
1545,b1269e28,Cam 4,516,70436418202045,Robot_2001,True,1790073039612.023,False,4,8,4,0,638676625103674,638676654749701,638676726936093,14.39350414276123,13.835718,6.906847953796387,94.117101,27.730998,0.630983,638676732163013,True,True,,5.22692,638676813951392,518,87.015299,188.847718,81.788379,29.646027,72.186392
1545,b1269e28,Cam 4,516,258791973882344,Robot_1,True,1790073039612.023,False,4,8,4,0,638676625103674,638676654749701,638676705561093,22.66771125793457,22.914792,6.906847953796387,94.117101,27.730998,0.630983,638676712351916,True,True,,6.790823,638676813947755,518,108.386662,188.844081,101.595839,29.646027,50.811392
1545,b1269e28,Cam 4,2736,163927143868405,Robot_28100,True,1790073150620.117,False,4,8,4,0,638787633197652,638787656453548,638787778338437,16.271648406982422,16.252942,14.010239601135254,132.29911,22.441275,0.280629,638787788697728,True,True,,10.359291,638787822040951,2740,43.702514,188.843299,33.343223,23.255896,121.884889
1545,b1269e28,Cam 4,516,166004701118821,Rack,True,1790073039612.023,False,4,8,4,0,638676625103674,638676654749701,638676675479062,13.284159660339355,12.814738,6.906847953796387,94.117101,27.730998,0.630983,638676682468296,True,True,,6.989234,638676813941618,518,138.462556,188.837944,131.473322,29.646027,20.729361
1545,b1269e28,Cam 4,2868,163927143868405,Robot_28100,True,1790073157216.433,False,4,8,6,0,638794229513162,638794265659317,638794398025937,18.035295486450195,19.566258,12.158656120300293,178.969097,34.963146,0.578444,638794411592620,True,True,,13.566683,638794418197595,2872,20.171658,188.684433,6.604975,36.146155,132.36662
1545,c7e22c1f,Cam mới,3018,165620421351559,Robot_28100,False,1790073134602.639,False,2,2,1,1,638771615719334,638771666658636,638771685674374,12.133088111877441,13.821604,6.276063919067383,26.720511,50.127479,0.491656,638771693371288,True,True,,7.696914,638771804205183,3022,118.530809,188.485849,110.833895,50.939302,19.015738
1545,b1269e28,Cam 4,1316,258791973882344,Robot_1,True,1790073079620.088,False,4,8,4,0,638716633168453,638716681790427,638716729463437,13.493311882019043,14.411122,8.727264404296875,99.679582,47.6742,0.50525,638716736073706,True,True,,6.610269,638716821559399,1318,92.095962,188.390946,85.485693,48.621974,47.67301
1545,b1269e28,Cam 4,1316,163927143868405,Robot_28100,True,1790073079620.088,False,4,8,4,0,638716633168453,638716681790427,638716776135312,12.707232475280762,12.649144,8.727264404296875,99.679582,47.6742,0.50525,638716781348097,True,True,,5.212785,638716821553624,1318,45.418312,188.385171,40.205527,48.621974,94.344885
1545,b1269e28,Cam 4,1316,70436418202045,Robot_2001,True,1790073079620.088,False,4,8,4,0,638716633168453,638716681790427,638716756291562,20.038848876953125,20.025187,8.727264404296875,99.679582,47.6742,0.50525,638716763389647,True,True,,7.098085,638716821547203,1318,65.255641,188.37875,58.157556,48.621974,74.501135
1545,b1269e28,Cam 4,1316,166004701118821,Rack,True,1790073079620.088,False,4,8,4,0,638716633168453,638716681790427,638716704643124,13.55833625793457,13.859119,8.727264404296875,99.679582,47.6742,0.50525,638716715045351,True,True,,10.402227,638716821538662,1318,116.895538,188.370209,106.493311,48.621974,22.852697
1545,b1269e28,Cam 4,2882,163927143868405,Robot_28100,True,1790073157934.13,False,4,8,6,0,638794947209877,638794948483266,638795070291562,19.57699203491211,19.562789,14.081888198852539,170.119272,0.633357,0.255264,638795079536275,True,True,,9.244713,638795135416862,2886,65.1253,188.206985,55.880587,1.273389,121.808296
1545,c7e22c1f,Cam mới,2124,165620421351559,Robot_28100,False,1790073098602.129,False,3,3,1,1,638735615209676,638735667660836,638735698283750,17.041183471679688,26.93947,7.565824031829834,36.422856,51.820504,0.254204,638735704037134,True,True,,5.753384,638735803359372,2129,105.075622,188.149696,99.322238,52.45116,30.622914
1545,b1269e28,Cam 4,1042,163927143868405,Robot_28100,True,1790073065940.81,False,4,8,4,0,638702953890586,638703014257231,638703092025937,10.710368156433105,11.87318,10.627903938293457,86.350333,59.122668,0.586725,638703100558114,True,True,,8.532177,638703141814579,1046,49.788642,187.923993,41.256465,60.366645,77.768706
1545,b1269e28,Cam 4,1042,70436418202045,Robot_2001,True,1790073065940.81,False,4,8,4,0,638702953890586,638703014257231,638703075209531,9.96070384979248,9.921354,10.627903938293457,86.350333,59.122668,0.586725,638703080039347,True,True,,4.829816,638703141811525,1046,66.601994,187.920939,61.772178,60.366645,60.9523
1545,b1269e28,Cam 4,1042,258791973882344,Robot_1,True,1790073065940.81,False,4,8,4,0,638702953890586,638703014257231,638703058244687,13.367232322692871,13.359392,10.627903938293457,86.350333,59.122668,0.586725,638703065181847,True,True,,6.93716,638703141805997,1046,83.56131,187.915411,76.62415,60.366645,43.987456
1545,b1269e28,Cam 4,1470,163927143868405,Robot_28100,True,1790073087335.874,False,4,8,4,0,638724348953869,638724383598933,638724464221250,21.455839157104492,21.45424,6.632768154144287,87.195412,33.845208,0.351242,638724470661120,True,True,,6.43987,638724536584567,1474,72.363317,187.630698,65.923447,34.645064,80.622317
1545,b1269e28,Cam 4,677,70436418202045,Robot_2001,True,1790073047652.517,False,4,8,4,0,638684665597178,638684744755397,638684840299374,21.90131187438965,21.952672,11.130720138549805,127.671642,78.458391,0.175407,638684849487546,True,True,,9.188172,638684853057090,681,12.757716,187.459912,3.569544,79.158219,95.543977
1545,b1269e28,Cam 4,677,258791973882344,Robot_1,True,1790073047652.517,False,4,8,4,0,638684665597178,638684744755397,638684805322812,16.700992584228516,18.236942,11.130720138549805,127.671642,78.458391,0.175407,638684818174894,True,True,,12.852082,638684853049481,681,47.726669,187.452303,34.874587,79.158219,60.567415
1545,b1269e28,Cam 4,2097,258791973882344,Robot_1,True,1790073118645.025,False,4,8,6,0,638755658104936,638755680447514,638755715830624,9.042400360107422,9.394124,6.095456123352051,240.500398,21.181986,0.574375,638755721573601,True,True,,5.742977,638755845538738,2098,129.708114,187.433802,123.965137,22.342578,35.38311
1545,b1269e28,Cam 4,2097,166004701118821,Rack,True,1790073118645.025,False,4,8,6,0,638755658104936,638755680447514,638755701190000,14.087552070617676,13.986109,6.095456123352051,240.500398,21.181986,0.574375,638755706440575,True,True,,5.250575,638755845528257,2098,144.338257,187.423321,139.087682,22.342578,20.742486
1545,c7e22c1f,Cam mới,3365,165620421351559,Robot_28100,False,1790073148602.57,False,3,3,3,1,638785615650150,638785650880806,638785700369687,19.209152221679688,19.206783,11.412832260131836,66.705989,33.990949,0.331614,638785706578324,True,True,,6.208637,638785802821600,3369,102.451913,187.17145,96.243276,35.230656,49.488881
1545,b1269e28,Cam 4,2198,163927143868405,Robot_28100,True,1790073123819.515,False,4,8,6,0,638760832595642,638760889706699,638760978275937,14.549951553344727,14.405512,8.144160270690918,126.684451,55.373613,0.482071,638760985092034,True,True,,6.816097,638761019735872,2204,41.459935,187.14023,34.643838,57.111057,88.569238
1545,b1269e28,Cam 4,2661,163927143868405,Robot_28100,True,1790073146853.987,False,4,8,4,0,638783867067162,638783937621604,638784024275937,12.17676830291748,12.158664,9.09772777557373,91.957788,70.14799,0.158507,638784029479970,True,True,,5.204033,638784054194885,2665,29.918948,187.127723,24.714915,70.554442,86.654333
1545,b1269e28,Cam 4,1893,163927143868405,Robot_28100,True,1790073108455.162,False,4,8,6,0,638745468242661,638745528291038,638745613033750,16.714303970336914,16.733963,6.992735862731934,138.442232,59.162461,0.343625,638745627527992,True,True,,14.494242,638745655168285,1897,42.134535,186.925624,27.640293,60.048377,84.742712
1545,b1269e28,Cam 4,2778,163927143868405,Robot_28100,True,1790073152735.461,False,4,8,6,0,638789748541110,638789751854290,638789866822812,13.362496376037598,13.573202,12.060416221618652,150.601241,2.05344,0.463091,638789872546024,True,True,,5.723212,638789935311509,2782,68.488697,186.770399,62.765485,3.31318,114.968522
1545,c7e22c1f,Cam mới,3267,165620421351559,Robot_28100,False,1790073144602.644,False,3,3,3,1,638781615724620,638781670974390,638781724385312,22.533056259155273,21.912367,10.372735977172852,71.081867,54.461248,0.443639,638781732632730,True,True,,8.247418,638781802415032,3271,78.02972,186.690412,69.782302,55.24977,53.410922
1545,b1269e28,Cam 4,2692,70436418202045,Robot_2001,True,1790073148419.11,False,4,8,4,0,638785432190699,638785509299037,638785592322812,14.112383842468262,13.95687,13.587103843688965,122.093002,75.732556,0.919655,638785598536501,True,True,,6.213689,638785618571792,2696,26.24898,186.381093,20.035291,77.108338,83.023775
1545,b1269e28,Cam 4,2910,163927143868405,Robot_28100,True,1790073159336.143,False,5,9,6,0,638796349223337,638796367751251,638796507947812,25.525663375854492,25.600774,12.082816123962402,190.556101,16.763068,0.737424,638796518136605,True,True,,10.188793,638796535569669,2914,27.621857,186.346332,17.433064,18.527914,140.196561
1545,b1269e28,Cam 4,2910,70436418202045,Robot_2001,True,1790073159336.143,False,5,9,6,0,638796349223337,638796367751251,638796470025937,20.268512725830078,19.582543,12.082816123962402,190.556101,16.763068,0.737424,638796482052820,True,True,,12.026883,638796535561678,2914,65.535741,186.338341,53.508858,18.527914,102.274686
1545,b1269e28,Cam 4,747,163927143868405,Robot_28100,True,1790073051163.033,False,4,8,4,0,638688176112956,638688198659429,638688296826718,21.989791870117188,21.935129,6.429823875427246,104.884622,21.818809,0.288551,638688303487717,True,True,,6.660999,638688362102875,750,65.276157,185.989919,58.615158,22.546473,98.167289
1545,b1269e28,Cam 4,747,70436418202045,Robot_2001,True,1790073051163.033,False,4,8,4,0,638688176112956,638688198659429,638688264994687,20.882783889770508,20.870633,6.429823875427246,104.884622,21.818809,0.288551,638688274682952,True,True,,9.688265,638688362092431,750,97.097744,185.979475,87.409479,22.546473,66.335258
1545,b1269e28,Cam 4,2290,163927143868405,Robot_28100,True,1790073128335.344,False,5,9,4,0,638765348423685,638765370774271,638765506658750,11.118080139160156,11.084033,11.248127937316895,141.157792,20.156169,1.718603,638765511702446,True,True,,5.043696,638765534376709,2294,27.717959,185.953024,22.674263,22.350586,135.884479
1545,b1269e28,Cam 4,2290,70436418202045,Robot_2001,True,1790073128335.344,False,5,9,4,0,638765348423685,638765370774271,638765480557187,21.780384063720703,23.705642,11.248127937316895,141.157792,20.156169,1.718603,638765495574883,True,True,,15.017696,638765534369927,2294,53.81274,185.946242,38.795044,22.350586,109.782916
1545,c7e22c1f,Cam mới,834,105902132358482,Robot_6868,False,1790073046605.133,False,2,2,2,1,638683618212971,638683663102549,638683696240781,10.904959678649902,11.03421,5.553408145904541,37.903874,44.456321,0.191101,638683700916639,True,True,,4.675858,638683803805284,839,107.564503,185.592313,102.888645,44.889578,33.138232
1545,c7e22c1f,Cam mới,834,165620421351559,Robot_28100,False,1790073046605.133,False,2,2,2,1,638683618212971,638683663102549,638683677779843,8.746591567993164,9.69795,5.553408145904541,37.903874,44.456321,0.191101,638683685120358,True,True,,7.340515,638683803796473,839,126.01663,185.583502,118.676115,44.889578,14.677294
1545,b1269e28,Cam 4,2037,163927143868405,Robot_28100,True,1790073115643.104,False,4,8,4,0,638752656184593,638752676902049,638752813650937,23.13167953491211,23.017406,8.466400146484375,146.667994,19.809692,0.422745,638752823472598,True,True,,9.821661,638752841653122,2040,28.002185,185.468529,18.180524,20.717456,136.748888
1545,b1269e28,Cam 4,1844,70436418202045,Robot_2001,True,1790073106013.092,False,4,8,4,0,638743026172610,638743108805286,638743178955624,13.75596809387207,13.671248,5.887360095977783,107.110599,81.592356,0.421807,638743187788970,True,True,,8.833346,638743211582121,1848,32.626497,185.409511,23.793151,82.632676,70.150338
1545,c7e22c1f,Cam mới,884,105902132358482,Robot_6868,False,1790073048599.817,False,2,2,2,1,638685612897000,638685660023653,638685714291562,20.235776901245117,20.172429,6.623904228210449,64.290326,46.382832,0.387698,638685724212068,True,True,,9.920506,638685798207262,888,83.9157,185.310262,73.995194,47.126653,54.267909
1545,c7e22c1f,Cam mới,884,165620421351559,Robot_28100,False,1790073048599.817,False,2,2,2,1,638685612897000,638685660023653,638685680920468,13.901984214782715,15.518126,6.623904228210449,64.290326,46.382832,0.387698,638685693939346,True,True,,13.018878,638685798197537,888,117.277069,185.300537,104.258191,47.126653,20.896815
1545,b1269e28,Cam 4,612,163927143868405,Robot_28100,True,1790073044417.963,False,4,8,4,0,638681431043655,638681470361592,638681590027890,27.490175247192383,27.492989,7.671840190887451,134.045718,38.280761,0.380995,638681603746449,True,True,,13.718559,638681616294500,616,26.26661,185.250845,12.548051,39.317937,119.666298
1545,c7e22c1f,Cam mới,386,105902132358482,Robot_6868,False,1790073028602.59,False,3,3,3,1,638665615670631,638665645832004,638665704301328,18.213600158691406,18.225122,8.585760116577148,64.578799,29.407769,0.275832,638665710348441,True,True,,6.047113,638665800813912,391,96.512584,185.143281,90.465471,30.161373,58.469324
1545,c7e22c1f,Cam mới,386,165620421351559,Robot_28100,False,1790073028602.59,False,3,3,3,1,638665615670631,638665645832004,638665680204648,10.636639595031738,10.621969,8.585760116577148,64.578799,29.407769,0.275832,638665685926482,True,True,,5.721834,638665800808448,391,120.6038,185.137817,114.881966,30.161373,34.372644
1545,b1269e28,Cam 4,2430,163927143868405,Robot_28100,True,1790073135333.833,False,4,7,3,0,638772346912662,638772420662818,638772507627500,16.339679718017578,16.864623,7.329023838043213,91.743149,72.172107,1.142904,638772512242786,True,True,,4.615286,638772531568844,2434,23.941344,184.656182,19.326058,73.750156,86.964682
1545,b1269e28,Cam 4,2430,70436418202045,Robot_2001,True,1790073135333.833,False,4,7,3,0,638772346912662,638772420662818,638772483963437,22.053728103637695,22.058511,7.329023838043213,91.743149,72.172107,1.142904,638772490433222,True,True,,6.469785,638772531562177,2434,47.59874,184.649515,41.128955,73.750156,63.300619
1545,b1269e28,Cam 4,2430,166004701118821,Rack,True,1790073135333.833,False,4,7,3,0,638772346912662,638772420662818,638772449604062,19.873376846313477,21.676504,7.329023838043213,91.743149,72.172107,1.142904,638772461956646,True,True,,12.352584,638772531552469,2434,81.948407,184.639807,69.595823,73.750156,28.941244
1545,c7e22c1f,Cam mới,3612,165620421351559,Robot_28100,False,1790073158602.045,False,3,3,3,1,638795615125404,638795685996867,638795726182187,14.072128295898438,13.621027,11.279616355895996,63.942179,69.83593,0.630251,638795734062100,True,True,,7.879913,638795799613287,3616,73.4311,184.487883,65.551187,70.871463,40.18532
1545,c7e22c1f,Cam mới,2969,165620421351559,Robot_28100,False,1790073132601.668,False,3,3,3,1,638769614748600,638769668444463,638769724065000,22.7326717376709,22.681018,14.736576080322266,90.986511,52.762864,0.456193,638769739064440,True,True,,14.99944,638769799212944,2973,75.147944,184.464344,60.148504,53.695863,55.620537
1545,b1269e28,Cam 4,1044,70436418202045,Robot_2001,True,1790073066021.051,False,4,8,4,0,638703034131527,638703136455303,638703194236874,12.712960243225098,12.691356,6.944096088409424,98.226844,101.70442,0.256253,638703205506934,True,True,,11.27006,638703218451674,1048,24.2148,184.320147,12.94474,102.323776,57.781571
1545,b1269e28,Cam 4,1044,258791973882344,Robot_1,True,1790073066021.051,False,4,8,4,0,638703034131527,638703136455303,638703174818906,11.682720184326172,11.682588,6.944096088409424,98.226844,101.70442,0.256253,638703181471295,True,True,,6.652389,638703218445504,1048,43.626598,184.313977,36.974209,102.323776,38.363603
1545,b1269e28,Cam 4,2161,163927143868405,Robot_28100,True,1790073121865.742,False,4,8,4,0,638758878821994,638758928191651,638759028283750,12.675904273986816,13.291251,10.291775703430176,111.669977,47.408885,1.041143,638759039653598,True,True,,11.369848,638759063128325,2165,34.844575,184.306331,23.474727,49.369657,100.092099
1545,06e9e5b9,Cam góc rộng toàn sân,542,105989861701223,Robot_2001,True,1790073037297.048,False,3,6,4,1,638674310128523,638674369746080,638674443414609,21.791967391967773,21.643719,5.993728160858154,100.813031,59.056437,0.232905,638674453137428,True,True,,9.722819,638674494402238,548,50.987629,184.273715,41.26481,59.617557,73.668529
1545,b1269e28,Cam 4,2625,163927143868405,Robot_28100,True,1790073145041.601,False,4,8,4,0,638782054681514,638782101364553,638782212885312,23.424320220947266,22.576758,9.0250883102417,119.830961,45.674746,0.411775,638782221100404,True,True,,8.215092,638782238733071,2628,25.847759,184.051557,17.632667,46.683039,111.520759
1545,b1269e28,Cam 4,2625,70436418202045,Robot_2001,True,1790073145041.601,False,4,8,4,0,638782054681514,638782101364553,638782178447812,13.120160102844238,13.104129,9.0250883102417,119.830961,45.674746,0.411775,638782189470890,True,True,,11.023078,638782238723142,2628,60.27533,184.041628,49.252252,46.683039,77.083259
1545,c7e22c1f,Cam mới,3316,165620421351559,Robot_28100,False,1790073146601.406,False,2,2,2,1,638783614486571,638783685076117,638783724760312,9.94438362121582,9.803751,10.721311569213867,45.954444,69.754296,0.538527,638783731024785,True,True,,6.264473,638783798234872,3320,73.47456,183.748301,67.210087,70.589546,39.684195
1545,c7e22c1f,Cam mới,1976,165620421351559,Robot_28100,False,1790073092600.564,False,3,3,2,1,638729613644779,638729679658421,638729703479062,17.004032135009766,18.311847,6.476416110992432,37.745751,65.455278,0.351929,638729708433165,True,True,,4.954103,638729797065735,1980,93.586673,183.420956,88.63257,66.013642,23.820641
1545,b1269e28,Cam 4,2701,163927143868405,Robot_28100,True,1790073148861.81,False,4,8,4,0,638785874890627,638785883196941,638786012510312,21.800352096557617,21.808376,8.223456382751465,143.472554,6.920299,0.956596,638786026542895,True,True,,14.032583,638786058167495,2705,45.657183,183.276868,31.6246,8.306314,129.313371
1545,b1269e28,Cam 4,838,163927143868405,Robot_28100,True,1790073055783.076,False,4,8,4,0,638692796156425,638692865772674,638692935900937,13.325056076049805,13.357334,5.844768047332764,75.612343,68.890241,0.301216,638692940751849,True,True,,4.850912,638692979223985,843,43.323048,183.06756,38.472136,69.616249,70.128263
1545,06e9e5b9,Cam góc rộng toàn sân,3013,105989861701223,Robot_2001,True,1790073141033.673,False,3,6,3,1,638778046752896,638778082389939,638778198744687,30.689504623413086,31.101562,8.69536018371582,127.132658,34.124215,0.577179,638778209478815,True,True,,10.734128,638778229690369,3017,30.945682,182.937473,20.211554,35.637043,116.354748
1545,b1269e28,Cam 4,2556,163927143868405,Robot_28100,True,1790073141619.901,False,4,7,3,0,638778632981578,638778638918946,638778735197812,15.653599739074707,14.073181,8.613823890686035,107.773524,5.264495,0.312434,638778746542456,True,True,,11.344644,638778815778174,2558,80.580362,182.796596,69.235718,5.937368,96.278866
1545,b1269e28,Cam 4,2556,70436418202045,Robot_2001,True,1790073141619.901,False,4,7,3,0,638778632981578,638778638918946,638778708908750,23.00806427001953,24.259199,8.613823890686035,107.773524,5.264495,0.312434,638778719544464,True,True,,10.635714,638778815774823,2558,106.866073,182.793245,96.230359,5.937368,69.989804
1545,b1269e28,Cam 4,2556,166004701118821,Rack,True,1790073141619.901,False,4,7,3,0,638778632981578,638778638918946,638778674916562,25.77168083190918,23.591705,8.613823890686035,107.773524,5.264495,0.312434,638778684685773,True,True,,9.769211,638778815768210,2558,140.851648,182.786632,131.082437,5.937368,35.997616
1545,06e9e5b9,Cam góc rộng toàn sân,694,105989861701223,Robot_2001,True,1790073043574.521,False,4,7,4,1,638680587600656,638680641780255,638680719746640,10.449248313903809,10.466745,11.417823791503906,95.835946,52.992726,0.777037,638680727240687,True,True,,7.494047,638680770171548,700,50.424908,182.570892,42.930861,54.179599,77.966385
1545,06e9e5b9,Cam góc rộng toàn sân,694,203145721272521,Robot_6868,True,1790073043574.521,False,4,7,4,1,638680587600656,638680641780255,638680703430234,18.82918357849121,18.95849,11.417823791503906,95.835946,52.992726,0.777037,638680709136982,True,True,,5.706748,638680770162854,700,66.73262,182.562198,61.025872,54.179599,61.649979
1545,b1269e28,Cam 4,448,163927143868405,Robot_28100,True,1790073036221.347,False,4,8,4,0,638673234427475,638673295535566,638673380920468,13.759903907775879,13.708101,5.7117438316345215,96.35594,59.650508,0.892814,638673391807639,True,True,,10.887171,638673416422099,452,35.501631,181.994624,24.61446,61.108091,85.384902
1545,b1269e28,Cam 4,2170,163927143868405,Robot_28100,True,1790073122343.428,False,4,8,6,0,638759356508150,638759378696931,638759466768124,13.719327926635742,13.249204,9.240544319152832,120.033313,20.942827,0.77423,638759474148104,True,True,,7.37998,638759538426261,2174,71.658137,181.918111,64.278157,22.188781,88.071193
1545,c7e22c1f,Cam mới,1529,165620421351559,Robot_28100,False,1790073074601.517,False,3,3,3,1,638711614597597,638711693845835,638711718447812,9.011232376098633,9.010077,6.474112033843994,41.609402,78.215599,0.301605,638711723450378,True,True,,5.002566,638711796274420,1533,77.826608,181.676823,72.824042,79.248238,24.601977
1545,b1269e28,Cam 4,1252,163927143868405,Robot_28100,True,1790073076399.671,False,4,8,4,0,638713412750827,638713462537587,638713568623593,18.989023208618164,18.988668,9.128704071044922,110.748748,49.374866,0.174792,638713573252300,True,True,,4.628707,638713593889052,1255,25.265459,181.138225,20.636752,49.78676,106.086006
1545,b1269e28,Cam 4,1252,70436418202045,Robot_2001,True,1790073076399.671,False,4,8,4,0,638713412750827,638713462537587,638713540549374,25.479936599731445,25.471296,9.128704071044922,110.748748,49.374866,0.174792,638713549428067,True,True,,8.878693,638713593880298,1255,53.330924,181.129471,44.452231,49.78676,78.011787
1545,b1269e28,Cam 4,1663,163927143868405,Robot_28100,True,1790073096960.143,False,4,8,4,0,638733973223164,638734010210955,638734085236874,13.514016151428223,14.145255,7.766335964202881,80.872897,36.44143,0.227151,638734090959154,True,True,,5.72228,638734154213630,1666,68.976756,180.990466,63.254476,36.987791,75.025919
1545,b1269e28,Cam 4,1663,70436418202045,Robot_2001,True,1790073096960.143,False,4,8,4,0,638733973223164,638734010210955,638734065791562,12.607647895812988,12.322575,7.766335964202881,80.872897,36.44143,0.227151,638734071486339,True,True,,5.694777,638734154202277,1666,88.410715,180.979113,82.715938,36.987791,55.580607
1545,b1269e28,Cam 4,2753,163927143868405,Robot_28100,True,1790073151439.264,False,4,8,4,0,638788452344281,638788492261312,638788620182187,25.53116798400879,25.372738,11.898048400878906,136.614635,39.210103,0.339367,638788628665677,True,True,,8.48349,638788633009244,2756,12.827057,180.664963,4.343567,39.917031,127.920875
1545,b1269e28,Cam 4,2753,70436418202045,Robot_2001,True,1790073151439.264,False,4,8,4,0,638788452344281,638788492261312,638788583322812,28.17145538330078,28.238147,11.898048400878906,136.614635,39.210103,0.339367,638788594413722,True,True,,11.09091,638788632999946,2756,49.677134,180.655665,38.586224,39.917031,91.0615
1545,b1269e28,Cam 4,797,163927143868405,Robot_28100,True,1790073053639.831,False,4,8,6,0,638690652911430,638690676131227,638690749822812,9.961088180541992,9.953307,6.349152088165283,97.493572,22.514952,0.262299,638690755011450,True,True,,5.188638,638690833443535,798,83.620723,180.532105,78.432085,23.219797,73.691585
1545,b1269e28,Cam 4,797,70436418202045,Robot_2001,True,1790073053639.831,False,4,8,6,0,638690652911430,638690676131227,638690734686093,11.243776321411133,11.562272,6.349152088165283,97.493572,22.514952,0.262299,638690739780106,True,True,,5.094013,638690833437566,798,98.751473,180.526136,93.65746,23.219797,58.554866
1545,b1269e28,Cam 4,797,258791973882344,Robot_1,True,1790073053639.831,False,4,8,6,0,638690652911430,638690676131227,638690717326718,17.249408721923828,17.612363,6.349152088165283,97.493572,22.514952,0.262299,638690723011430,True,True,,5.684712,638690833430247,798,116.103529,180.518817,110.418817,23.219797,41.195491
1545,b1269e28,Cam 4,797,166004701118821,Rack,True,1790073053639.831,False,4,8,6,0,638690652911430,638690676131227,638690693963437,11.099935531616211,12.971206,6.349152088165283,97.493572,22.514952,0.262299,638690699623949,True,True,,5.660512,638690833417564,798,139.454127,180.506134,133.793615,23.219797,17.83221
1545,c7e22c1f,Cam mới,1379,165620421351559,Robot_28100,False,1790073068607.28,False,3,3,3,1,638705620359887,638705666897445,638705701971250,8.994720458984375,8.935996,9.695967674255371,49.703167,45.885461,0.307524,638705706963592,True,True,,4.992342,638705800729218,1384,98.757968,180.369331,93.765626,46.537558,35.073805
1545,b1269e28,Cam 4,247,163927143868405,Robot_28100,True,1790073026160.331,False,4,8,4,0,638663173410911,638663205425079,638663281894101,13.775520324707031,13.259763,9.86348819732666,82.651995,31.55063,0.200207,638663287925549,True,True,,6.031448,638663353703091,250,71.80899,180.29218,65.777542,32.014168,76.469022
1545,b1269e28,Cam 4,247,70436418202045,Robot_2001,True,1790073026160.331,False,4,8,4,0,638663173410911,638663205425079,638663262298398,14.7741117477417,14.775773,9.86348819732666,82.651995,31.55063,0.200207,638663267941843,True,True,,5.643445,638663353699978,250,91.40158,180.289067,85.758135,32.014168,56.873319
1545,b1269e28,Cam 4,1133,163927143868405,Robot_28100,True,1790073070440.586,False,4,8,4,0,638707453665984,638707511855445,638707602479062,19.45155143737793,19.453563,6.62281608581543,105.842572,57.197867,0.328433,638707617518562,True,True,,15.0395,638707633903841,1136,31.424779,180.237857,16.385279,58.189461,90.623617
