camera,frame,previous_frame,epoch_ms,tracker_gap_ms
e0606b55,280,279,1790073024831.747,37.866645
e0606b55,281,280,1790073024869.511,37.76413
e0606b55,282,281,1790073024911.761,42.24963
e0606b55,283,282,1790073024953.062,41.301161
e0606b55,284,283,1790073025007.86,54.797218
e0606b55,285,284,1790073025040.398,32.538753
e0606b55,286,285,1790073025067.276,26.877767
e0606b55,287,286,1790073025116.107,48.831148
e0606b55,288,287,1790073025154.409,38.301746
e0606b55,289,288,1790073025192.497,38.087536
e0606b55,290,289,1790073025232.269,39.77257
e0606b55,291,290,1790073025271.294,39.02519
e0606b55,292,291,1790073025316.517,45.223027
e0606b55,293,292,1790073025355.376,38.858983
e0606b55,294,293,1790073025399.216,43.839736
e0606b55,295,294,1790073025434.891,35.675446
e0606b55,296,295,1790073025467.46,32.56853
e0606b55,297,296,1790073025515.467,48.006558
e0606b55,298,297,1790073025556.612,41.145034
e0606b55,299,298,1790073025595.452,38.840771
e0606b55,300,299,1790073025596.971,1.519018
e0606b55,301,300,1790073025598.384,1.412908
e0606b55,302,301,1790073025599.581,1.196886
e0606b55,303,302,1790073025600.701,1.119837
e0606b55,304,303,1790073025601.859,1.158181
e0606b55,305,304,1790073025672.007,70.14811
e0606b55,306,305,1790073025967.021,295.013352
e0606b55,307,306,1790073025989.247,22.226438
e0606b55,308,307,1790073026029.209,39.962194
e0606b55,309,308,1790073026069.604,40.394349
e0606b55,310,309,1790073026110.29,40.685916
e0606b55,311,310,1790073026150.941,40.651845
e0606b55,312,311,1790073026191.08,40.13827
e0606b55,313,312,1790073026232.132,41.05261
e0606b55,314,313,1790073026286.781,54.648622
e0606b55,315,314,1790073026304.632,17.851486
e0606b55,316,315,1790073026355.3,50.667112
e0606b55,317,316,1790073026394.989,39.689238
e0606b55,318,317,1790073026425.617,30.62872
e0606b55,319,318,1790073026477.007,51.389201
e0606b55,320,319,1790073026518.034,41.027257
e0606b55,321,320,1790073026549.797,31.763491
e0606b55,322,321,1790073026591.482,41.684726
e0606b55,323,322,1790073026633.802,42.319335
e0606b55,324,323,1790073026675.025,41.223658
e0606b55,325,324,1790073026720.831,45.806161
e0606b55,326,325,1790073026749.023,28.192288
e0606b55,327,326,1790073026790.364,41.340458
e0606b55,328,327,1790073026835.562,45.197411
e0606b55,329,328,1790073026873.354,37.792804
e0606b55,330,329,1790073026912.601,39.246868
e0606b55,331,330,1790073026977.039,64.438016
e0606b55,332,331,1790073026994.536,17.496453
e0606b55,333,332,1790073027040.536,46.000794
e0606b55,334,333,1790073027070.838,30.301362
e0606b55,335,334,1790073027115.512,44.674008
e0606b55,336,335,1790073027156.393,40.881595
e0606b55,337,336,1790073027190.254,33.860997
e0606b55,338,337,1790073027231.235,40.980307
e0606b55,339,338,1790073027277.752,46.517062
e0606b55,340,339,1790073027314.625,36.873787
e0606b55,341,340,1790073027352.522,37.896702
e0606b55,342,341,1790073027396.677,44.15433
e0606b55,343,342,1790073027439.144,42.46757
e0606b55,344,343,1790073027475.027,35.882977
e0606b55,345,344,1790073027515.556,40.529394
e0606b55,346,345,1790073027548.407,32.850917
e0606b55,347,346,1790073027594.177,45.770108
e0606b55,348,347,1790073027595.327,1.149768
e0606b55,349,348,1790073027597.126,1.799075
e0606b55,350,349,1790073027598.703,1.576435
e0606b55,351,350,1790073027606.06,7.357597
e0606b55,352,351,1790073027610.772,4.711503
e0606b55,353,352,1790073027675.857,65.085569
e0606b55,354,353,1790073027962.186,286.328059
e0606b55,355,354,1790073027992.481,30.295275
e0606b55,356,355,1790073028036.156,43.674874
e0606b55,357,356,1790073028079.092,42.935964
e0606b55,358,357,1790073028110.363,31.270902
e0606b55,359,358,1790073028161.115,50.75249
e0606b55,360,359,1790073028192.713,31.597607
e0606b55,361,360,1790073028233.097,40.384867
e0606b55,362,361,1790073028275.293,42.195492
e0606b55,363,362,1790073028315.532,40.239009
e0606b55,364,363,1790073028349.466,33.933969
e0606b55,365,364,1790073028388.795,39.329484
e0606b55,366,365,1790073028429.775,40.979485
e0606b55,367,366,1790073028474.073,44.298155
e0606b55,368,367,1790073028521.455,47.381968
e0606b55,369,368,1790073028550.572,29.116734
e0606b55,370,369,1790073028597.572,47.00038
e0606b55,371,370,1790073028645.242,47.670093
e0606b55,372,371,1790073028665.54,20.297491
e0606b55,373,372,1790073028724.371,58.831594
e0606b55,374,373,1790073028759.623,35.251698
e0606b55,375,374,1790073028789.88,30.256554
e0606b55,376,375,1790073028829.843,39.963658
e0606b55,377,376,1790073028874.254,44.410496
e0606b55,378,377,1790073028911.406,37.151858
e0606b55,379,378,1790073028969.376,57.970183
e0606b55,380,379,1790073028997.454,28.078043
e0606b55,381,380,1790073029043.018,45.564062
e0606b55,382,381,1790073029067.716,24.698403
e0606b55,383,382,1790073029118.985,51.268981
e0606b55,384,383,1790073029151.676,32.690306
e0606b55,385,384,1790073029190.222,38.546683
e0606b55,386,385,1790073029230.449,40.227098
e0606b55,387,386,1790073029269.597,39.148142
e0606b55,388,387,1790073029318.76,49.161993
e0606b55,389,388,1790073029361.412,42.652559
e0606b55,390,389,1790073029395.558,34.14606
e0606b55,391,390,1790073029425.817,30.258703
e0606b55,392,391,1790073029475.034,49.217547
e0606b55,393,392,1790073029515.632,40.597593
e0606b55,394,393,1790073029569.76,54.127523
e0606b55,395,394,1790073029593.809,24.049458
e0606b55,396,395,1790073029594.745,0.9357
e0606b55,397,396,1790073029595.87,1.125287
e0606b55,398,397,1790073029598.755,2.885168
e0606b55,399,398,1790073029602.1,3.344677
e0606b55,400,399,1790073029603.356,1.256759
e0606b55,401,400,1790073029680.42,77.063134
e0606b55,402,401,1790073029945.47,265.050071
e0606b55,403,402,1790073029996.422,50.952727
e0606b55,404,403,1790073030037.718,41.295146
e0606b55,405,404,1790073030068.884,31.16682
e0606b55,406,405,1790073030112.942,44.057674
e0606b55,407,406,1790073030154.802,41.85974
e0606b55,408,407,1790073030201.869,47.067494
e0606b55,409,408,1790073030235.599,33.729755
e0606b55,410,409,1790073030280.214,44.614779
e0606b55,411,410,1790073030314.23,34.016301
e0606b55,412,411,1790073030367.205,52.975128
e0606b55,413,412,1790073030388.736,21.530806
e0606b55,414,413,1790073030439.219,50.482637
e0606b55,415,414,1790073030470.941,31.722015
e0606b55,416,415,1790073030518.329,47.388407
e0606b55,417,416,1790073030554.419,36.090258
e0606b55,418,417,1790073030597.818,43.398883
e0606b55,419,418,1790073030635.671,37.852634
e0606b55,420,419,1790073030676.271,40.600613
e0606b55,421,420,1790073030721.855,45.583653
e0606b55,422,421,1790073030752.135,30.280338
e0606b55,423,422,1790073030794.014,41.878908
e0606b55,424,423,1790073030830.229,36.214044
e0606b55,425,424,1790073030873.506,43.277465
e0606b55,426,425,1790073030912.937,39.431225
e0606b55,427,426,1790073030958.302,45.364429
e0606b55,428,427,1790073030990.383,32.081433
e0606b55,429,428,1790073031044.46,54.076842
e0606b55,430,429,1790073031069.614,25.154093
e0606b55,431,430,1790073031113.271,43.656556
e0606b55,432,431,1790073031153.751,40.480224
e0606b55,433,432,1790073031194.628,40.877278
e0606b55,434,433,1790073031231.363,36.734728
e0606b55,435,434,1790073031283.302,51.939178
e0606b55,436,435,1790073031311.734,28.431806
e0606b55,437,436,1790073031353.387,41.653288
e0606b55,438,437,1790073031395.813,42.426423
e0606b55,439,438,1790073031438.692,42.878693
e0606b55,440,439,1790073031476.204,37.512193
e0606b55,441,440,1790073031515.366,39.162141
e0606b55,442,441,1790073031557.796,42.429713
e0606b55,443,442,1790073031602.354,44.557376
e0606b55,444,443,1790073031603.712,1.358038
e0606b55,445,444,1790073031605.199,1.487767
e0606b55,446,445,1790073031606.501,1.301387
e0606b55,447,446,1790073031607.807,1.306542
e0606b55,448,447,1790073031610.958,3.151233
e0606b55,449,448,1790073031669.242,58.28349
e0606b55,450,449,1790073031945.863,276.620724
e0606b55,451,450,1790073031996.62,50.757487
e0606b55,452,451,1790073032034.114,37.493434
e0606b55,453,452,1790073032069.477,35.363571
e0606b55,454,453,1790073032122.444,52.96701
e0606b55,455,454,1790073032152.619,30.175199
e0606b55,456,455,1790073032191.419,38.799801
e0606b55,457,456,1790073032236.193,44.773845
e0606b55,458,457,1790073032280.373,44.180285
e0606b55,459,458,1790073032314.635,34.261968
e0606b55,460,459,1790073032344.872,30.23694
e0606b55,461,460,1790073032399.588,54.715331
e0606b55,462,461,1790073032436.569,36.98113
e0606b55,463,462,1790073032478.068,41.498823
e0606b55,464,463,1790073032514.018,35.950716
e0606b55,465,464,1790073032551.319,37.300989
e0606b55,466,465,1790073032593.95,42.631268
e0606b55,467,466,1790073032638.648,44.697412
e0606b55,468,467,1790073032672.969,34.3208
e0606b55,469,468,1790073032720.296,47.327279
e0606b55,470,469,1790073032749.546,29.250196
e0606b55,471,470,1790073032800.195,50.648909
e0606b55,472,471,1790073032830.351,30.155945
e0606b55,473,472,1790073032870.167,39.816287
e0606b55,474,473,1790073032911.533,41.366212
e0606b55,475,474,1790073032961.866,50.3323
e0606b55,476,475,1790073032996.073,34.206974
e0606b55,477,476,1790073033029.876,33.803494
e0606b55,478,477,1790073033076.093,46.216163
e0606b55,479,478,1790073033117.089,40.996794
e0606b55,480,479,1790073033153.28,36.190314
e0606b55,481,480,1790073033190.197,36.917251
e0606b55,482,481,1790073033231.391,41.19454
e0606b55,483,482,1790073033280.254,48.862629
e0606b55,484,483,1790073033326.036,45.782067
e0606b55,485,484,1790073033354.322,28.285556
e0606b55,486,485,1790073033388.157,33.835234
e0606b55,487,486,1790073033442.353,54.19596
e0606b55,488,487,1790073033469.455,27.102592
e0606b55,489,488,1790073033520.681,51.225313
e0606b55,490,489,1790073033556.329,35.648204
e0606b55,491,490,1790073033595.438,39.108566
e0606b55,492,491,1790073033598.883,3.444967
e0606b55,493,492,1790073033603.792,4.909631
e0606b55,494,493,1790073033605.011,1.218886
e0606b55,495,494,1790073033672.572,67.560916
e0606b55,496,495,1790073033958.71,286.137799
e0606b55,497,496,1790073033993.96,35.250352
e0606b55,498,497,1790073034030.977,37.017186
e0606b55,499,498,1790073034072.601,41.624056
e0606b55,500,499,1790073034112.735,40.133666
e0606b55,501,500,1790073034152.712,39.976915
e0606b55,502,501,1790073034202.027,49.315043
e0606b55,503,502,1790073034238.329,36.302035
e0606b55,504,503,1790073034269.122,30.793367
e0606b55,505,504,1790073034315.589,46.46645
e0606b55,506,505,1790073034351.944,36.355475
e0606b55,507,506,1790073034389.829,37.88429
e0606b55,508,507,1790073034431.765,41.936107
e0606b55,509,508,1790073034471.382,39.617502
e0606b55,510,509,1790073034518.75,47.367702
e0606b55,511,510,1790073034557.772,39.022589
e0606b55,512,511,1790073034592.657,34.884707
e0606b55,513,512,1790073034634.006,41.349179
e0606b55,514,513,1790073034666.003,31.996607
e0606b55,515,514,1790073034717.986,51.983358
e0606b55,516,515,1790073034749.261,31.274767
e0606b55,517,516,1790073034789.07,39.809148
e0606b55,518,517,1790073034837.343,48.272305
e0606b55,519,518,1790073034876.864,39.520961
e0606b55,520,519,1790073034912.279,35.415855
e0606b55,521,520,1790073034954.644,42.364189
e0606b55,522,521,1790073034994.243,39.5991
e0606b55,523,522,1790073035032.513,38.270585
e0606b55,524,523,1790073035076.456,43.942616
e0606b55,525,524,1790073035121.166,44.709946
e0606b55,526,525,1790073035154.806,33.640696
e0606b55,527,526,1790073035200.756,45.949976
e0606b55,528,527,1790073035236.415,35.658967
e0606b55,529,528,1790073035269.81,33.394344
e0606b55,530,529,1790073035312.118,42.307984
e0606b55,531,530,1790073035349.976,37.858193
e0606b55,532,531,1790073035402.324,52.34795
e0606b55,533,532,1790073035431.55,29.226321
e0606b55,534,533,1790073035489.007,57.456975
e0606b55,535,534,1790073035515.74,26.732493
e0606b55,536,535,1790073035554.642,38.902469
e0606b55,537,536,1790073035602.371,47.7293
e0606b55,538,537,1790073035603.615,1.243366
e0606b55,539,538,1790073035604.282,0.667523
e0606b55,540,539,1790073035668.175,63.892836
e0606b55,541,540,1790073035952.057,283.881746
e0606b55,542,541,1790073035994.799,42.742527
e0606b55,543,542,1790073036038.754,43.955036
e0606b55,544,543,1790073036073.109,34.354733
e0606b55,545,544,1790073036104.596,31.48683
e0606b55,546,545,1790073036158.402,53.805846
e0606b55,547,546,1790073036193.056,34.654092
e0606b55,548,547,1790073036232.14,39.083986
e0606b55,549,548,1790073036269.746,37.605597
e0606b55,550,549,1790073036318.098,48.35228
e0606b55,551,550,1790073036351.414,33.316116
e0606b55,552,551,1790073036401.528,50.114259
e0606b55,553,552,1790073036438.74,37.211403
e0606b55,554,553,1790073036473.513,34.773723
e0606b55,555,554,1790073036511.621,38.107952
e0606b55,556,555,1790073036554.01,42.388611
e0606b55,557,556,1790073036600.464,46.454542
e0606b55,558,557,1790073036630.952,30.487208
e0606b55,559,558,1790073036675.695,44.74347
e0606b55,560,559,1790073036722.948,47.252631
e0606b55,561,560,1790073036758.356,35.408672
e0606b55,562,561,1790073036801.528,43.171293
e0606b55,563,562,1790073036830.537,29.008805
e0606b55,564,563,1790073036879.73,49.193631
e0606b55,565,564,1790073036913.027,33.29655
e0606b55,566,565,1790073036955.563,42.536818
e0606b55,567,566,1790073036991.914,36.35047
e0606b55,568,567,1790073037035.62,43.706382
e0606b55,569,568,1790073037077.695,42.07483
e0606b55,570,569,1790073037110.304,32.609355
e0606b55,571,570,1790073037152.664,42.35917
e0606b55,572,571,1790073037193.27,40.606239
e0606b55,573,572,1790073037298.953,105.682961
e0606b55,574,573,1790073037304.967,6.014081
e0606b55,575,574,1790073037318.503,13.535857
e0606b55,576,575,1790073037345.022,26.519485
e0606b55,577,576,1790073037396.004,50.981281
e0606b55,578,577,1790073037430.638,34.63417
e0606b55,579,578,1790073037470.93,40.292516
e0606b55,580,579,1790073037519.864,48.933421
e0606b55,581,580,1790073037558.13,38.26644
e0606b55,582,581,1790073037603.982,45.852374
e0606b55,583,582,1790073037605.287,1.304701
e0606b55,584,583,1790073037606.947,1.659575
e0606b55,585,584,1790073037609.278,2.331371
e0606b55,586,585,1790073037610.552,1.273359
e0606b55,587,586,1790073037612.608,2.056043
e0606b55,588,587,1790073037663.694,51.086738
e0606b55,589,588,1790073037954.412,290.717953
e0606b55,590,589,1790073037992.747,38.334953
e0606b55,591,590,1790073038026.964,34.216355
e0606b55,592,591,1790073038076.977,50.013788
e0606b55,593,592,1790073038115.217,38.239054
e0606b55,594,593,1790073038146.274,31.057363
e0606b55,595,594,1790073038200.925,54.650824
e0606b55,596,595,1790073038247.061,46.136195
e0606b55,597,596,1790073038269.226,22.16468
e0606b55,598,597,1790073038312.788,43.562417
e0606b55,599,598,1790073038356.735,43.94756
e0606b55,600,599,1790073038392.11,35.3741
e0606b55,601,600,1790073038436.128,44.01846
e0606b55,602,601,1790073038472.291,36.163241
e0606b55,603,602,1790073038513.385,41.094069
e0606b55,604,603,1790073038555.353,41.967942
e0606b55,605,604,1790073038595.783,40.430124
e0606b55,606,605,1790073038636.396,40.61288
e0606b55,607,606,1790073038676.718,40.321308
e0606b55,608,607,1790073038719.703,42.984987
e0606b55,609,608,1790073038749.359,29.656881
e0606b55,610,609,1790073038791.369,42.009509
e0606b55,611,610,1790073038831.348,39.97949
e0606b55,612,611,1790073038875.772,44.423863
e0606b55,613,612,1790073038912.798,37.025747
e0606b55,614,613,1790073038954.946,42.147494
e0606b55,615,614,1790073038995.339,40.393739
e0606b55,616,615,1790073039034.814,39.47454
e0606b55,617,616,1790073039070.353,35.539479
e0606b55,618,617,1790073039116.043,45.68981
e0606b55,619,618,1790073039156.182,40.13862
e0606b55,620,619,1790073039190.807,34.624909
e0606b55,621,620,1790073039231.894,41.087262
e0606b55,622,621,1790073039271.373,39.478997
e0606b55,623,622,1790073039320.729,49.356566
e0606b55,624,623,1790073039350.828,30.098898
e0606b55,625,624,1790073039399.241,48.412562
e0606b55,626,625,1790073039436.468,37.227211
e0606b55,627,626,1790073039464.895,28.426642
e0606b55,628,627,1790073039519.947,55.051751
e0606b55,629,628,1790073039550.827,30.880393
e0606b55,630,629,1790073039595.987,45.159566
e0606b55,631,630,1790073039597.144,1.157866
e0606b55,632,631,1790073039597.991,0.847169
e0606b55,633,632,1790073039671.87,73.878282
e0606b55,634,633,1790073039949.441,277.571695
e0606b55,635,634,1790073039996.084,46.64305
e0606b55,636,635,1790073040031.682,35.597094
e0606b55,637,636,1790073040074.522,42.840609
e0606b55,638,637,1790073040112.191,37.668717
e0606b55,639,638,1790073040150.42,38.229474
e0606b55,640,639,1790073040191.978,41.557301
e0606b55,641,640,1790073040231.128,39.150316
e0606b55,642,641,1790073040274.205,43.076926
e0606b55,643,642,1790073040317.417,43.211577
e0606b55,644,643,1790073040354.603,37.186789
e0606b55,645,644,1790073040395.992,41.388464
e0606b55,646,645,1790073040437.267,41.275071
e0606b55,647,646,1790073040466.716,29.448662
e0606b55,648,647,1790073040517.198,50.482234
e0606b55,649,648,1790073040549.581,32.383503
e0606b55,650,649,1790073040589.814,40.2326
e0606b55,651,650,1790073040634.049,44.235492
e0606b55,652,651,1790073040669.997,35.947405
e0606b55,653,652,1790073040723.68,53.683542
e0606b55,654,653,1790073040749.347,25.666481
e0606b55,655,654,1790073040791.139,41.792167
e0606b55,656,655,1790073040832.748,41.609324
e0606b55,657,656,1790073040873.873,41.1246
e0606b55,658,657,1790073040914.424,40.550973
e0606b55,659,658,1790073040961.437,47.012946
e0606b55,660,659,1790073040996.846,35.409266
e0606b55,661,660,1790073041035.49,38.643682
e0606b55,662,661,1790073041075.678,40.188536
e0606b55,663,662,1790073041106.503,30.824609
e0606b55,664,663,1790073041164.366,57.863278
e0606b55,665,664,1790073041189.263,24.89645
e0606b55,666,665,1790073041233.532,44.269482
e0606b55,667,666,1790073041270.664,37.132204
e0606b55,668,667,1790073041325.927,55.262538
e0606b55,669,668,1790073041352.436,26.509221
e0606b55,670,669,1790073041392.121,39.685282
e0606b55,671,670,1790073041432.912,40.790606
e0606b55,672,671,1790073041476.365,43.453551
e0606b55,673,672,1790073041516.806,40.440119
e0606b55,674,673,1790073041547.505,30.699199
e0606b55,675,674,1790073041607.085,59.580309
e0606b55,676,675,1790073041608.578,1.4933
e0606b55,677,676,1790073041611.046,2.467272
e0606b55,678,677,1790073041612.189,1.143497
e0606b55,679,678,1790073041613.706,1.516943
e0606b55,680,679,1790073041615.076,1.369942
e0606b55,681,680,1790073041679.902,64.826093
e0606b55,682,681,1790073041954.241,274.339164
e0606b55,683,682,1790073041994.698,40.456967
e0606b55,684,683,1790073042025.008,30.309812
e0606b55,685,684,1790073042080.629,55.621036
e0606b55,686,685,1790073042110.388,29.758589
e0606b55,687,686,1790073042150.721,40.333044
e0606b55,688,687,1790073042193.796,43.075346
e0606b55,689,688,1790073042236.986,43.190183
e0606b55,690,689,1790073042285.65,48.663261
e0606b55,691,690,1790073042318.766,33.11608
e0606b55,692,691,1790073042370.487,51.720934
e0606b55,693,692,1790073042387.459,16.972003
e0606b55,694,693,1790073042436.718,49.259478
e0606b55,695,694,1790073042470.958,34.240066
e0606b55,696,695,1790073042510.06,39.101858
e0606b55,697,696,1790073042549.563,39.503145
e0606b55,698,697,1790073042592.257,42.693525
e0606b55,699,698,1790073042631.485,39.228397
e0606b55,700,699,1790073042686.49,55.004827
e0606b55,701,700,1790073042717.281,30.791499
e0606b55,702,701,1790073042749.728,32.446509
e0606b55,703,702,1790073042791.33,41.601959
e0606b55,704,703,1790073042891.539,100.208786
e0606b55,705,704,1790073042893.355,1.816357
e0606b55,706,705,1790073042911.886,18.5315
e0606b55,707,706,1790073042953.26,41.373558
e0606b55,708,707,1790073042997.865,44.605409
e0606b55,709,708,1790073043027.531,29.665425
e0606b55,710,709,1790073043076.969,49.437995
e0606b55,711,710,1790073043110.812,33.84251
e0606b55,712,711,1790073043150.521,39.709438
e0606b55,713,712,1790073043192.966,42.44535
e0606b55,714,713,1790073043238.665,45.698506
e0606b55,715,714,1790073043271.299,32.634372
e0606b55,716,715,1790073043313.008,41.708516
e0606b55,717,716,1790073043353.649,40.641084
e0606b55,718,717,1790073043401.392,47.743251
e0606b55,719,718,1790073043438.169,36.776926
e0606b55,720,719,1790073043474.569,36.399942
e0606b55,721,720,1790073043514.772,40.203384
e0606b55,722,721,1790073043547.926,33.153482
e0606b55,723,722,1790073043599.974,52.04865
e0606b55,724,723,1790073043601.827,1.852903
e0606b55,725,724,1790073043602.565,0.73793
e0606b55,726,725,1790073043604.011,1.446221
e0606b55,727,726,1790073043607.057,3.04565
e0606b55,728,727,1790073043678.647,71.590018
e0606b55,729,728,1790073043959.111,280.463983
e0606b55,730,729,1790073043996.95,37.839352
e0606b55,731,730,1790073044029.441,32.490856
e0606b55,732,731,1790073044072.956,43.514416
e0606b55,733,732,1790073044122.387,49.431788
e0606b55,734,733,1790073044150.989,28.601102
e0606b55,735,734,1790073044191.471,40.482041
e0606b55,736,735,1790073044236.119,44.648775
e0606b55,737,736,1790073044272.756,36.636329
e0606b55,738,737,1790073044316.705,43.949071
e0606b55,739,738,1790073044359.794,43.088917
e0606b55,740,739,1790073044396.892,37.098332
e0606b55,741,740,1790073044425.657,28.765532
e0606b55,742,741,1790073044477.947,52.289783
e0606b55,743,742,1790073044520.882,42.935093
e0606b55,744,743,1790073044546.874,25.991029
e0606b55,745,744,1790073044600.217,53.343757
e0606b55,746,745,1790073044639.864,39.646826
e0606b55,747,746,1790073044671.244,31.379873
e0606b55,748,747,1790073044721.252,50.008456
e0606b55,749,748,1790073044750.975,29.722642
e0606b55,750,749,1790073044796.069,45.093536
e0606b55,751,750,1790073044837.141,41.07234
e0606b55,752,751,1790073044869.27,32.128625
e0606b55,753,752,1790073044918.043,48.773441
e0606b55,754,753,1790073044953.142,35.098766
e0606b55,755,754,1790073044990.558,37.416234
e0606b55,756,755,1790073045031.26,40.70197
e0606b55,757,756,1790073045071.483,40.22301
e0606b55,758,757,1790073045111.615,40.132501
e0606b55,759,758,1790073045152.927,41.311321
e0606b55,760,759,1790073045193.024,40.097339
e0606b55,761,760,1790073045233.198,40.173739
e0606b55,762,761,1790073045274.949,41.75085
e0606b55,763,762,1790073045320.156,45.207175
e0606b55,764,763,1790073045354.566,34.410117
e0606b55,765,764,1790073045403.735,49.169379
e0606b55,766,765,1790073045426.913,23.178059
e0606b55,767,766,1790073045483.472,56.559051
e0606b55,768,767,1790073045514.466,30.993764
e0606b55,769,768,1790073045552.223,37.757158
e0606b55,770,769,1790073045594.259,42.035137
e0606b55,771,770,1790073045595.064,0.805506
e0606b55,772,771,1790073045597.873,2.808498
e0606b55,773,772,1790073045599.105,1.232723
e0606b55,774,773,1790073045599.652,0.546944
e0606b55,775,774,1790073045601.218,1.565563
e0606b55,776,775,1790073045671.531,70.31355
e0606b55,777,776,1790073045952.394,280.862444
e0606b55,778,777,1790073046004.494,52.099823
e0606b55,779,778,1790073046032.979,28.485797
e0606b55,780,779,1790073046078.412,45.43236
e0606b55,781,780,1790073046115.429,37.017264
e0606b55,782,781,1790073046162.226,46.797194
e0606b55,783,782,1790073046198.167,35.940935
e0606b55,784,783,1790073046233.055,34.888389
e0606b55,785,784,1790073046278.424,45.368864
e0606b55,786,785,1790073046309.519,31.09461
e0606b55,787,786,1790073046353.034,43.515101
e0606b55,788,787,1790073046389.762,36.727657
e0606b55,789,788,1790073046444.852,55.089887
e0606b55,790,789,1790073046481.975,37.12377
e0606b55,791,790,1790073046515.401,33.425138
e0606b55,792,791,1790073046558.934,43.533122
e0606b55,793,792,1790073046603.794,44.860604
e0606b55,794,793,1790073046634.507,30.712264
e0606b55,795,794,1790073046677.58,43.073428
e0606b55,796,795,1790073046718.058,40.478195
e0606b55,797,796,1790073046750.807,32.74837
e0606b55,798,797,1790073046793.105,42.298211
e0606b55,799,798,1790073046853.812,60.706954
e0606b55,800,799,1790073046886.147,32.335702
e0606b55,801,800,1790073046914.126,27.978355
e0606b55,802,801,1790073046952.974,38.847847
e0606b55,803,802,1790073046996.458,43.484573
e0606b55,804,803,1790073047034.084,37.625728
e0606b55,805,804,1790073047076.078,41.994167
e0606b55,806,805,1790073047110.941,34.8631
e0606b55,807,806,1790073047150.014,39.072632
e0606b55,808,807,1790073047194.19,44.176393
e0606b55,809,808,1790073047240.911,46.720823
e0606b55,810,809,1790073047277.155,36.243627
e0606b55,811,810,1790073047315.283,38.128134
e0606b55,812,811,1790073047359.347,44.064595
e0606b55,813,812,1790073047406.475,47.128084
e0606b55,814,813,1790073047435.963,29.487147
e0606b55,815,814,1790073047466.87,30.906913
e0606b55,816,815,1790073047517.26,50.390163
e0606b55,817,816,1790073047557.71,40.449972
e0606b55,818,817,1790073047594.645,36.935403
e0606b55,819,818,1790073047596.051,1.406301
e0606b55,820,819,1790073047597.481,1.429887
e0606b55,821,820,1790073047598.937,1.455787
e0606b55,822,821,1790073047601.895,2.957855
e0606b55,823,822,1790073047610.232,8.337314
e0606b55,824,823,1790073047675.601,65.368819
e0606b55,825,824,1790073047961.137,285.536371
e0606b55,826,825,1790073047991.952,30.814452
e0606b55,827,826,1790073048032.792,40.840701
e0606b55,828,827,1790073048083.642,50.849484
e0606b55,829,828,1790073048113.197,29.554517
e0606b55,830,829,1790073048147.01,33.813464
e0606b55,831,830,1790073048190.206,43.195807
e0606b55,832,831,1790073048231.511,41.305406
e0606b55,833,832,1790073048289.244,57.732754
e0606b55,834,833,1790073048314.812,25.568037
e0606b55,835,834,1790073048362.021,47.209088
e0606b55,836,835,1790073048390.782,28.761441
e0606b55,837,836,1790073048431.665,40.882859
e0606b55,838,837,1790073048474.852,43.186597
e0606b55,839,838,1790073048516.582,41.730041
e0606b55,840,839,1790073048554.147,37.564576
e0606b55,841,840,1790073048595.224,41.077806
e0606b55,842,841,1790073048627.458,32.23336
e0606b55,843,842,1790073048676.4,48.942334
e0606b55,844,843,1790073048729.13,52.729762
e0606b55,845,844,1790073048752.424,23.29364
e0606b55,846,845,1790073048790.496,38.072186
e0606b55,847,846,1790073048830.623,40.127469
e0606b55,848,847,1790073048881.768,51.144952
e0606b55,849,848,1790073048911.26,29.491749
e0606b55,850,849,1790073048963.434,52.173693
e0606b55,851,850,1790073049011.015,47.581219
e0606b55,852,851,1790073049034.074,23.059167
e0606b55,853,852,1790073049073.305,39.231102
e0606b55,854,853,1790073049115.78,42.474734
e0606b55,855,854,1790073049164.025,48.245285
e0606b55,856,855,1790073049200.708,36.68317
e0606b55,857,856,1790073049226.72,26.011701
e0606b55,858,857,1790073049275.288,48.567568
e0606b55,859,858,1790073049317.61,42.322614
e0606b55,860,859,1790073049350.678,33.068394
e0606b55,861,860,1790073049391.999,41.320559
e0606b55,862,861,1790073049429.739,37.73992
e0606b55,863,862,1790073049478.924,49.184815
e0606b55,864,863,1790073049513.661,34.737648
e0606b55,865,864,1790073049558.293,44.63157
e0606b55,866,865,1790073049595.842,37.548581
e0606b55,867,866,1790073049597.184,1.3419
e0606b55,868,867,1790073049598.446,1.26249
e0606b55,869,868,1790073049602.034,3.587676
e0606b55,870,869,1790073049602.767,0.733483
e0606b55,871,870,1790073049670.929,68.161826
e0606b55,872,871,1790073049955.427,284.497527
e0606b55,873,872,1790073050004.068,48.641939
e0606b55,874,873,1790073050032.944,28.875038
e0606b55,875,874,1790073050064.877,31.933841
e0606b55,876,875,1790073050116.256,51.378837
e0606b55,877,876,1790073050148.97,32.713591
e0606b55,878,877,1790073050189.151,40.180823
e0606b55,879,878,1790073050233.753,44.602569
e0606b55,880,879,1790073050269.354,35.600425
e0606b55,881,880,1790073050319.166,49.812766
e0606b55,882,881,1790073050351.096,31.929389
e0606b55,883,882,1790073050392.671,41.575243
e0606b55,884,883,1790073050436.502,43.83136
e0606b55,885,884,1790073050472.803,36.301062
e0606b55,886,885,1790073050512.8,39.996129
e0606b55,887,886,1790073050544.649,31.849183
e0606b55,888,887,1790073050597.954,53.305432
e0606b55,889,888,1790073050632.784,34.83018
e0606b55,890,889,1790073050674.584,41.799761
e0606b55,891,890,1790073050725.969,51.384367
e0606b55,892,891,1790073050751.946,25.977092
e0606b55,893,892,1790073050793.953,42.007021
e0606b55,894,893,1790073050832.849,38.896029
e0606b55,895,894,1790073050872.893,40.0441
e0606b55,896,895,1790073050916.349,43.456036
e0606b55,897,896,1790073050965.373,49.024628
e0606b55,898,897,1790073050996.067,30.693639
e0606b55,899,898,1790073051028.861,32.794162
e0606b55,900,899,1790073051076.194,47.332766
e0606b55,901,900,1790073051113.864,37.670133
e0606b55,902,901,1790073051151.039,37.175254
e0606b55,903,902,1790073051195.61,44.570977
e0606b55,904,903,1790073051230.473,34.862748
e0606b55,905,904,1790073051271.13,40.656943
e0606b55,906,905,1790073051316.279,45.14888
e0606b55,907,906,1790073051354.222,37.943154
e0606b55,908,907,1790073051393.216,38.993626
e0606b55,909,908,1790073051435.569,42.353631
e0606b55,910,909,1790073051470.674,35.104687
e0606b55,911,910,1790073051510.776,40.102225
e0606b55,912,911,1790073051557.251,46.474689
e0606b55,913,912,1790073051592.621,35.370456
e0606b55,914,913,1790073051593.672,1.050569
e0606b55,915,914,1790073051594.956,1.283718
e0606b55,916,915,1790073051596.717,1.76085
e0606b55,917,916,1790073051664.149,67.432917
e0606b55,918,917,1790073051955.165,291.015771
e0606b55,919,918,1790073051990.64,35.474779
e0606b55,920,919,1790073052031.196,40.555956
e0606b55,921,920,1790073052074.858,43.661982
e0606b55,922,921,1790073052118.077,43.219564
e0606b55,923,922,1790073052152.475,34.397252
e0606b55,924,923,1790073052209.394,56.919096
e0606b55,925,924,1790073052234.0,24.606364
e0606b55,926,925,1790073052274.791,40.790744
e0606b55,927,926,1790073052315.364,40.573023
e0606b55,928,927,1790073052351.576,36.211895
e0606b55,929,928,1790073052397.149,45.572892
e0606b55,930,929,1790073052429.611,32.462614
e0606b55,931,930,1790073052472.208,42.596339
e0606b55,932,931,1790073052510.812,38.604536
e0606b55,933,932,1790073052552.164,41.352175
e0606b55,934,933,1790073052600.776,48.611204
e0606b55,935,934,1790073052632.834,32.058806
e0606b55,936,935,1790073052671.748,38.91362
e0606b55,937,936,1790073052718.11,46.361667
e0606b55,938,937,1790073052750.178,32.068914
e0606b55,939,938,1790073052793.669,43.490298
e0606b55,940,939,1790073052839.039,45.370496
e0606b55,941,940,1790073052880.329,41.289772
e0606b55,942,941,1790073052914.343,34.013427
e0606b55,943,942,1790073052955.162,40.819274
e0606b55,944,943,1790073052994.956,39.794223
e0606b55,945,944,1790073053025.705,30.748485
e0606b55,946,945,1790073053082.298,56.593118
e0606b55,947,946,1790073053110.618,28.320842
e0606b55,948,947,1790073053154.691,44.072849
e0606b55,949,948,1790073053190.359,35.667439
e0606b55,950,949,1790073053234.423,44.064177
e0606b55,951,950,1790073053273.782,39.359458
e0606b55,952,951,1790073053311.62,37.837196
e0606b55,953,952,1790073053355.777,44.157319
e0606b55,954,953,1790073053402.677,46.900462
e0606b55,955,954,1790073053436.89,34.212797
e0606b55,956,955,1790073053464.827,27.936618
e0606b55,957,956,1790073053517.201,52.373878
e0606b55,958,957,1790073053558.186,40.984831
e0606b55,959,958,1790073053592.868,34.682939
e0606b55,960,959,1790073053594.886,2.017938
e0606b55,961,960,1790073053596.422,1.535363
e0606b55,962,961,1790073053597.844,1.422419
e0606b55,963,962,1790073053599.296,1.452168
e0606b55,964,963,1790073053600.845,1.54915
e0606b55,965,964,1790073053676.751,75.905866
e0606b55,966,965,1790073053958.573,281.821553
e0606b55,967,966,1790073053998.041,39.468032
e0606b55,968,967,1790073054042.603,44.562139
e0606b55,969,968,1790073054070.958,28.355278
e0606b55,970,969,1790073054113.709,42.750927
e0606b55,971,970,1790073054153.353,39.643899
e0606b55,972,971,1790073054205.158,51.805264
e0606b55,973,972,1790073054238.523,33.36488
e0606b55,974,973,1790073054275.583,37.059463
e0606b55,975,974,1790073054314.675,39.092494
e0606b55,976,975,1790073054363.394,48.718499
e0606b55,977,976,1790073054390.848,27.454277
e0606b55,978,977,1790073054440.277,49.428976
e0606b55,979,978,1790073054660.04,219.763131
e0606b55,980,979,1790073054667.406,7.365626
e0606b55,981,980,1790073054685.583,18.177347
e0606b55,982,981,1790073054693.833,8.250329
e0606b55,983,982,1790073054710.995,17.161447
e0606b55,984,983,1790073054717.11,6.114629
e0606b55,985,984,1790073054723.866,6.756922
e0606b55,986,985,1790073054751.556,27.689659
e0606b55,987,986,1790073054791.343,39.786478
e0606b55,988,987,1790073054830.26,38.917626
e0606b55,989,988,1790073054876.228,45.967666
e0606b55,990,989,1790073054911.292,35.064218
e0606b55,991,990,1790073054950.598,39.305812
e0606b55,992,991,1790073054992.587,41.989033
e0606b55,993,992,1790073055032.516,39.928707
e0606b55,994,993,1790073055077.249,44.733374
e0606b55,995,994,1790073055127.939,50.689888
e0606b55,996,995,1790073055159.25,31.311157
e0606b55,997,996,1790073055199.095,39.844712
e0606b55,998,997,1790073055242.714,43.61949
e0606b55,999,998,1790073055270.089,27.374954
e0606b55,1000,999,1790073055312.207,42.117699
e0606b55,1001,1000,1790073055355.802,43.595466
e0606b55,1002,1001,1790073055392.915,37.112062
e0606b55,1003,1002,1790073055431.783,38.868319
e0606b55,1004,1003,1790073055488.18,56.397121
e0606b55,1005,1004,1790073055512.676,24.496462
e0606b55,1006,1005,1790073055554.069,41.392848
e0606b55,1007,1006,1790073055597.655,43.585931
e0606b55,1008,1007,1790073055598.969,1.313406
e0606b55,1009,1008,1790073055600.124,1.155052
e0606b55,1010,1009,1790073055601.226,1.10219
e0606b55,1011,1010,1790073055603.513,2.287467
e0606b55,1012,1011,1790073055674.837,71.323325
e0606b55,1013,1012,1790073055955.613,280.776087
e0606b55,1014,1013,1790073055998.158,42.545814
e0606b55,1015,1014,1790073056024.517,26.358711
e0606b55,1016,1015,1790073056076.741,52.223826
e0606b55,1017,1016,1790073056107.122,30.381293
e0606b55,1018,1017,1790073056146.861,39.738965
e0606b55,1019,1018,1790073056199.068,52.206269
e0606b55,1020,1019,1790073056230.791,31.722949
e0606b55,1021,1020,1790073056271.468,40.677271
e0606b55,1022,1021,1790073056316.619,45.150888
e0606b55,1023,1022,1790073056354.308,37.689613
e0606b55,1024,1023,1790073056392.551,38.24219
e0606b55,1025,1024,1790073056435.055,42.50409
e0606b55,1026,1025,1790073056475.064,40.009179
e0606b55,1027,1026,1790073056517.386,42.322389
e0606b55,1028,1027,1790073056555.587,38.200615
e0606b55,1029,1028,1790073056596.216,40.629134
e0606b55,1030,1029,1790073056636.339,40.123076
e0606b55,1031,1030,1790073056688.685,52.345827
e0606b55,1032,1031,1790073056718.463,29.778371
e0606b55,1033,1032,1790073056749.309,30.845792
e0606b55,1034,1033,1790073056793.479,44.169449
e0606b55,1035,1034,1790073056832.143,38.664973
e0606b55,1036,1035,1790073056879.64,47.49648
e0606b55,1037,1036,1790073056917.733,38.093576
e0606b55,1038,1037,1790073056967.832,50.098795
e0606b55,1039,1038,1790073056995.536,27.704184
e0606b55,1040,1039,1790073057027.33,31.793751
e0606b55,1041,1040,1790073057078.147,50.817351
e0606b55,1042,1041,1790073057111.114,32.966652
e0606b55,1043,1042,1790073057151.695,40.580748
e0606b55,1044,1043,1790073057194.323,42.62805
e0606b55,1045,1044,1790073057245.707,51.383789
e0606b55,1046,1045,1790073057275.035,29.328465
e0606b55,1047,1046,1790073057319.409,44.374024
e0606b55,1048,1047,1790073057357.692,38.283001
e0606b55,1049,1048,1790073057387.864,30.1712
e0606b55,1050,1049,1790073057439.499,51.63564
e0606b55,1051,1050,1790073057475.542,36.042657
e0606b55,1052,1051,1790073057511.471,35.928875
e0606b55,1053,1052,1790073057549.585,38.114776
e0606b55,1054,1053,1790073057593.008,43.422296
e0606b55,1055,1054,1790073057594.13,1.122688
e0606b55,1056,1055,1790073057596.312,2.181395
e0606b55,1057,1056,1790073057598.695,2.38277
e0606b55,1058,1057,1790073057676.428,77.733851
e0606b55,1059,1058,1790073057953.601,277.17234
e0606b55,1060,1059,1790073057989.087,35.485892
e0606b55,1061,1060,1790073058036.025,46.938175
e0606b55,1062,1061,1790073058069.749,33.72414
e0606b55,1063,1062,1790073058110.69,40.941204
e0606b55,1064,1063,1790073058152.518,41.827723
e0606b55,1065,1064,1790073058192.221,39.703176
e0606b55,1066,1065,1790073058231.75,39.529362
e0606b55,1067,1066,1790073058281.62,49.86979
e0606b55,1068,1067,1790073058315.448,33.827366
e0606b55,1069,1068,1790073058345.895,30.447584
e0606b55,1070,1069,1790073058400.272,54.377074
e0606b55,1071,1070,1790073058432.305,32.032366
e0606b55,1072,1071,1790073058473.636,41.331439
e0606b55,1073,1072,1790073058509.298,35.661628
e0606b55,1074,1073,1790073058552.445,43.147146
e0606b55,1075,1074,1790073058593.781,41.335641
e0606b55,1076,1075,1790073058633.964,40.183268
e0606b55,1077,1076,1790073058676.429,42.465143
e0606b55,1078,1077,1790073058718.222,41.793099
e0606b55,1079,1078,1790073058754.047,35.825165
e0606b55,1080,1079,1790073058788.769,34.721597
e0606b55,1081,1080,1790073058841.58,52.811403
e0606b55,1082,1081,1790073058879.146,37.56629
e0606b55,1083,1082,1790073058912.472,33.325274
e0606b55,1084,1083,1790073058950.61,38.138616
e0606b55,1085,1084,1790073058993.298,42.68722
e0606b55,1086,1085,1790073059033.469,40.171004
e0606b55,1087,1086,1790073059070.53,37.061569
e0606b55,1088,1087,1790073059115.419,44.888806
e0606b55,1089,1088,1790073059155.56,40.141325
e0606b55,1090,1089,1790073059190.385,34.824856
e0606b55,1091,1090,1790073059230.146,39.761146
e0606b55,1092,1091,1790073059271.274,41.127521
e0606b55,1093,1092,1790073059312.301,41.027475
e0606b55,1094,1093,1790073059362.63,50.329045
e0606b55,1095,1094,1790073059397.619,34.988531
e0606b55,1096,1095,1790073059425.489,27.870359
e0606b55,1097,1096,1790073059479.208,53.71852
e0606b55,1098,1097,1790073059517.016,37.808165
e0606b55,1099,1098,1790073059551.302,34.286047
e0606b55,1100,1099,1790073059592.376,41.074133
e0606b55,1101,1100,1790073059593.459,1.082692
e0606b55,1102,1101,1790073059594.816,1.357271
e0606b55,1103,1102,1790073059596.129,1.312753
e0606b55,1104,1103,1790073059598.787,2.658166
e0606b55,1105,1104,1790073059675.533,76.746447
e0606b55,1106,1105,1790073059950.835,275.301298
e0606b55,1107,1106,1790073059995.722,44.887758
e0606b55,1108,1107,1790073060031.573,35.850514
e0606b55,1109,1108,1790073060072.851,41.278429
e0606b55,1110,1109,1790073060117.982,45.130531
e0606b55,1111,1110,1790073060155.219,37.2377
e0606b55,1112,1111,1790073060195.136,39.916865
e0606b55,1113,1112,1790073060238.087,42.951034
e0606b55,1114,1113,1790073060269.073,30.984958
e0606b55,1115,1114,1790073060316.788,47.715202
e0606b55,1116,1115,1790073060353.722,36.934195
e0606b55,1117,1116,1790073060392.909,39.187092
e0606b55,1118,1117,1790073060429.737,36.827902
e0606b55,1119,1118,1790073060473.218,43.480805
e0606b55,1120,1119,1790073060513.153,39.935237
e0606b55,1121,1120,1790073060553.842,40.689065
e0606b55,1122,1121,1790073060595.907,42.065635
e0606b55,1123,1122,1790073060637.073,41.165927
e0606b55,1124,1123,1790073060677.071,39.997909
e0606b55,1125,1124,1790073060721.036,43.965072
e0606b55,1126,1125,1790073060750.114,29.077904
e0606b55,1127,1126,1790073060790.935,40.820494
e0606b55,1128,1127,1790073060832.312,41.377318
e0606b55,1129,1128,1790073060872.148,39.835869
e0606b55,1130,1129,1790073060918.489,46.340412
e0606b55,1131,1130,1790073060954.266,35.777955
e0606b55,1132,1131,1790073060985.888,31.621214
e0606b55,1133,1132,1790073061036.745,50.857098
e0606b55,1134,1133,1790073061069.474,32.729684
e0606b55,1135,1134,1790073061115.886,46.411993
e0606b55,1136,1135,1790073061154.301,38.414021
e0606b55,1137,1136,1790073061190.45,36.149459
e0606b55,1138,1137,1790073061239.757,49.307286
e0606b55,1139,1138,1790073061274.839,35.08203
e0606b55,1140,1139,1790073061313.883,39.043245
e0606b55,1141,1140,1790073061346.58,32.697784
e0606b55,1142,1141,1790073061398.744,52.163616
e0606b55,1143,1142,1790073061437.246,38.5024
e0606b55,1144,1143,1790073061474.697,37.450656
e0606b55,1145,1144,1790073061510.712,36.014956
e0606b55,1146,1145,1790073061557.644,46.932528
e0606b55,1147,1146,1790073061598.036,40.391543
e0606b55,1148,1147,1790073061599.258,1.221948
e0606b55,1149,1148,1790073061601.317,2.059175
e0606b55,1150,1149,1790073061605.135,3.817722
e0606b55,1151,1150,1790073061606.513,1.378644
e0606b55,1152,1151,1790073061608.763,2.249456
e0606b55,1153,1152,1790073061675.891,67.127993
e0606b55,1154,1153,1790073061949.075,273.184451
e0606b55,1155,1154,1790073062001.38,52.304501
e0606b55,1156,1155,1790073062030.669,29.289086
e0606b55,1157,1156,1790073062080.738,50.068689
e0606b55,1158,1157,1790073062112.881,32.143785
e0606b55,1159,1158,1790073062166.306,53.424469
e0606b55,1160,1159,1790073062192.656,26.350358
e0606b55,1161,1160,1790073062237.093,44.436368
e0606b55,1162,1161,1790073062280.737,43.644595
e0606b55,1163,1162,1790073062305.024,24.287064
e0606b55,1164,1163,1790073062355.561,50.536582
e0606b55,1165,1164,1790073062389.393,33.832031
e0606b55,1166,1165,1790073062430.175,40.782233
e0606b55,1167,1166,1790073062474.452,44.276595
e0606b55,1168,1167,1790073062510.54,36.088477
e0606b55,1169,1168,1790073062551.907,41.366828
e0606b55,1170,1169,1790073062593.447,41.53956
e0606b55,1171,1170,1790073062633.42,39.973766
e0606b55,1172,1171,1790073062664.602,31.181487
e0606b55,1173,1172,1790073062718.544,53.942584
e0606b55,1174,1173,1790073062752.597,34.052198
e0606b55,1175,1174,1790073062803.988,51.391068
e0606b55,1176,1175,1790073062829.861,25.873227
e0606b55,1177,1176,1790073062870.147,40.286269
e0606b55,1178,1177,1790073062919.51,49.36229
e0606b55,1179,1178,1790073062951.899,32.389229
e0606b55,1180,1179,1790073062992.927,41.02811
e0606b55,1181,1180,1790073063032.661,39.734273
e0606b55,1182,1181,1790073063079.111,46.449782
e0606b55,1183,1182,1790073063105.741,26.629806
e0606b55,1184,1183,1790073063155.424,49.683195
e0606b55,1185,1184,1790073063190.247,34.823307
e0606b55,1186,1185,1790073063235.007,44.759785
e0606b55,1187,1186,1790073063279.462,44.455065
e0606b55,1188,1187,1790073063311.165,31.703314
e0606b55,1189,1188,1790073063351.241,40.075599
e0606b55,1190,1189,1790073063390.99,39.748585
e0606b55,1191,1190,1790073063442.284,51.294116
e0606b55,1192,1191,1790073063471.97,29.686013
e0606b55,1193,1192,1790073063512.863,40.893066
e0606b55,1194,1193,1790073063562.793,49.930822
e0606b55,1195,1194,1790073063591.815,29.021311
e0606b55,1196,1195,1790073063593.167,1.351995
e0606b55,1197,1196,1790073063595.518,2.350653
e0606b55,1198,1197,1790073063669.422,73.904643
e0606b55,1199,1198,1790073063953.532,284.110274
e0606b55,1200,1199,1790073063990.218,36.685089
e0606b55,1201,1200,1790073064043.275,53.057514
e0606b55,1202,1201,1790073064075.573,32.298255
e0606b55,1203,1202,1790073064110.379,34.805371
e0606b55,1204,1203,1790073064151.57,41.190982
e0606b55,1205,1204,1790073064195.763,44.193054
e0606b55,1206,1205,1790073064234.403,38.640742
e0606b55,1207,1206,1790073064285.72,51.316739
e0606b55,1208,1207,1790073064314.979,29.259232
e0606b55,1209,1208,1790073064346.555,31.575659
e0606b55,1210,1209,1790073064399.951,53.395726
e0606b55,1211,1210,1790073064442.465,42.514047
e0606b55,1212,1211,1790073064469.153,26.688546
e0606b55,1213,1212,1790073064514.595,45.442155
e0606b55,1214,1213,1790073064557.99,43.394335
e0606b55,1215,1214,1790073064599.199,41.209344
e0606b55,1216,1215,1790073064632.825,33.625511
e0606b55,1217,1216,1790073064671.19,38.365491
e0606b55,1218,1217,1790073064720.578,49.387404
e0606b55,1219,1218,1790073064749.131,28.553765
e0606b55,1220,1219,1790073064796.671,47.539897
e0606b55,1221,1220,1790073064830.021,33.349747
e0606b55,1222,1221,1790073064870.354,40.333036
e0606b55,1223,1222,1790073064917.655,47.300714
e0606b55,1224,1223,1790073064951.557,33.902368
e0606b55,1225,1224,1790073064992.517,40.960001
e0606b55,1226,1225,1790073065034.265,41.747702
e0606b55,1227,1226,1790073065073.952,39.687553
e0606b55,1228,1227,1790073065116.286,42.33329
e0606b55,1229,1228,1790073065145.494,29.208475
e0606b55,1230,1229,1790073065196.021,50.526613
e0606b55,1231,1230,1790073065235.876,39.855602
e0606b55,1232,1231,1790073065276.237,40.360517
e0606b55,1233,1232,1790073065319.74,43.50356
e0606b55,1234,1233,1790073065353.298,33.557263
e0606b55,1235,1234,1790073065391.428,38.12999
e0606b55,1236,1235,1790073065431.065,39.637057
e0606b55,1237,1236,1790073065470.952,39.887043
e0606b55,1238,1237,1790073065514.719,43.767436
e0606b55,1239,1238,1790073065553.292,38.572575
e0606b55,1240,1239,1790073065600.165,46.873315
e0606b55,1241,1240,1790073065602.005,1.83993
e0606b55,1242,1241,1790073065604.485,2.480422
e0606b55,1243,1242,1790073065607.254,2.76833
e0606b55,1244,1243,1790073065612.103,4.848982
e0606b55,1245,1244,1790073065612.59,0.487156
e0606b55,1246,1245,1790073065681.467,68.876816
e0606b55,1247,1246,1790073065954.552,273.085682
e0606b55,1248,1247,1790073065985.516,30.963515
e0606b55,1249,1248,1790073066046.104,60.588623
e0606b55,1250,1249,1790073066085.755,39.65044
e0606b55,1251,1250,1790073066113.216,27.461121
e0606b55,1252,1251,1790073066150.192,36.97626
e0606b55,1253,1252,1790073066192.995,42.802649
e0606b55,1254,1253,1790073066236.366,43.371404
e0606b55,1255,1254,1790073066273.364,36.997328
e0606b55,1256,1255,1790073066314.245,40.88106
e0606b55,1257,1256,1790073066357.5,43.255369
e0606b55,1258,1257,1790073066403.271,45.770348
e0606b55,1259,1258,1790073066435.11,31.839431
e0606b55,1260,1259,1790073066471.002,35.891926
e0606b55,1261,1260,1790073066517.311,46.30944
e0606b55,1262,1261,1790073066557.005,39.693601
e0606b55,1263,1262,1790073066589.957,32.952024
e0606b55,1264,1263,1790073066630.681,40.724101
e0606b55,1265,1264,1790073066674.335,43.654081
e0606b55,1266,1265,1790073066723.897,49.562066
e0606b55,1267,1266,1790073066754.043,30.146021
e0606b55,1268,1267,1790073066793.557,39.513996
e0606b55,1269,1268,1790073066844.832,51.274535
e0606b55,1270,1269,1790073066864.662,19.830483
e0606b55,1271,1270,1790073066923.489,58.826633
e0606b55,1272,1271,1790073066949.566,26.07753
e0606b55,1273,1272,1790073066989.286,39.719876
e0606b55,1274,1273,1790073067029.133,39.84631
e0606b55,1275,1274,1790073067070.654,41.520908
e0606b55,1276,1275,1790073067110.163,39.509119
e0606b55,1277,1276,1790073067151.321,41.158249
e0606b55,1278,1277,1790073067194.777,43.455891
e0606b55,1279,1278,1790073067238.895,44.118598
e0606b55,1280,1279,1790073067292.242,53.346772
e0606b55,1281,1280,1790073067326.791,34.54921
e0606b55,1282,1281,1790073067351.729,24.937768
e0606b55,1283,1282,1790073067400.17,48.440795
e0606b55,1284,1283,1790073067434.023,33.852944
e0606b55,1285,1284,1790073067476.051,42.027643
e0606b55,1286,1285,1790073067510.656,34.60496
e0606b55,1287,1286,1790073067551.669,41.013333
e0606b55,1288,1287,1790073067603.442,51.773653
e0606b55,1289,1288,1790073067604.769,1.326632
e0606b55,1290,1289,1790073067607.124,2.35532
e0606b55,1291,1290,1790073067609.068,1.943873
e0606b55,1292,1291,1790073067611.316,2.247701
e0606b55,1293,1292,1790073067614.866,3.549794
e0606b55,1294,1293,1790073067675.497,60.631204
e0606b55,1295,1294,1790073067945.674,270.17699
e0606b55,1296,1295,1790073068001.971,56.297546
e0606b55,1297,1296,1790073068028.901,26.929689
e0606b55,1298,1297,1790073068072.574,43.672667
e0606b55,1299,1298,1790073068115.2,42.625778
e0606b55,1300,1299,1790073068154.586,39.386895
e0606b55,1301,1300,1790073068197.148,42.56134
e0606b55,1302,1301,1790073068240.706,43.557986
e0606b55,1303,1302,1790073068276.483,35.776888
e0606b55,1304,1303,1790073068314.131,37.648022
e0606b55,1305,1304,1790073068353.982,39.850872
e0606b55,1306,1305,1790073068403.702,49.7201
e0606b55,1307,1306,1790073068426.959,23.257682
e0606b55,1308,1307,1790073068477.306,50.346848
e0606b55,1309,1308,1790073068521.683,44.376613
e0606b55,1310,1309,1790073068554.144,32.461532
e0606b55,1311,1310,1790073068591.557,37.413067
e0606b55,1312,1311,1790073068635.217,43.659268
e0606b55,1313,1312,1790073068675.305,40.087866
e0606b55,1314,1313,1790073068716.736,41.431763
e0606b55,1315,1314,1790073068750.583,33.846319
e0606b55,1316,1315,1790073068788.878,38.295358
e0606b55,1317,1316,1790073068831.266,42.388282
e0606b55,1318,1317,1790073068874.578,43.311701
e0606b55,1319,1318,1790073068912.373,37.794701
e0606b55,1320,1319,1790073068957.21,44.837619
e0606b55,1321,1320,1790073069000.419,43.208618
e0606b55,1322,1321,1790073069033.949,33.530376
e0606b55,1323,1322,1790073069074.672,40.722397
e0606b55,1324,1323,1790073069105.589,30.917609
e0606b55,1325,1324,1790073069159.986,54.396665
e0606b55,1326,1325,1790073069197.985,37.998713
e0606b55,1327,1326,1790073069230.929,32.944046
e0606b55,1328,1327,1790073069279.853,48.924117
e0606b55,1329,1328,1790073069311.2,31.347332
e0606b55,1330,1329,1790073069350.88,39.679866
e0606b55,1331,1330,1790073069394.144,43.26407
e0606b55,1332,1331,1790073069442.223,48.078839
e0606b55,1333,1332,1790073069478.844,36.621601
e0606b55,1334,1333,1790073069505.512,26.667263
e0606b55,1335,1334,1790073069556.4,50.888044
e0606b55,1336,1335,1790073069596.627,40.226707
e0606b55,1337,1336,1790073069597.76,1.133383
e0606b55,1338,1337,1790073069599.429,1.668711
e0606b55,1339,1338,1790073069600.699,1.269971
e0606b55,1340,1339,1790073069601.927,1.227842
e0606b55,1341,1340,1790073069603.709,1.782144
e0606b55,1342,1341,1790073069677.614,73.905366
e0606b55,1343,1342,1790073069946.021,268.406443
e0606b55,1344,1343,1790073070005.297,59.276848
e0606b55,1345,1344,1790073070036.219,30.921972
e0606b55,1346,1345,1790073070070.169,33.949947
e0606b55,1347,1346,1790073070117.688,47.518925
e0606b55,1348,1347,1790073070150.909,33.220812
e0606b55,1349,1348,1790073070192.565,41.655922
e0606b55,1350,1349,1790073070231.932,39.36704
e0606b55,1351,1350,1790073070334.72,102.78768
e0606b55,1352,1351,1790073070341.321,6.60091
e0606b55,1353,1352,1790073070351.337,10.016843
e0606b55,1354,1353,1790073070395.75,44.412228
e0606b55,1355,1354,1790073070432.888,37.138153
e0606b55,1356,1355,1790073070470.417,37.529515
e0606b55,1357,1356,1790073070520.135,49.717222
e0606b55,1358,1357,1790073070553.865,33.730992
e0606b55,1359,1358,1790073070597.368,43.502387
e0606b55,1360,1359,1790073070636.403,39.035113
e0606b55,1361,1360,1790073070679.062,42.658927
e0606b55,1362,1361,1790073070719.013,39.950903
e0606b55,1363,1362,1790073070757.438,38.424698
e0606b55,1364,1363,1790073070790.276,32.838474
e0606b55,1365,1364,1790073070830.606,40.329651
e0606b55,1366,1365,1790073070873.887,43.281946
e0606b55,1367,1366,1790073070915.534,41.646464
e0606b55,1368,1367,1790073070952.801,37.266674
e0606b55,1369,1368,1790073070999.652,46.851218
e0606b55,1370,1369,1790073071040.819,41.166914
e0606b55,1371,1370,1790073071068.494,27.675217
e0606b55,1372,1371,1790073071117.05,48.55609
e0606b55,1373,1372,1790073071156.221,39.170711
e0606b55,1374,1373,1790073071189.326,33.105392
e0606b55,1375,1374,1790073071230.471,41.144509
e0606b55,1376,1375,1790073071273.616,43.145651
e0606b55,1377,1376,1790073071310.896,37.279598
e0606b55,1378,1377,1790073071352.268,41.372258
e0606b55,1379,1378,1790073071392.065,39.796418
e0606b55,1380,1379,1790073071432.959,40.8944
e0606b55,1381,1380,1790073071474.235,41.276116
e0606b55,1382,1381,1790073071511.087,36.851674
e0606b55,1383,1382,1790073071559.532,48.444946
e0606b55,1384,1383,1790073071595.593,36.061022
e0606b55,1385,1384,1790073071596.796,1.203077
e0606b55,1386,1385,1790073071598.01,1.213863
e0606b55,1387,1386,1790073071599.37,1.360085
e0606b55,1388,1387,1790073071600.642,1.272565
e0606b55,1389,1388,1790073071602.202,1.559139
e0606b55,1390,1389,1790073071682.393,80.190998
e0606b55,1391,1390,1790073071958.736,276.343351
e0606b55,1392,1391,1790073071986.618,27.882492
e0606b55,1393,1392,1790073072045.509,58.890761
e0606b55,1394,1393,1790073072073.991,28.481985
e0606b55,1395,1394,1790073072111.93,37.939205
e0606b55,1396,1395,1790073072157.663,45.732896
e0606b55,1397,1396,1790073072191.298,33.634851
e0606b55,1398,1397,1790073072231.928,40.630055
e0606b55,1399,1398,1790073072273.423,41.494876
e0606b55,1400,1399,1790073072321.049,47.625834
e0606b55,1401,1400,1790073072346.434,25.385369
e0606b55,1402,1401,1790073072396.31,49.875591
e0606b55,1403,1402,1790073072430.825,34.514961
e0606b55,1404,1403,1790073072470.716,39.891175
e0606b55,1405,1404,1790073072512.194,41.478219
e0606b55,1406,1405,1790073072551.645,39.451048
e0606b55,1407,1406,1790073072591.655,40.0094
e0606b55,1408,1407,1790073072632.128,40.473702
e0606b55,1409,1408,1790073072675.01,42.881515
e0606b55,1410,1409,1790073072717.065,42.054778
e0606b55,1411,1410,1790073072750.889,33.824357
e0606b55,1412,1411,1790073072802.475,51.585649
e0606b55,1413,1412,1790073072832.322,29.847219
e0606b55,1414,1413,1790073072871.857,39.53555
e0606b55,1415,1414,1790073072912.745,40.887373
e0606b55,1416,1415,1790073072953.76,41.014786
e0606b55,1417,1416,1790073072998.246,44.486599
e0606b55,1418,1417,1790073073025.033,26.786971
e0606b55,1419,1418,1790073073076.914,51.880774
e0606b55,1420,1419,1790073073117.544,40.630345
e0606b55,1421,1420,1790073073150.276,32.731683
e0606b55,1422,1421,1790073073190.326,40.04978
e0606b55,1423,1422,1790073073230.398,40.07261
e0606b55,1424,1423,1790073073279.466,49.067546
e0606b55,1425,1424,1790073073317.229,37.763504
e0606b55,1426,1425,1790073073351.526,34.296329
e0606b55,1427,1426,1790073073399.36,47.834529
e0606b55,1428,1427,1790073073446.048,46.687493
e0606b55,1429,1428,1790073073475.736,29.687866
e0606b55,1430,1429,1790073073522.65,46.914599
e0606b55,1431,1430,1790073073546.448,23.797572
e0606b55,1432,1431,1790073073603.185,56.736988
e0606b55,1433,1432,1790073073605.133,1.948123
e0606b55,1434,1433,1790073073606.06,0.926571
e0606b55,1435,1434,1790073073607.416,1.35676
e0606b55,1436,1435,1790073073614.162,6.746049
e0606b55,1437,1436,1790073073617.985,3.823062
e0606b55,1438,1437,1790073073674.732,56.746667
e0606b55,1439,1438,1790073073954.786,280.054394
e0606b55,1440,1439,1790073073996.888,42.10214
e0606b55,1441,1440,1790073074048.745,51.856083
e0606b55,1442,1441,1790073074078.065,29.31999
e0606b55,1443,1442,1790073074112.855,34.790907
e0606b55,1444,1443,1790073074157.773,44.917785
e0606b55,1445,1444,1790073074193.437,35.663986
e0606b55,1446,1445,1790073074241.141,47.703973
e0606b55,1447,1446,1790073074273.707,32.565731
e0606b55,1448,1447,1790073074313.515,39.807591
e0606b55,1449,1448,1790073074353.795,40.28029
e0606b55,1450,1449,1790073074393.135,39.339566
e0606b55,1451,1450,1790073074433.037,39.90234
e0606b55,1452,1451,1790073074473.815,40.778767
e0606b55,1453,1452,1790073074515.927,42.111579
e0606b55,1454,1453,1790073074559.407,43.480315
e0606b55,1455,1454,1790073074589.229,29.821937
e0606b55,1456,1455,1790073074633.162,43.932556
e0606b55,1457,1456,1790073074680.152,46.990043
e0606b55,1458,1457,1790073074720.509,40.357174
e0606b55,1459,1458,1790073074751.934,31.42519
e0606b55,1460,1459,1790073074795.218,43.284028
e0606b55,1461,1460,1790073074843.06,47.841465
e0606b55,1462,1461,1790073074879.65,36.590313
e0606b55,1463,1462,1790073074917.011,37.361258
e0606b55,1464,1463,1790073074956.885,39.874168
e0606b55,1465,1464,1790073074989.967,33.081272
e0606b55,1466,1465,1790073075036.989,47.022479
e0606b55,1467,1466,1790073075073.088,36.098874
e0606b55,1468,1467,1790073075109.415,36.326287
e0606b55,1469,1468,1790073075156.925,47.510914
e0606b55,1470,1469,1790073075198.103,41.177622
e0606b55,1471,1470,1790073075241.394,43.291092
e0606b55,1472,1471,1790073075271.181,29.786901
e0606b55,1473,1472,1790073075311.587,40.406197
e0606b55,1474,1473,1790073075350.814,39.226587
e0606b55,1475,1474,1790073075391.658,40.843919
e0606b55,1476,1475,1790073075433.883,42.225207
e0606b55,1477,1476,1790073075476.072,42.188706
e0606b55,1478,1477,1790073075516.576,40.504167
e0606b55,1479,1478,1790073075562.83,46.254298
e0606b55,1480,1479,1790073075593.651,30.820972
e0606b55,1481,1480,1790073075594.718,1.067125
e0606b55,1482,1481,1790073075596.18,1.461646
e0606b55,1483,1482,1790073075597.845,1.66488
e0606b55,1484,1483,1790073075601.581,3.736161
e0606b55,1485,1484,1790073075604.902,3.321251
e0606b55,1486,1485,1790073075677.875,72.973323
e0606b55,1487,1486,1790073075961.807,283.931352
e0606b55,1488,1487,1790073075994.631,32.824151
e0606b55,1489,1488,1790073076033.349,38.718417
e0606b55,1490,1489,1790073076070.294,36.944676
e0606b55,1491,1490,1790073076110.424,40.129592
e0606b55,1492,1491,1790073076151.12,40.696541
e0606b55,1493,1492,1790073076196.01,44.889588
e0606b55,1494,1493,1790073076232.887,36.877645
e0606b55,1495,1494,1790073076274.812,41.924553
e0606b55,1496,1495,1790073076317.684,42.871976
e0606b55,1497,1496,1790073076355.068,37.383721
e0606b55,1498,1497,1790073076397.774,42.706441
e0606b55,1499,1498,1790073076429.583,31.808883
e0606b55,1500,1499,1790073076471.436,41.852905
e0606b55,1501,1500,1790073076511.233,39.797474
e0606b55,1502,1501,1790073076551.359,40.125919
e0606b55,1503,1502,1790073076592.036,40.676959
e0606b55,1504,1503,1790073076637.552,45.515462
e0606b55,1505,1504,1790073076675.579,38.027233
e0606b55,1506,1505,1790073076722.682,47.103088
e0606b55,1507,1506,1790073076750.722,28.039752
e0606b55,1508,1507,1790073076792.248,41.526404
e0606b55,1509,1508,1790073076831.504,39.256142
e0606b55,1510,1509,1790073076876.306,44.802173
e0606b55,1511,1510,1790073076911.863,35.556703
e0606b55,1512,1511,1790073076953.097,41.2335
e0606b55,1513,1512,1790073076992.557,39.460195
e0606b55,1514,1513,1790073077033.019,40.462165
e0606b55,1515,1514,1790073077075.641,42.622331
e0606b55,1516,1515,1790073077105.124,29.482838
e0606b55,1517,1516,1790073077156.429,51.305035
e0606b55,1518,1517,1790073077190.458,34.0285
e0606b55,1519,1518,1790073077231.97,41.512776
e0606b55,1520,1519,1790073077277.476,45.505665
e0606b55,1521,1520,1790073077310.565,33.088482
e0606b55,1522,1521,1790073077358.36,47.795377
e0606b55,1523,1522,1790073077392.121,33.760791
e0606b55,1524,1523,1790073077435.605,43.484417
e0606b55,1525,1524,1790073077480.916,45.310487
e0606b55,1526,1525,1790073077506.074,25.158813
e0606b55,1527,1526,1790073077558.058,51.983832
e0606b55,1528,1527,1790073077594.468,36.409328
e0606b55,1529,1528,1790073077596.298,1.830142
e0606b55,1530,1529,1790073077597.844,1.546408
e0606b55,1531,1530,1790073077601.77,3.925529
e0606b55,1532,1531,1790073077605.055,3.285513
e0606b55,1533,1532,1790073077606.649,1.59398
e0606b55,1534,1533,1790073077679.355,72.70546
e0606b55,1535,1534,1790073077956.103,276.747963
e0606b55,1536,1535,1790073077990.664,34.561013
e0606b55,1537,1536,1790073078037.095,46.431356
e0606b55,1538,1537,1790073078073.728,36.633173
e0606b55,1539,1538,1790073078110.137,36.408757
e0606b55,1540,1539,1790073078159.616,49.479248
e0606b55,1541,1540,1790073078193.761,34.144474
e0606b55,1542,1541,1790073078233.726,39.96478
e0606b55,1543,1542,1790073078276.176,42.450586
e0606b55,1544,1543,1790073078318.542,42.365755
e0606b55,1545,1544,1790073078353.403,34.861069
e0606b55,1546,1545,1790073078394.056,40.653144
e0606b55,1547,1546,1790073078437.178,43.121937
e0606b55,1548,1547,1790073078475.412,38.23351
e0606b55,1549,1548,1790073078518.165,42.753775
e0606b55,1550,1549,1790073078561.566,43.400819
e0606b55,1551,1550,1790073078598.596,37.029831
e0606b55,1552,1551,1790073078634.888,36.291906
e0606b55,1553,1552,1790073078679.629,44.741509
e0606b55,1554,1553,1790073078716.533,36.903429
e0606b55,1555,1554,1790073078757.152,40.619275
e0606b55,1556,1555,1790073078791.488,34.336316
e0606b55,1557,1556,1790073078830.311,38.822381
e0606b55,1558,1557,1790073078875.855,45.544334
e0606b55,1559,1558,1790073078910.729,34.873403
e0606b55,1560,1559,1790073078953.009,42.280011
e0606b55,1561,1560,1790073078993.573,40.564793
e0606b55,1562,1561,1790073079041.237,47.664025
e0606b55,1563,1562,1790073079077.292,36.054278
e0606b55,1564,1563,1790073079106.647,29.355026
e0606b55,1565,1564,1790073079161.522,54.875809
e0606b55,1566,1565,1790073079191.913,30.39036
e0606b55,1567,1566,1790073079232.527,40.614097
e0606b55,1568,1567,1790073079277.87,45.342877
e0606b55,1569,1568,1790073079315.813,37.943767
e0606b55,1570,1569,1790073079352.203,36.389153
e0606b55,1571,1570,1790073079391.668,39.465582
e0606b55,1572,1571,1790073079437.312,45.643781
e0606b55,1573,1572,1790073079476.104,38.791978
e0606b55,1574,1573,1790073079518.52,42.41632
e0606b55,1575,1574,1790073079546.304,27.78333
e0606b55,1576,1575,1790073079600.992,54.688525
e0606b55,1577,1576,1790073079602.442,1.450261
e0606b55,1578,1577,1790073079603.248,0.805755
e0606b55,1579,1578,1790073079604.102,0.853758
e0606b55,1580,1579,1790073079605.439,1.336855
e0606b55,1581,1580,1790073079675.569,70.129798
e0606b55,1582,1581,1790073079948.945,273.37662
e0606b55,1583,1582,1790073080006.875,57.929432
e0606b55,1584,1583,1790073080035.757,28.882158
e0606b55,1585,1584,1790073080080.896,45.13907
e0606b55,1586,1585,1790073080110.261,29.365263
e0606b55,1587,1586,1790073080150.712,40.451177
e0606b55,1588,1587,1790073080191.942,41.229399
e0606b55,1589,1588,1790073080239.708,47.7667
e0606b55,1590,1589,1790073080274.032,34.324043
e0606b55,1591,1590,1790073080305.261,31.228972
e0606b55,1592,1591,1790073080361.268,56.00695
e0606b55,1593,1592,1790073080391.224,29.955135
e0606b55,1594,1593,1790073080432.678,41.454952
e0606b55,1595,1594,1790073080469.799,37.120124
e0606b55,1596,1595,1790073080512.813,43.014795
e0606b55,1597,1596,1790073080557.003,44.189293
e0606b55,1598,1597,1790073080605.058,48.054983
e0606b55,1599,1598,1790073080639.648,34.590032
e0606b55,1600,1599,1790073080677.24,37.592562
e0606b55,1601,1600,1790073080725.179,47.938953
e0606b55,1602,1601,1790073080751.128,25.948373
e0606b55,1603,1602,1790073080791.796,40.668162
e0606b55,1604,1603,1790073080832.435,40.639073
e0606b55,1605,1604,1790073080872.245,39.810086
e0606b55,1606,1605,1790073080914.538,42.292797
e0606b55,1607,1606,1790073080962.064,47.526615
e0606b55,1608,1607,1790073080995.518,33.453632
e0606b55,1609,1608,1790073081034.61,39.092087
e0606b55,1610,1609,1790073081075.673,41.063345
e0606b55,1611,1610,1790073081116.54,40.866102
e0606b55,1612,1611,1790073081149.128,32.588452
e0606b55,1613,1612,1790073081196.925,47.797429
e0606b55,1614,1613,1790073081244.307,47.381579
e0606b55,1615,1614,1790073081271.446,27.139
e0606b55,1616,1615,1790073081310.479,39.032935
e0606b55,1617,1616,1790073081350.651,40.172037
e0606b55,1618,1617,1790073081390.825,40.174441
e0606b55,1619,1618,1790073081435.044,44.21902
e0606b55,1620,1619,1790073081475.354,40.310123
e0606b55,1621,1620,1790073081511.567,36.21214
e0606b55,1622,1621,1790073081556.532,44.965085
e0606b55,1623,1622,1790073081594.861,38.329297
e0606b55,1624,1623,1790073081596.572,1.710429
e0606b55,1625,1624,1790073081598.131,1.559675
e0606b55,1626,1625,1790073081601.486,3.35477
e0606b55,1627,1626,1790073081604.15,2.663821
e0606b55,1628,1627,1790073081605.954,1.803934
e0606b55,1629,1628,1790073081674.583,68.629519
e0606b55,1630,1629,1790073081944.498,269.915086
e0606b55,1631,1630,1790073081998.747,54.248308
e0606b55,1632,1631,1790073082035.348,36.601399
e0606b55,1633,1632,1790073082065.644,30.295882
e0606b55,1634,1633,1790073082124.802,59.157529
e0606b55,1635,1634,1790073082156.458,31.656489
e0606b55,1636,1635,1790073082189.505,33.047336
e0606b55,1637,1636,1790073082239.362,49.856589
e0606b55,1638,1637,1790073082271.51,32.147837
e0606b55,1639,1638,1790073082322.203,50.692968
e0606b55,1640,1639,1790073082351.519,29.316502
e0606b55,1641,1640,1790073082396.34,44.820866
e0606b55,1642,1641,1790073082436.057,39.717355
e0606b55,1643,1642,1790073082476.982,40.924563
e0606b55,1644,1643,1790073082507.571,30.588901
e0606b55,1645,1644,1790073082556.442,48.871278
e0606b55,1646,1645,1790073082592.109,35.667248
e0606b55,1647,1646,1790073082641.929,49.819997
e0606b55,1648,1647,1790073082671.198,29.268356
e0606b55,1649,1648,1790073082725.61,54.412747
e0606b55,1650,1649,1790073082754.117,28.507054
e0606b55,1651,1650,1790073082795.247,41.129803
e0606b55,1652,1651,1790073082838.723,43.475786
e0606b55,1653,1652,1790073082881.17,42.446712
e0606b55,1654,1653,1790073082918.396,37.225602
e0606b55,1655,1654,1790073082955.111,36.715232
e0606b55,1656,1655,1790073082993.434,38.323702
e0606b55,1657,1656,1790073083035.766,42.331521
e0606b55,1658,1657,1790073083076.321,40.554823
e0606b55,1659,1658,1790073083108.88,32.559756
e0606b55,1660,1659,1790073083152.63,43.749385
e0606b55,1661,1660,1790073083189.979,37.349756
e0606b55,1662,1661,1790073083231.087,41.107849
e0606b55,1663,1662,1790073083288.006,56.918257
e0606b55,1664,1663,1790073083316.976,28.970617
e0606b55,1665,1664,1790073083353.409,36.432493
e0606b55,1666,1665,1790073083398.555,45.146547
e0606b55,1667,1666,1790073083440.202,41.646861
e0606b55,1668,1667,1790073083481.536,41.333987
e0606b55,1669,1668,1790073083511.503,29.966627
e0606b55,1670,1669,1790073083552.017,40.514219
e0606b55,1671,1670,1790073083601.165,49.147551
e0606b55,1672,1671,1790073083602.372,1.207825
e0606b55,1673,1672,1790073083603.943,1.570916
e0606b55,1674,1673,1790073083608.469,4.526005
e0606b55,1675,1674,1790073083609.724,1.254457
e0606b55,1676,1675,1790073083610.929,1.20571
e0606b55,1677,1676,1790073083673.091,62.161573
e0606b55,1678,1677,1790073083958.647,285.556493
e0606b55,1679,1678,1790073083993.919,35.271754
e0606b55,1680,1679,1790073084033.398,39.479179
e0606b55,1681,1680,1790073084075.072,41.673033
e0606b55,1682,1681,1790073084115.583,40.51196
e0606b55,1683,1682,1790073084158.127,42.543962
e0606b55,1684,1683,1790073084202.989,44.86128
e0606b55,1685,1684,1790073084225.587,22.59856
e0606b55,1686,1685,1790073084277.39,51.802324
e0606b55,1687,1686,1790073084314.02,36.630663
e0606b55,1688,1687,1790073084354.912,40.891546
e0606b55,1689,1688,1790073084396.848,41.936114
e0606b55,1690,1689,1790073084431.903,35.055284
e0606b55,1691,1690,1790073084477.239,45.335774
e0606b55,1692,1691,1790073084512.011,34.772151
e0606b55,1693,1692,1790073084565.459,53.448367
e0606b55,1694,1693,1790073084600.346,34.886706
e0606b55,1695,1694,1790073084633.006,32.659518
e0606b55,1696,1695,1790073084679.109,46.103667
e0606b55,1697,1696,1790073084717.428,38.319006
e0606b55,1698,1697,1790073084749.438,32.009104
e0606b55,1699,1698,1790073084789.538,40.10045
e0606b55,1700,1699,1790073084831.533,41.995334
e0606b55,1701,1700,1790073084873.748,42.214631
e0606b55,1702,1701,1790073084912.556,38.80841
e0606b55,1703,1702,1790073084952.284,39.727517
e0606b55,1704,1703,1790073084999.208,46.924116
e0606b55,1705,1704,1790073085033.403,34.195423
e0606b55,1706,1705,1790073085080.627,47.223226
e0606b55,1707,1706,1790073085115.333,34.706884
e0606b55,1708,1707,1790073085150.587,35.253489
e0606b55,1709,1708,1790073085200.526,49.939456
e0606b55,1710,1709,1790073085244.2,43.67382
e0606b55,1711,1710,1790073085271.034,26.833905
e0606b55,1712,1711,1790073085317.147,46.113005
e0606b55,1713,1712,1790073085352.415,35.267303
e0606b55,1714,1713,1790073085398.934,46.519577
e0606b55,1715,1714,1790073085432.752,33.818063
e0606b55,1716,1715,1790073085476.583,43.831166
e0606b55,1717,1716,1790073085522.553,45.969744
e0606b55,1718,1717,1790073085565.772,43.219255
e0606b55,1719,1718,1790073085598.955,33.182203
e0606b55,1720,1719,1790073085600.577,1.62232
e0606b55,1721,1720,1790073085603.753,3.175969
e0606b55,1722,1721,1790073085605.906,2.153309
e0606b55,1723,1722,1790073085607.488,1.581807
e0606b55,1724,1723,1790073085608.814,1.326578
e0606b55,1725,1724,1790073085674.551,65.736268
e0606b55,1726,1725,1790073085954.164,279.613202
e0606b55,1727,1726,1790073085996.791,42.627208
e0606b55,1728,1727,1790073086031.425,34.633424
e0606b55,1729,1728,1790073086078.245,46.820178
e0606b55,1730,1729,1790073086110.156,31.911372
e0606b55,1731,1730,1790073086153.313,43.157426
e0606b55,1732,1731,1790073086206.319,53.004973
e0606b55,1733,1732,1790073086235.796,29.477089
e0606b55,1734,1733,1790073086277.456,41.660293
e0606b55,1735,1734,1790073086313.139,35.682664
e0606b55,1736,1735,1790073086353.551,40.411881
e0606b55,1737,1736,1790073086397.843,44.292862
e0606b55,1738,1737,1790073086434.963,37.119992
e0606b55,1739,1738,1790073086465.305,30.341519
e0606b55,1740,1739,1790073086515.756,50.450918
e0606b55,1741,1740,1790073086564.515,48.759244
e0606b55,1742,1741,1790073086600.392,35.876623
e0606b55,1743,1742,1790073086643.736,43.344371
e0606b55,1744,1743,1790073086674.161,30.425127
e0606b55,1745,1744,1790073086721.533,47.372175
e0606b55,1746,1745,1790073086754.618,33.08513
e0606b55,1747,1746,1790073086811.793,57.174797
e0606b55,1748,1747,1790073086845.353,33.559655
e0606b55,1749,1748,1790073086871.476,26.123155
e0606b55,1750,1749,1790073086930.362,58.885447
e0606b55,1751,1750,1790073086958.215,27.853243
e0606b55,1752,1751,1790073086995.317,37.102591
e0606b55,1753,1752,1790073087030.664,35.346513
e0606b55,1754,1753,1790073087075.603,44.938889
e0606b55,1755,1754,1790073087121.036,45.432835
e0606b55,1756,1755,1790073087150.577,29.541264
e0606b55,1757,1756,1790073087209.087,58.509803
e0606b55,1758,1757,1790073087242.584,33.497618
e0606b55,1759,1758,1790073087275.788,33.204019
e0606b55,1760,1759,1790073087313.165,37.37643
e0606b55,1761,1760,1790073087355.553,42.3889
e0606b55,1762,1761,1790073087396.996,41.442136
e0606b55,1763,1762,1790073087437.876,40.880048
e0606b55,1764,1763,1790073087474.13,36.254084
e0606b55,1765,1764,1790073087517.78,43.650285
e0606b55,1766,1765,1790073087552.275,34.494799
e0606b55,1767,1766,1790073087599.376,47.101314
e0606b55,1768,1767,1790073087601.122,1.745691
e0606b55,1769,1768,1790073087603.664,2.54221
e0606b55,1770,1769,1790073087605.098,1.433788
e0606b55,1771,1770,1790073087606.677,1.578806
e0606b55,1772,1771,1790073087608.521,1.843769
e0606b55,1773,1772,1790073087685.531,77.010461
e0606b55,1774,1773,1790073087965.629,280.098477
e0606b55,1775,1774,1790073087991.056,25.426732
e0606b55,1776,1775,1790073088040.091,49.034948
e0606b55,1777,1776,1790073088075.754,35.662579
e0606b55,1778,1777,1790073088110.679,34.925472
e0606b55,1779,1778,1790073088151.788,41.108354
e0606b55,1780,1779,1790073088199.269,47.481268
e0606b55,1781,1780,1790073088235.413,36.144059
e0606b55,1782,1781,1790073088272.946,37.532975
e0606b55,1783,1782,1790073088320.703,47.756927
e0606b55,1784,1783,1790073088360.628,39.92526
e0606b55,1785,1784,1790073088406.47,45.842444
e0606b55,1786,1785,1790073088441.168,34.697781
e0606b55,1787,1786,1790073088478.961,37.792784
e0606b55,1788,1787,1790073088517.656,38.695147
e0606b55,1789,1788,1790073088556.004,38.347627
e0606b55,1790,1789,1790073088591.553,35.549151
e0606b55,1791,1790,1790073088631.458,39.90552
e0606b55,1792,1791,1790073088672.546,41.087125
e0606b55,1793,1792,1790073088722.656,50.110355
e0606b55,1794,1793,1790073088750.422,27.766052
e0606b55,1795,1794,1790073088796.36,45.93807
e0606b55,1796,1795,1790073088844.206,47.845511
e0606b55,1797,1796,1790073088875.815,31.609042
e0606b55,1798,1797,1790073088913.72,37.905597
e0606b55,1799,1798,1790073088952.451,38.731066
e0606b55,1800,1799,1790073088993.774,41.322635
e0606b55,1801,1800,1790073089045.027,51.252993
e0606b55,1802,1801,1790073089080.711,35.683875
e0606b55,1803,1802,1790073089108.503,27.792734
e0606b55,1804,1803,1790073089155.828,47.324338
e0606b55,1805,1804,1790073089190.662,34.834029
e0606b55,1806,1805,1790073089234.148,43.48659
e0606b55,1807,1806,1790073089271.501,37.352202
e0606b55,1808,1807,1790073089314.098,42.596887
e0606b55,1809,1808,1790073089352.16,38.06256
e0606b55,1810,1809,1790073089394.768,42.608029
e0606b55,1811,1810,1790073089434.169,39.401249
e0606b55,1812,1811,1790073089481.783,47.613718
e0606b55,1813,1812,1790073089513.941,32.158232
e0606b55,1814,1813,1790073089548.805,34.864163
e0606b55,1815,1814,1790073089597.976,49.170381
e0606b55,1816,1815,1790073089603.236,5.25997
e0606b55,1817,1816,1790073089606.517,3.281137
e0606b55,1818,1817,1790073089607.221,0.703948
e0606b55,1819,1818,1790073089608.05,0.829016
e0606b55,1820,1819,1790073089609.807,1.757151
e0606b55,1821,1820,1790073089673.273,63.465548
e0606b55,1822,1821,1790073089955.528,282.255701
e0606b55,1823,1822,1790073089991.811,36.282799
e0606b55,1824,1823,1790073090029.887,38.076117
e0606b55,1825,1824,1790073090071.059,41.171279
e0606b55,1826,1825,1790073090111.681,40.622472
e0606b55,1827,1826,1790073090158.457,46.775997
e0606b55,1828,1827,1790073090202.86,44.403165
e0606b55,1829,1828,1790073090237.493,34.633082
e0606b55,1830,1829,1790073090278.336,40.842566
e0606b55,1831,1830,1790073090313.856,35.520167
e0606b55,1832,1831,1790073090346.895,33.03848
e0606b55,1833,1832,1790073090403.569,56.674212
e0606b55,1834,1833,1790073090429.172,25.602925
e0606b55,1835,1834,1790073090472.606,43.434513
e0606b55,1836,1835,1790073090518.062,45.456234
e0606b55,1837,1836,1790073090559.813,41.75079
e0606b55,1838,1837,1790073090597.11,37.29722
e0606b55,1839,1838,1790073090632.156,35.045198
e0606b55,1840,1839,1790073090672.982,40.826069
e0606b55,1841,1840,1790073090726.898,53.916134
e0606b55,1842,1841,1790073090765.131,38.232728
e0606b55,1843,1842,1790073090793.861,28.730856
e0606b55,1844,1843,1790073090832.372,38.510292
e0606b55,1845,1844,1790073090879.427,47.055907
e0606b55,1846,1845,1790073090917.957,38.528929
e0606b55,1847,1846,1790073090953.216,35.259127
e0606b55,1848,1847,1790073090994.383,41.166955
e0606b55,1849,1848,1790073091035.543,41.160205
e0606b55,1850,1849,1790073091076.179,40.636667
e0606b55,1851,1850,1790073091128.543,52.363392
e0606b55,1852,1851,1790073091161.79,33.247488
e0606b55,1853,1852,1790073091197.932,36.141599
e0606b55,1854,1853,1790073091237.027,39.094558
e0606b55,1855,1854,1790073091278.907,41.880337
e0606b55,1856,1855,1790073091310.345,31.438535
e0606b55,1857,1856,1790073091350.245,39.899836
e0606b55,1858,1857,1790073091399.474,49.228645
e0606b55,1859,1858,1790073091438.072,38.597764
e0606b55,1860,1859,1790073091472.743,34.671101
e0606b55,1861,1860,1790073091517.102,44.359452
e0606b55,1862,1861,1790073091557.633,40.53054
e0606b55,1863,1862,1790073091594.824,37.19132
e0606b55,1864,1863,1790073091597.061,2.236655
e0606b55,1865,1864,1790073091599.801,2.739913
e0606b55,1866,1865,1790073091604.653,4.852753
e0606b55,1867,1866,1790073091607.312,2.658176
e0606b55,1868,1867,1790073091669.147,61.836043
e0606b55,1869,1868,1790073091959.789,290.641393
e0606b55,1870,1869,1790073092001.988,42.199349
e0606b55,1871,1870,1790073092046.164,44.175987
e0606b55,1872,1871,1790073092079.899,33.734805
e0606b55,1873,1872,1790073092107.352,27.452407
e0606b55,1874,1873,1790073092151.521,44.1697
e0606b55,1875,1874,1790073092190.012,38.490774
e0606b55,1876,1875,1790073092234.409,44.396611
e0606b55,1877,1876,1790073092277.421,43.01259
e0606b55,1878,1877,1790073092317.47,40.049014
e0606b55,1879,1878,1790073092358.004,40.533477
e0606b55,1880,1879,1790073092393.85,35.845914
e0606b55,1881,1880,1790073092435.755,41.905212
e0606b55,1882,1881,1790073092475.719,39.964582
e0606b55,1883,1882,1790073092520.759,45.03995
e0606b55,1884,1883,1790073092548.183,27.424052
e0606b55,1885,1884,1790073092599.044,50.860436
e0606b55,1886,1885,1790073092638.585,39.541265
e0606b55,1887,1886,1790073092684.217,45.631866
e0606b55,1888,1887,1790073092721.712,37.495336
e0606b55,1889,1888,1790073092759.634,37.921192
e0606b55,1890,1889,1790073092794.812,35.178758
e0606b55,1891,1890,1790073092842.356,47.543587
e0606b55,1892,1891,1790073092893.559,51.203328
e0606b55,1893,1892,1790073092909.368,15.809347
e0606b55,1894,1893,1790073092956.136,46.767955
e0606b55,1895,1894,1790073092988.742,32.605964
e0606b55,1896,1895,1790073093033.904,45.161272
e0606b55,1897,1896,1790073093071.859,37.955689
e0606b55,1898,1897,1790073093111.698,39.839213
e0606b55,1899,1898,1790073093150.903,39.204518
e0606b55,1900,1899,1790073093192.695,41.792198
e0606b55,1901,1900,1790073093239.371,46.675302
e0606b55,1902,1901,1790073093271.148,31.777774
e0606b55,1903,1902,1790073093327.567,56.418588
e0606b55,1904,1903,1790073093357.49,29.922745
e0606b55,1905,1904,1790073093394.345,36.85569
e0606b55,1906,1905,1790073093441.174,46.828669
e0606b55,1907,1906,1790073093478.21,37.036173
e0606b55,1908,1907,1790073093510.35,32.139652
e0606b55,1909,1908,1790073093555.885,45.535011
e0606b55,1910,1909,1790073093596.588,40.70322
e0606b55,1911,1910,1790073093598.158,1.569707
e0606b55,1912,1911,1790073093599.778,1.620394
e0606b55,1913,1912,1790073093601.338,1.559827
e0606b55,1914,1913,1790073093684.177,82.838457
e0606b55,1915,1914,1790073093950.838,266.661116
e0606b55,1916,1915,1790073093991.833,40.995743
e0606b55,1917,1916,1790073094036.646,44.812732
e0606b55,1918,1917,1790073094074.815,38.16887
e0606b55,1919,1918,1790073094115.147,40.332185
e0606b55,1920,1919,1790073094160.023,44.875468
e0606b55,1921,1920,1790073094195.314,35.291697
e0606b55,1922,1921,1790073094241.563,46.248596
e0606b55,1923,1922,1790073094280.866,39.303516
e0606b55,1924,1923,1790073094310.245,29.378248
e0606b55,1925,1924,1790073094350.409,40.16419
e0606b55,1926,1925,1790073094391.263,40.854593
e0606b55,1927,1926,1790073094431.047,39.783101
e0606b55,1928,1927,1790073094471.831,40.78437
e0606b55,1929,1928,1790073094511.828,39.99697
e0606b55,1930,1929,1790073094552.425,40.597162
e0606b55,1931,1930,1790073094605.835,53.410029
e0606b55,1932,1931,1790073094644.859,39.024288
e0606b55,1933,1932,1790073094678.209,33.349756
e0606b55,1934,1933,1790073094719.73,41.521081
e0606b55,1935,1934,1790073094757.438,37.70729
e0606b55,1936,1935,1790073094791.885,34.4469
e0606b55,1937,1936,1790073094831.993,40.109098
e0606b55,1938,1937,1790073094871.802,39.808276
e0606b55,1939,1938,1790073094919.748,47.945827
e0606b55,1940,1939,1790073094962.815,43.067349
e0606b55,1941,1940,1790073094994.518,31.703172
e0606b55,1942,1941,1790073095035.934,41.415431
e0606b55,1943,1942,1790073095072.36,36.426488
e0606b55,1944,1943,1790073095125.208,52.847504
e0606b55,1945,1944,1790073095161.86,36.652352
e0606b55,1946,1945,1790073095214.182,52.32163
e0606b55,1947,1946,1790073095240.521,26.339321
e0606b55,1948,1947,1790073095272.592,32.071358
e0606b55,1949,1948,1790073095312.809,40.217226
e0606b55,1950,1949,1790073095355.568,42.758763
e0606b55,1951,1950,1790073095393.729,38.160753
e0606b55,1952,1951,1790073095445.203,51.474041
e0606b55,1953,1952,1790073095475.872,30.668974
e0606b55,1954,1953,1790073095538.817,62.945318
e0606b55,1955,1954,1790073095557.161,18.343647
e0606b55,1956,1955,1790073095600.563,43.401917
e0606b55,1957,1956,1790073095601.982,1.418743
e0606b55,1958,1957,1790073095606.102,4.120238
e0606b55,1959,1958,1790073095606.995,0.892925
e0606b55,1960,1959,1790073095608.03,1.034895
e0606b55,1961,1960,1790073095609.861,1.831555
e0606b55,1962,1961,1790073095674.956,65.094515
e0606b55,1963,1962,1790073095955.962,281.005977
e0606b55,1964,1963,1790073095990.914,34.952482
e0606b55,1965,1964,1790073096029.448,38.53422
e0606b55,1966,1965,1790073096071.369,41.920802
e0606b55,1967,1966,1790073096111.493,40.123984
e0606b55,1968,1967,1790073096153.8,42.3071
e0606b55,1969,1968,1790073096194.33,40.529379
e0606b55,1970,1969,1790073096234.515,40.185506
e0606b55,1971,1970,1790073096278.651,44.135888
e0606b55,1972,1971,1790073096317.697,39.046194
e0606b55,1973,1972,1790073096356.763,39.065972
e0606b55,1974,1973,1790073096396.716,39.952979
e0606b55,1975,1974,1790073096436.165,39.448222
e0606b55,1976,1975,1790073096476.2,40.03542
e0606b55,1977,1976,1790073096516.651,40.451151
e0606b55,1978,1977,1790073096552.908,36.257391
e0606b55,1979,1978,1790073096591.77,38.861977
e0606b55,1980,1979,1790073096630.1,38.329965
e0606b55,1981,1980,1790073096672.558,42.457231
e0606b55,1982,1981,1790073096726.938,54.380791
e0606b55,1983,1982,1790073096755.77,28.831344
e0606b55,1984,1983,1790073096791.766,35.996176
e0606b55,1985,1984,1790073096837.112,45.34604
e0606b55,1986,1985,1790073096883.36,46.247738
e0606b55,1987,1986,1790073096915.836,32.476252
e0606b55,1988,1987,1790073096946.407,30.571501
e0606b55,1989,1988,1790073097011.191,64.784084
e0606b55,1990,1989,1790073097033.009,21.817479
e0606b55,1991,1990,1790073097072.088,39.078942
e0606b55,1992,1991,1790073097113.638,41.550165
e0606b55,1993,1992,1790073097151.493,37.854598
e0606b55,1994,1993,1790073097208.327,56.834799
e0606b55,1995,1994,1790073097234.535,26.207516
e0606b55,1996,1995,1790073097273.137,38.602418
e0606b55,1997,1996,1790073097319.03,45.8921
e0606b55,1998,1997,1790073097356.837,37.807237
e0606b55,1999,1998,1790073097385.319,28.482524
e0606b55,2000,1999,1790073097436.53,51.210333
e0606b55,2001,2000,1790073097476.889,40.359463
e0606b55,2002,2001,1790073097516.98,40.090797
e0606b55,2003,2002,1790073097550.842,33.86245
e0606b55,2004,2003,1790073097594.896,44.053962
e0606b55,2005,2004,1790073097596.416,1.520044
e0606b55,2006,2005,1790073097597.989,1.572319
e0606b55,2007,2006,1790073097599.233,1.244843
e0606b55,2008,2007,1790073097600.656,1.423111
e0606b55,2009,2008,1790073097602.096,1.439586
e0606b55,2010,2009,1790073097678.3,76.203832
e0606b55,2011,2010,1790073097951.514,273.214392
e0606b55,2012,2011,1790073097997.05,45.535857
e0606b55,2013,2012,1790073098037.769,40.718982
e0606b55,2014,2013,1790073098081.691,43.921484
e0606b55,2015,2014,1790073098110.352,28.66095
e0606b55,2016,2015,1790073098150.25,39.898615
e0606b55,2017,2016,1790073098206.648,56.397839
e0606b55,2018,2017,1790073098234.142,27.493715
e0606b55,2019,2018,1790073098274.107,39.964898
e0606b55,2020,2019,1790073098305.644,31.537503
e0606b55,2021,2020,1790073098359.448,53.803241
e0606b55,2022,2021,1790073098392.849,33.401241
e0606b55,2023,2022,1790073098431.66,38.811275
e0606b55,2024,2023,1790073098470.371,38.711231
e0606b55,2025,2024,1790073098510.959,40.587622
e0606b55,2026,2025,1790073098551.544,40.585482
e0606b55,2027,2026,1790073098595.442,43.898097
e0606b55,2028,2027,1790073098634.112,38.669357
e0606b55,2029,2028,1790073098676.709,42.597063
e0606b55,2030,2029,1790073098718.265,41.555852
e0606b55,2031,2030,1790073098749.455,31.189763
e0606b55,2032,2031,1790073098800.535,51.080625
e0606b55,2033,2032,1790073098835.452,34.916522
e0606b55,2034,2033,1790073098885.791,50.338928
e0606b55,2035,2034,1790073098911.446,25.655749
e0606b55,2036,2035,1790073098959.403,47.95678
e0606b55,2037,2036,1790073098991.196,31.792712
e0606b55,2038,2037,1790073099038.823,47.627395
e0606b55,2039,2038,1790073099075.402,36.578789
e0606b55,2040,2039,1790073099104.532,29.129674
e0606b55,2041,2040,1790073099167.726,63.194551
e0606b55,2042,2041,1790073099189.646,21.92009
e0606b55,2043,2042,1790073099231.101,41.455123
e0606b55,2044,2043,1790073099271.624,40.522219
e0606b55,2045,2044,1790073099318.274,46.649969
e0606b55,2046,2045,1790073099351.96,33.686287
e0606b55,2047,2046,1790073099393.703,41.743355
e0606b55,2048,2047,1790073099444.663,50.960071
e0606b55,2049,2048,1790073099475.368,30.704811
e0606b55,2050,2049,1790073099516.412,41.044072
e0606b55,2051,2050,1790073099550.3,33.887476
e0606b55,2052,2051,1790073099602.575,52.2752
e0606b55,2053,2052,1790073099604.003,1.428317
e0606b55,2054,2053,1790073099604.964,0.960484
e0606b55,2055,2054,1790073099606.338,1.374816
e0606b55,2056,2055,1790073099607.204,0.865802
e0606b55,2057,2056,1790073099668.958,61.753376
e0606b55,2058,2057,1790073099956.396,287.438407
e0606b55,2059,2058,1790073099993.879,37.482907
e0606b55,2060,2059,1790073100046.821,52.942236
e0606b55,2061,2060,1790073100076.179,29.357475
e0606b55,2062,2061,1790073100110.549,34.37074
e0606b55,2063,2062,1790073100160.116,49.566281
e0606b55,2064,2063,1790073100191.172,31.056742
e0606b55,2065,2064,1790073100245.818,54.645921
e0606b55,2066,2065,1790073100272.774,26.955868
e0606b55,2067,2066,1790073100317.927,45.153232
e0606b55,2068,2067,1790073100352.329,34.401893
e0606b55,2069,2068,1790073100394.067,41.737487
e0606b55,2070,2069,1790073100437.015,42.947888
e0606b55,2071,2070,1790073100475.323,38.307794
e0606b55,2072,2071,1790073100522.119,46.796431
e0606b55,2073,2072,1790073100563.844,41.724483
e0606b55,2074,2073,1790073100596.977,33.133202
e0606b55,2075,2074,1790073100638.679,41.702329
e0606b55,2076,2075,1790073100682.711,44.031816
e0606b55,2077,2076,1790073100726.54,43.829577
e0606b55,2078,2077,1790073100749.615,23.074563
e0606b55,2079,2078,1790073100793.068,43.452612
e0606b55,2080,2079,1790073100835.628,42.560346
e0606b55,2081,2080,1790073100880.022,44.393738
e0606b55,2082,2081,1790073100920.06,40.038716
e0606b55,2083,2082,1790073100952.843,32.782828
e0606b55,2084,2083,1790073100995.25,42.406479
e0606b55,2085,2084,1790073101037.165,41.915323
e0606b55,2086,2085,1790073101067.014,29.849183
e0606b55,2087,2086,1790073101116.513,49.498686
e0606b55,2088,2087,1790073101166.514,50.001586
e0606b55,2089,2088,1790073101197.101,30.586769
e0606b55,2090,2089,1790073101230.162,33.060713
e0606b55,2091,2090,1790073101270.834,40.672333
e0606b55,2092,2091,1790073101311.218,40.384124
e0606b55,2093,2092,1790073101355.342,44.123684
e0606b55,2094,2093,1790073101404.236,48.894088
e0606b55,2095,2094,1790073101435.571,31.334378
e0606b55,2096,2095,1790073101476.206,40.635044
e0606b55,2097,2096,1790073101521.264,45.058464
e0606b55,2098,2097,1790073101549.252,27.987708
e0606b55,2099,2098,1790073101594.687,45.435611
e0606b55,2100,2099,1790073101596.083,1.396051
e0606b55,2101,2100,1790073101597.633,1.549862
e0606b55,2102,2101,1790073101599.041,1.407384
e0606b55,2103,2102,1790073101600.303,1.262825
e0606b55,2104,2103,1790073101679.911,79.607292
e0606b55,2105,2104,1790073101950.574,270.662889
e0606b55,2106,2105,1790073101998.935,48.360809
e0606b55,2107,2106,1790073102039.069,40.134433
e0606b55,2108,2107,1790073102075.268,36.198795
e0606b55,2109,2108,1790073102115.321,40.053138
e0606b55,2110,2109,1790073102150.947,35.626031
e0606b55,2111,2110,1790073102194.804,43.857059
e0606b55,2112,2111,1790073102230.554,35.750503
e0606b55,2113,2112,1790073102274.583,44.028365
e0606b55,2114,2113,1790073102319.444,44.861613
e0606b55,2115,2114,1790073102351.415,31.970517
e0606b55,2116,2115,1790073102392.906,41.491601
e0606b55,2117,2116,1790073102433.404,40.49764
e0606b55,2118,2117,1790073102464.9,31.496109
e0606b55,2119,2118,1790073102517.516,52.61553
e0606b55,2120,2119,1790073102558.55,41.034087
e0606b55,2121,2120,1790073102589.469,30.919393
e0606b55,2122,2121,1790073102637.053,47.583653
e0606b55,2123,2122,1790073102673.982,36.92908
e0606b55,2124,2123,1790073102721.831,47.848916
e0606b55,2125,2124,1790073102751.841,30.009543
e0606b55,2126,2125,1790073102792.067,40.226225
e0606b55,2127,2126,1790073102833.093,41.026029
e0606b55,2128,2127,1790073102881.946,48.853469
e0606b55,2129,2128,1790073102915.438,33.492173
e0606b55,2130,2129,1790073102946.422,30.983245
e0606b55,2131,2130,1790073102995.844,49.42253
e0606b55,2132,2131,1790073103035.468,39.62389
e0606b55,2133,2132,1790073103078.032,42.564152
e0606b55,2134,2133,1790073103113.53,35.49734
e0606b55,2135,2134,1790073103151.745,38.21535
e0606b55,2136,2135,1790073103192.741,40.996019
e0606b55,2137,2136,1790073103235.839,43.09812
e0606b55,2138,2137,1790073103272.66,36.820827
e0606b55,2139,2138,1790073103329.483,56.823649
e0606b55,2140,2139,1790073103357.314,27.831081
e0606b55,2141,2140,1790073103395.429,38.114606
e0606b55,2142,2141,1790073103436.065,40.636339
e0606b55,2143,2142,1790073103476.946,40.880235
e0606b55,2144,2143,1790073103518.516,41.570385
e0606b55,2145,2144,1790073103558.583,40.066367
e0606b55,2146,2145,1790073103599.684,41.101467
e0606b55,2147,2146,1790073103600.928,1.24404
e0606b55,2148,2147,1790073103602.416,1.488054
e0606b55,2149,2148,1790073103604.11,1.693534
e0606b55,2150,2149,1790073103605.572,1.461909
e0606b55,2151,2150,1790073103608.036,2.464901
e0606b55,2152,2151,1790073103675.264,67.227982
e0606b55,2153,2152,1790073103958.832,283.567539
e0606b55,2154,2153,1790073103989.047,30.215191
e0606b55,2155,2154,1790073104029.325,40.277729
e0606b55,2156,2155,1790073104079.03,49.705374
e0606b55,2157,2156,1790073104111.754,32.724224
e0606b55,2158,2157,1790073104162.329,50.574911
e0606b55,2159,2158,1790073104198.731,36.401607
e0606b55,2160,2159,1790073104237.976,39.244781
e0606b55,2161,2160,1790073104274.65,36.673821
e0606b55,2162,2161,1790073104316.488,41.837979
e0606b55,2163,2162,1790073104353.982,37.494279
e0606b55,2164,2163,1790073104397.872,43.88993
e0606b55,2165,2164,1790073104439.316,41.444038
e0606b55,2166,2165,1790073104477.249,37.93288
e0606b55,2167,2166,1790073104515.795,38.546175
e0606b55,2168,2167,1790073104556.888,41.093502
e0606b55,2169,2168,1790073104594.614,37.725885
e0606b55,2170,2169,1790073104631.543,36.929174
e0606b55,2171,2170,1790073104672.451,40.908098
e0606b55,2172,2171,1790073104726.438,53.986893
e0606b55,2173,2172,1790073104749.86,23.421444
e0606b55,2174,2173,1790073104795.039,45.179253
e0606b55,2175,2174,1790073104833.03,37.990899
e0606b55,2176,2175,1790073104872.638,39.607748
e0606b55,2177,2176,1790073104918.203,45.565254
e0606b55,2178,2177,1790073104953.005,34.801815
e0606b55,2179,2178,1790073104999.562,46.557352
e0606b55,2180,2179,1790073105042.414,42.852172
e0606b55,2181,2180,1790073105074.055,31.640965
e0606b55,2182,2181,1790073105122.891,48.836165
e0606b55,2183,2182,1790073105146.492,23.600471
e0606b55,2184,2183,1790073105204.055,57.563257
e0606b55,2185,2184,1790073105235.917,31.861401
e0606b55,2186,2185,1790073105278.495,42.578119
e0606b55,2187,2186,1790073105313.484,34.989012
e0606b55,2188,2187,1790073105349.802,36.31842
e0606b55,2189,2188,1790073105390.332,40.530186
e0606b55,2190,2189,1790073105432.79,42.457117
e0606b55,2191,2190,1790073105471.749,38.959787
e0606b55,2192,2191,1790073105514.884,43.13444
e0606b55,2193,2192,1790073105553.945,39.061514
e0606b55,2194,2193,1790073105599.155,45.20973
e0606b55,2195,2194,1790073105602.316,3.161402
e0606b55,2196,2195,1790073105604.453,2.136363
e0606b55,2197,2196,1790073105605.394,0.940939
e0606b55,2198,2197,1790073105608.388,2.994287
e0606b55,2199,2198,1790073105610.235,1.847281
e0606b55,2200,2199,1790073105678.914,68.678545
e0606b55,2201,2200,1790073105966.841,287.927296
e0606b55,2202,2201,1790073105992.678,25.837235
e0606b55,2203,2202,1790073106033.516,40.837923
e0606b55,2204,2203,1790073106078.41,44.894291
e0606b55,2205,2204,1790073106116.822,38.411249
e0606b55,2206,2205,1790073106145.031,28.209584
e0606b55,2207,2206,1790073106195.725,50.693608
e0606b55,2208,2207,1790073106237.578,41.853289
e0606b55,2209,2208,1790073106273.895,36.316491
e0606b55,2210,2209,1790073106320.253,46.358683
e0606b55,2211,2210,1790073106353.562,33.308758
e0606b55,2212,2211,1790073106391.637,38.075424
e0606b55,2213,2212,1790073106433.066,41.428738
e0606b55,2214,2213,1790073106474.379,41.313104
e0606b55,2215,2214,1790073106516.291,41.911821
e0606b55,2216,2215,1790073106571.253,54.961823
e0606b55,2217,2216,1790073106600.576,29.323219
e0606b55,2218,2217,1790073106632.566,31.989678
e0606b55,2219,2218,1790073106670.238,37.671978
e0606b55,2220,2219,1790073106734.033,63.795138
e0606b55,2221,2220,1790073106751.266,17.232521
e0606b55,2222,2221,1790073106791.484,40.218678
e0606b55,2223,2222,1790073106835.85,44.365607
e0606b55,2224,2223,1790073106874.601,38.750731
e0606b55,2225,2224,1790073106918.47,43.869027
e0606b55,2226,2225,1790073106954.999,36.528925
e0606b55,2227,2226,1790073106996.027,41.028566
e0606b55,2228,2227,1790073107038.052,42.024481
e0606b55,2229,2228,1790073107072.079,34.02758
e0606b55,2230,2229,1790073107114.189,42.109811
e0606b55,2231,2230,1790073107155.363,41.174298
e0606b55,2232,2231,1790073107190.79,35.427003
e0606b55,2233,2232,1790073107231.122,40.331537
e0606b55,2234,2233,1790073107272.567,41.445006
e0606b55,2235,2234,1790073107311.813,39.246329
e0606b55,2236,2235,1790073107354.713,42.899934
e0606b55,2237,2236,1790073107397.412,42.699143
e0606b55,2238,2237,1790073107436.281,38.86908
e0606b55,2239,2238,1790073107465.507,29.226056
e0606b55,2240,2239,1790073107520.694,55.18689
e0606b55,2241,2240,1790073107570.057,49.362517
e0606b55,2242,2241,1790073107599.548,29.490893
e0606b55,2243,2242,1790073107604.679,5.131412
e0606b55,2244,2243,1790073107605.945,1.26543
e0606b55,2245,2244,1790073107607.145,1.200423
e0606b55,2246,2245,1790073107610.315,3.169718
e0606b55,2247,2246,1790073107611.214,0.898847
e0606b55,2248,2247,1790073107672.1,60.886205
e0606b55,2249,2248,1790073107954.751,282.651219
e0606b55,2250,2249,1790073107995.948,41.197491
e0606b55,2251,2250,1790073108037.375,41.426805
e0606b55,2252,2251,1790073108082.263,44.887834
e0606b55,2253,2252,1790073108112.485,30.22154
e0606b55,2254,2253,1790073108149.617,37.13255
e0606b55,2255,2254,1790073108192.355,42.738387
e0606b55,2256,2255,1790073108232.038,39.68217
e0606b55,2257,2256,1790073108274.65,42.612762
e0606b55,2258,2257,1790073108311.95,37.299257
e0606b55,2259,2258,1790073108353.161,41.211539
e0606b55,2260,2259,1790073108395.15,41.988301
e0606b55,2261,2260,1790073108434.342,39.192113
e0606b55,2262,2261,1790073108466.264,31.922012
e0606b55,2263,2262,1790073108517.903,51.639472
e0606b55,2264,2263,1790073108554.141,36.238042
e0606b55,2265,2264,1790073108591.839,37.698192
e0606b55,2266,2265,1790073108631.073,39.233447
e0606b55,2267,2266,1790073108673.733,42.659922
e0606b55,2268,2267,1790073108723.769,50.036143
e0606b55,2269,2268,1790073108768.599,44.829718
e0606b55,2270,2269,1790073108802.338,33.739181
e0606b55,2271,2270,1790073108838.955,36.617479
e0606b55,2272,2271,1790073108873.223,34.267332
e0606b55,2273,2272,1790073108910.742,37.519422
e0606b55,2274,2273,1790073108952.51,41.768219
e0606b55,2275,2274,1790073108996.323,43.812243
e0606b55,2276,2275,1790073109041.234,44.911285
e0606b55,2277,2276,1790073109064.807,23.572865
e0606b55,2278,2277,1790073109117.37,52.563506
e0606b55,2279,2278,1790073109149.932,32.562305
e0606b55,2280,2279,1790073109207.505,57.572164
e0606b55,2281,2280,1790073109233.118,25.6134
e0606b55,2282,2281,1790073109270.532,37.413901
e0606b55,2283,2282,1790073109315.637,45.105071
e0606b55,2284,2283,1790073109351.377,35.740172
e0606b55,2285,2284,1790073109400.59,49.212336
e0606b55,2286,2285,1790073109442.805,42.215196
e0606b55,2287,2286,1790073109482.207,39.402119
e0606b55,2288,2287,1790073109516.243,34.036596
e0606b55,2289,2288,1790073109563.254,47.011004
e0606b55,2290,2289,1790073109605.845,42.590811
e0606b55,2291,2290,1790073109607.331,1.485466
e0606b55,2292,2291,1790073109609.947,2.61604
e0606b55,2293,2292,1790073109610.992,1.04495
e0606b55,2294,2293,1790073109612.132,1.140287
e0606b55,2295,2294,1790073109614.259,2.127365
e0606b55,2296,2295,1790073109672.516,58.25629
e0606b55,2297,2296,1790073109954.69,282.174773
e0606b55,2298,2297,1790073109993.154,38.463738
e0606b55,2299,2298,1790073110031.974,38.819457
e0606b55,2300,2299,1790073110075.501,43.527637
e0606b55,2301,2300,1790073110111.862,36.361124
e0606b55,2302,2301,1790073110153.337,41.474469
e0606b55,2303,2302,1790073110193.95,40.613594
e0606b55,2304,2303,1790073110237.141,43.190532
e0606b55,2305,2304,1790073110275.107,37.965778
e0606b55,2306,2305,1790073110321.752,46.645735
e0606b55,2307,2306,1790073110355.935,34.182667
e0606b55,2308,2307,1790073110397.002,41.067028
e0606b55,2309,2308,1790073110438.572,41.570206
e0606b55,2310,2309,1790073110486.214,47.641259
e0606b55,2311,2310,1790073110521.507,35.293252
e0606b55,2312,2311,1790073110550.727,29.22045
e0606b55,2313,2312,1790073110597.473,46.74612
e0606b55,2314,2313,1790073110640.655,43.181341
e0606b55,2315,2314,1790073110679.729,39.074632
e0606b55,2316,2315,1790073110717.926,38.196526
e0606b55,2317,2316,1790073110749.289,31.363109
e0606b55,2318,2317,1790073110801.649,52.360193
e0606b55,2319,2318,1790073110836.165,34.515824
e0606b55,2320,2319,1790073110872.782,36.617091
e0606b55,2321,2320,1790073110914.367,41.585376
e0606b55,2322,2321,1790073110955.286,40.918015
e0606b55,2323,2322,1790073111004.267,48.981745
e0606b55,2324,2323,1790073111045.489,41.221717
e0606b55,2325,2324,1790073111086.51,41.021541
e0606b55,2326,2325,1790073111111.904,25.393856
e0606b55,2327,2326,1790073111153.888,41.983237
e0606b55,2328,2327,1790073111190.608,36.720382
e0606b55,2329,2328,1790073111247.18,56.572008
e0606b55,2330,2329,1790073111277.564,30.384135
e0606b55,2331,2330,1790073111321.679,44.115034
e0606b55,2332,2331,1790073111354.729,33.049752
e0606b55,2333,2332,1790073111388.426,33.697325
e0606b55,2334,2333,1790073111440.994,52.567383
e0606b55,2335,2334,1790073111471.791,30.797501
e0606b55,2336,2335,1790073111511.363,39.57137
e0606b55,2337,2336,1790073111554.901,43.538509
e0606b55,2338,2337,1790073111597.22,42.318571
e0606b55,2339,2338,1790073111599.16,1.940292
e0606b55,2340,2339,1790073111602.202,3.042427
e0606b55,2341,2340,1790073111609.59,7.387424
e0606b55,2342,2341,1790073111673.396,63.805666
e0606b55,2343,2342,1790073111955.596,282.200836
e0606b55,2344,2343,1790073111994.896,39.299676
e0606b55,2345,2344,1790073112038.737,43.840653
e0606b55,2346,2345,1790073112069.723,30.986811
e0606b55,2347,2346,1790073112113.34,43.616496
e0606b55,2348,2347,1790073112153.584,40.244641
e0606b55,2349,2348,1790073112191.441,37.856893
e0606b55,2350,2349,1790073112232.502,41.06018
e0606b55,2351,2350,1790073112274.601,42.099418
e0606b55,2352,2351,1790073112313.744,39.143436
e0606b55,2353,2352,1790073112349.098,35.354011
e0606b55,2354,2353,1790073112400.895,51.796803
e0606b55,2355,2354,1790073112438.573,37.677527
e0606b55,2356,2355,1790073112471.345,32.772183
e0606b55,2357,2356,1790073112512.707,41.362058
e0606b55,2358,2357,1790073112564.05,51.343033
e0606b55,2359,2358,1790073112591.833,27.783146
e0606b55,2360,2359,1790073112635.783,43.950127
e0606b55,2361,2360,1790073112679.502,43.719036
e0606b55,2362,2361,1790073112727.704,48.20195
e0606b55,2363,2362,1790073112753.881,26.176561
e0606b55,2364,2363,1790073112796.198,42.317585
e0606b55,2365,2364,1790073112841.537,45.338164
e0606b55,2366,2365,1790073112870.654,29.117393
e0606b55,2367,2366,1790073112911.713,41.058689
e0606b55,2368,2367,1790073112960.411,48.698248
e0606b55,2369,2368,1790073112996.215,35.803575
e0606b55,2370,2369,1790073113041.452,45.237604
e0606b55,2371,2370,1790073113066.169,24.71691
e0606b55,2372,2371,1790073113123.435,57.265486
e0606b55,2373,2372,1790073113152.127,28.692991
e0606b55,2374,2373,1790073113208.203,56.075442
e0606b55,2375,2374,1790073113243.595,35.39254
e0606b55,2376,2375,1790073113278.323,34.72733
e0606b55,2377,2376,1790073113313.143,34.820328
e0606b55,2378,2377,1790073113354.797,41.654167
e0606b55,2379,2378,1790073113399.691,44.894072
e0606b55,2380,2379,1790073113427.032,27.340323
e0606b55,2381,2380,1790073113488.631,61.598908
e0606b55,2382,2381,1790073113509.792,21.16158
e0606b55,2383,2382,1790073113553.76,43.968277
e0606b55,2384,2383,1790073113605.257,51.496147
e0606b55,2385,2384,1790073113606.533,1.276492
e0606b55,2386,2385,1790073113613.283,6.750129
e0606b55,2387,2386,1790073113613.887,0.604143
e0606b55,2388,2387,1790073113614.977,1.089578
e0606b55,2389,2388,1790073113618.098,3.121268
e0606b55,2390,2389,1790073113677.233,59.134272
e0606b55,2391,2390,1790073113961.975,284.742495
e0606b55,2392,2391,1790073114002.018,40.042477
e0606b55,2393,2392,1790073114046.313,44.295558
e0606b55,2394,2393,1790073114086.542,40.228878
e0606b55,2395,2394,1790073114112.009,25.467198
e0606b55,2396,2395,1790073114152.383,40.373921
e0606b55,2397,2396,1790073114194.042,41.658314
e0606b55,2398,2397,1790073114237.806,43.764218
e0606b55,2399,2398,1790073114275.202,37.396444
e0606b55,2400,2399,1790073114321.306,46.104176
e0606b55,2401,2400,1790073114364.66,43.353906
e0606b55,2402,2401,1790073114398.311,33.650904
e0606b55,2403,2402,1790073114439.167,40.855704
e0606b55,2404,2403,1790073114472.393,33.22624
e0606b55,2405,2404,1790073114514.595,42.202139
e0606b55,2406,2405,1790073114552.474,37.878702
e0606b55,2407,2406,1790073114591.102,38.628026
e0606b55,2408,2407,1790073114633.363,42.261524
e0606b55,2409,2408,1790073114680.866,47.502587
e0606b55,2410,2409,1790073114718.916,38.050081
e0606b55,2411,2410,1790073114751.89,32.97369
e0606b55,2412,2411,1790073114791.141,39.251453
e0606b55,2413,2412,1790073114839.26,48.118344
e0606b55,2414,2413,1790073114879.846,40.586327
e0606b55,2415,2414,1790073114935.563,55.717165
e0606b55,2416,2415,1790073114966.306,30.742528
e0606b55,2417,2416,1790073115006.185,39.879373
e0606b55,2418,2417,1790073115041.056,34.871503
e0606b55,2419,2418,1790073115084.114,43.057221
e0606b55,2420,2419,1790073115111.152,27.038104
e0606b55,2421,2420,1790073115150.58,39.42851
e0606b55,2422,2421,1790073115194.329,43.748903
e0606b55,2423,2422,1790073115235.466,41.137222
e0606b55,2424,2423,1790073115272.731,37.264372
e0606b55,2425,2424,1790073115314.555,41.823937
e0606b55,2426,2425,1790073115353.061,38.506269
e0606b55,2427,2426,1790073115399.994,46.933171
e0606b55,2428,2427,1790073115427.04,27.045652
e0606b55,2429,2428,1790073115485.134,58.093792
e0606b55,2430,2429,1790073115518.625,33.491392
e0606b55,2431,2430,1790073115552.144,33.518973
e0606b55,2432,2431,1790073115601.756,49.612184
e0606b55,2433,2432,1790073115607.027,5.270719
e0606b55,2434,2433,1790073115608.898,1.871323
e0606b55,2435,2434,1790073115613.192,4.294218
e0606b55,2436,2435,1790073115614.624,1.431508
e0606b55,2437,2436,1790073115615.787,1.163562
e0606b55,2438,2437,1790073115680.457,64.669126
e0606b55,2439,2438,1790073115953.709,273.252596
e0606b55,2440,2439,1790073115997.725,44.016034
e0606b55,2441,2440,1790073116046.293,48.567955
e0606b55,2442,2441,1790073116078.596,32.302498
e0606b55,2443,2442,1790073116116.298,37.702389
e0606b55,2444,2443,1790073116152.137,35.838584
e0606b55,2445,2444,1790073116192.121,39.98466
e0606b55,2446,2445,1790073116240.372,48.250819
e0606b55,2447,2446,1790073116278.209,37.837294
e0606b55,2448,2447,1790073116312.599,34.3899
e0606b55,2449,2448,1790073116355.312,42.712544
e0606b55,2450,2449,1790073116399.515,44.203204
e0606b55,2451,2450,1790073116435.45,35.935191
e0606b55,2452,2451,1790073116477.049,41.598299
e0606b55,2453,2452,1790073116526.564,49.515669
e0606b55,2454,2453,1790073116558.929,32.364639
e0606b55,2455,2454,1790073116603.278,44.349325
e0606b55,2456,2455,1790073116638.779,35.500785
e0606b55,2457,2456,1790073116672.808,34.029203
e0606b55,2458,2457,1790073116724.03,51.221513
e0606b55,2459,2458,1790073116755.4,31.370016
e0606b55,2460,2459,1790073116793.06,37.660373
e0606b55,2461,2460,1790073116831.569,38.50912
e0606b55,2462,2461,1790073116871.95,40.380734
e0606b55,2463,2462,1790073116926.711,54.760709
e0606b55,2464,2463,1790073116966.121,39.410739
e0606b55,2465,2464,1790073117000.65,34.528269
e0606b55,2466,2465,1790073117037.703,37.053823
e0606b55,2467,2466,1790073117074.655,36.951713
e0606b55,2468,2467,1790073117110.054,35.398842
e0606b55,2469,2468,1790073117157.267,47.213167
e0606b55,2470,2469,1790073117195.933,38.666282
e0606b55,2471,2470,1790073117234.149,38.215844
e0606b55,2472,2471,1790073117272.995,38.845816
e0606b55,2473,2472,1790073117315.178,42.183404
e0606b55,2474,2473,1790073117362.972,47.793751
e0606b55,2475,2474,1790073117396.16,33.187809
e0606b55,2476,2475,1790073117428.604,32.443509
e0606b55,2477,2476,1790073117484.337,55.733271
e0606b55,2478,2477,1790073117526.385,42.048354
e0606b55,2479,2478,1790073117552.505,26.119539
e0606b55,2480,2479,1790073117593.233,40.728337
e0606b55,2481,2480,1790073117594.637,1.403823
e0606b55,2482,2481,1790073117597.195,2.557935
e0606b55,2483,2482,1790073117602.869,5.673719
e0606b55,2484,2483,1790073117605.835,2.96668
e0606b55,2485,2484,1790073117671.918,66.082699
e0606b55,2486,2485,1790073117956.186,284.268017
e0606b55,2487,2486,1790073117999.757,43.570631
e0606b55,2488,2487,1790073118043.02,43.263716
e0606b55,2489,2488,1790073118070.898,27.87806
e0606b55,2490,2489,1790073118111.018,40.119986
e0606b55,2491,2490,1790073118160.764,49.745561
e0606b55,2492,2491,1790073118198.979,38.214649
e0606b55,2493,2492,1790073118231.693,32.71479
e0606b55,2494,2493,1790073118273.112,41.418275
e0606b55,2495,2494,1790073118314.123,41.011755
e0606b55,2496,2495,1790073118354.2,40.076469
e0606b55,2497,2496,1790073118390.886,36.686359
e0606b55,2498,2497,1790073118439.521,48.634883
e0606b55,2499,2498,1790073118470.241,30.720363
e0606b55,2500,2499,1790073118516.525,46.28401
e0606b55,2501,2500,1790073118552.081,35.555706
e0606b55,2502,2501,1790073118593.384,41.302996
e0606b55,2503,2502,1790073118631.203,37.819181
e0606b55,2504,2503,1790073118680.443,49.239313
e0606b55,2505,2504,1790073118721.096,40.653087
e0606b55,2506,2505,1790073118834.725,113.629409
e0606b55,2507,2506,1790073118843.99,9.264782
e0606b55,2508,2507,1790073118850.918,6.92791
e0606b55,2509,2508,1790073118870.854,19.935852
e0606b55,2510,2509,1790073118913.571,42.717119
e0606b55,2511,2510,1790073118957.864,44.293269
e0606b55,2512,2511,1790073118994.716,36.85155
e0606b55,2513,2512,1790073119037.659,42.943084
e0606b55,2514,2513,1790073119076.06,38.400758
e0606b55,2515,2514,1790073119105.476,29.416144
e0606b55,2516,2515,1790073119160.099,54.623235
e0606b55,2517,2516,1790073119199.372,39.27328
e0606b55,2518,2517,1790073119231.484,32.112
e0606b55,2519,2518,1790073119287.09,55.605434
e0606b55,2520,2519,1790073119311.201,24.111128
e0606b55,2521,2520,1790073119355.202,44.00147
e0606b55,2522,2521,1790073119391.292,36.089667
e0606b55,2523,2522,1790073119442.141,50.849345
e0606b55,2524,2523,1790073119474.493,32.351971
e0606b55,2525,2524,1790073119514.265,39.771729
e0606b55,2526,2525,1790073119547.741,33.476195
e0606b55,2527,2526,1790073119598.86,51.119284
e0606b55,2528,2527,1790073119600.819,1.958245
e0606b55,2529,2528,1790073119601.757,0.938412
e0606b55,2530,2529,1790073119603.24,1.482966
e0606b55,2531,2530,1790073119605.061,1.820525
e0606b55,2532,2531,1790073119606.544,1.483126
e0606b55,2533,2532,1790073119671.116,64.572494
e0606b55,2534,2533,1790073119952.037,280.920468
e0606b55,2535,2534,1790073119998.55,46.513622
e0606b55,2536,2535,1790073120040.664,42.113679
e0606b55,2537,2536,1790073120077.75,37.086153
e0606b55,2538,2537,1790073120113.351,35.6004
e0606b55,2539,2538,1790073120151.402,38.051804
e0606b55,2540,2539,1790073120193.376,41.973789
e0606b55,2541,2540,1790073120232.966,39.590259
e0606b55,2542,2541,1790073120275.369,42.402922
e0606b55,2543,2542,1790073120319.994,44.625231
e0606b55,2544,2543,1790073120357.704,37.70968
e0606b55,2545,2544,1790073120387.536,29.832299
e0606b55,2546,2545,1790073120439.456,51.919115
e0606b55,2547,2546,1790073120471.032,31.576596
e0606b55,2548,2547,1790073120527.001,55.968796
e0606b55,2549,2548,1790073120556.165,29.163566
e0606b55,2550,2549,1790073120602.057,45.892145
e0606b55,2551,2550,1790073120633.12,31.063723
e0606b55,2552,2551,1790073120674.919,41.798908
e0606b55,2553,2552,1790073120718.979,44.06018
e0606b55,2554,2553,1790073120750.204,31.224299
e0606b55,2555,2554,1790073120790.968,40.763675
e0606b55,2556,2555,1790073120834.582,43.614847
e0606b55,2557,2556,1790073120872.789,38.206551
e0606b55,2558,2557,1790073120923.111,50.321628
e0606b55,2559,2558,1790073120955.989,32.87836
e0606b55,2560,2559,1790073120987.685,31.696478
e0606b55,2561,2560,1790073121042.669,54.984018
e0606b55,2562,2561,1790073121072.416,29.746233
e0606b55,2563,2562,1790073121112.518,40.102613
e0606b55,2564,2563,1790073121151.538,39.019805
e0606b55,2565,2564,1790073121192.336,40.798388
e0606b55,2566,2565,1790073121232.666,40.329111
e0606b55,2567,2566,1790073121284.144,51.478498
e0606b55,2568,2567,1790073121326.259,42.115113
e0606b55,2569,2568,1790073121357.977,31.717769
e0606b55,2570,2569,1790073121396.465,38.488559
e0606b55,2571,2570,1790073121437.242,40.776903
e0606b55,2572,2571,1790073121476.295,39.052557
e0606b55,2573,2572,1790073121524.089,47.794259
e0606b55,2574,2573,1790073121557.509,33.419421
e0606b55,2575,2574,1790073121604.754,47.245889
e0606b55,2576,2575,1790073121606.959,2.204519
e0606b55,2577,2576,1790073121608.355,1.396556
e0606b55,2578,2577,1790073121611.889,3.53328
e0606b55,2579,2578,1790073121613.093,1.204103
e0606b55,2580,2579,1790073121614.818,1.724603
e0606b55,2581,2580,1790073121683.759,68.940938
e0606b55,2582,2581,1790073121964.766,281.007924
e0606b55,2583,2582,1790073121988.685,23.918513
e0606b55,2584,2583,1790073122045.644,56.958922
e0606b55,2585,2584,1790073122074.257,28.613315
e0606b55,2586,2585,1790073122117.022,42.764713
e0606b55,2587,2586,1790073122152.232,35.210272
e0606b55,2588,2587,1790073122204.509,52.277262
e0606b55,2589,2588,1790073122249.484,44.974392
e0606b55,2590,2589,1790073122274.035,24.551432
e0606b55,2591,2590,1790073122320.496,46.461156
e0606b55,2592,2591,1790073122347.729,27.232749
e0606b55,2593,2592,1790073122398.256,50.526605
e0606b55,2594,2593,1790073122437.185,38.929652
e0606b55,2595,2594,1790073122473.474,36.288334
e0606b55,2596,2595,1790073122511.061,37.587354
e0606b55,2597,2596,1790073122553.237,42.175744
e0606b55,2598,2597,1790073122599.565,46.328748
e0606b55,2599,2598,1790073122636.29,36.724412
e0606b55,2600,2599,1790073122681.145,44.855086
e0606b55,2601,2600,1790073122721.012,39.867151
e0606b55,2602,2601,1790073122753.036,32.023859
e0606b55,2603,2602,1790073122792.881,39.844668
e0606b55,2604,2603,1790073122836.852,43.971119
e0606b55,2605,2604,1790073122876.32,39.468126
e0606b55,2606,2605,1790073122916.91,40.590323
e0606b55,2607,2606,1790073122956.954,40.043552
e0606b55,2608,2607,1790073122997.428,40.473862
e0606b55,2609,2608,1790073123037.767,40.339236
e0606b55,2610,2609,1790073123075.583,37.81585
e0606b55,2611,2610,1790073123106.227,30.644517
e0606b55,2612,2611,1790073123155.577,49.349991
e0606b55,2613,2612,1790073123199.647,44.069498
e0606b55,2614,2613,1790073123235.466,35.81869
e0606b55,2615,2614,1790073123278.674,43.207987
e0606b55,2616,2615,1790073123311.515,32.841748
e0606b55,2617,2616,1790073123360.342,48.826476
e0606b55,2618,2617,1790073123400.049,39.707564
e0606b55,2619,2618,1790073123432.202,32.152688
e0606b55,2620,2619,1790073123478.87,46.66797
e0606b55,2621,2620,1790073123512.179,33.308719
e0606b55,2622,2621,1790073123553.424,41.244894
e0606b55,2623,2622,1790073123596.385,42.961996
e0606b55,2624,2623,1790073123598.093,1.707708
e0606b55,2625,2624,1790073123599.322,1.228663
e0606b55,2626,2625,1790073123601.28,1.957547
e0606b55,2627,2626,1790073123602.848,1.568484
e0606b55,2628,2627,1790073123604.653,1.805106
e0606b55,2629,2628,1790073123679.75,75.097186
e0606b55,2630,2629,1790073123957.808,278.057351
e0606b55,2631,2630,1790073123997.245,39.437175
e0606b55,2632,2631,1790073124039.498,42.253156
e0606b55,2633,2632,1790073124067.862,28.363874
e0606b55,2634,2633,1790073124115.454,47.592263
e0606b55,2635,2634,1790073124155.68,40.22646
e0606b55,2636,2635,1790073124207.03,51.34965
e0606b55,2637,2636,1790073124231.182,24.15157
e0606b55,2638,2637,1790073124269.8,38.618216
e0606b55,2639,2638,1790073124311.61,41.809973
e0606b55,2640,2639,1790073124353.512,41.901697
e0606b55,2641,2640,1790073124391.209,37.697221
e0606b55,2642,2641,1790073124431.121,39.911824
e0606b55,2643,2642,1790073124474.703,43.582594
e0606b55,2644,2643,1790073124518.338,43.634339
e0606b55,2645,2644,1790073124554.646,36.308311
e0606b55,2646,2645,1790073124594.923,40.277191
e0606b55,2647,2646,1790073124635.991,41.068269
e0606b55,2648,2647,1790073124677.858,41.866656
e0606b55,2649,2648,1790073124719.125,41.266517
e0606b55,2650,2649,1790073124749.634,30.50956
e0606b55,2651,2650,1790073124790.549,40.914735
e0606b55,2652,2651,1790073124830.338,39.789366
e0606b55,2653,2652,1790073124873.688,43.350139
e0606b55,2654,2653,1790073124917.925,44.236882
e0606b55,2655,2654,1790073124957.678,39.753125
e0606b55,2656,2655,1790073124988.255,30.577118
e0606b55,2657,2656,1790073125037.854,49.598379
e0606b55,2658,2657,1790073125079.276,41.42218
e0606b55,2659,2658,1790073125114.099,34.822539
e0606b55,2660,2659,1790073125150.064,35.965171
e0606b55,2661,2660,1790073125191.192,41.128675
e0606b55,2662,2661,1790073125231.671,40.478582
e0606b55,2663,2662,1790073125271.582,39.911254
e0606b55,2664,2663,1790073125314.476,42.89331
e0606b55,2665,2664,1790073125353.004,38.528531
e0606b55,2666,2665,1790073125395.139,42.135204
e0606b55,2667,2666,1790073125446.73,51.590704
e0606b55,2668,2667,1790073125477.672,30.942312
e0606b55,2669,2668,1790073125533.783,56.110814
e0606b55,2670,2669,1790073125547.632,13.848483
e0606b55,2671,2670,1790073125611.758,64.126248
e0606b55,2672,2671,1790073125613.486,1.728158
e0606b55,2673,2672,1790073125614.962,1.47629
e0606b55,2674,2673,1790073125616.264,1.302171
e0606b55,2675,2674,1790073125620.28,4.01555
e0606b55,2676,2675,1790073125621.23,0.949776
e0606b55,2677,2676,1790073125671.495,50.264763
e0606b55,2678,2677,1790073125964.884,293.389335
e0606b55,2679,2678,1790073125994.295,29.41094
e0606b55,2680,2679,1790073126029.971,35.676124
e0606b55,2681,2680,1790073126082.823,52.851915
e0606b55,2682,2681,1790073126117.885,35.062203
e0606b55,2683,2682,1790073126149.839,31.954185
e0606b55,2684,2683,1790073126190.916,41.076208
e0606b55,2685,2684,1790073126231.132,40.216265
e0606b55,2686,2685,1790073126273.119,41.986819
e0606b55,2687,2686,1790073126314.48,41.361873
e0606b55,2688,2687,1790073126356.563,42.082816
e0606b55,2689,2688,1790073126385.836,29.272986
e0606b55,2690,2689,1790073126439.485,53.648911
e0606b55,2691,2690,1790073126483.383,43.898123
e0606b55,2692,2691,1790073126517.248,33.865028
e0606b55,2693,2692,1790073126549.936,32.687152
e0606b55,2694,2693,1790073126591.414,41.478354
e0606b55,2695,2694,1790073126635.176,43.762171
e0606b55,2696,2695,1790073126679.018,43.842165
e0606b55,2697,2696,1790073126723.455,44.436691
e0606b55,2698,2697,1790073126752.63,29.175319
e0606b55,2699,2698,1790073126791.273,38.642584
e0606b55,2700,2699,1790073126834.012,42.739527
e0606b55,2701,2700,1790073126872.974,38.962103
e0606b55,2702,2701,1790073126923.514,50.539586
e0606b55,2703,2702,1790073126958.495,34.981154
e0606b55,2704,2703,1790073126995.154,36.658524
e0606b55,2705,2704,1790073127032.115,36.961005
e0606b55,2706,2705,1790073127073.574,41.459938
e0606b55,2707,2706,1790073127114.334,40.759504
e0606b55,2708,2707,1790073127155.617,41.283227
e0606b55,2709,2708,1790073127198.785,43.167268
e0606b55,2710,2709,1790073127228.64,29.855807
e0606b55,2711,2710,1790073127285.076,56.43564
e0606b55,2712,2711,1790073127325.14,40.063729
e0606b55,2713,2712,1790073127356.287,31.147315
e0606b55,2714,2713,1790073127396.41,40.123453
e0606b55,2715,2714,1790073127431.95,35.539555
e0606b55,2716,2715,1790073127495.574,63.624142
e0606b55,2717,2716,1790073127512.116,16.542312
e0606b55,2718,2717,1790073127552.118,40.001892
e0606b55,2719,2718,1790073127598.132,46.01392
e0606b55,2720,2719,1790073127599.557,1.424267
e0606b55,2721,2720,1790073127603.874,4.317106
e0606b55,2722,2721,1790073127607.616,3.742273
e0606b55,2723,2722,1790073127610.432,2.816217
e0606b55,2724,2723,1790073127613.347,2.915231
e0606b55,2725,2724,1790073127674.261,60.913938
e0606b55,2726,2725,1790073127951.479,277.217499
e0606b55,2727,2726,1790073127992.263,40.784215
e0606b55,2728,2727,1790073128034.303,42.039793
e0606b55,2729,2728,1790073128077.74,43.437733
e0606b55,2730,2729,1790073128125.843,48.101903
e0606b55,2731,2730,1790073128166.367,40.524438
e0606b55,2732,2731,1790073128200.794,34.426763
e0606b55,2733,2732,1790073128227.157,26.363283
e0606b55,2734,2733,1790073128276.659,49.50248
e0606b55,2735,2734,1790073128313.565,36.905801
e0606b55,2736,2735,1790073128350.377,36.811395
e0606b55,2737,2736,1790073128396.711,46.334531
e0606b55,2738,2737,1790073128431.115,34.403504
e0606b55,2739,2738,1790073128472.073,40.958666
e0606b55,2740,2739,1790073128518.404,46.330914
e0606b55,2741,2740,1790073128555.009,36.604278
e0606b55,2742,2741,1790073128598.492,43.483087
e0606b55,2743,2742,1790073128629.022,30.530474
e0606b55,2744,2743,1790073128677.542,48.5202
e0606b55,2745,2744,1790073128718.017,40.474724
e0606b55,2746,2745,1790073128753.462,35.44498
e0606b55,2747,2746,1790073128793.859,40.396866
e0606b55,2748,2747,1790073128830.533,36.674647
e0606b55,2749,2748,1790073128876.189,45.6553
e0606b55,2750,2749,1790073128915.371,39.182536
e0606b55,2751,2750,1790073128958.994,43.622519
e0606b55,2752,2751,1790073128988.207,29.212571
e0606b55,2753,2752,1790073129038.421,50.214662
e0606b55,2754,2753,1790073129072.892,34.470413
e0606b55,2755,2754,1790073129112.534,39.642958
e0606b55,2756,2755,1790073129156.192,43.657982
e0606b55,2757,2756,1790073129204.969,48.776002
e0606b55,2758,2757,1790073129231.373,26.40425
e0606b55,2759,2758,1790073129274.078,42.704862
e0606b55,2760,2759,1790073129313.581,39.503401
e0606b55,2761,2760,1790073129357.166,43.584866
e0606b55,2762,2761,1790073129387.191,30.025504
e0606b55,2763,2762,1790073129438.873,51.681499
e0606b55,2764,2763,1790073129471.47,32.597289
e0606b55,2765,2764,1790073129514.546,43.076027
e0606b55,2766,2765,1790073129556.741,42.194592
e0606b55,2767,2766,1790073129597.517,40.77602
e0606b55,2768,2767,1790073129599.645,2.128128
e0606b55,2769,2768,1790073129602.604,2.958919
e0606b55,2770,2769,1790073129603.794,1.189764
e0606b55,2771,2770,1790073129605.464,1.670017
e0606b55,2772,2771,1790073129608.967,3.503519
e0606b55,2773,2772,1790073129678.07,69.102757
e0606b55,2774,2773,1790073129951.837,273.766683
e0606b55,2775,2774,1790073129989.719,37.882835
e0606b55,2776,2775,1790073130033.059,43.339803
e0606b55,2777,2776,1790073130074.826,41.766387
e0606b55,2778,2777,1790073130111.392,36.566663
e0606b55,2779,2778,1790073130160.015,48.62325
e0606b55,2780,2779,1790073130192.57,32.55402
e0606b55,2781,2780,1790073130234.653,42.08306
e0606b55,2782,2781,1790073130273.192,38.539525
e0606b55,2783,2782,1790073130305.806,32.613781
e0606b55,2784,2783,1790073130371.428,65.622319
e0606b55,2785,2784,1790073130391.773,20.344534
e0606b55,2786,2785,1790073130431.584,39.811301
e0606b55,2787,2786,1790073130472.766,41.181869
e0606b55,2788,2787,1790073130515.116,42.350466
e0606b55,2789,2788,1790073130567.393,52.276459
e0606b55,2790,2789,1790073130593.047,25.654151
e0606b55,2791,2790,1790073130641.243,48.196048
e0606b55,2792,2791,1790073130675.333,34.090099
e0606b55,2793,2792,1790073130722.693,47.360258
e0606b55,2794,2793,1790073130751.509,28.815719
e0606b55,2795,2794,1790073130789.78,38.270858
e0606b55,2796,2795,1790073130829.572,39.792363
e0606b55,2797,2796,1790073130875.006,45.433855
e0606b55,2798,2797,1790073130920.159,45.153304
e0606b55,2799,2798,1790073130959.362,39.202167
e0606b55,2800,2799,1790073131009.996,50.634327
e0606b55,2801,2800,1790073131040.377,30.381128
e0606b55,2802,2801,1790073131074.395,34.017744
e0606b55,2803,2802,1790073131127.514,53.119194
e0606b55,2804,2803,1790073131165.033,37.519475
e0606b55,2805,2804,1790073131199.166,34.132316
e0606b55,2806,2805,1790073131231.135,31.969729
e0606b55,2807,2806,1790073131272.103,40.967822
e0606b55,2808,2807,1790073131313.274,41.170292
e0606b55,2809,2808,1790073131360.993,47.719678
e0606b55,2810,2809,1790073131409.686,48.692643
e0606b55,2811,2810,1790073131435.779,26.093172
e0606b55,2812,2811,1790073131477.396,41.616511
e0606b55,2813,2812,1790073131525.731,48.335497
e0606b55,2814,2813,1790073131563.326,37.595238
e0606b55,2815,2814,1790073131599.476,36.14976
e0606b55,2816,2815,1790073131600.723,1.247247
e0606b55,2817,2816,1790073131601.85,1.126662
e0606b55,2818,2817,1790073131603.82,1.96977
e0606b55,2819,2818,1790073131671.793,67.97282
e0606b55,2820,2819,1790073131953.519,281.726427
e0606b55,2821,2820,1790073131988.883,35.364077
e0606b55,2822,2821,1790073132048.022,59.138486
e0606b55,2823,2822,1790073132075.469,27.447535
e0606b55,2824,2823,1790073132110.719,35.249976
e0606b55,2825,2824,1790073132166.276,55.556559
e0606b55,2826,2825,1790073132193.522,27.245968
e0606b55,2827,2826,1790073132243.541,50.019531
e0606b55,2828,2827,1790073132276.682,33.140472
e0606b55,2829,2828,1790073132315.004,38.321869
e0606b55,2830,2829,1790073132353.225,38.221323
e0606b55,2831,2830,1790073132396.388,43.163506
e0606b55,2832,2831,1790073132432.107,35.718235
e0606b55,2833,2832,1790073132476.697,44.590349
e0606b55,2834,2833,1790073132512.197,35.499496
e0606b55,2835,2834,1790073132551.725,39.528818
e0606b55,2836,2835,1790073132597.699,45.973369
e0606b55,2837,2836,1790073132635.732,38.033823
e0606b55,2838,2837,1790073132678.585,42.852286
e0606b55,2839,2838,1790073132720.035,41.450178
e0606b55,2840,2839,1790073132753.492,33.457218
e0606b55,2841,2840,1790073132790.986,37.493862
e0606b55,2842,2841,1790073132835.323,44.336654
e0606b55,2843,2842,1790073132872.984,37.661199
e0606b55,2844,2843,1790073132912.564,39.579884
e0606b55,2845,2844,1790073132953.134,40.570285
e0606b55,2846,2845,1790073133008.622,55.487715
e0606b55,2847,2846,1790073133039.773,31.151588
e0606b55,2848,2847,1790073133078.05,38.276552
e0606b55,2849,2848,1790073133105.143,27.092604
e0606b55,2850,2849,1790073133157.03,51.887598
e0606b55,2851,2850,1790073133191.14,34.110232
e0606b55,2852,2851,1790073133247.407,56.266781
e0606b55,2853,2852,1790073133274.521,27.114185
e0606b55,2854,2853,1790073133316.494,41.972884
e0606b55,2855,2854,1790073133359.998,43.504196
e0606b55,2856,2855,1790073133396.834,36.835224
e0606b55,2857,2856,1790073133441.388,44.554194
e0606b55,2858,2857,1790073133473.407,32.019268
e0606b55,2859,2858,1790073133525.626,52.219294
e0606b55,2860,2859,1790073133551.447,25.820354
e0606b55,2861,2860,1790073133598.422,46.975507
e0606b55,2862,2861,1790073133599.754,1.332213
e0606b55,2863,2862,1790073133602.0,2.24495
e0606b55,2864,2863,1790073133610.736,8.736692
e0606b55,2865,2864,1790073133611.817,1.081245
e0606b55,2866,2865,1790073133612.898,1.080673
e0606b55,2867,2866,1790073133671.079,58.181127
e0606b55,2868,2867,1790073133971.66,300.580987
e0606b55,2869,2868,1790073133991.377,19.716549
e0606b55,2870,2869,1790073134037.471,46.094125
e0606b55,2871,2870,1790073134072.093,34.622233
e0606b55,2872,2871,1790073134113.38,41.2866
e0606b55,2873,2872,1790073134150.83,37.449945
e0606b55,2874,2873,1790073134202.218,51.388018
e0606b55,2875,2874,1790073134237.998,35.780494
e0606b55,2876,2875,1790073134267.868,29.869698
e0606b55,2877,2876,1790073134317.252,49.384187
e0606b55,2878,2877,1790073134354.183,36.930702
e0606b55,2879,2878,1790073134406.734,52.551349
e0606b55,2880,2879,1790073134434.18,27.446469
e0606b55,2881,2880,1790073134472.412,38.231053
e0606b55,2882,2881,1790073134512.932,40.519994
e0606b55,2883,2882,1790073134559.029,46.097359
e0606b55,2884,2883,1790073134595.971,36.941889
e0606b55,2885,2884,1790073134636.001,40.030018
e0606b55,2886,2885,1790073134678.002,42.001604
e0606b55,2887,2886,1790073134732.09,54.087416
e0606b55,2888,2887,1790073134752.245,20.155309
e0606b55,2889,2888,1790073134793.835,41.58972
e0606b55,2890,2889,1790073134834.11,40.274705
e0606b55,2891,2890,1790073134885.378,51.268423
e0606b55,2892,2891,1790073134916.75,31.372392
e0606b55,2893,2892,1790073134968.695,51.944941
e0606b55,2894,2893,1790073134998.132,29.436994
e0606b55,2895,2894,1790073135039.819,41.68631
e0606b55,2896,2895,1790073135080.797,40.978143
e0606b55,2897,2896,1790073135109.035,28.238487
e0606b55,2898,2897,1790073135162.352,53.316261
e0606b55,2899,2898,1790073135197.131,34.779143
e0606b55,2900,2899,1790073135236.542,39.411547
e0606b55,2901,2900,1790073135273.006,36.46396
e0606b55,2902,2901,1790073135327.796,54.789417
e0606b55,2903,2902,1790073135354.005,26.209085
e0606b55,2904,2903,1790073135397.042,43.037066
e0606b55,2905,2904,1790073135432.643,35.601661
e0606b55,2906,2905,1790073135483.693,51.049529
e0606b55,2907,2906,1790073135513.583,29.890351
e0606b55,2908,2907,1790073135557.687,44.10341
e0606b55,2909,2908,1790073135611.287,53.600716
e0606b55,2910,2909,1790073135614.659,3.371428
e0606b55,2911,2910,1790073135615.421,0.761859
e0606b55,2912,2911,1790073135617.223,1.802433
e0606b55,2913,2912,1790073135620.39,3.166655
e0606b55,2914,2913,1790073135623.469,3.079564
e0606b55,2915,2914,1790073135678.947,55.477293
e0606b55,2916,2915,1790073135960.518,281.571191
e0606b55,2917,2916,1790073135997.625,37.107485
e0606b55,2918,2917,1790073136052.185,54.55973
e0606b55,2919,2918,1790073136078.299,26.114023
e0606b55,2920,2919,1790073136116.994,38.694791
e0606b55,2921,2920,1790073136157.446,40.452275
e0606b55,2922,2921,1790073136198.284,40.837874
e0606b55,2923,2922,1790073136240.301,42.017308
e0606b55,2924,2923,1790073136275.457,35.155439
e0606b55,2925,2924,1790073136310.762,35.305667
e0606b55,2926,2925,1790073136350.678,39.916159
e0606b55,2927,2926,1790073136393.791,43.112242
e0606b55,2928,2927,1790073136434.122,40.330843
e0606b55,2929,2928,1790073136473.546,39.424107
e0606b55,2930,2929,1790073136517.142,43.596603
e0606b55,2931,2930,1790073136567.742,50.59985
e0606b55,2932,2931,1790073136598.997,31.254364
e0606b55,2933,2932,1790073136625.628,26.631641
e0606b55,2934,2933,1790073136679.656,54.028373
e0606b55,2935,2934,1790073136723.225,43.568187
e0606b55,2936,2935,1790073136750.979,27.753905
e0606b55,2937,2936,1790073136791.372,40.392834
e0606b55,2938,2937,1790073136830.802,39.430744
e0606b55,2939,2938,1790073136880.714,49.911855
e0606b55,2940,2939,1790073136924.697,43.982884
e0606b55,2941,2940,1790073136957.698,33.000779
e0606b55,2942,2941,1790073137001.411,43.712832
e0606b55,2943,2942,1790073137028.72,27.309905
e0606b55,2944,2943,1790073137076.612,47.891051
e0606b55,2945,2944,1790073137111.054,34.442784
e0606b55,2946,2945,1790073137149.812,38.75718
e0606b55,2947,2946,1790073137190.427,40.615209
e0606b55,2948,2947,1790073137230.709,40.282014
e0606b55,2949,2948,1790073137272.394,41.684868
e0606b55,2950,2949,1790073137314.005,41.611048
e0606b55,2951,2950,1790073137354.894,40.889158
e0606b55,2952,2951,1790073137390.194,35.300049
e0606b55,2953,2952,1790073137438.302,48.1078
e0606b55,2954,2953,1790073137484.252,45.950132
e0606b55,2955,2954,1790073137508.729,24.477042
e0606b55,2956,2955,1790073137559.738,51.009464
e0606b55,2957,2956,1790073137614.033,54.294811
e0606b55,2958,2957,1790073137618.56,4.526918
e0606b55,2959,2958,1790073137619.375,0.815003
e0606b55,2960,2959,1790073137621.025,1.649565
e0606b55,2961,2960,1790073137622.695,1.670599
e0606b55,2962,2961,1790073137625.0,2.30525
e0606b55,2963,2962,1790073137673.42,48.419673
e0606b55,2964,2963,1790073137956.277,282.856611
e0606b55,2965,2964,1790073137998.517,42.240199
e0606b55,2966,2965,1790073138043.932,45.415426
e0606b55,2967,2966,1790073138080.324,36.391934
e0606b55,2968,2967,1790073138117.96,37.6359
e0606b55,2969,2968,1790073138165.581,47.621065
e0606b55,2970,2969,1790073138197.037,31.4553
e0606b55,2971,2970,1790073138239.833,42.795951
e0606b55,2972,2971,1790073138277.059,37.226125
e0606b55,2973,2972,1790073138311.157,34.09832
e0606b55,2974,2973,1790073138356.276,45.11886
e0606b55,2975,2974,1790073138391.477,35.201093
e0606b55,2976,2975,1790073138432.295,40.818386
e0606b55,2977,2976,1790073138476.626,44.330927
e0606b55,2978,2977,1790073138522.151,45.524955
e0606b55,2979,2978,1790073138553.012,30.860586
e0606b55,2980,2979,1790073138593.326,40.314465
e0606b55,2981,2980,1790073138633.971,40.644841
e0606b55,2982,2981,1790073138675.809,41.837726
e0606b55,2983,2982,1790073138728.359,52.550643
e0606b55,2984,2983,1790073138750.38,22.020185
e0606b55,2985,2984,1790073138805.608,55.228487
e0606b55,2986,2985,1790073138837.222,31.613574
e0606b55,2987,2986,1790073138874.534,37.312525
e0606b55,2988,2987,1790073138913.456,38.921606
e0606b55,2989,2988,1790073138958.941,45.485086
e0606b55,2990,2989,1790073138996.171,37.230246
e0606b55,2991,2990,1790073139038.336,42.164826
e0606b55,2992,2991,1790073139065.099,26.763469
e0606b55,2993,2992,1790073139118.442,53.342207
e0606b55,2994,2993,1790073139150.104,31.662747
e0606b55,2995,2994,1790073139190.991,40.886976
e0606b55,2996,2995,1790073139231.617,40.62556
e0606b55,2997,2996,1790073139282.237,50.620143
e0606b55,2998,2997,1790073139314.91,32.673024
e0606b55,2999,2998,1790073139354.083,39.17238
e0606b55,3000,2999,1790073139395.74,41.658031
e0606b55,3001,3000,1790073139435.94,40.199364
e0606b55,3002,3001,1790073139486.562,50.621768
e0606b55,3003,3002,1790073139511.684,25.122208
e0606b55,3004,3003,1790073139559.814,48.130495
e0606b55,3005,3004,1790073139613.26,53.44564
e0606b55,3006,3005,1790073139617.26,4.000385
e0606b55,3007,3006,1790073139618.27,1.009914
e0606b55,3008,3007,1790073139622.086,3.816005
e0606b55,3009,3008,1790073139624.583,2.49667
e0606b55,3010,3009,1790073139628.854,4.27075
e0606b55,3011,3010,1790073139696.168,67.314073
e0606b55,3012,3011,1790073139956.165,259.997129
e0606b55,3013,3012,1790073140003.93,47.765603
e0606b55,3014,3013,1790073140035.197,31.26658
e0606b55,3015,3014,1790073140071.416,36.219129
e0606b55,3016,3015,1790073140123.112,51.695718
e0606b55,3017,3016,1790073140156.661,33.549407
e0606b55,3018,3017,1790073140194.592,37.930706
e0606b55,3019,3018,1790073140234.014,39.421936
e0606b55,3020,3019,1790073140284.497,50.483093
e0606b55,3021,3020,1790073140318.7,34.203179
e0606b55,3022,3021,1790073140361.213,42.512489
e0606b55,3023,3022,1790073140397.391,36.178084
e0606b55,3024,3023,1790073140452.579,55.188584
e0606b55,3025,3024,1790073140480.825,28.245734
e0606b55,3026,3025,1790073140529.474,48.648362
e0606b55,3027,3026,1790073140557.949,28.475531
e0606b55,3028,3027,1790073140597.681,39.731751
e0606b55,3029,3028,1790073140631.142,33.461158
e0606b55,3030,3029,1790073140671.689,40.546997
e0606b55,3031,3030,1790073140722.658,50.96919
e0606b55,3032,3031,1790073140753.145,30.486538
e0606b55,3033,3032,1790073140799.484,46.339557
e0606b55,3034,3033,1790073140836.525,37.04046
e0606b55,3035,3034,1790073140885.942,49.417757
e0606b55,3036,3035,1790073140919.113,33.170781
e0606b55,3037,3036,1790073140959.879,40.765995
e0606b55,3038,3037,1790073140997.364,37.484502
e0606b55,3039,3038,1790073141032.333,34.968758
e0606b55,3040,3039,1790073141083.343,51.010544
e0606b55,3041,3040,1790073141126.378,43.03532
e0606b55,3042,3041,1790073141160.876,34.498165
e0606b55,3043,3042,1790073141198.292,37.415505
e0606b55,3044,3043,1790073141244.175,45.883015
e0606b55,3045,3044,1790073141283.357,39.181517
e0606b55,3046,3045,1790073141323.088,39.731854
e0606b55,3047,3046,1790073141361.965,38.876094
e0606b55,3048,3047,1790073141415.229,53.264168
e0606b55,3049,3048,1790073141447.371,32.142745
e0606b55,3050,3049,1790073141484.511,37.139437
e0606b55,3051,3050,1790073141513.549,29.037856
e0606b55,3052,3051,1790073141557.867,44.318827
e0606b55,3053,3052,1790073141596.01,38.142858
e0606b55,3054,3053,1790073141598.805,2.794354
e0606b55,3055,3054,1790073141605.694,6.888851
e0606b55,3056,3055,1790073141609.835,4.141497
e0606b55,3057,3056,1790073141613.764,3.928612
e0606b55,3058,3057,1790073141617.216,3.452539
e0606b55,3059,3058,1790073141681.886,64.669488
e0606b55,3060,3059,1790073141953.293,271.407127
e0606b55,3061,3060,1790073142026.321,73.028047
e0606b55,3062,3061,1790073142040.885,14.564083
e0606b55,3063,3062,1790073142098.952,58.067117
e0606b55,3064,3063,1790073142123.346,24.394106
e0606b55,3065,3064,1790073142157.986,34.639706
e0606b55,3066,3065,1790073142194.358,36.372462
e0606b55,3067,3066,1790073142247.031,52.672612
e0606b55,3068,3067,1790073142285.694,38.663083
e0606b55,3069,3068,1790073142316.08,30.385607
e0606b55,3070,3069,1790073142352.143,36.063311
e0606b55,3071,3070,1790073142391.996,39.853044
e0606b55,3072,3071,1790073142431.417,39.420464
e0606b55,3073,3072,1790073142473.826,42.409886
e0606b55,3074,3073,1790073142518.807,44.980265
e0606b55,3075,3074,1790073142556.025,37.218766
e0606b55,3076,3075,1790073142586.483,30.457925
e0606b55,3077,3076,1790073142642.1,55.616742
e0606b55,3078,3077,1790073142676.527,34.426661
e0606b55,3079,3078,1790073142717.746,41.218834
e0606b55,3080,3079,1790073142763.986,46.240033
e0606b55,3081,3080,1790073142797.552,33.566263
e0606b55,3082,3081,1790073142841.409,43.856815
e0606b55,3083,3082,1790073142873.054,31.645383
e0606b55,3084,3083,1790073142916.585,43.531049
e0606b55,3085,3084,1790073142963.724,47.138946
e0606b55,3086,3085,1790073143006.447,42.723149
e0606b55,3087,3086,1790073143027.555,21.108159
e0606b55,3088,3087,1790073143077.043,49.487776
e0606b55,3089,3088,1790073143126.674,49.630831
e0606b55,3090,3089,1790073143152.448,25.773576
e0606b55,3091,3090,1790073143195.407,42.959172
e0606b55,3092,3091,1790073143241.776,46.368946
e0606b55,3093,3092,1790073143271.56,29.783793
e0606b55,3094,3093,1790073143312.729,41.169308
e0606b55,3095,3094,1790073143354.439,41.710471
e0606b55,3096,3095,1790073143399.474,45.034826
e0606b55,3097,3096,1790073143438.039,38.564681
e0606b55,3098,3097,1790073143483.602,45.563568
e0606b55,3099,3098,1790073143513.178,29.575649
e0606b55,3100,3099,1790073143561.563,48.385275
e0606b55,3101,3100,1790073143602.597,41.033329
e0606b55,3102,3101,1790073143605.415,2.818495
e0606b55,3103,3102,1790073143606.608,1.192737
e0606b55,3104,3103,1790073143608.063,1.455217
e0606b55,3105,3104,1790073143609.675,1.61191
e0606b55,3106,3105,1790073143611.762,2.087425
e0606b55,3107,3106,1790073143676.486,64.723558
e0606b55,3108,3107,1790073143951.578,275.092164
e0606b55,3109,3108,1790073144002.395,50.816612
e0606b55,3110,3109,1790073144034.491,32.096654
e0606b55,3111,3110,1790073144072.348,37.857083
e0606b55,3112,3111,1790073144124.314,51.965688
e0606b55,3113,3112,1790073144161.622,37.307347
e0606b55,3114,3113,1790073144196.444,34.822787
e0606b55,3115,3114,1790073144231.531,35.087072
e0606b55,3116,3115,1790073144278.674,47.142499
e0606b55,3117,3116,1790073144312.555,33.881009
e0606b55,3118,3117,1790073144353.689,41.134462
e0606b55,3119,3118,1790073144409.672,55.982215
e0606b55,3120,3119,1790073144431.693,22.021663
e0606b55,3121,3120,1790073144474.033,42.340216
e0606b55,3122,3121,1790073144517.824,43.790857
e0606b55,3123,3122,1790073144555.03,37.205486
e0606b55,3124,3123,1790073144586.693,31.663178
e0606b55,3125,3124,1790073144637.057,50.363732
e0606b55,3126,3125,1790073144674.584,37.526968
e0606b55,3127,3126,1790073144717.222,42.638351
e0606b55,3128,3127,1790073144751.94,34.71767
e0606b55,3129,3128,1790073144790.365,38.425147
e0606b55,3130,3129,1790073144832.557,42.192093
e0606b55,3131,3130,1790073144881.669,49.112606
e0606b55,3132,3131,1790073144910.705,29.035815
e0606b55,3133,3132,1790073144955.853,45.147631
e0606b55,3134,3133,1790073144994.748,38.894529
e0606b55,3135,3134,1790073145029.311,34.563404
e0606b55,3136,3135,1790073145078.867,49.555726
e0606b55,3137,3136,1790073145118.487,39.620693
e0606b55,3138,3137,1790073145147.298,28.810707
e0606b55,3139,3138,1790073145210.392,63.093647
e0606b55,3140,3139,1790073145238.338,27.94607
e0606b55,3141,3140,1790073145270.534,32.19586
e0606b55,3142,3141,1790073145312.047,41.513328
e0606b55,3143,3142,1790073145360.398,48.351005
e0606b55,3144,3143,1790073145395.211,34.813153
e0606b55,3145,3144,1790073145435.135,39.923917
e0606b55,3146,3145,1790073145477.919,42.784273
e0606b55,3147,3146,1790073145528.451,50.532229
e0606b55,3148,3147,1790073145560.817,32.3654
e0606b55,3149,3148,1790073145604.459,43.642365
e0606b55,3150,3149,1790073145607.301,2.841821
e0606b55,3151,3150,1790073145608.715,1.414357
e0606b55,3152,3151,1790073145610.043,1.327552
e0606b55,3153,3152,1790073145612.608,2.565293
e0606b55,3154,3153,1790073145616.398,3.789448
e0606b55,3155,3154,1790073145674.287,57.88892
e0606b55,3156,3155,1790073145956.042,281.75595
e0606b55,3157,3156,1790073145998.741,42.698214
e0606b55,3158,3157,1790073146034.036,35.294963
e0606b55,3159,3158,1790073146091.598,57.562697
e0606b55,3160,3159,1790073146125.065,33.466916
e0606b55,3161,3160,1790073146151.507,26.441793
e0606b55,3162,3161,1790073146191.693,40.185761
e0606b55,3163,3162,1790073146233.134,41.441427
e0606b55,3164,3163,1790073146273.37,40.235281
e0606b55,3165,3164,1790073146315.074,41.704475
e0606b55,3166,3165,1790073146356.405,41.33031
e0606b55,3167,3166,1790073146385.483,29.079021
e0606b55,3168,3167,1790073146459.791,74.307328
e0606b55,3169,3168,1790073146480.315,20.523956
e0606b55,3170,3169,1790073146521.47,41.155556
e0606b55,3171,3170,1790073146553.409,31.938938
e0606b55,3172,3171,1790073146592.124,38.714446
e0606b55,3173,3172,1790073146643.952,51.828525
e0606b55,3174,3173,1790073146671.692,27.739828
e0606b55,3175,3174,1790073146729.96,58.268435
e0606b55,3176,3175,1790073146757.685,27.724494
e0606b55,3177,3176,1790073146800.695,43.01022
e0606b55,3178,3177,1790073146852.386,51.691011
e0606b55,3179,3178,1790073146868.181,15.794412
e0606b55,3180,3179,1790073146920.415,52.234688
e0606b55,3181,3180,1790073146951.838,31.422914
e0606b55,3182,3181,1790073146995.768,43.929269
e0606b55,3183,3182,1790073147032.911,37.143471
e0606b55,3184,3183,1790073147071.995,39.084087
e0606b55,3185,3184,1790073147114.898,42.903446
e0606b55,3186,3185,1790073147153.287,38.38819
e0606b55,3187,3186,1790073147198.405,45.11778
e0606b55,3188,3187,1790073147237.745,39.340477
e0606b55,3189,3188,1790073147287.779,50.034411
e0606b55,3190,3189,1790073147322.129,34.349334
e0606b55,3191,3190,1790073147348.025,25.896083
e0606b55,3192,3191,1790073147405.582,57.556788
e0606b55,3193,3192,1790073147431.324,25.742395
e0606b55,3194,3193,1790073147475.958,44.634535
e0606b55,3195,3194,1790073147522.149,46.190212
e0606b55,3196,3195,1790073147553.057,30.908659
e0606b55,3197,3196,1790073147597.456,44.398435
e0606b55,3198,3197,1790073147599.168,1.711922
e0606b55,3199,3198,1790073147600.752,1.58408
e0606b55,3200,3199,1790073147602.438,1.686271
e0606b55,3201,3200,1790073147604.226,1.788145
e0606b55,3202,3201,1790073147666.845,62.619016
e0606b55,3203,3202,1790073147951.931,285.085913
e0606b55,3204,3203,1790073147994.331,42.399761
e0606b55,3205,3204,1790073148037.765,43.433749
e0606b55,3206,3205,1790073148076.847,39.08256
e0606b55,3207,3206,1790073148119.214,42.366832
e0606b55,3208,3207,1790073148144.427,25.213118
e0606b55,3209,3208,1790073148195.699,51.271922
e0606b55,3210,3209,1790073148227.4,31.700844
e0606b55,3211,3210,1790073148276.407,49.007534
e0606b55,3212,3211,1790073148323.87,47.462656
e0606b55,3213,3212,1790073148350.991,27.120627
e0606b55,3214,3213,1790073148390.991,40.000436
e0606b55,3215,3214,1790073148434.334,43.343026
e0606b55,3216,3215,1790073148472.26,37.925402
e0606b55,3217,3216,1790073148518.122,45.862665
e0606b55,3218,3217,1790073148553.707,35.584365
e0606b55,3219,3218,1790073148592.608,38.901688
e0606b55,3220,3219,1790073148635.382,42.774006
e0606b55,3221,3220,1790073148677.002,41.619538
e0606b55,3222,3221,1790073148719.008,42.005849
e0606b55,3223,3222,1790073148751.185,32.177157
e0606b55,3224,3223,1790073148791.531,40.346718
e0606b55,3225,3224,1790073148831.633,40.101093
e0606b55,3226,3225,1790073148880.111,48.47872
e0606b55,3227,3226,1790073148913.928,33.816302
e0606b55,3228,3227,1790073148954.911,40.982935
e0606b55,3229,3228,1790073148989.082,34.171767
e0606b55,3230,3229,1790073149041.439,52.356645
e0606b55,3231,3230,1790073149078.229,36.790506
e0606b55,3232,3231,1790073149113.606,35.376529
e0606b55,3233,3232,1790073149151.321,37.714732
e0606b55,3234,3233,1790073149197.094,45.77322
e0606b55,3235,3234,1790073149231.303,34.208658
e0606b55,3236,3235,1790073149275.518,44.215387
e0606b55,3237,3236,1790073149318.535,43.01665
e0606b55,3238,3237,1790073149358.801,40.265914
e0606b55,3239,3238,1790073149393.126,34.325204
e0606b55,3240,3239,1790073149449.12,55.994495
e0606b55,3241,3240,1790073149480.85,31.729507
e0606b55,3242,3241,1790073149522.408,41.55872
e0606b55,3243,3242,1790073149552.633,30.224835
e0606b55,3244,3243,1790073149594.36,41.726686
e0606b55,3245,3244,1790073149596.569,2.209051
e0606b55,3246,3245,1790073149598.204,1.634986
e0606b55,3247,3246,1790073149599.601,1.396371
e0606b55,3248,3247,1790073149603.071,3.470199
e0606b55,3249,3248,1790073149607.105,4.034495
e0606b55,3250,3249,1790073149674.053,66.94767
e0606b55,3251,3250,1790073149951.421,277.368059
e0606b55,3252,3251,1790073149991.165,39.743803
e0606b55,3253,3252,1790073150044.531,53.366227
e0606b55,3254,3253,1790073150073.161,28.630138
e0606b55,3255,3254,1790073150114.118,40.957352
e0606b55,3256,3255,1790073150154.979,40.860525
e0606b55,3257,3256,1790073150194.788,39.809267
e0606b55,3258,3257,1790073150225.197,30.409065
e0606b55,3259,3258,1790073150287.006,61.808517
e0606b55,3260,3259,1790073150325.46,38.454539
e0606b55,3261,3260,1790073150355.793,30.332783
e0606b55,3262,3261,1790073150390.567,34.773569
e0606b55,3263,3262,1790073150433.034,42.46718
e0606b55,3264,3263,1790073150472.039,39.004659
e0606b55,3265,3264,1790073150514.361,42.322591
e0606b55,3266,3265,1790073150553.003,38.641604
e0606b55,3267,3266,1790073150598.742,45.739457
e0606b55,3268,3267,1790073150633.839,35.096917
e0606b55,3269,3268,1790073150674.206,40.367192
e0606b55,3270,3269,1790073150717.817,43.610265
e0606b55,3271,3270,1790073150750.976,33.159256
e0606b55,3272,3271,1790073150800.89,49.914545
e0606b55,3273,3272,1790073150841.672,40.78207
e0606b55,3274,3273,1790073150872.598,30.925251
e0606b55,3275,3274,1790073150914.659,42.061707
e0606b55,3276,3275,1790073150954.865,40.205303
e0606b55,3277,3276,1790073150994.095,39.230739
e0606b55,3278,3277,1790073151038.772,44.67631
e0606b55,3279,3278,1790073151094.488,55.716321
e0606b55,3280,3279,1790073151113.934,19.446328
e0606b55,3281,3280,1790073151161.775,47.840597
e0606b55,3282,3281,1790073151213.669,51.893747
e0606b55,3283,3282,1790073151257.903,44.234558
e0606b55,3284,3283,1790073151271.975,14.071874
e0606b55,3285,3284,1790073151313.811,41.835953
e0606b55,3286,3285,1790073151354.318,40.506604
e0606b55,3287,3286,1790073151398.539,44.221104
e0606b55,3288,3287,1790073151435.148,36.609163
e0606b55,3289,3288,1790073151475.281,40.133084
e0606b55,3290,3289,1790073151521.52,46.23926
e0606b55,3291,3290,1790073151558.458,36.937593
e0606b55,3292,3291,1790073151589.609,31.15116
e0606b55,3293,3292,1790073151591.185,1.575497
e0606b55,3294,3293,1790073151593.156,1.971191
e0606b55,3295,3294,1790073151594.446,1.289779
e0606b55,3296,3295,1790073151598.411,3.965328
e0606b55,3297,3296,1790073151683.341,84.930346
e0606b55,3298,3297,1790073151963.839,280.498203
e0606b55,3299,3298,1790073151995.55,31.710825
e0606b55,3300,3299,1790073152032.148,36.597884
e0606b55,3301,3300,1790073152078.463,46.314941
e0606b55,3302,3301,1790073152118.616,40.152745
e0606b55,3303,3302,1790073152148.54,29.924553
e0606b55,3304,3303,1790073152192.979,44.438885
e0606b55,3305,3304,1790073152239.177,46.197636
e0606b55,3306,3305,1790073152273.091,33.913891
e0606b55,3307,3306,1790073152312.012,38.921166
e0606b55,3308,3307,1790073152353.908,41.895953
e0606b55,3309,3308,1790073152393.788,39.880385
e0606b55,3310,3309,1790073152436.875,43.086765
e0606b55,3311,3310,1790073152476.537,39.661572
e0606b55,3312,3311,1790073152524.594,48.057765
e0606b55,3313,3312,1790073152555.438,30.843663
e0606b55,3314,3313,1790073152592.061,36.622961
e0606b55,3315,3314,1790073152632.341,40.279709
e0606b55,3316,3315,1790073152671.252,38.911385
e0606b55,3317,3316,1790073152727.357,56.105037
e0606b55,3318,3317,1790073152761.701,34.343594
e0606b55,3319,3318,1790073152793.469,31.767862
e0606b55,3320,3319,1790073152832.643,39.174138
e0606b55,3321,3320,1790073152879.804,47.160942
e0606b55,3322,3321,1790073152915.294,35.489899
e0606b55,3323,3322,1790073152956.324,41.03082
e0606b55,3324,3323,1790073152997.277,40.952673
e0606b55,3325,3324,1790073153025.71,28.433276
e0606b55,3326,3325,1790073153076.331,50.620167
e0606b55,3327,3326,1790073153109.678,33.347889
e0606b55,3328,3327,1790073153149.77,40.091001
e0606b55,3329,3328,1790073153190.578,40.809007
e0606b55,3330,3329,1790073153231.588,41.009572
e0606b55,3331,3330,1790073153274.811,43.223346
e0606b55,3332,3331,1790073153317.563,42.751847
e0606b55,3333,3332,1790073153354.59,37.027118
e0606b55,3334,3333,1790073153406.396,51.805791
e0606b55,3335,3334,1790073153434.858,28.461812
e0606b55,3336,3335,1790073153477.916,43.058213
e0606b55,3337,3336,1790073153517.742,39.826426
e0606b55,3338,3337,1790073153547.202,29.459415
e0606b55,3339,3338,1790073153600.59,53.38761
e0606b55,3340,3339,1790073153604.588,3.998748
e0606b55,3341,3340,1790073153605.92,1.331254
e0606b55,3342,3341,1790073153608.404,2.484315
e0606b55,3343,3342,1790073153612.958,4.554509
e0606b55,3344,3343,1790073153615.481,2.522645
e0606b55,3345,3344,1790073153671.695,56.21407
e0606b55,3346,3345,1790073153955.924,284.229131
e0606b55,3347,3346,1790073153995.573,39.649162
e0606b55,3348,3347,1790073154036.764,41.191006
e0606b55,3349,3348,1790073154071.02,34.255429
e0606b55,3350,3349,1790073154114.501,43.481168
e0606b55,3351,3350,1790073154152.924,38.423394
e0606b55,3352,3351,1790073154193.995,41.071033
e0606b55,3353,3352,1790073154237.324,43.328386
e0606b55,3354,3353,1790073154273.323,35.998982
e0606b55,3355,3354,1790073154313.713,40.390343
e0606b55,3356,3355,1790073154360.68,46.966829
e0606b55,3357,3356,1790073154396.685,36.005209
e0606b55,3358,3357,1790073154449.387,52.70157
e0606b55,3359,3358,1790073154472.677,23.290718
e0606b55,3360,3359,1790073154518.973,46.295312
e0606b55,3361,3360,1790073154550.491,31.518297
e0606b55,3362,3361,1790073154599.525,49.033968
e0606b55,3363,3362,1790073154631.797,32.271592
e0606b55,3364,3363,1790073154673.136,41.339563
e0606b55,3365,3364,1790073154729.757,56.620644
e0606b55,3366,3365,1790073154763.23,33.472936
e0606b55,3367,3366,1790073154790.798,27.568269
e0606b55,3368,3367,1790073154843.54,52.742322
e0606b55,3369,3368,1790073154877.591,34.050565
e0606b55,3370,3369,1790073154912.132,34.540755
e0606b55,3371,3370,1790073154954.594,42.462096
e0606b55,3372,3371,1790073154994.498,39.904507
e0606b55,3373,3372,1790073155035.514,41.015573
e0606b55,3374,3373,1790073155077.026,41.511736
e0606b55,3375,3374,1790073155121.167,44.141064
e0606b55,3376,3375,1790073155149.435,28.267987
e0606b55,3377,3376,1790073155197.325,47.890119
e0606b55,3378,3377,1790073155231.019,33.693901
e0606b55,3379,3378,1790073155270.184,39.165537
e0606b55,3380,3379,1790073155323.063,52.878537
e0606b55,3381,3380,1790073155352.034,28.971755
e0606b55,3382,3381,1790073155392.359,40.324924
e0606b55,3383,3382,1790073155445.978,53.618523
e0606b55,3384,3383,1790073155475.025,29.046654
e0606b55,3385,3384,1790073155517.018,41.993396
e0606b55,3386,3385,1790073155557.515,40.497063
e0606b55,3387,3386,1790073155602.73,45.214799
e0606b55,3388,3387,1790073155607.408,4.678413
e0606b55,3389,3388,1790073155609.344,1.935664
e0606b55,3390,3389,1790073155610.904,1.560321
e0606b55,3391,3390,1790073155676.707,65.802328
e0606b55,3392,3391,1790073155957.804,281.097799
e0606b55,3393,3392,1790073155993.215,35.4102
e0606b55,3394,3393,1790073156038.521,45.306784
e0606b55,3395,3394,1790073156087.392,48.870257
e0606b55,3396,3395,1790073156110.529,23.136878
e0606b55,3397,3396,1790073156154.553,44.024444
e0606b55,3398,3397,1790073156200.02,45.467194
e0606b55,3399,3398,1790073156258.509,58.489189
e0606b55,3400,3399,1790073156276.738,18.228255
e0606b55,3401,3400,1790073156315.835,39.097869
e0606b55,3402,3401,1790073156356.984,41.148729
e0606b55,3403,3402,1790073156398.872,41.887615
e0606b55,3404,3403,1790073156425.632,26.760603
e0606b55,3405,3404,1790073156478.773,53.141071
e0606b55,3406,3405,1790073156525.182,46.408274
e0606b55,3407,3406,1790073156557.18,31.998586
e0606b55,3408,3407,1790073156590.663,33.482769
e0606b55,3409,3408,1790073156630.883,40.219629
e0606b55,3410,3409,1790073156670.345,39.462552
e0606b55,3411,3410,1790073156717.315,46.969752
e0606b55,3412,3411,1790073156750.113,32.798076
e0606b55,3413,3412,1790073156793.82,43.706573
e0606b55,3414,3413,1790073156843.599,49.77979
e0606b55,3415,3414,1790073156876.114,32.514787
e0606b55,3416,3415,1790073156916.412,40.297298
e0606b55,3417,3416,1790073156953.902,37.490574
e0606b55,3418,3417,1790073156994.957,41.05465
e0606b55,3419,3418,1790073157033.083,38.126717
e0606b55,3420,3419,1790073157074.36,41.276262
e0606b55,3421,3420,1790073157118.22,43.86034
e0606b55,3422,3421,1790073157159.344,41.12354
e0606b55,3423,3422,1790073157211.257,51.912901
e0606b55,3424,3423,1790073157241.498,30.24186
e0606b55,3425,3424,1790073157276.231,34.732838
e0606b55,3426,3425,1790073157317.668,41.437198
e0606b55,3427,3426,1790073157355.807,38.138806
e0606b55,3428,3427,1790073157398.812,43.004822
e0606b55,3429,3428,1790073157445.785,46.972953
e0606b55,3430,3429,1790073157472.064,26.278639
e0606b55,3431,3430,1790073157539.198,67.134528
e0606b55,3432,3431,1790073157550.67,11.4722
e0606b55,3433,3432,1790073157595.588,44.917454
e0606b55,3434,3433,1790073157597.163,1.575259
e0606b55,3435,3434,1790073157598.437,1.273599
e0606b55,3436,3435,1790073157674.548,76.11158
e0606b55,3437,3436,1790073157962.601,288.052864
e0606b55,3438,3437,1790073157998.321,35.719674
e0606b55,3439,3438,1790073158030.817,32.496428
e0606b55,3440,3439,1790073158075.881,45.064111
e0606b55,3441,3440,1790073158118.666,42.784272
e0606b55,3442,3441,1790073158158.605,39.939613
e0606b55,3443,3442,1790073158186.519,27.913934
e0606b55,3444,3443,1790073158236.616,50.097229
e0606b55,3445,3444,1790073158279.764,43.147162
e0606b55,3446,3445,1790073158307.029,27.265106
e0606b55,3447,3446,1790073158357.13,50.101159
e0606b55,3448,3447,1790073158389.791,32.661354
e0606b55,3449,3448,1790073158430.906,41.115207
e0606b55,3450,3449,1790073158472.392,41.485989
e0606b55,3451,3450,1790073158518.189,45.79687
e0606b55,3452,3451,1790073158556.52,38.330384
e0606b55,3453,3452,1790073158592.35,35.829882
e0606b55,3454,3453,1790073158633.237,40.887045
e0606b55,3455,3454,1790073158672.654,39.41723
e0606b55,3456,3455,1790073158724.594,51.94059
e0606b55,3457,3456,1790073158753.757,29.162874
e0606b55,3458,3457,1790073158791.907,38.149473
e0606b55,3459,3458,1790073158831.997,40.090693
e0606b55,3460,3459,1790073158872.549,40.551126
e0606b55,3461,3460,1790073158914.07,41.521159
e0606b55,3462,3461,1790073158958.468,44.39827
e0606b55,3463,3462,1790073158995.075,36.606893
e0606b55,3464,3463,1790073159038.826,43.750864
e0606b55,3465,3464,1790073159087.462,48.635961
e0606b55,3466,3465,1790073159121.088,33.626765
e0606b55,3467,3466,1790073159169.444,48.355547
e0606b55,3468,3467,1790073159190.198,20.754554
e0606b55,3469,3468,1790073159240.012,49.81354
e0606b55,3470,3469,1790073159293.272,53.260061
e0606b55,3471,3470,1790073159314.374,21.101736
e0606b55,3472,3471,1790073159350.798,36.423736
e0606b55,3473,3472,1790073159392.092,41.294203
e0606b55,3474,3473,1790073159433.752,41.660006
e0606b55,3475,3474,1790073159472.544,38.79191
e0606b55,3476,3475,1790073159513.624,41.080486
e0606b55,3477,3476,1790073159559.67,46.04542
e0606b55,3478,3477,1790073159600.883,41.213243
e0606b55,3479,3478,1790073159602.324,1.441316
e0606b55,3480,3479,1790073159603.106,0.781815
e0606b55,3481,3480,1790073159604.508,1.401873
e0606b55,3482,3481,1790073159607.276,2.767692
e0606b55,3483,3482,1790073159609.693,2.417001
e0606b55,3484,3483,1790073159671.498,61.805081
e0606b55,3485,3484,1790073159960.646,289.147982
c7e22c1f,292,291,1790073024829.49,36.882557
c7e22c1f,293,292,1790073024870.762,41.271923
c7e22c1f,294,293,1790073024907.5,36.737951
c7e22c1f,295,294,1790073024956.397,48.896513
c7e22c1f,296,295,1790073024985.059,28.662372
c7e22c1f,297,296,1790073025023.694,38.635354
c7e22c1f,298,297,1790073025064.396,40.701134
c7e22c1f,299,298,1790073025109.975,45.578996
c7e22c1f,300,299,1790073025153.28,43.305403
c7e22c1f,301,300,1790073025190.185,36.905439
c7e22c1f,302,301,1790073025231.003,40.81777
c7e22c1f,303,302,1790073025268.655,37.65209
c7e22c1f,304,303,1790073025314.97,46.314456
c7e22c1f,305,304,1790073025350.638,35.66825
c7e22c1f,306,305,1790073025393.653,43.014952
c7e22c1f,307,306,1790073025433.412,39.758724
c7e22c1f,308,307,1790073025462.523,29.111904
c7e22c1f,309,308,1790073025513.871,51.347104
c7e22c1f,310,309,1790073025543.249,29.378625
c7e22c1f,311,310,1790073025585.129,41.879994
c7e22c1f,312,311,1790073025626.664,41.534591
c7e22c1f,313,312,1790073025670.87,44.206191
c7e22c1f,314,313,1790073025713.01,42.139591
c7e22c1f,315,314,1790073025754.884,41.874638
c7e22c1f,316,315,1790073025791.375,36.49057
c7e22c1f,317,316,1790073025832.427,41.051766
c7e22c1f,318,317,1790073025860.837,28.41075
c7e22c1f,319,318,1790073025913.008,52.170686
c7e22c1f,320,319,1790073025953.986,40.978238
c7e22c1f,321,320,1790073026000.75,46.763753
c7e22c1f,322,321,1790073026022.727,21.976631
c7e22c1f,323,322,1790073026082.323,59.596865
c7e22c1f,324,323,1790073026103.617,21.293682
c7e22c1f,325,324,1790073026144.499,40.881929
c7e22c1f,326,325,1790073026186.636,42.136571
c7e22c1f,327,326,1790073026226.692,40.056499
c7e22c1f,328,327,1790073026277.624,50.93163
c7e22c1f,329,328,1790073026308.75,31.125863
c7e22c1f,330,329,1790073026350.161,41.411404
c7e22c1f,331,330,1790073026390.276,40.115303
c7e22c1f,332,331,1790073026423.678,33.401946
c7e22c1f,333,332,1790073026473.021,49.342188
c7e22c1f,334,333,1790073026501.814,28.79372
c7e22c1f,335,334,1790073026543.813,41.998626
c7e22c1f,336,335,1790073026597.795,53.982005
c7e22c1f,337,336,1790073026598.915,1.12011
c7e22c1f,338,337,1790073026600.017,1.102404
c7e22c1f,339,338,1790073026601.138,1.120918
c7e22c1f,340,339,1790073026676.172,75.033617
c7e22c1f,341,340,1790073026785.725,109.553137
c7e22c1f,342,341,1790073026834.437,48.712156
c7e22c1f,343,342,1790073026863.618,29.180692
c7e22c1f,344,343,1790073026903.693,40.075051
c7e22c1f,345,344,1790073026945.783,42.089947
c7e22c1f,346,345,1790073026987.933,42.150127
c7e22c1f,347,346,1790073027027.011,39.077648
c7e22c1f,348,347,1790073027072.304,45.293546
c7e22c1f,349,348,1790073027110.431,38.12646
c7e22c1f,350,349,1790073027151.51,41.078914
c7e22c1f,351,350,1790073027187.75,36.240909
c7e22c1f,352,351,1790073027233.672,45.920976
c7e22c1f,353,352,1790073027261.141,27.469401
c7e22c1f,354,353,1790073027315.865,54.724163
c7e22c1f,355,354,1790073027349.903,34.038114
c7e22c1f,356,355,1790073027383.969,34.065894
c7e22c1f,357,356,1790073027423.912,39.942621
c7e22c1f,358,357,1790073027465.786,41.874571
c7e22c1f,359,358,1790073027511.17,45.383876
c7e22c1f,360,359,1790073027546.972,35.802224
c7e22c1f,361,360,1790073027591.865,44.892583
c7e22c1f,362,361,1790073027622.615,30.749606
c7e22c1f,363,362,1790073027673.043,50.428986
c7e22c1f,364,363,1790073027706.995,33.951181
c7e22c1f,365,364,1790073027754.038,47.043631
c7e22c1f,366,365,1790073027784.969,30.930577
c7e22c1f,367,366,1790073027832.25,47.281505
c7e22c1f,368,367,1790073027862.898,30.647363
c7e22c1f,369,368,1790073027909.062,46.163951
c7e22c1f,370,369,1790073027955.394,46.332252
c7e22c1f,371,370,1790073027989.081,33.686639
c7e22c1f,372,371,1790073028032.083,43.002348
c7e22c1f,373,372,1790073028075.491,43.407918
c7e22c1f,374,373,1790073028108.269,32.778153
c7e22c1f,375,374,1790073028156.08,47.81092
c7e22c1f,376,375,1790073028182.265,26.185403
c7e22c1f,377,376,1790073028231.347,49.081809
c7e22c1f,378,377,1790073028261.108,29.760866
c7e22c1f,379,378,1790073028314.192,53.08399
c7e22c1f,380,379,1790073028343.903,29.710756
c7e22c1f,381,380,1790073028385.066,41.163238
c7e22c1f,382,381,1790073028426.863,41.797216
c7e22c1f,383,382,1790073028472.647,45.78387
c7e22c1f,384,383,1790073028518.618,45.971148
c7e22c1f,385,384,1790073028549.058,30.439876
c7e22c1f,386,385,1790073028602.59,53.532216
c7e22c1f,387,386,1790073028606.056,3.465295
c7e22c1f,388,387,1790073028607.032,0.976276
c7e22c1f,389,388,1790073028608.395,1.363374
c7e22c1f,390,389,1790073028671.485,63.089433
c7e22c1f,391,390,1790073028787.098,115.613681
c7e22c1f,392,391,1790073028833.854,46.754972
c7e22c1f,393,392,1790073028871.674,37.820301
c7e22c1f,394,393,1790073028908.609,36.935177
c7e22c1f,395,394,1790073028949.075,40.46634
c7e22c1f,396,395,1790073028993.3,44.224476
c7e22c1f,397,396,1790073029036.302,43.002139
c7e22c1f,398,397,1790073029074.391,38.08919
c7e22c1f,399,398,1790073029109.27,34.878889
c7e22c1f,400,399,1790073029162.596,53.326141
c7e22c1f,401,400,1790073029183.571,20.974874
c7e22c1f,402,401,1790073029235.263,51.691902
c7e22c1f,403,402,1790073029262.688,27.425655
c7e22c1f,404,403,1790073029321.266,58.577547
c7e22c1f,405,404,1790073029343.565,22.299426
c7e22c1f,406,405,1790073029388.915,45.349294
c7e22c1f,407,406,1790073029427.134,38.219354
c7e22c1f,408,407,1790073029469.145,42.01078
c7e22c1f,409,408,1790073029508.296,39.151308
c7e22c1f,410,409,1790073029561.03,52.733666
c7e22c1f,411,410,1790073029591.939,30.908901
c7e22c1f,412,411,1790073029620.324,28.385155
c7e22c1f,413,412,1790073029677.123,56.799451
c7e22c1f,414,413,1790073029707.661,30.537472
c7e22c1f,415,414,1790073029754.078,46.4176
c7e22c1f,416,415,1790073029785.878,31.799379
c7e22c1f,417,416,1790073029829.225,43.346851
c7e22c1f,418,417,1790073029863.814,34.589421
c7e22c1f,419,418,1790073029912.888,49.07431
c7e22c1f,420,419,1790073029946.733,33.844402
c7e22c1f,421,420,1790073029988.314,41.581335
c7e22c1f,422,421,1790073030029.354,41.040078
c7e22c1f,423,422,1790073030069.878,40.523458
c7e22c1f,424,423,1790073030111.503,41.624887
c7e22c1f,425,424,1790073030151.656,40.153294
c7e22c1f,426,425,1790073030180.45,28.793711
c7e22c1f,427,426,1790073030236.757,56.307406
c7e22c1f,428,427,1790073030261.901,25.144242
c7e22c1f,429,428,1790073030312.032,50.13105
c7e22c1f,430,429,1790073030342.395,30.362288
c7e22c1f,431,430,1790073030396.303,53.90828
c7e22c1f,432,431,1790073030430.395,34.091989
c7e22c1f,433,432,1790073030469.366,38.97083
c7e22c1f,434,433,1790073030515.307,45.941454
c7e22c1f,435,434,1790073030553.206,37.898473
c7e22c1f,436,435,1790073030614.148,60.942848
c7e22c1f,437,436,1790073030615.523,1.374562
c7e22c1f,438,437,1790073030616.182,0.658897
c7e22c1f,439,438,1790073030617.428,1.246381
c7e22c1f,440,439,1790073030677.292,59.863197
c7e22c1f,441,440,1790073030789.698,112.406896
c7e22c1f,442,441,1790073030824.389,34.690923
c7e22c1f,443,442,1790073030865.354,40.964259
c7e22c1f,444,443,1790073030911.697,46.343173
c7e22c1f,445,444,1790073030955.536,43.839129
c7e22c1f,446,445,1790073030999.719,44.183257
c7e22c1f,447,446,1790073031030.266,30.547079
c7e22c1f,448,447,1790073031072.55,42.284075
c7e22c1f,449,448,1790073031117.963,45.412932
c7e22c1f,450,449,1790073031154.972,37.008652
c7e22c1f,451,450,1790073031192.043,37.071095
c7e22c1f,452,451,1790073031233.112,41.069435
c7e22c1f,453,452,1790073031262.918,29.805517
c7e22c1f,454,453,1790073031307.783,44.865021
c7e22c1f,455,454,1790073031344.989,37.20605
c7e22c1f,456,455,1790073031386.946,41.956957
c7e22c1f,457,456,1790073031430.169,43.222756
c7e22c1f,458,457,1790073031468.615,38.446413
c7e22c1f,459,458,1790073031509.128,40.512921
c7e22c1f,460,459,1790073031549.738,40.609865
c7e22c1f,461,460,1790073031580.868,31.130277
c7e22c1f,462,461,1790073031620.791,39.922424
c7e22c1f,463,462,1790073031675.588,54.797544
c7e22c1f,464,463,1790073031702.851,27.263302
c7e22c1f,465,464,1790073031754.771,51.920063
c7e22c1f,466,465,1790073031783.77,28.998546
c7e22c1f,467,466,1790073031826.425,42.654684
c7e22c1f,468,467,1790073031867.183,40.758397
c7e22c1f,469,468,1790073031908.813,41.630399
c7e22c1f,470,469,1790073031949.595,40.782046
c7e22c1f,471,470,1790073031988.86,39.264852
c7e22c1f,472,471,1790073032035.748,46.887186
c7e22c1f,473,472,1790073032070.757,35.009666
c7e22c1f,474,473,1790073032129.981,59.224063
c7e22c1f,475,474,1790073032154.516,24.535002
c7e22c1f,476,475,1790073032181.726,27.209822
c7e22c1f,477,476,1790073032237.908,56.182189
c7e22c1f,478,477,1790073032262.61,24.701236
c7e22c1f,479,478,1790073032304.033,41.423738
c7e22c1f,480,479,1790073032347.753,43.719373
c7e22c1f,481,480,1790073032389.417,41.664275
c7e22c1f,482,481,1790073032430.73,41.313109
c7e22c1f,483,482,1790073032473.823,43.093405
c7e22c1f,484,483,1790073032512.541,38.717241
c7e22c1f,485,484,1790073032549.561,37.02051
c7e22c1f,486,485,1790073032598.73,49.168469
c7e22c1f,487,486,1790073032600.217,1.487164
c7e22c1f,488,487,1790073032601.23,1.013381
c7e22c1f,489,488,1790073032675.672,74.44167
c7e22c1f,490,489,1790073032784.727,109.054642
c7e22c1f,491,490,1790073032824.442,39.715897
c7e22c1f,492,491,1790073032866.755,42.312318
c7e22c1f,493,492,1790073032907.558,40.803143
c7e22c1f,494,493,1790073032951.584,44.026147
c7e22c1f,495,494,1790073032994.51,42.925531
c7e22c1f,496,495,1790073033034.974,40.464359
c7e22c1f,497,496,1790073033069.279,34.305051
c7e22c1f,498,497,1790073033121.278,51.998872
c7e22c1f,499,498,1790073033155.629,34.350926
c7e22c1f,500,499,1790073033181.55,25.920996
c7e22c1f,501,500,1790073033236.042,54.491824
c7e22c1f,502,501,1790073033263.506,27.46479
c7e22c1f,503,502,1790073033304.455,40.948391
c7e22c1f,504,503,1790073033347.663,43.207973
c7e22c1f,505,504,1790073033389.461,41.798056
c7e22c1f,506,505,1790073033435.012,45.550962
c7e22c1f,507,506,1790073033471.32,36.307666
c7e22c1f,508,507,1790073033518.652,47.332497
c7e22c1f,509,508,1790073033558.21,39.558503
c7e22c1f,510,509,1790073033585.862,27.651058
c7e22c1f,511,510,1790073033628.231,42.369493
c7e22c1f,512,511,1790073033674.381,46.150033
c7e22c1f,513,512,1790073033702.402,28.021134
c7e22c1f,514,513,1790073033753.254,50.851571
c7e22c1f,515,514,1790073033785.546,32.291971
c7e22c1f,516,515,1790073033838.545,52.998843
c7e22c1f,517,516,1790073033864.954,26.409379
c7e22c1f,518,517,1790073033904.204,39.250512
c7e22c1f,519,518,1790073033956.928,52.723249
c7e22c1f,520,519,1790073033992.63,35.70258
c7e22c1f,521,520,1790073034029.783,37.152901
c7e22c1f,522,521,1790073034069.882,40.098656
c7e22c1f,523,522,1790073034111.402,41.520596
c7e22c1f,524,523,1790073034150.381,38.978379
c7e22c1f,525,524,1790073034195.614,45.232676
c7e22c1f,526,525,1790073034236.907,41.293704
c7e22c1f,527,526,1790073034263.861,26.954001
c7e22c1f,528,527,1790073034310.962,47.101106
c7e22c1f,529,528,1790073034349.646,38.683185
c7e22c1f,530,529,1790073034387.564,37.918571
c7e22c1f,531,530,1790073034430.088,42.524319
c7e22c1f,532,531,1790073034470.003,39.914338
c7e22c1f,533,532,1790073034515.618,45.615621
c7e22c1f,534,533,1790073034555.931,40.31253
c7e22c1f,535,534,1790073034598.52,42.588722
c7e22c1f,536,535,1790073034600.227,1.707061
c7e22c1f,537,536,1790073034601.785,1.558137
c7e22c1f,538,537,1790073034604.353,2.567897
c7e22c1f,539,538,1790073034668.933,64.5803
c7e22c1f,540,539,1790073034790.301,121.367972
c7e22c1f,541,540,1790073034836.174,45.873093
c7e22c1f,542,541,1790073034874.187,38.012795
c7e22c1f,543,542,1790073034910.908,36.721517
c7e22c1f,544,543,1790073034941.391,30.482181
c7e22c1f,545,544,1790073034991.91,50.51966
c7e22c1f,546,545,1790073035027.082,35.171292
c7e22c1f,547,546,1790073035074.65,47.568666
c7e22c1f,548,547,1790073035109.072,34.421615
c7e22c1f,549,548,1790073035144.227,35.155337
c7e22c1f,550,549,1790073035201.981,57.753975
c7e22c1f,551,550,1790073035228.367,26.38564
c7e22c1f,552,551,1790073035268.511,40.144594
c7e22c1f,553,552,1790073035310.917,42.406108
c7e22c1f,554,553,1790073035351.004,40.086188
c7e22c1f,555,554,1790073035405.168,54.164613
c7e22c1f,556,555,1790073035422.156,16.987713
c7e22c1f,557,556,1790073035484.059,61.903492
c7e22c1f,558,557,1790073035509.098,25.038648
c7e22c1f,559,558,1790073035559.374,50.276157
c7e22c1f,560,559,1790073035592.715,33.341107
c7e22c1f,561,560,1790073035634.53,41.814076
c7e22c1f,562,561,1790073035665.677,31.147376
c7e22c1f,563,562,1790073035703.618,37.940944
c7e22c1f,564,563,1790073035747.493,43.875268
c7e22c1f,565,564,1790073035788.782,41.288778
c7e22c1f,566,565,1790073035829.085,40.303535
c7e22c1f,567,566,1790073035870.603,41.517779
c7e22c1f,568,567,1790073035909.51,38.906832
c7e22c1f,569,568,1790073035950.697,41.186719
c7e22c1f,570,569,1790073035993.583,42.886226
c7e22c1f,571,570,1790073036036.344,42.760871
c7e22c1f,572,571,1790073036065.685,29.340897
c7e22c1f,573,572,1790073036112.938,47.25333
c7e22c1f,574,573,1790073036145.753,32.814907
c7e22c1f,575,574,1790073036196.421,50.668043
c7e22c1f,576,575,1790073036227.861,31.439963
c7e22c1f,577,576,1790073036266.91,39.049259
c7e22c1f,578,577,1790073036314.983,48.073112
c7e22c1f,579,578,1790073036349.839,34.855317
c7e22c1f,580,579,1790073036398.222,48.383007
c7e22c1f,581,580,1790073036431.749,33.527107
c7e22c1f,582,581,1790073036470.302,38.553425
c7e22c1f,583,582,1790073036510.367,40.065391
c7e22c1f,584,583,1790073036544.252,33.884079
c7e22c1f,585,584,1790073036603.44,59.188767
c7e22c1f,586,585,1790073036604.611,1.170308
c7e22c1f,587,586,1790073036605.487,0.876728
c7e22c1f,588,587,1790073036667.612,62.124447
c7e22c1f,589,588,1790073036790.347,122.735146
c7e22c1f,590,589,1790073036829.241,38.893805
c7e22c1f,591,590,1790073036878.139,48.898242
c7e22c1f,592,591,1790073036903.875,25.735486
c7e22c1f,593,592,1790073036953.464,49.589767
c7e22c1f,594,593,1790073036990.281,36.817071
c7e22c1f,595,594,1790073037033.851,43.569815
c7e22c1f,596,595,1790073037069.19,35.339337
c7e22c1f,597,596,1790073037123.097,53.906456
c7e22c1f,598,597,1790073037146.531,23.434507
c7e22c1f,599,598,1790073037190.914,44.382313
c7e22c1f,600,599,1790073037295.884,104.970225
c7e22c1f,601,600,1790073037302.774,6.889612
c7e22c1f,602,601,1790073037308.579,5.805199
c7e22c1f,603,602,1790073037347.047,38.468587
c7e22c1f,604,603,1790073037392.184,45.136439
c7e22c1f,605,604,1790073037428.339,36.155109
c7e22c1f,606,605,1790073037469.369,41.029714
c7e22c1f,607,606,1790073037518.049,48.679857
c7e22c1f,608,607,1790073037557.46,39.411647
c7e22c1f,609,608,1790073037602.52,45.059761
c7e22c1f,610,609,1790073037634.013,31.493168
c7e22c1f,611,610,1790073037670.388,36.375063
c7e22c1f,612,611,1790073037706.461,36.073148
c7e22c1f,613,612,1790073037752.872,46.410248
c7e22c1f,614,613,1790073037784.751,31.879634
c7e22c1f,615,614,1790073037837.989,53.23742
c7e22c1f,616,615,1790073037863.337,25.348789
c7e22c1f,617,616,1790073037910.688,47.350999
c7e22c1f,618,617,1790073037951.55,40.861435
c7e22c1f,619,618,1790073037987.646,36.096055
c7e22c1f,620,619,1790073038036.471,48.824952
c7e22c1f,621,620,1790073038075.76,39.288805
c7e22c1f,622,621,1790073038111.041,35.280847
c7e22c1f,623,622,1790073038153.58,42.539023
c7e22c1f,624,623,1790073038181.743,28.163613
c7e22c1f,625,624,1790073038244.212,62.468477
c7e22c1f,626,625,1790073038264.032,19.820435
c7e22c1f,627,626,1790073038307.413,43.380441
c7e22c1f,628,627,1790073038353.7,46.287424
c7e22c1f,629,628,1790073038390.235,36.535069
c7e22c1f,630,629,1790073038434.599,44.363833
c7e22c1f,631,630,1790073038470.594,35.995112
c7e22c1f,632,631,1790073038511.554,40.95986
c7e22c1f,633,632,1790073038549.034,37.480712
c7e22c1f,634,633,1790073038602.694,53.659198
c7e22c1f,635,634,1790073038603.95,1.256414
c7e22c1f,636,635,1790073038605.256,1.30557
c7e22c1f,637,636,1790073038608.495,3.23913
c7e22c1f,638,637,1790073038664.331,55.835949
c7e22c1f,639,638,1790073038784.576,120.245438
c7e22c1f,640,639,1790073038829.623,45.046787
c7e22c1f,641,640,1790073038874.4,44.777002
c7e22c1f,642,641,1790073038911.431,37.031171
c7e22c1f,643,642,1790073038950.708,39.277032
c7e22c1f,644,643,1790073038989.819,39.110433
c7e22c1f,645,644,1790073039030.23,40.411027
c7e22c1f,646,645,1790073039073.432,43.202702
c7e22c1f,647,646,1790073039111.028,37.595894
c7e22c1f,648,647,1790073039142.825,31.796829
c7e22c1f,649,648,1790073039192.953,50.127922
c7e22c1f,650,649,1790073039223.729,30.7757
c7e22c1f,651,650,1790073039273.37,49.641642
c7e22c1f,652,651,1790073039319.226,45.855703
c7e22c1f,653,652,1790073039349.27,30.043915
c7e22c1f,654,653,1790073039394.265,44.995148
c7e22c1f,655,654,1790073039429.021,34.755477
c7e22c1f,656,655,1790073039470.028,41.007186
c7e22c1f,657,656,1790073039509.667,39.639377
c7e22c1f,658,657,1790073039552.796,43.128581
c7e22c1f,659,658,1790073039593.875,41.079596
c7e22c1f,660,659,1790073039632.99,39.114651
c7e22c1f,661,660,1790073039663.508,30.518088
c7e22c1f,662,661,1790073039718.125,54.616467
c7e22c1f,663,662,1790073039745.832,27.706907
c7e22c1f,664,663,1790073039798.14,52.308101
c7e22c1f,665,664,1790073039824.911,26.771557
c7e22c1f,666,665,1790073039864.508,39.596538
c7e22c1f,667,666,1790073039912.423,47.915143
c7e22c1f,668,667,1790073039950.902,38.479453
c7e22c1f,669,668,1790073039991.13,40.227957
c7e22c1f,670,669,1790073040032.709,41.579069
c7e22c1f,671,670,1790073040060.071,27.361964
c7e22c1f,672,671,1790073040114.148,54.077283
c7e22c1f,673,672,1790073040145.47,31.321345
c7e22c1f,674,673,1790073040194.964,49.494489
c7e22c1f,675,674,1790073040221.875,26.910349
c7e22c1f,676,675,1790073040288.414,66.539705
c7e22c1f,677,676,1790073040303.998,15.583671
c7e22c1f,678,677,1790073040345.429,41.431132
c7e22c1f,679,678,1790073040389.052,43.622806
c7e22c1f,680,679,1790073040428.821,39.768836
c7e22c1f,681,680,1790073040468.806,39.984753
c7e22c1f,682,681,1790073040509.812,41.006916
c7e22c1f,683,682,1790073040551.129,41.31683
c7e22c1f,684,683,1790073040601.415,50.28527
c7e22c1f,685,684,1790073040602.74,1.325583
c7e22c1f,686,685,1790073040606.827,4.086519
c7e22c1f,687,686,1790073040608.918,2.09138
c7e22c1f,688,687,1790073040663.059,54.141024
c7e22c1f,689,688,1790073040788.887,125.828159
c7e22c1f,690,689,1790073040828.076,39.18873
c7e22c1f,691,690,1790073040869.423,41.347146
c7e22c1f,692,691,1790073040910.474,41.051008
c7e22c1f,693,692,1790073040958.431,47.957053
c7e22c1f,694,693,1790073040993.348,34.917166
c7e22c1f,695,694,1790073041031.892,38.543562
c7e22c1f,696,695,1790073041061.283,29.391574
c7e22c1f,697,696,1790073041115.187,53.90328
c7e22c1f,698,697,1790073041142.964,27.776931
c7e22c1f,699,698,1790073041202.679,59.715445
c7e22c1f,700,699,1790073041226.135,23.45554
c7e22c1f,701,700,1790073041264.72,38.585483
c7e22c1f,702,701,1790073041324.448,59.727205
c7e22c1f,703,702,1790073041351.138,26.690267
c7e22c1f,704,703,1790073041389.693,38.555668
c7e22c1f,705,704,1790073041420.689,30.996021
c7e22c1f,706,705,1790073041475.142,54.452959
c7e22c1f,707,706,1790073041501.25,26.107108
c7e22c1f,708,707,1790073041553.611,52.362017
c7e22c1f,709,708,1790073041581.573,27.96145
c7e22c1f,710,709,1790073041625.082,43.509261
c7e22c1f,711,710,1790073041672.49,47.407839
c7e22c1f,712,711,1790073041703.518,31.02795
c7e22c1f,713,712,1790073041745.116,41.59804
c7e22c1f,714,713,1790073041788.424,43.308016
c7e22c1f,715,714,1790073041831.537,43.113459
c7e22c1f,716,715,1790073041869.029,37.491589
c7e22c1f,717,716,1790073041909.346,40.317387
c7e22c1f,718,717,1790073041950.21,40.863788
c7e22c1f,719,718,1790073041992.997,42.78653
c7e22c1f,720,719,1790073042032.167,39.170072
c7e22c1f,721,720,1790073042079.065,46.898179
c7e22c1f,722,721,1790073042101.995,22.929652
c7e22c1f,723,722,1790073042152.927,50.932274
c7e22c1f,724,723,1790073042191.462,38.535498
c7e22c1f,725,724,1790073042225.501,34.038906
c7e22c1f,726,725,1790073042267.82,42.319078
c7e22c1f,727,726,1790073042311.137,43.316948
c7e22c1f,728,727,1790073042350.175,39.037107
c7e22c1f,729,728,1790073042390.679,40.504292
c7e22c1f,730,729,1790073042430.58,39.901569
c7e22c1f,731,730,1790073042473.783,43.202846
c7e22c1f,732,731,1790073042514.032,40.248636
c7e22c1f,733,732,1790073042551.772,37.740513
c7e22c1f,734,733,1790073042598.946,47.173859
c7e22c1f,735,734,1790073042600.42,1.473521
c7e22c1f,736,735,1790073042601.332,0.91179
c7e22c1f,737,736,1790073042602.391,1.05918
c7e22c1f,738,737,1790073042670.549,68.158071
c7e22c1f,739,738,1790073042782.844,112.295327
c7e22c1f,740,739,1790073042892.13,109.285486
c7e22c1f,741,740,1790073042901.349,9.219317
c7e22c1f,742,741,1790073042915.371,14.022163
c7e22c1f,743,742,1790073042943.693,28.321798
c7e22c1f,744,743,1790073042984.84,41.146749
c7e22c1f,745,744,1790073043030.205,45.365351
c7e22c1f,746,745,1790073043068.681,38.475759
c7e22c1f,747,746,1790073043109.227,40.545835
c7e22c1f,748,747,1790073043149.311,40.083996
c7e22c1f,749,748,1790073043198.867,49.556258
c7e22c1f,750,749,1790073043240.352,41.485025
c7e22c1f,751,750,1790073043262.016,21.664177
c7e22c1f,752,751,1790073043314.539,52.522619
c7e22c1f,753,752,1790073043343.142,28.603168
c7e22c1f,754,753,1790073043402.656,59.514288
c7e22c1f,755,754,1790073043424.082,21.425841
c7e22c1f,756,755,1790073043467.469,43.387686
c7e22c1f,757,756,1790073043507.852,40.381904
c7e22c1f,758,757,1790073043545.796,37.944565
c7e22c1f,759,758,1790073043591.512,45.715569
c7e22c1f,760,759,1790073043629.797,38.284968
c7e22c1f,761,760,1790073043672.366,42.569978
c7e22c1f,762,761,1790073043710.963,38.596841
c7e22c1f,763,762,1790073043752.893,41.929339
c7e22c1f,764,763,1790073043797.819,44.92578
c7e22c1f,765,764,1790073043821.476,23.657774
c7e22c1f,766,765,1790073043873.632,52.155243
c7e22c1f,767,766,1790073043902.97,29.338492
c7e22c1f,768,767,1790073043960.543,57.573252
c7e22c1f,769,768,1790073043983.255,22.711456
c7e22c1f,770,769,1790073044033.915,50.659883
c7e22c1f,771,770,1790073044068.9,34.985198
c7e22c1f,772,771,1790073044114.42,45.52006
c7e22c1f,773,772,1790073044145.262,30.842624
c7e22c1f,774,773,1790073044188.593,43.32996
c7e22c1f,775,774,1790073044234.524,45.931227
c7e22c1f,776,775,1790073044269.967,35.442921
c7e22c1f,777,776,1790073044310.531,40.564506
c7e22c1f,778,777,1790073044354.107,43.576364
c7e22c1f,779,778,1790073044391.133,37.025185
c7e22c1f,780,779,1790073044431.589,40.456703
c7e22c1f,781,780,1790073044473.125,41.535504
c7e22c1f,782,781,1790073044519.351,46.225738
c7e22c1f,783,782,1790073044543.419,24.068608
c7e22c1f,784,783,1790073044603.821,60.401722
c7e22c1f,785,784,1790073044604.985,1.164384
c7e22c1f,786,785,1790073044606.622,1.636399
c7e22c1f,787,786,1790073044608.183,1.561274
c7e22c1f,788,787,1790073044668.515,60.331806
c7e22c1f,789,788,1790073044791.181,122.666171
c7e22c1f,790,789,1790073044829.466,38.285108
c7e22c1f,791,790,1790073044870.855,41.389336
c7e22c1f,792,791,1790073044910.672,39.816746
c7e22c1f,793,792,1790073044943.057,32.384587
c7e22c1f,794,793,1790073044995.541,52.484012
c7e22c1f,795,794,1790073045025.045,29.503921
c7e22c1f,796,795,1790073045076.973,51.928578
c7e22c1f,797,796,1790073045106.246,29.272292
c7e22c1f,798,797,1790073045145.932,39.686292
c7e22c1f,799,798,1790073045187.686,41.754309
c7e22c1f,800,799,1790073045232.286,44.599424
c7e22c1f,801,800,1790073045271.446,39.159917
c7e22c1f,802,801,1790073045316.052,44.606337
c7e22c1f,803,802,1790073045349.942,33.889859
c7e22c1f,804,803,1790073045397.652,47.710738
c7e22c1f,805,804,1790073045421.983,24.330933
c7e22c1f,806,805,1790073045478.323,56.340178
c7e22c1f,807,806,1790073045509.383,31.059224
c7e22c1f,808,807,1790073045553.712,44.329254
c7e22c1f,809,808,1790073045585.412,31.699684
c7e22c1f,810,809,1790073045626.39,40.977987
c7e22c1f,811,810,1790073045666.88,40.490422
c7e22c1f,812,811,1790073045718.31,51.429948
c7e22c1f,813,812,1790073045751.849,33.538902
c7e22c1f,814,813,1790073045794.241,42.391789
c7e22c1f,815,814,1790073045834.112,39.871281
c7e22c1f,816,815,1790073045876.873,42.7608
c7e22c1f,817,816,1790073045902.303,25.429996
c7e22c1f,818,817,1790073045954.867,52.563922
c7e22c1f,819,818,1790073045984.447,29.580345
c7e22c1f,820,819,1790073046034.844,50.39678
c7e22c1f,821,820,1790073046076.652,41.808152
c7e22c1f,822,821,1790073046113.908,37.256496
c7e22c1f,823,822,1790073046159.317,45.408853
c7e22c1f,824,823,1790073046193.752,34.434703
c7e22c1f,825,824,1790073046235.727,41.975066
c7e22c1f,826,825,1790073046275.432,39.704815
c7e22c1f,827,826,1790073046310.665,35.232741
c7e22c1f,828,827,1790073046354.325,43.660819
c7e22c1f,829,828,1790073046383.663,29.337152
c7e22c1f,830,829,1790073046445.887,62.224401
c7e22c1f,831,830,1790073046462.527,16.639844
c7e22c1f,832,831,1790073046517.863,55.336281
c7e22c1f,833,832,1790073046545.345,27.481803
c7e22c1f,834,833,1790073046605.133,59.787733
c7e22c1f,835,834,1790073046606.348,1.214989
c7e22c1f,836,835,1790073046607.752,1.404419
c7e22c1f,837,836,1790073046610.602,2.85002
c7e22c1f,838,837,1790073046663.291,52.688394
c7e22c1f,839,838,1790073046789.985,126.694602
c7e22c1f,840,839,1790073046847.694,57.709291
c7e22c1f,841,840,1790073046870.597,22.902479
c7e22c1f,842,841,1790073046912.688,42.091117
c7e22c1f,843,842,1790073046950.556,37.868041
c7e22c1f,844,843,1790073046991.271,40.715074
c7e22c1f,845,844,1790073047037.915,46.643591
c7e22c1f,846,845,1790073047070.353,32.437863
c7e22c1f,847,846,1790073047112.267,41.914319
c7e22c1f,848,847,1790073047146.137,33.870086
c7e22c1f,849,848,1790073047195.575,49.438083
c7e22c1f,850,849,1790073047222.736,27.16085
c7e22c1f,851,850,1790073047278.493,55.75733
c7e22c1f,852,851,1790073047309.625,31.132175
c7e22c1f,853,852,1790073047347.913,38.287135
c7e22c1f,854,853,1790073047384.418,36.505251
c7e22c1f,855,854,1790073047427.452,43.034291
c7e22c1f,856,855,1790073047467.886,40.434117
c7e22c1f,857,856,1790073047510.112,42.225984
c7e22c1f,858,857,1790073047548.691,38.579075
c7e22c1f,859,858,1790073047591.994,43.30262
c7e22c1f,860,859,1790073047647.219,55.225616
c7e22c1f,861,860,1790073047677.874,30.654546
c7e22c1f,862,861,1790073047700.755,22.88086
c7e22c1f,863,862,1790073047750.851,50.095774
c7e22c1f,864,863,1790073047793.812,42.960812
c7e22c1f,865,864,1790073047821.93,28.118811
c7e22c1f,866,865,1790073047871.587,49.65675
c7e22c1f,867,866,1790073047915.904,44.316455
c7e22c1f,868,867,1790073047969.771,53.867868
c7e22c1f,869,868,1790073047984.12,14.34852
c7e22c1f,870,869,1790073048027.836,43.715927
c7e22c1f,871,870,1790073048064.446,36.609936
c7e22c1f,872,871,1790073048105.963,41.516799
c7e22c1f,873,872,1790073048148.445,42.481884
c7e22c1f,874,873,1790073048188.084,39.63974
c7e22c1f,875,874,1790073048229.685,41.600416
c7e22c1f,876,875,1790073048291.012,61.3279
c7e22c1f,877,876,1790073048315.947,24.934645
c7e22c1f,878,877,1790073048366.546,50.598792
c7e22c1f,879,878,1790073048383.042,16.496564
c7e22c1f,880,879,1790073048433.121,50.078234
c7e22c1f,881,880,1790073048463.052,29.931612
c7e22c1f,882,881,1790073048511.263,48.210713
c7e22c1f,883,882,1790073048547.58,36.316444
c7e22c1f,884,883,1790073048599.817,52.237215
c7e22c1f,885,884,1790073048601.305,1.488549
c7e22c1f,886,885,1790073048602.451,1.145929
c7e22c1f,887,886,1790073048668.172,65.720564
c7e22c1f,888,887,1790073048784.109,115.937529
c7e22c1f,889,888,1790073048825.316,41.206704
c7e22c1f,890,889,1790073048880.571,55.254871
c7e22c1f,891,890,1790073048907.195,26.624257
c7e22c1f,892,891,1790073048949.278,42.082749
c7e22c1f,893,892,1790073048991.801,42.523244
c7e22c1f,894,893,1790073049029.635,37.833466
c7e22c1f,895,894,1790073049071.667,42.03237
c7e22c1f,896,895,1790073049112.178,40.510632
c7e22c1f,897,896,1790073049142.194,30.016686
c7e22c1f,898,897,1790073049198.038,55.843212
c7e22c1f,899,898,1790073049224.212,26.174185
c7e22c1f,900,899,1790073049274.065,49.853808
c7e22c1f,901,900,1790073049314.962,40.896056
c7e22c1f,902,901,1790073049353.499,38.537719
c7e22c1f,903,902,1790073049384.61,31.110941
c7e22c1f,904,903,1790073049425.309,40.698627
c7e22c1f,905,904,1790073049475.869,50.560302
c7e22c1f,906,905,1790073049508.161,32.291536
c7e22c1f,907,906,1790073049553.911,45.750717
c7e22c1f,908,907,1790073049590.091,36.179369
c7e22c1f,909,908,1790073049633.419,43.328509
c7e22c1f,910,909,1790073049675.194,41.774808
c7e22c1f,911,910,1790073049710.022,34.828265
c7e22c1f,912,911,1790073049751.166,41.143312
c7e22c1f,913,912,1790073049783.777,32.611582
c7e22c1f,914,913,1790073049839.761,55.98431
c7e22c1f,915,914,1790073049861.197,21.434906
c7e22c1f,916,915,1790073049915.129,53.932958
c7e22c1f,917,916,1790073049943.645,28.515703
c7e22c1f,918,917,1790073049984.468,40.822276
c7e22c1f,919,918,1790073050024.253,39.785239
c7e22c1f,920,919,1790073050067.777,43.52481
c7e22c1f,921,920,1790073050108.782,41.004347
c7e22c1f,922,921,1790073050150.434,41.652126
c7e22c1f,923,922,1790073050191.347,40.912669
c7e22c1f,924,923,1790073050236.217,44.870155
c7e22c1f,925,924,1790073050270.503,34.286496
c7e22c1f,926,925,1790073050301.857,31.353372
c7e22c1f,927,926,1790073050352.502,50.645546
c7e22c1f,928,927,1790073050383.934,31.431878
c7e22c1f,929,928,1790073050424.343,40.409103
c7e22c1f,930,929,1790073050466.111,41.767322
c7e22c1f,931,930,1790073050508.616,42.505854
c7e22c1f,932,931,1790073050549.161,40.544992
c7e22c1f,933,932,1790073050600.838,51.676838
c7e22c1f,934,933,1790073050602.582,1.743774
c7e22c1f,935,934,1790073050603.934,1.35172
c7e22c1f,936,935,1790073050671.416,67.481777
c7e22c1f,937,936,1790073050785.217,113.801093
c7e22c1f,938,937,1790073050828.026,42.8098
c7e22c1f,939,938,1790073050868.471,40.444385
c7e22c1f,940,939,1790073050910.836,42.3651
c7e22c1f,941,940,1790073050955.194,44.358016
c7e22c1f,942,941,1790073050992.254,37.060663
c7e22c1f,943,942,1790073051033.103,40.848766
c7e22c1f,944,943,1790073051069.954,36.850453
c7e22c1f,945,944,1790073051117.733,47.778996
c7e22c1f,946,945,1790073051143.191,25.457958
c7e22c1f,947,946,1790073051198.456,55.26482
c7e22c1f,948,947,1790073051221.631,23.17544
c7e22c1f,949,948,1790073051262.177,40.545855
c7e22c1f,950,949,1790073051304.693,42.516621
c7e22c1f,951,950,1790073051350.125,45.431037
c7e22c1f,952,951,1790073051390.743,40.618625
c7e22c1f,953,952,1790073051428.95,38.206622
c7e22c1f,954,953,1790073051468.735,39.785067
c7e22c1f,955,954,1790073051509.183,40.448364
c7e22c1f,956,955,1790073051555.937,46.753939
c7e22c1f,957,956,1790073051590.237,34.29979
c7e22c1f,958,957,1790073051626.464,36.227242
c7e22c1f,959,958,1790073051671.117,44.653362
c7e22c1f,960,959,1790073051701.576,30.459044
c7e22c1f,961,960,1790073051755.117,53.54041
c7e22c1f,962,961,1790073051783.445,28.327651
c7e22c1f,963,962,1790073051839.07,55.625785
c7e22c1f,964,963,1790073051863.523,24.452942
c7e22c1f,965,964,1790073051905.971,42.448181
c7e22c1f,966,965,1790073051953.011,47.039298
c7e22c1f,967,966,1790073051988.972,35.961562
c7e22c1f,968,967,1790073052027.478,38.505139
c7e22c1f,969,968,1790073052072.025,44.548046
c7e22c1f,970,969,1790073052116.889,44.863819
c7e22c1f,971,970,1790073052150.928,34.038763
c7e22c1f,972,971,1790073052206.544,55.616334
c7e22c1f,973,972,1790073052229.973,23.428618
c7e22c1f,974,973,1790073052272.345,42.372423
c7e22c1f,975,974,1790073052311.06,38.714249
c7e22c1f,976,975,1790073052347.145,36.085011
c7e22c1f,977,976,1790073052393.544,46.398971
c7e22c1f,978,977,1790073052426.119,32.574914
c7e22c1f,979,978,1790073052475.48,49.36113
c7e22c1f,980,979,1790073052507.596,32.116301
c7e22c1f,981,980,1790073052555.432,47.836259
c7e22c1f,982,981,1790073052603.557,48.125056
c7e22c1f,983,982,1790073052604.938,1.380328
c7e22c1f,984,983,1790073052606.223,1.285709
c7e22c1f,985,984,1790073052608.281,2.057064
c7e22c1f,986,985,1790073052669.071,60.790874
c7e22c1f,987,986,1790073052795.128,126.057176
c7e22c1f,988,987,1790073052836.594,41.465025
c7e22c1f,989,988,1790073052861.462,24.868838
c7e22c1f,990,989,1790073052918.673,57.210952
c7e22c1f,991,990,1790073052949.292,30.618258
c7e22c1f,992,991,1790073052993.746,44.454111
c7e22c1f,993,992,1790073053024.225,30.479148
c7e22c1f,994,993,1790073053064.751,40.526183
c7e22c1f,995,994,1790073053107.781,43.030232
c7e22c1f,996,995,1790073053153.353,45.572025
c7e22c1f,997,996,1790073053188.489,35.135746
c7e22c1f,998,997,1790073053233.291,44.802
c7e22c1f,999,998,1790073053272.361,39.069783
c7e22c1f,1000,999,1790073053310.453,38.092137
c7e22c1f,1001,1000,1790073053352.386,41.932832
c7e22c1f,1002,1001,1790073053399.056,46.670186
c7e22c1f,1003,1002,1790073053421.717,22.661225
c7e22c1f,1004,1003,1790073053486.537,64.819631
c7e22c1f,1005,1004,1790073053511.201,24.664172
c7e22c1f,1006,1005,1790073053543.59,32.388605
c7e22c1f,1007,1006,1790073053588.581,44.991433
c7e22c1f,1008,1007,1790073053628.164,39.582869
c7e22c1f,1009,1008,1790073053673.753,45.588949
c7e22c1f,1010,1009,1790073053716.494,42.740704
c7e22c1f,1011,1010,1790073053751.35,34.85631
c7e22c1f,1012,1011,1790073053794.709,43.359394
c7e22c1f,1013,1012,1790073053840.377,45.667732
c7e22c1f,1014,1013,1790073053861.478,21.101004
c7e22c1f,1015,1014,1790073053912.469,50.990897
c7e22c1f,1016,1015,1790073053942.845,30.37602
c7e22c1f,1017,1016,1790073053983.844,40.99955
c7e22c1f,1018,1017,1790073054028.66,44.815522
c7e22c1f,1019,1018,1790073054067.245,38.58477
c7e22c1f,1020,1019,1790073054109.007,41.762013
c7e22c1f,1021,1020,1790073054151.793,42.786816
c7e22c1f,1022,1021,1790073054204.372,52.57802
c7e22c1f,1023,1022,1790073054236.262,31.890753
c7e22c1f,1024,1023,1790073054274.451,38.188546
c7e22c1f,1025,1024,1790073054310.823,36.371835
c7e22c1f,1026,1025,1790073054343.599,32.776695
c7e22c1f,1027,1026,1790073054395.443,51.843855
c7e22c1f,1028,1027,1790073054423.096,27.652958
c7e22c1f,1029,1028,1790073054663.772,240.675648
c7e22c1f,1030,1029,1790073054683.081,19.308872
c7e22c1f,1031,1030,1790073054691.79,8.709277
c7e22c1f,1032,1031,1790073054708.643,16.853102
c7e22c1f,1033,1032,1790073054714.618,5.974594
c7e22c1f,1034,1033,1790073054721.171,6.553147
c7e22c1f,1035,1034,1790073054725.325,4.154375
c7e22c1f,1036,1035,1790073054783.702,58.377154
c7e22c1f,1037,1036,1790073054823.412,39.709298
c7e22c1f,1038,1037,1790073054864.011,40.599792
c7e22c1f,1039,1038,1790073054905.54,41.528284
c7e22c1f,1040,1039,1790073054946.414,40.874323
c7e22c1f,1041,1040,1790073054987.82,41.405951
c7e22c1f,1042,1041,1790073055030.774,42.95416
c7e22c1f,1043,1042,1790073055073.653,42.87882
c7e22c1f,1044,1043,1790073055109.657,36.003845
c7e22c1f,1045,1044,1790073055153.039,43.382519
c7e22c1f,1046,1045,1790073055197.083,44.043568
c7e22c1f,1047,1046,1790073055239.665,42.581653
c7e22c1f,1048,1047,1790073055266.192,26.526945
c7e22c1f,1049,1048,1790073055309.529,43.336899
c7e22c1f,1050,1049,1790073055350.641,41.112625
c7e22c1f,1051,1050,1790073055391.382,40.740686
c7e22c1f,1052,1051,1790073055430.731,39.349396
c7e22c1f,1053,1052,1790073055476.962,46.230573
c7e22c1f,1054,1053,1790073055510.776,33.814012
c7e22c1f,1055,1054,1790073055552.704,41.927909
c7e22c1f,1056,1055,1790073055581.492,28.788483
c7e22c1f,1057,1056,1790073055623.518,42.025346
c7e22c1f,1058,1057,1790073055661.598,38.080919
c7e22c1f,1059,1058,1790073055703.613,42.014064
c7e22c1f,1060,1059,1790073055755.12,51.507695
c7e22c1f,1061,1060,1790073055789.438,34.317911
c7e22c1f,1062,1061,1790073055826.734,37.296312
c7e22c1f,1063,1062,1790073055867.124,40.389223
c7e22c1f,1064,1063,1790073055910.696,43.572546
c7e22c1f,1065,1064,1790073055949.722,39.026155
c7e22c1f,1066,1065,1790073055990.822,41.099336
c7e22c1f,1067,1066,1790073056029.609,38.78758
c7e22c1f,1068,1067,1790073056066.628,37.018894
c7e22c1f,1069,1068,1790073056112.727,46.099271
c7e22c1f,1070,1069,1790073056143.382,30.655028
c7e22c1f,1071,1070,1790073056207.71,64.327762
c7e22c1f,1072,1071,1790073056224.654,16.943459
c7e22c1f,1073,1072,1790073056270.168,45.514496
c7e22c1f,1074,1073,1790073056305.642,35.474232
c7e22c1f,1075,1074,1790073056353.008,47.365616
c7e22c1f,1076,1075,1790073056387.366,34.358482
c7e22c1f,1077,1076,1790073056429.448,42.081062
c7e22c1f,1078,1077,1790073056469.273,39.825142
c7e22c1f,1079,1078,1790073056513.02,43.747692
c7e22c1f,1080,1079,1790073056541.328,28.308099
c7e22c1f,1081,1080,1790073056607.144,65.815222
c7e22c1f,1082,1081,1790073056609.066,1.922426
c7e22c1f,1083,1082,1790073056612.528,3.461465
c7e22c1f,1084,1083,1790073056613.557,1.029655
c7e22c1f,1085,1084,1790073056684.985,71.427567
c7e22c1f,1086,1085,1790073056792.222,107.237631
c7e22c1f,1087,1086,1790073056833.337,41.114292
c7e22c1f,1088,1087,1790073056875.316,41.97974
c7e22c1f,1089,1088,1790073056901.893,26.576635
c7e22c1f,1090,1089,1790073056952.977,51.083712
c7e22c1f,1091,1090,1790073056983.973,30.995972
c7e22c1f,1092,1091,1790073057040.246,56.272912
c7e22c1f,1093,1092,1790073057069.158,28.91238
c7e22c1f,1094,1093,1790073057106.747,37.589075
c7e22c1f,1095,1094,1790073057148.866,42.11911
c7e22c1f,1096,1095,1790073057188.948,40.081391
c7e22c1f,1097,1096,1790073057239.809,50.860874
c7e22c1f,1098,1097,1790073057271.53,31.721341
c7e22c1f,1099,1098,1790073057302.209,30.678886
c7e22c1f,1100,1099,1790073057353.021,50.812465
c7e22c1f,1101,1100,1790073057384.24,31.219152
c7e22c1f,1102,1101,1790073057434.188,49.947241
c7e22c1f,1103,1102,1790073057468.0,33.812174
c7e22c1f,1104,1103,1790073057513.293,45.293706
c7e22c1f,1105,1104,1790073057546.763,33.469625
c7e22c1f,1106,1105,1790073057589.958,43.194834
c7e22c1f,1107,1106,1790073057641.847,51.889235
c7e22c1f,1108,1107,1790073057667.579,25.731452
c7e22c1f,1109,1108,1790073057709.684,42.105249
c7e22c1f,1110,1109,1790073057753.116,43.432144
c7e22c1f,1111,1110,1790073057791.606,38.490151
c7e22c1f,1112,1111,1790073057830.431,38.824393
c7e22c1f,1113,1112,1790073057861.997,31.566342
c7e22c1f,1114,1113,1790073057911.681,49.684004
c7e22c1f,1115,1114,1790073057943.378,31.696655
c7e22c1f,1116,1115,1790073057993.006,49.628092
c7e22c1f,1117,1116,1790073058024.243,31.237224
c7e22c1f,1118,1117,1790073058064.443,40.199648
c7e22c1f,1119,1118,1790073058106.817,42.374627
c7e22c1f,1120,1119,1790073058147.629,40.811996
c7e22c1f,1121,1120,1790073058189.104,41.475425
c7e22c1f,1122,1121,1790073058229.066,39.961236
c7e22c1f,1123,1122,1790073058268.947,39.880992
c7e22c1f,1124,1123,1790073058314.365,45.418392
c7e22c1f,1125,1124,1790073058350.843,36.47743
c7e22c1f,1126,1125,1790073058397.345,46.502528
c7e22c1f,1127,1126,1790073058422.848,25.502496
c7e22c1f,1128,1127,1790073058476.126,53.278194
c7e22c1f,1129,1128,1790073058503.71,27.584707
c7e22c1f,1130,1129,1790073058553.517,49.80661
c7e22c1f,1131,1130,1790073058594.74,41.223226
c7e22c1f,1132,1131,1790073058596.256,1.515548
c7e22c1f,1133,1132,1790073058597.038,0.781789
c7e22c1f,1134,1133,1790073058598.706,1.668334
c7e22c1f,1135,1134,1790073058675.134,76.428042
c7e22c1f,1136,1135,1790073058785.703,110.568589
c7e22c1f,1137,1136,1790073058840.439,54.736503
c7e22c1f,1138,1137,1790073058864.465,24.025325
c7e22c1f,1139,1138,1790073058907.212,42.747793
c7e22c1f,1140,1139,1790073058946.817,39.604542
c7e22c1f,1141,1140,1790073058989.36,42.543085
c7e22c1f,1142,1141,1790073059028.553,39.193093
c7e22c1f,1143,1142,1790073059065.744,37.190742
c7e22c1f,1144,1143,1790073059110.879,45.135275
c7e22c1f,1145,1144,1790073059143.627,32.7481
c7e22c1f,1146,1145,1790073059192.158,48.531039
c7e22c1f,1147,1146,1790073059225.111,32.952724
c7e22c1f,1148,1147,1790073059275.68,50.568943
c7e22c1f,1149,1148,1790073059304.585,28.905675
c7e22c1f,1150,1149,1790073059345.316,40.730031
c7e22c1f,1151,1150,1790073059389.574,44.258564
c7e22c1f,1152,1151,1790073059428.216,38.642291
c7e22c1f,1153,1152,1790073059471.583,43.366267
c7e22c1f,1154,1153,1790073059515.801,44.218085
c7e22c1f,1155,1154,1790073059549.87,34.068824
c7e22c1f,1156,1155,1790073059589.655,39.784841
c7e22c1f,1157,1156,1790073059635.197,45.54213
c7e22c1f,1158,1157,1790073059670.68,35.483788
c7e22c1f,1159,1158,1790073059706.452,35.771481
c7e22c1f,1160,1159,1790073059753.969,47.517682
c7e22c1f,1161,1160,1790073059786.542,32.572205
c7e22c1f,1162,1161,1790073059832.78,46.238179
c7e22c1f,1163,1162,1790073059865.894,33.114059
c7e22c1f,1164,1163,1790073059907.193,41.299381
c7e22c1f,1165,1164,1790073059948.423,41.229921
c7e22c1f,1166,1165,1790073059993.747,45.323511
c7e22c1f,1167,1166,1790073060028.968,35.220823
c7e22c1f,1168,1167,1790073060071.45,42.482216
c7e22c1f,1169,1168,1790073060116.468,45.018505
c7e22c1f,1170,1169,1790073060151.74,35.271055
c7e22c1f,1171,1170,1790073060187.464,35.724478
c7e22c1f,1172,1171,1790073060226.167,38.703197
c7e22c1f,1173,1172,1790073060267.667,41.500014
c7e22c1f,1174,1173,1790073060305.044,37.376582
c7e22c1f,1175,1174,1790073060350.004,44.960344
c7e22c1f,1176,1175,1790073060387.153,37.149446
c7e22c1f,1177,1176,1790073060427.466,40.312847
c7e22c1f,1178,1177,1790073060471.948,44.481176
c7e22c1f,1179,1178,1790073060511.833,39.884961
c7e22c1f,1180,1179,1790073060552.742,40.909834
c7e22c1f,1181,1180,1790073060605.09,52.347288
c7e22c1f,1182,1181,1790073060606.3,1.209995
c7e22c1f,1183,1182,1790073060607.306,1.006472
c7e22c1f,1184,1183,1790073060609.021,1.714465
c7e22c1f,1185,1184,1790073060662.514,53.493338
c7e22c1f,1186,1185,1790073060784.233,121.719125
c7e22c1f,1187,1186,1790073060826.27,42.036489
c7e22c1f,1188,1187,1790073060866.495,40.22548
c7e22c1f,1189,1188,1790073060914.028,47.533451
c7e22c1f,1190,1189,1790073060947.433,33.404486
c7e22c1f,1191,1190,1790073060989.355,41.92205
c7e22c1f,1192,1191,1790073061035.45,46.095108
c7e22c1f,1193,1192,1790073061070.731,35.281308
c7e22c1f,1194,1193,1790073061114.908,44.176368
c7e22c1f,1195,1194,1790073061153.12,38.21265
c7e22c1f,1196,1195,1790073061191.583,38.462421
c7e22c1f,1197,1196,1790073061225.637,34.054127
c7e22c1f,1198,1197,1790073061273.188,47.550926
c7e22c1f,1199,1198,1790073061303.447,30.259307
c7e22c1f,1200,1199,1790073061353.528,50.081128
c7e22c1f,1201,1200,1790073061393.351,39.822904
c7e22c1f,1202,1201,1790073061432.833,39.482426
c7e22c1f,1203,1202,1790073061470.966,38.132469
c7e22c1f,1204,1203,1790073061509.379,38.413473
c7e22c1f,1205,1204,1790073061555.896,46.51649
c7e22c1f,1206,1205,1790073061590.432,34.535594
c7e22c1f,1207,1206,1790073061629.918,39.486859
c7e22c1f,1208,1207,1790073061673.797,43.878644
c7e22c1f,1209,1208,1790073061711.7,37.902521
c7e22c1f,1210,1209,1790073061754.125,42.425218
c7e22c1f,1211,1210,1790073061782.607,28.482567
c7e22c1f,1212,1211,1790073061837.11,54.502851
c7e22c1f,1213,1212,1790073061869.815,32.704759
c7e22c1f,1214,1213,1790073061906.749,36.933551
c7e22c1f,1215,1214,1790073061947.954,41.205857
c7e22c1f,1216,1215,1790073061997.441,49.486672
c7e22c1f,1217,1216,1790073062029.087,31.646021
c7e22c1f,1218,1217,1790073062079.78,50.69257
c7e22c1f,1219,1218,1790073062111.678,31.898595
c7e22c1f,1220,1219,1790073062164.759,53.081046
c7e22c1f,1221,1220,1790073062182.335,17.576172
c7e22c1f,1222,1221,1790073062235.376,53.04082
c7e22c1f,1223,1222,1790073062266.952,31.575514
c7e22c1f,1224,1223,1790073062303.71,36.757973
c7e22c1f,1225,1224,1790073062347.507,43.797254
c7e22c1f,1226,1225,1790073062388.231,40.723826
c7e22c1f,1227,1226,1790073062428.803,40.572111
c7e22c1f,1228,1227,1790073062472.178,43.375081
c7e22c1f,1229,1228,1790073062509.465,37.28723
c7e22c1f,1230,1229,1790073062550.838,41.372796
c7e22c1f,1231,1230,1790073062599.417,48.578918
c7e22c1f,1232,1231,1790073062600.666,1.24925
c7e22c1f,1233,1232,1790073062601.443,0.776273
c7e22c1f,1234,1233,1790073062674.894,73.451298
c7e22c1f,1235,1234,1790073062784.507,109.613461
c7e22c1f,1236,1235,1790073062824.124,39.616163
c7e22c1f,1237,1236,1790073062867.239,43.11517
c7e22c1f,1238,1237,1790073062907.836,40.59709
c7e22c1f,1239,1238,1790073062949.358,41.522151
c7e22c1f,1240,1239,1790073062988.806,39.447741
c7e22c1f,1241,1240,1790073063028.753,39.947538
c7e22c1f,1242,1241,1790073063077.645,48.891603
c7e22c1f,1243,1242,1790073063112.426,34.780764
c7e22c1f,1244,1243,1790073063150.555,38.129054
c7e22c1f,1245,1244,1790073063187.46,36.905883
c7e22c1f,1246,1245,1790073063237.976,50.515863
c7e22c1f,1247,1246,1790073063262.747,24.770965
c7e22c1f,1248,1247,1790073063313.15,50.40273
c7e22c1f,1249,1248,1790073063344.049,30.899081
c7e22c1f,1250,1249,1790073063388.589,44.539537
c7e22c1f,1251,1250,1790073063439.06,50.471223
c7e22c1f,1252,1251,1790073063467.4,28.339951
c7e22c1f,1253,1252,1790073063509.461,42.061008
c7e22c1f,1254,1253,1790073063557.869,48.408361
c7e22c1f,1255,1254,1790073063597.202,39.332814
c7e22c1f,1256,1255,1790073063619.877,22.675079
c7e22c1f,1257,1256,1790073063670.61,50.733381
c7e22c1f,1258,1257,1790073063705.548,34.937593
c7e22c1f,1259,1258,1790073063754.887,49.339017
c7e22c1f,1260,1259,1790073063795.29,40.402541
c7e22c1f,1261,1260,1790073063825.15,29.860228
c7e22c1f,1262,1261,1790073063870.992,45.84177
c7e22c1f,1263,1262,1790073063911.389,40.397903
c7e22c1f,1264,1263,1790073063948.92,37.530059
c7e22c1f,1265,1264,1790073063991.416,42.496748
c7e22c1f,1266,1265,1790073064041.114,49.697876
c7e22c1f,1267,1266,1790073064077.055,35.940695
c7e22c1f,1268,1267,1790073064112.02,34.965155
c7e22c1f,1269,1268,1790073064153.18,41.159526
c7e22c1f,1270,1269,1790073064186.837,33.657295
c7e22c1f,1271,1270,1790073064242.711,55.874147
c7e22c1f,1272,1271,1790073064263.281,20.570507
c7e22c1f,1273,1272,1790073064312.989,49.707193
c7e22c1f,1274,1273,1790073064344.58,31.591095
c7e22c1f,1275,1274,1790073064384.008,39.428432
c7e22c1f,1276,1275,1790073064427.03,43.021926
c7e22c1f,1277,1276,1790073064467.331,40.301171
c7e22c1f,1278,1277,1790073064513.304,45.972773
c7e22c1f,1279,1278,1790073064555.326,42.022197
c7e22c1f,1280,1279,1790073064601.545,46.218883
c7e22c1f,1281,1280,1790073064603.321,1.775268
c7e22c1f,1282,1281,1790073064604.177,0.856081
c7e22c1f,1283,1282,1790073064606.944,2.767438
c7e22c1f,1284,1283,1790073064674.187,67.24263
c7e22c1f,1285,1284,1790073064791.03,116.843054
c7e22c1f,1286,1285,1790073064823.07,32.040516
c7e22c1f,1287,1286,1790073064867.596,44.526141
c7e22c1f,1288,1287,1790073064907.866,40.269889
c7e22c1f,1289,1288,1790073064947.356,39.489524
c7e22c1f,1290,1289,1790073064987.554,40.198008
c7e22c1f,1291,1290,1790073065031.244,43.690506
c7e22c1f,1292,1291,1790073065070.145,38.900952
c7e22c1f,1293,1292,1790073065113.694,43.548747
c7e22c1f,1294,1293,1790073065141.89,28.195608
c7e22c1f,1295,1294,1790073065191.884,49.994663
c7e22c1f,1296,1295,1790073065226.769,34.885021
c7e22c1f,1297,1296,1790073065264.44,37.67105
c7e22c1f,1298,1297,1790073065308.902,44.461696
c7e22c1f,1299,1298,1790073065348.423,39.520901
c7e22c1f,1300,1299,1790073065389.653,41.229766
c7e22c1f,1301,1300,1790073065429.616,39.963565
c7e22c1f,1302,1301,1790073065469.549,39.932652
c7e22c1f,1303,1302,1790073065513.296,43.747587
c7e22c1f,1304,1303,1790073065551.63,38.333875
c7e22c1f,1305,1304,1790073065590.955,39.324497
c7e22c1f,1306,1305,1790073065625.494,34.538772
c7e22c1f,1307,1306,1790073065678.531,53.0377
c7e22c1f,1308,1307,1790073065701.978,23.447069
c7e22c1f,1309,1308,1790073065743.646,41.667055
c7e22c1f,1310,1309,1790073065784.872,41.226527
c7e22c1f,1311,1310,1790073065827.289,42.417398
c7e22c1f,1312,1311,1790073065867.1,39.810542
c7e22c1f,1313,1312,1790073065908.801,41.701032
c7e22c1f,1314,1313,1790073065949.47,40.66876
c7e22c1f,1315,1314,1790073065994.115,44.645023
c7e22c1f,1316,1315,1790073066030.03,35.91567
c7e22c1f,1317,1316,1790073066081.616,51.585719
c7e22c1f,1318,1317,1790073066110.652,29.035604
c7e22c1f,1319,1318,1790073066153.946,43.294076
c7e22c1f,1320,1319,1790073066182.115,28.169454
c7e22c1f,1321,1320,1790073066246.583,64.468374
c7e22c1f,1322,1321,1790073066269.77,23.185856
c7e22c1f,1323,1322,1790073066305.118,35.348585
c7e22c1f,1324,1323,1790073066349.464,44.345734
c7e22c1f,1325,1324,1790073066399.145,49.68084
c7e22c1f,1326,1325,1790073066430.43,31.285678
c7e22c1f,1327,1326,1790073066473.312,42.881716
c7e22c1f,1328,1327,1790073066511.914,38.602187
c7e22c1f,1329,1328,1790073066553.939,42.025054
c7e22c1f,1330,1329,1790073066598.651,44.712217
c7e22c1f,1331,1330,1790073066599.896,1.244132
c7e22c1f,1332,1331,1790073066602.09,2.194577
c7e22c1f,1333,1332,1790073066668.638,66.548193
c7e22c1f,1334,1333,1790073066789.461,120.822416
c7e22c1f,1335,1334,1790073066838.814,49.352942
c7e22c1f,1336,1335,1790073066861.569,22.754902
c7e22c1f,1337,1336,1790073066922.005,60.436357
c7e22c1f,1338,1337,1790073066947.139,25.133814
c7e22c1f,1339,1338,1790073066992.188,45.049374
c7e22c1f,1340,1339,1790073067027.215,35.027076
c7e22c1f,1341,1340,1790073067066.836,39.621157
c7e22c1f,1342,1341,1790073067107.173,40.336697
c7e22c1f,1343,1342,1790073067148.069,40.895551
c7e22c1f,1344,1343,1790073067188.336,40.267022
c7e22c1f,1345,1344,1790073067229.429,41.093851
c7e22c1f,1346,1345,1790073067268.634,39.20392
c7e22c1f,1347,1346,1790073067322.892,54.258425
c7e22c1f,1348,1347,1790073067357.129,34.236835
c7e22c1f,1349,1348,1790073067398.441,41.312365
c7e22c1f,1350,1349,1790073067432.581,34.139963
c7e22c1f,1351,1350,1790073067479.802,47.220813
c7e22c1f,1352,1351,1790073067501.746,21.943956
c7e22c1f,1353,1352,1790073067553.1,51.353856
c7e22c1f,1354,1353,1790073067582.93,29.830481
c7e22c1f,1355,1354,1790073067623.819,40.888492
c7e22c1f,1356,1355,1790073067669.756,45.937349
c7e22c1f,1357,1356,1790073067713.284,43.527989
c7e22c1f,1358,1357,1790073067747.291,34.006827
c7e22c1f,1359,1358,1790073067787.424,40.132736
c7e22c1f,1360,1359,1790073067834.192,46.768044
c7e22c1f,1361,1360,1790073067868.172,33.980625
c7e22c1f,1362,1361,1790073067914.233,46.060858
c7e22c1f,1363,1362,1790073067949.896,35.663374
c7e22c1f,1364,1363,1790073067989.382,39.485911
c7e22c1f,1365,1364,1790073068031.517,42.13491
c7e22c1f,1366,1365,1790073068061.257,29.739425
c7e22c1f,1367,1366,1790073068117.529,56.272327
c7e22c1f,1368,1367,1790073068142.732,25.202646
c7e22c1f,1369,1368,1790073068199.727,56.995396
c7e22c1f,1370,1369,1790073068232.156,32.429134
c7e22c1f,1371,1370,1790073068274.246,42.089541
c7e22c1f,1372,1371,1790073068304.257,30.010841
c7e22c1f,1373,1372,1790073068344.042,39.785988
c7e22c1f,1374,1373,1790073068399.09,55.04768
c7e22c1f,1375,1374,1790073068440.26,41.169259
c7e22c1f,1376,1375,1790073068469.143,28.883079
c7e22c1f,1377,1376,1790073068520.175,51.032563
c7e22c1f,1378,1377,1790073068552.686,32.511258
c7e22c1f,1379,1378,1790073068607.28,54.593261
c7e22c1f,1380,1379,1790073068608.429,1.149021
c7e22c1f,1381,1380,1790073068609.608,1.17924
c7e22c1f,1382,1381,1790073068613.272,3.664433
c7e22c1f,1383,1382,1790073068671.216,57.943872
c7e22c1f,1384,1383,1790073068786.833,115.616879
c7e22c1f,1385,1384,1790073068826.773,39.939957
c7e22c1f,1386,1385,1790073068871.718,44.945157
c7e22c1f,1387,1386,1790073068908.911,37.193204
c7e22c1f,1388,1387,1790073068954.513,45.60206
c7e22c1f,1389,1388,1790073068996.766,42.252761
c7e22c1f,1390,1389,1790073069029.79,33.023577
c7e22c1f,1391,1390,1790073069069.53,39.73994
c7e22c1f,1392,1391,1790073069101.781,32.251296
c7e22c1f,1393,1392,1790073069156.49,54.708739
c7e22c1f,1394,1393,1790073069181.781,25.291019
c7e22c1f,1395,1394,1790073069231.947,50.166336
c7e22c1f,1396,1395,1790073069273.133,41.185385
c7e22c1f,1397,1396,1790073069313.823,40.69042
c7e22c1f,1398,1397,1790073069344.619,30.795595
c7e22c1f,1399,1398,1790073069392.909,48.290628
c7e22c1f,1400,1399,1790073069426.656,33.74722
c7e22c1f,1401,1400,1790073069475.876,49.21924
c7e22c1f,1402,1401,1790073069509.9,34.024076
c7e22c1f,1403,1402,1790073069549.862,39.962012
c7e22c1f,1404,1403,1790073069590.068,40.20651
c7e22c1f,1405,1404,1790073069629.836,39.767772
c7e22c1f,1406,1405,1790073069680.441,50.605044
c7e22c1f,1407,1406,1790073069711.187,30.746134
c7e22c1f,1408,1407,1790073069743.876,32.689044
c7e22c1f,1409,1408,1790073069795.342,51.465741
c7e22c1f,1410,1409,1790073069823.784,28.442116
c7e22c1f,1411,1410,1790073069863.789,40.004751
c7e22c1f,1412,1411,1790073069911.966,48.176841
c7e22c1f,1413,1412,1790073069947.649,35.683559
c7e22c1f,1414,1413,1790073069990.034,42.385146
c7e22c1f,1415,1414,1790073070029.451,39.416908
c7e22c1f,1416,1415,1790073070069.034,39.582512
c7e22c1f,1417,1416,1790073070116.659,47.62484
c7e22c1f,1418,1417,1790073070149.632,32.972926
c7e22c1f,1419,1418,1790073070191.535,41.903465
c7e22c1f,1420,1419,1790073070227.082,35.546519
c7e22c1f,1421,1420,1790073070333.946,106.864117
c7e22c1f,1422,1421,1790073070339.23,5.284317
c7e22c1f,1423,1422,1790073070357.998,18.767825
c7e22c1f,1424,1423,1790073070387.191,29.19282
c7e22c1f,1425,1424,1790073070425.113,37.922466
c7e22c1f,1426,1425,1790073070468.092,42.979209
c7e22c1f,1427,1426,1790073070517.372,49.2795
c7e22c1f,1428,1427,1790073070549.803,32.43177
c7e22c1f,1429,1428,1790073070599.805,50.001746
c7e22c1f,1430,1429,1790073070600.955,1.149612
c7e22c1f,1431,1430,1790073070602.633,1.677913
c7e22c1f,1432,1431,1790073070603.834,1.201163
c7e22c1f,1433,1432,1790073070663.062,59.227555
c7e22c1f,1434,1433,1790073070784.758,121.696071
c7e22c1f,1435,1434,1790073070826.263,41.50566
c7e22c1f,1436,1435,1790073070870.86,44.596469
c7e22c1f,1437,1436,1790073070908.186,37.326264
c7e22c1f,1438,1437,1790073070950.017,41.831213
c7e22c1f,1439,1438,1790073070989.918,39.900535
c7e22c1f,1440,1439,1790073071029.539,39.620757
c7e22c1f,1441,1440,1790073071071.152,41.613235
c7e22c1f,1442,1441,1790073071109.803,38.65148
c7e22c1f,1443,1442,1790073071153.587,43.783737
c7e22c1f,1444,1443,1790073071182.276,28.68881
c7e22c1f,1445,1444,1790073071233.079,50.803106
c7e22c1f,1446,1445,1790073071263.187,30.107639
c7e22c1f,1447,1446,1790073071312.142,48.955331
c7e22c1f,1448,1447,1790073071343.418,31.275794
c7e22c1f,1449,1448,1790073071384.053,40.635925
c7e22c1f,1450,1449,1790073071423.95,39.896619
c7e22c1f,1451,1450,1790073071466.505,42.554584
c7e22c1f,1452,1451,1790073071512.323,45.818135
c7e22c1f,1453,1452,1790073071554.134,41.810932
c7e22c1f,1454,1453,1790073071594.516,40.381924
c7e22c1f,1455,1454,1790073071624.216,29.700121
c7e22c1f,1456,1455,1790073071677.422,53.20651
c7e22c1f,1457,1456,1790073071701.694,24.271342
c7e22c1f,1458,1457,1790073071753.158,51.464526
c7e22c1f,1459,1458,1790073071782.641,29.482866
c7e22c1f,1460,1459,1790073071838.871,56.230179
c7e22c1f,1461,1460,1790073071876.797,37.925746
c7e22c1f,1462,1461,1790073071908.17,31.373056
c7e22c1f,1463,1462,1790073071948.821,40.650464
c7e22c1f,1464,1463,1790073071988.562,39.740955
c7e22c1f,1465,1464,1790073072029.422,40.860575
c7e22c1f,1466,1465,1790073072072.972,43.549596
c7e22c1f,1467,1466,1790073072110.571,37.599687
c7e22c1f,1468,1467,1790073072144.56,33.988994
c7e22c1f,1469,1468,1790073072192.362,47.801886
c7e22c1f,1470,1469,1790073072224.09,31.727758
c7e22c1f,1471,1470,1790073072271.848,47.757938
c7e22c1f,1472,1471,1790073072313.894,42.04565
c7e22c1f,1473,1472,1790073072345.163,31.269511
c7e22c1f,1474,1473,1790073072389.766,44.602895
c7e22c1f,1475,1474,1790073072428.227,38.461186
c7e22c1f,1476,1475,1790073072469.056,40.828502
c7e22c1f,1477,1476,1790073072510.645,41.589314
c7e22c1f,1478,1477,1790073072549.745,39.100024
c7e22c1f,1479,1478,1790073072605.535,55.790453
c7e22c1f,1480,1479,1790073072614.213,8.677749
c7e22c1f,1481,1480,1790073072619.967,5.753208
c7e22c1f,1482,1481,1790073072622.91,2.943734
c7e22c1f,1483,1482,1790073072672.06,49.149255
c7e22c1f,1484,1483,1790073072808.314,136.255075
c7e22c1f,1485,1484,1790073072824.795,16.480765
c7e22c1f,1486,1485,1790073072865.081,40.285745
c7e22c1f,1487,1486,1790073072910.735,45.653924
c7e22c1f,1488,1487,1790073072949.238,38.502651
c7e22c1f,1489,1488,1790073072989.77,40.532585
c7e22c1f,1490,1489,1790073073029.471,39.701315
c7e22c1f,1491,1490,1790073073070.658,41.187016
c7e22c1f,1492,1491,1790073073110.888,40.22926
c7e22c1f,1493,1492,1790073073143.207,32.318892
c7e22c1f,1494,1493,1790073073195.277,52.069917
c7e22c1f,1495,1494,1790073073222.935,27.658689
c7e22c1f,1496,1495,1790073073283.387,60.451984
c7e22c1f,1497,1496,1790073073307.794,24.406316
c7e22c1f,1498,1497,1790073073353.146,45.352921
c7e22c1f,1499,1498,1790073073384.61,31.46389
c7e22c1f,1500,1499,1790073073424.385,39.774657
c7e22c1f,1501,1500,1790073073472.531,48.145615
c7e22c1f,1502,1501,1790073073507.003,34.472247
c7e22c1f,1503,1502,1790073073553.776,46.772736
c7e22c1f,1504,1503,1790073073595.528,41.751821
c7e22c1f,1505,1504,1790073073633.941,38.413575
c7e22c1f,1506,1505,1790073073678.638,44.696657
c7e22c1f,1507,1506,1790073073714.313,35.675704
c7e22c1f,1508,1507,1790073073764.047,49.734031
c7e22c1f,1509,1508,1790073073785.096,21.048865
c7e22c1f,1510,1509,1790073073839.67,54.57418
c7e22c1f,1511,1510,1790073073864.415,24.7448
c7e22c1f,1512,1511,1790073073916.869,52.453501
c7e22c1f,1513,1512,1790073073951.911,35.042285
c7e22c1f,1514,1513,1790073073993.053,41.142381
c7e22c1f,1515,1514,1790073074037.098,44.044509
c7e22c1f,1516,1515,1790073074074.233,37.135487
c7e22c1f,1517,1516,1790073074115.852,41.618817
c7e22c1f,1518,1517,1790073074151.081,35.228195
c7e22c1f,1519,1518,1790073074180.977,29.896786
c7e22c1f,1520,1519,1790073074242.997,62.019806
c7e22c1f,1521,1520,1790073074266.401,23.403817
c7e22c1f,1522,1521,1790073074314.794,48.392986
c7e22c1f,1523,1522,1790073074349.482,34.687786
c7e22c1f,1524,1523,1790073074394.455,44.973587
c7e22c1f,1525,1524,1790073074428.376,33.920727
c7e22c1f,1526,1525,1790073074465.576,37.20042
c7e22c1f,1527,1526,1790073074510.638,45.061834
c7e22c1f,1528,1527,1790073074549.346,38.70818
c7e22c1f,1529,1528,1790073074601.517,52.170965
c7e22c1f,1530,1529,1790073074602.875,1.357215
c7e22c1f,1531,1530,1790073074603.981,1.10681
c7e22c1f,1532,1531,1790073074683.128,79.146374
c7e22c1f,1533,1532,1790073074782.376,99.248094
c7e22c1f,1534,1533,1790073074844.252,61.876549
c7e22c1f,1535,1534,1790073074864.163,19.910219
c7e22c1f,1536,1535,1790073074914.83,50.667416
c7e22c1f,1537,1536,1790073074946.962,32.132158
c7e22c1f,1538,1537,1790073074988.531,41.568845
c7e22c1f,1539,1538,1790073075029.046,40.514606
c7e22c1f,1540,1539,1790073075067.409,38.363668
c7e22c1f,1541,1540,1790073075108.007,40.598109
c7e22c1f,1542,1541,1790073075155.368,47.360814
c7e22c1f,1543,1542,1790073075195.882,40.513901
c7e22c1f,1544,1543,1790073075234.05,38.167853
c7e22c1f,1545,1544,1790073075267.397,33.34678
c7e22c1f,1546,1545,1790073075312.854,45.457404
c7e22c1f,1547,1546,1790073075348.052,35.19793
c7e22c1f,1548,1547,1790073075395.056,47.004211
c7e22c1f,1549,1548,1790073075425.088,30.031823
c7e22c1f,1550,1549,1790073075464.018,38.930154
c7e22c1f,1551,1550,1790073075518.302,54.283682
c7e22c1f,1552,1551,1790073075546.958,28.655582
c7e22c1f,1553,1552,1790073075591.324,44.366412
c7e22c1f,1554,1553,1790073075623.334,32.010261
c7e22c1f,1555,1554,1790073075673.242,49.9083
c7e22c1f,1556,1555,1790073075704.149,30.90606
c7e22c1f,1557,1556,1790073075750.885,46.736159
c7e22c1f,1558,1557,1790073075783.995,33.110404
c7e22c1f,1559,1558,1790073075832.224,48.229318
c7e22c1f,1560,1559,1790073075870.458,38.233224
c7e22c1f,1561,1560,1790073075910.116,39.65805
c7e22c1f,1562,1561,1790073075944.089,33.973073
c7e22c1f,1563,1562,1790073075993.327,49.238329
c7e22c1f,1564,1563,1790073076026.344,33.016372
c7e22c1f,1565,1564,1790073076067.778,41.434627
c7e22c1f,1566,1565,1790073076109.125,41.347073
c7e22c1f,1567,1566,1790073076149.591,40.466047
c7e22c1f,1568,1567,1790073076194.025,44.433625
c7e22c1f,1569,1568,1790073076231.345,37.319958
c7e22c1f,1570,1569,1790073076273.245,41.900139
c7e22c1f,1571,1570,1790073076310.447,37.201465
c7e22c1f,1572,1571,1790073076343.171,32.724753
c7e22c1f,1573,1572,1790073076395.465,52.293274
c7e22c1f,1574,1573,1790073076423.246,27.781441
c7e22c1f,1575,1574,1790073076463.522,40.276212
c7e22c1f,1576,1575,1790073076504.753,41.230722
c7e22c1f,1577,1576,1790073076547.435,42.682383
c7e22c1f,1578,1577,1790073076611.255,63.819386
c7e22c1f,1579,1578,1790073076612.836,1.58179
c7e22c1f,1580,1579,1790073076613.548,0.711783
c7e22c1f,1581,1580,1790073076615.169,1.620604
c7e22c1f,1582,1581,1790073076668.073,52.904588
c7e22c1f,1583,1582,1790073076784.336,116.262496
c7e22c1f,1584,1583,1790073076830.111,45.775013
c7e22c1f,1585,1584,1790073076874.765,44.654332
c7e22c1f,1586,1585,1790073076908.159,33.394159
c7e22c1f,1587,1586,1790073076950.425,42.265758
c7e22c1f,1588,1587,1790073076988.974,38.548807
c7e22c1f,1589,1588,1790073077029.04,40.065731
c7e22c1f,1590,1589,1790073077070.227,41.186835
c7e22c1f,1591,1590,1790073077109.939,39.712433
c7e22c1f,1592,1591,1790073077150.373,40.433572
c7e22c1f,1593,1592,1790073077184.965,34.592489
c7e22c1f,1594,1593,1790073077233.202,48.2366
c7e22c1f,1595,1594,1790073077261.927,28.725472
c7e22c1f,1596,1595,1790073077311.757,49.829457
c7e22c1f,1597,1596,1790073077343.935,32.178739
c7e22c1f,1598,1597,1790073077393.979,50.043593
c7e22c1f,1599,1598,1790073077423.972,29.99365
c7e22c1f,1600,1599,1790073077476.875,52.901937
c7e22c1f,1601,1600,1790073077508.123,31.247999
c7e22c1f,1602,1601,1790073077544.293,36.170812
c7e22c1f,1603,1602,1790073077590.171,45.87819
c7e22c1f,1604,1603,1790073077620.984,30.812824
c7e22c1f,1605,1604,1790073077678.085,57.100921
c7e22c1f,1606,1605,1790073077702.617,24.531684
c7e22c1f,1607,1606,1790073077764.298,61.681551
c7e22c1f,1608,1607,1790073077783.08,18.78128
c7e22c1f,1609,1608,1790073077838.759,55.679242
c7e22c1f,1610,1609,1790073077875.6,36.841422
c7e22c1f,1611,1610,1790073077904.142,28.541432
c7e22c1f,1612,1611,1790073077946.518,42.376589
c7e22c1f,1613,1612,1790073077987.268,40.749516
c7e22c1f,1614,1613,1790073078027.657,40.38907
c7e22c1f,1615,1614,1790073078068.795,41.138081
c7e22c1f,1616,1615,1790073078108.78,39.984786
c7e22c1f,1617,1616,1790073078157.164,48.383841
c7e22c1f,1618,1617,1790073078191.063,33.899406
c7e22c1f,1619,1618,1790073078223.061,31.99767
c7e22c1f,1620,1619,1790073078278.385,55.323703
c7e22c1f,1621,1620,1790073078301.249,22.864518
c7e22c1f,1622,1621,1790073078350.649,49.400202
c7e22c1f,1623,1622,1790073078392.424,41.775063
c7e22c1f,1624,1623,1790073078430.434,38.00933
c7e22c1f,1625,1624,1790073078473.853,43.419602
c7e22c1f,1626,1625,1790073078515.762,41.908945
c7e22c1f,1627,1626,1790073078549.501,33.738992
c7e22c1f,1628,1627,1790073078601.338,51.83716
c7e22c1f,1629,1628,1790073078603.172,1.833256
c7e22c1f,1630,1629,1790073078604.786,1.61487
c7e22c1f,1631,1630,1790073078606.95,2.163423
c7e22c1f,1632,1631,1790073078664.229,57.279663
c7e22c1f,1633,1632,1790073078790.048,125.818518
c7e22c1f,1634,1633,1790073078828.802,38.753812
c7e22c1f,1635,1634,1790073078874.61,45.808068
c7e22c1f,1636,1635,1790073078908.217,33.606896
c7e22c1f,1637,1636,1790073078951.622,43.404816
c7e22c1f,1638,1637,1790073078991.311,39.689396
c7e22c1f,1639,1638,1790073079039.948,48.63703
c7e22c1f,1640,1639,1790073079061.28,21.331888
c7e22c1f,1641,1640,1790073079111.63,50.349716
c7e22c1f,1642,1641,1790073079145.3,33.669978
c7e22c1f,1643,1642,1790073079193.101,47.801136
c7e22c1f,1644,1643,1790073079228.299,35.19853
c7e22c1f,1645,1644,1790073079279.168,50.868902
c7e22c1f,1646,1645,1790073079304.151,24.982369
c7e22c1f,1647,1646,1790073079343.374,39.22309
c7e22c1f,1648,1647,1790073079386.636,43.262342
c7e22c1f,1649,1648,1790073079430.198,43.562478
c7e22c1f,1650,1649,1790073079473.215,43.016168
c7e22c1f,1651,1650,1790073079512.521,39.306194
c7e22c1f,1652,1651,1790073079567.365,54.844604
c7e22c1f,1653,1652,1790073079592.339,24.973521
c7e22c1f,1654,1653,1790073079621.569,29.23039
c7e22c1f,1655,1654,1790073079680.436,58.866986
c7e22c1f,1656,1655,1790073079701.092,20.655826
c7e22c1f,1657,1656,1790073079752.99,51.898374
c7e22c1f,1658,1657,1790073079782.971,29.980965
c7e22c1f,1659,1658,1790073079832.984,50.012753
c7e22c1f,1660,1659,1790073079863.504,30.520139
c7e22c1f,1661,1660,1790073079904.212,40.707642
c7e22c1f,1662,1661,1790073079947.173,42.961167
c7e22c1f,1663,1662,1790073079987.045,39.87224
c7e22c1f,1664,1663,1790073080029.803,42.757303
c7e22c1f,1665,1664,1790073080073.463,43.660638
c7e22c1f,1666,1665,1790073080108.954,35.490658
c7e22c1f,1667,1666,1790073080149.477,40.522977
c7e22c1f,1668,1667,1790073080190.18,40.702881
c7e22c1f,1669,1668,1790073080221.445,31.264942
c7e22c1f,1670,1669,1790073080272.424,50.979277
c7e22c1f,1671,1670,1790073080302.633,30.208953
c7e22c1f,1672,1671,1790073080360.042,57.409167
c7e22c1f,1673,1672,1790073080382.695,22.653023
c7e22c1f,1674,1673,1790073080431.272,48.576373
c7e22c1f,1675,1674,1790073080467.549,36.277477
c7e22c1f,1676,1675,1790073080511.583,44.033365
c7e22c1f,1677,1676,1790073080550.286,38.703056
c7e22c1f,1678,1677,1790073080608.543,58.257766
c7e22c1f,1679,1678,1790073080609.678,1.134436
c7e22c1f,1680,1679,1790073080612.507,2.829105
c7e22c1f,1681,1680,1790073080613.786,1.279042
c7e22c1f,1682,1681,1790073080678.572,64.786504
c7e22c1f,1683,1682,1790073080787.995,109.422492
c7e22c1f,1684,1683,1790073080824.178,36.183472
c7e22c1f,1685,1684,1790073080867.885,43.70606
c7e22c1f,1686,1685,1790073080911.843,43.958136
c7e22c1f,1687,1686,1790073080959.543,47.70017
c7e22c1f,1688,1687,1790073080993.02,33.477044
c7e22c1f,1689,1688,1790073081030.26,37.239788
c7e22c1f,1690,1689,1790073081074.785,44.525086
c7e22c1f,1691,1690,1790073081111.261,36.47677
c7e22c1f,1692,1691,1790073081152.904,41.64242
c7e22c1f,1693,1692,1790073081182.587,29.683463
c7e22c1f,1694,1693,1790073081245.975,63.388053
c7e22c1f,1695,1694,1790073081263.567,17.591928
c7e22c1f,1696,1695,1790073081307.201,43.633754
c7e22c1f,1697,1696,1790073081344.102,36.900822
c7e22c1f,1698,1697,1790073081389.185,45.083416
c7e22c1f,1699,1698,1790073081427.657,38.471924
c7e22c1f,1700,1699,1790073081468.239,40.581767
c7e22c1f,1701,1700,1790073081514.698,46.459131
c7e22c1f,1702,1701,1790073081553.812,39.113397
c7e22c1f,1703,1702,1790073081592.582,38.770573
c7e22c1f,1704,1703,1790073081630.696,38.113518
c7e22c1f,1705,1704,1790073081673.077,42.381338
c7e22c1f,1706,1705,1790073081711.238,38.161281
c7e22c1f,1707,1706,1790073081744.516,33.278006
c7e22c1f,1708,1707,1790073081798.558,54.042263
c7e22c1f,1709,1708,1790073081838.004,39.445279
c7e22c1f,1710,1709,1790073081872.04,34.03584
c7e22c1f,1711,1710,1790073081908.428,36.388464
c7e22c1f,1712,1711,1790073081947.172,38.744278
c7e22c1f,1713,1712,1790073081988.458,41.286093
c7e22c1f,1714,1713,1790073082029.615,41.156314
c7e22c1f,1715,1714,1790073082070.237,40.621743
c7e22c1f,1716,1715,1790073082109.767,39.530357
c7e22c1f,1717,1716,1790073082143.979,34.212718
c7e22c1f,1718,1717,1790073082190.917,46.937187
c7e22c1f,1719,1718,1790073082233.284,42.367522
c7e22c1f,1720,1719,1790073082272.837,39.552784
c7e22c1f,1721,1720,1790073082303.381,30.543731
c7e22c1f,1722,1721,1790073082346.418,43.037095
c7e22c1f,1723,1722,1790073082388.779,42.360929
c7e22c1f,1724,1723,1790073082431.824,43.045752
c7e22c1f,1725,1724,1790073082475.793,43.968695
c7e22c1f,1726,1725,1790073082509.932,34.139124
c7e22c1f,1727,1726,1790073082553.749,43.81676
c7e22c1f,1728,1727,1790073082607.813,54.063517
c7e22c1f,1729,1728,1790073082609.447,1.634131
c7e22c1f,1730,1729,1790073082610.585,1.137972
c7e22c1f,1731,1730,1790073082665.462,54.876892
c7e22c1f,1732,1731,1790073082788.987,123.524945
c7e22c1f,1733,1732,1790073082826.613,37.62617
c7e22c1f,1734,1733,1790073082868.031,41.418395
c7e22c1f,1735,1734,1790073082917.078,49.047224
c7e22c1f,1736,1735,1790073082951.215,34.13657
c7e22c1f,1737,1736,1790073082999.022,47.806735
c7e22c1f,1738,1737,1790073083031.648,32.626544
c7e22c1f,1739,1738,1790073083070.487,38.838293
c7e22c1f,1740,1739,1790073083101.521,31.033941
c7e22c1f,1741,1740,1790073083153.861,52.340405
c7e22c1f,1742,1741,1790073083183.862,30.000818
c7e22c1f,1743,1742,1790073083222.62,38.758379
c7e22c1f,1744,1743,1790073083270.274,47.654468
c7e22c1f,1745,1744,1790073083313.069,42.794689
c7e22c1f,1746,1745,1790073083348.431,35.36229
c7e22c1f,1747,1746,1790073083399.608,51.176566
c7e22c1f,1748,1747,1790073083429.442,29.833972
c7e22c1f,1749,1748,1790073083480.248,50.805754
c7e22c1f,1750,1749,1790073083513.18,32.932711
c7e22c1f,1751,1750,1790073083541.985,28.804659
c7e22c1f,1752,1751,1790073083595.911,53.925896
c7e22c1f,1753,1752,1790073083623.486,27.574737
c7e22c1f,1754,1753,1790073083668.625,45.139354
c7e22c1f,1755,1754,1790073083708.279,39.65345
c7e22c1f,1756,1755,1790073083749.328,41.049544
c7e22c1f,1757,1756,1790073083789.562,40.234311
c7e22c1f,1758,1757,1790073083828.836,39.27356
c7e22c1f,1759,1758,1790073083874.435,45.598551
c7e22c1f,1760,1759,1790073083917.637,43.20279
c7e22c1f,1761,1760,1790073083955.008,37.370334
c7e22c1f,1762,1761,1790073083997.043,42.035826
c7e22c1f,1763,1762,1790073084025.888,28.84432
c7e22c1f,1764,1763,1790073084077.106,51.218103
c7e22c1f,1765,1764,1790073084103.812,26.705963
c7e22c1f,1766,1765,1790073084154.325,50.513098
c7e22c1f,1767,1766,1790073084184.693,30.368412
c7e22c1f,1768,1767,1790073084230.717,46.023048
c7e22c1f,1769,1768,1790073084268.292,37.575155
c7e22c1f,1770,1769,1790073084312.322,44.030586
c7e22c1f,1771,1770,1790073084358.251,45.928999
c7e22c1f,1772,1771,1790073084395.56,37.30915
c7e22c1f,1773,1772,1790073084420.815,25.254322
c7e22c1f,1774,1773,1790073084483.281,62.466182
c7e22c1f,1775,1774,1790073084503.934,20.652628
c7e22c1f,1776,1775,1790073084567.737,63.803616
c7e22c1f,1777,1776,1790073084611.216,43.478617
c7e22c1f,1778,1777,1790073084614.05,2.834481
c7e22c1f,1779,1778,1790073084615.205,1.154348
c7e22c1f,1780,1779,1790073084617.109,1.904127
c7e22c1f,1781,1780,1790073084677.215,60.105983
c7e22c1f,1782,1781,1790073084782.245,105.030392
c7e22c1f,1783,1782,1790073084833.083,50.838551
c7e22c1f,1784,1783,1790073084861.674,28.590228
c7e22c1f,1785,1784,1790073084914.299,52.624999
c7e22c1f,1786,1785,1790073084944.501,30.20253
c7e22c1f,1787,1786,1790073084984.474,39.972541
c7e22c1f,1788,1787,1790073085026.034,41.560581
c7e22c1f,1789,1788,1790073085067.124,41.08987
c7e22c1f,1790,1789,1790073085108.277,41.152259
c7e22c1f,1791,1790,1790073085149.193,40.916188
c7e22c1f,1792,1791,1790073085199.368,50.175396
c7e22c1f,1793,1792,1790073085235.516,36.14814
c7e22c1f,1794,1793,1790073085269.657,34.141221
c7e22c1f,1795,1794,1790073085316.021,46.363846
c7e22c1f,1796,1795,1790073085343.096,27.075124
c7e22c1f,1797,1796,1790073085397.722,54.626
c7e22c1f,1798,1797,1790073085423.331,25.608866
c7e22c1f,1799,1798,1790073085475.248,51.916538
c7e22c1f,1800,1799,1790073085518.616,43.368073
c7e22c1f,1801,1800,1790073085546.875,28.259299
c7e22c1f,1802,1801,1790073085588.53,41.655096
c7e22c1f,1803,1802,1790073085628.801,40.270507
c7e22c1f,1804,1803,1790073085675.868,47.067171
c7e22c1f,1805,1804,1790073085709.776,33.907526
c7e22c1f,1806,1805,1790073085756.038,46.261979
c7e22c1f,1807,1806,1790073085798.347,42.309684
c7e22c1f,1808,1807,1790073085826.63,28.282714
c7e22c1f,1809,1808,1790073085872.337,45.707356
c7e22c1f,1810,1809,1790073085911.431,39.094122
c7e22c1f,1811,1810,1790073085952.756,41.324603
c7e22c1f,1812,1811,1790073085986.098,33.342244
c7e22c1f,1813,1812,1790073086023.56,37.461542
c7e22c1f,1814,1813,1790073086064.831,41.270857
c7e22c1f,1815,1814,1790073086108.284,43.453571
c7e22c1f,1816,1815,1790073086151.221,42.937206
c7e22c1f,1817,1816,1790073086208.772,57.550752
c7e22c1f,1818,1817,1790073086233.413,24.641054
c7e22c1f,1819,1818,1790073086276.202,42.788491
c7e22c1f,1820,1819,1790073086311.933,35.731537
c7e22c1f,1821,1820,1790073086343.42,31.487131
c7e22c1f,1822,1821,1790073086395.354,51.932975
c7e22c1f,1823,1822,1790073086424.511,29.157374
c7e22c1f,1824,1823,1790073086472.983,48.472386
c7e22c1f,1825,1824,1790073086503.767,30.78397
c7e22c1f,1826,1825,1790073086543.413,39.645901
c7e22c1f,1827,1826,1790073086602.058,58.644697
c7e22c1f,1828,1827,1790073086603.107,1.049429
c7e22c1f,1829,1828,1790073086603.768,0.6609
c7e22c1f,1830,1829,1790073086605.385,1.616388
c7e22c1f,1831,1830,1790073086672.677,67.292055
c7e22c1f,1832,1831,1790073086803.975,131.297991
c7e22c1f,1833,1832,1790073086837.057,33.082446
c7e22c1f,1834,1833,1790073086873.492,36.434819
c7e22c1f,1835,1834,1790073086923.275,49.783613
c7e22c1f,1836,1835,1790073086947.377,24.101797
c7e22c1f,1837,1836,1790073086999.109,51.732157
c7e22c1f,1838,1837,1790073087025.011,25.902131
c7e22c1f,1839,1838,1790073087081.109,56.09707
c7e22c1f,1840,1839,1790073087116.756,35.647852
c7e22c1f,1841,1840,1790073087145.331,28.574629
c7e22c1f,1842,1841,1790073087206.666,61.33498
c7e22c1f,1843,1842,1790073087237.265,30.598718
c7e22c1f,1844,1843,1790073087274.496,37.231604
c7e22c1f,1845,1844,1790073087310.903,36.406269
c7e22c1f,1846,1845,1790073087351.949,41.046872
c7e22c1f,1847,1846,1790073087394.156,42.206961
c7e22c1f,1848,1847,1790073087425.969,31.812506
c7e22c1f,1849,1848,1790073087475.881,49.911841
c7e22c1f,1850,1849,1790073087510.096,34.215659
c7e22c1f,1851,1850,1790073087555.585,45.48855
c7e22c1f,1852,1851,1790073087596.769,41.183974
c7e22c1f,1853,1852,1790073087634.361,37.592059
c7e22c1f,1854,1853,1790073087668.558,34.197398
c7e22c1f,1855,1854,1790073087718.051,49.492793
c7e22c1f,1856,1855,1790073087751.73,33.679233
c7e22c1f,1857,1856,1790073087798.301,46.570506
c7e22c1f,1858,1857,1790073087830.873,32.571839
c7e22c1f,1859,1858,1790073087870.614,39.740809
c7e22c1f,1860,1859,1790073087903.204,32.590308
c7e22c1f,1861,1860,1790073087951.757,48.5532
c7e22c1f,1862,1861,1790073087982.309,30.551616
c7e22c1f,1863,1862,1790073088024.197,41.887796
c7e22c1f,1864,1863,1790073088064.715,40.51872
c7e22c1f,1865,1864,1790073088107.504,42.789015
c7e22c1f,1866,1865,1790073088149.207,41.702448
c7e22c1f,1867,1866,1790073088184.677,35.470444
c7e22c1f,1868,1867,1790073088234.158,49.480565
c7e22c1f,1869,1868,1790073088271.476,37.318208
c7e22c1f,1870,1869,1790073088319.114,47.637787
c7e22c1f,1871,1870,1790073088342.56,23.446237
c7e22c1f,1872,1871,1790073088397.082,54.521983
c7e22c1f,1873,1872,1790073088430.468,33.386468
c7e22c1f,1874,1873,1790073088477.217,46.748781
c7e22c1f,1875,1874,1790073088508.563,31.346323
c7e22c1f,1876,1875,1790073088554.534,45.970542
c7e22c1f,1877,1876,1790073088601.151,46.616826
c7e22c1f,1878,1877,1790073088602.385,1.234114
c7e22c1f,1879,1878,1790073088603.139,0.75417
c7e22c1f,1880,1879,1790073088675.097,71.958372
c7e22c1f,1881,1880,1790073088789.844,114.747022
c7e22c1f,1882,1881,1790073088845.483,55.638817
c7e22c1f,1883,1882,1790073088864.25,18.766989
c7e22c1f,1884,1883,1790073088917.892,53.641896
c7e22c1f,1885,1884,1790073088945.533,27.640783
c7e22c1f,1886,1885,1790073088985.156,39.623497
c7e22c1f,1887,1886,1790073089031.27,46.113694
c7e22c1f,1888,1887,1790073089068.093,36.82285
c7e22c1f,1889,1888,1790073089120.266,52.173349
c7e22c1f,1890,1889,1790073089149.571,29.304668
c7e22c1f,1891,1890,1790073089188.833,39.26149
c7e22c1f,1892,1891,1790073089232.277,43.444203
c7e22c1f,1893,1892,1790073089270.045,37.768734
c7e22c1f,1894,1893,1790073089312.255,42.20999
c7e22c1f,1895,1894,1790073089342.618,30.362666
c7e22c1f,1896,1895,1790073089396.344,53.726426
c7e22c1f,1897,1896,1790073089424.184,27.839647
c7e22c1f,1898,1897,1790073089479.322,55.137424
c7e22c1f,1899,1898,1790073089503.637,24.315297
c7e22c1f,1900,1899,1790073089544.079,40.441889
c7e22c1f,1901,1900,1790073089584.876,40.797539
c7e22c1f,1902,1901,1790073089629.566,44.689411
c7e22c1f,1903,1902,1790073089670.166,40.600585
c7e22c1f,1904,1903,1790073089712.13,41.964085
c7e22c1f,1905,1904,1790073089751.867,39.736274
c7e22c1f,1906,1905,1790073089798.253,46.386071
c7e22c1f,1907,1906,1790073089829.721,31.467941
c7e22c1f,1908,1907,1790073089861.655,31.934202
c7e22c1f,1909,1908,1790073089922.162,60.507029
c7e22c1f,1910,1909,1790073089943.197,21.035259
c7e22c1f,1911,1910,1790073089997.939,54.741929
c7e22c1f,1912,1911,1790073090022.547,24.607371
c7e22c1f,1913,1912,1790073090068.089,45.542805
c7e22c1f,1914,1913,1790073090104.875,36.785812
c7e22c1f,1915,1914,1790073090146.692,41.816827
c7e22c1f,1916,1915,1790073090201.172,54.479548
c7e22c1f,1917,1916,1790073090233.551,32.378959
c7e22c1f,1918,1917,1790073090275.8,42.249026
c7e22c1f,1919,1918,1790073090310.889,35.089303
c7e22c1f,1920,1919,1790073090351.853,40.964465
c7e22c1f,1921,1920,1790073090399.635,47.782257
c7e22c1f,1922,1921,1790073090425.185,25.548997
c7e22c1f,1923,1922,1790073090474.093,48.908119
c7e22c1f,1924,1923,1790073090506.446,32.353427
c7e22c1f,1925,1924,1790073090562.111,55.664465
c7e22c1f,1926,1925,1790073090606.15,44.039105
c7e22c1f,1927,1926,1790073090607.626,1.476154
c7e22c1f,1928,1927,1790073090611.093,3.467478
c7e22c1f,1929,1928,1790073090612.567,1.473549
c7e22c1f,1930,1929,1790073090670.252,57.685264
c7e22c1f,1931,1930,1790073090792.396,122.144327
c7e22c1f,1932,1931,1790073090833.658,41.261392
c7e22c1f,1933,1932,1790073090861.661,28.003521
c7e22c1f,1934,1933,1790073090919.202,57.540397
c7e22c1f,1935,1934,1790073090949.633,30.430829
c7e22c1f,1936,1935,1790073090993.009,43.376009
c7e22c1f,1937,1936,1790073091028.145,35.136119
c7e22c1f,1938,1937,1790073091068.801,40.655834
c7e22c1f,1939,1938,1790073091109.464,40.663462
c7e22c1f,1940,1939,1790073091148.615,39.151115
c7e22c1f,1941,1940,1790073091191.706,43.091099
c7e22c1f,1942,1941,1790073091230.281,38.575024
c7e22c1f,1943,1942,1790073091277.52,47.238976
c7e22c1f,1944,1943,1790073091311.3,33.78014
c7e22c1f,1945,1944,1790073091342.744,31.443291
c7e22c1f,1946,1945,1790073091402.997,60.253645
c7e22c1f,1947,1946,1790073091428.789,25.791574
c7e22c1f,1948,1947,1790073091476.606,47.817141
c7e22c1f,1949,1948,1790073091509.361,32.755098
c7e22c1f,1950,1949,1790073091544.645,35.283524
c7e22c1f,1951,1950,1790073091593.22,48.57525
c7e22c1f,1952,1951,1790073091620.213,26.992987
c7e22c1f,1953,1952,1790073091670.276,50.063044
c7e22c1f,1954,1953,1790073091710.557,40.281127
c7e22c1f,1955,1954,1790073091755.9,45.342667
c7e22c1f,1956,1955,1790073091785.539,29.639184
c7e22c1f,1957,1956,1790073091834.939,49.400413
c7e22c1f,1958,1957,1790073091868.655,33.715181
c7e22c1f,1959,1958,1790073091906.33,37.675258
c7e22c1f,1960,1959,1790073091943.987,37.65704
c7e22c1f,1961,1960,1790073091986.283,42.295893
c7e22c1f,1962,1961,1790073092027.917,41.634672
c7e22c1f,1963,1962,1790073092068.665,40.747187
c7e22c1f,1964,1963,1790073092109.222,40.557157
c7e22c1f,1965,1964,1790073092149.991,40.769254
c7e22c1f,1966,1965,1790073092191.822,41.831152
c7e22c1f,1967,1966,1790073092231.617,39.794748
c7e22c1f,1968,1967,1790073092261.487,29.870146
c7e22c1f,1969,1968,1790073092320.461,58.973967
c7e22c1f,1970,1969,1790073092342.228,21.766866
c7e22c1f,1971,1970,1790073092392.232,50.004137
c7e22c1f,1972,1971,1790073092422.688,30.456267
c7e22c1f,1973,1972,1790073092473.709,51.021054
c7e22c1f,1974,1973,1790073092509.112,35.40298
c7e22c1f,1975,1974,1790073092553.337,44.224796
c7e22c1f,1976,1975,1790073092600.564,47.227502
c7e22c1f,1977,1976,1790073092601.702,1.137156
c7e22c1f,1978,1977,1790073092604.548,2.845814
c7e22c1f,1979,1978,1790073092676.12,71.572004
c7e22c1f,1980,1979,1790073092783.108,106.988264
c7e22c1f,1981,1980,1790073092841.257,58.149133
c7e22c1f,1982,1981,1790073092861.952,20.695273
c7e22c1f,1983,1982,1790073092914.24,52.287422
c7e22c1f,1984,1983,1790073092944.827,30.587567
c7e22c1f,1985,1984,1790073092994.913,50.085408
c7e22c1f,1986,1985,1790073093030.51,35.597347
c7e22c1f,1987,1986,1790073093066.411,35.90145
c7e22c1f,1988,1987,1790073093108.809,42.397695
c7e22c1f,1989,1988,1790073093149.539,40.730203
c7e22c1f,1990,1989,1790073093189.569,40.029547
c7e22c1f,1991,1990,1790073093237.627,48.058675
c7e22c1f,1992,1991,1790073093269.776,32.14812
c7e22c1f,1993,1992,1790073093324.154,54.378111
c7e22c1f,1994,1993,1790073093344.793,20.639431
c7e22c1f,1995,1994,1790073093395.912,51.118783
c7e22c1f,1996,1995,1790073093423.981,28.069306
c7e22c1f,1997,1996,1790073093464.792,40.810898
c7e22c1f,1998,1997,1790073093505.763,40.971347
c7e22c1f,1999,1998,1790073093553.838,48.074158
c7e22c1f,2000,1999,1790073093590.777,36.939724
c7e22c1f,2001,2000,1790073093620.168,29.390908
c7e22c1f,2002,2001,1790073093682.539,62.370724
c7e22c1f,2003,2002,1790073093704.354,21.815273
c7e22c1f,2004,2003,1790073093756.902,52.548149
c7e22c1f,2005,2004,1790073093783.401,26.498254
c7e22c1f,2006,2005,1790073093835.601,52.200472
c7e22c1f,2007,2006,1790073093867.681,32.079911
c7e22c1f,2008,2007,1790073093911.818,44.137055
c7e22c1f,2009,2008,1790073093948.271,36.453193
c7e22c1f,2010,2009,1790073093989.374,41.102966
c7e22c1f,2011,2010,1790073094031.445,42.071052
c7e22c1f,2012,2011,1790073094069.133,37.688035
c7e22c1f,2013,2012,1790073094110.02,40.886101
c7e22c1f,2014,2013,1790073094156.764,46.744661
c7e22c1f,2015,2014,1790073094193.132,36.367681
c7e22c1f,2016,2015,1790073094231.798,38.665997
c7e22c1f,2017,2016,1790073094274.164,42.365679
c7e22c1f,2018,2017,1790073094314.768,40.60462
c7e22c1f,2019,2018,1790073094343.756,28.987648
c7e22c1f,2020,2019,1790073094385.669,41.913781
c7e22c1f,2021,2020,1790073094428.456,42.786532
c7e22c1f,2022,2021,1790073094467.691,39.234909
c7e22c1f,2023,2022,1790073094509.993,42.302233
c7e22c1f,2024,2023,1790073094554.962,44.969221
c7e22c1f,2025,2024,1790073094606.72,51.757953
c7e22c1f,2026,2025,1790073094608.444,1.72359
c7e22c1f,2027,2026,1790073094609.584,1.14046
c7e22c1f,2028,2027,1790073094611.604,2.019165
c7e22c1f,2029,2028,1790073094673.943,62.339229
c7e22c1f,2030,2029,1790073094784.134,110.190842
c7e22c1f,2031,2030,1790073094830.442,46.308147
c7e22c1f,2032,2031,1790073094864.954,34.511713
c7e22c1f,2033,2032,1790073094906.706,41.752658
c7e22c1f,2034,2033,1790073094960.515,53.809247
c7e22c1f,2035,2034,1790073094992.536,32.020811
c7e22c1f,2036,2035,1790073095032.364,39.828082
c7e22c1f,2037,2036,1790073095080.783,48.419011
c7e22c1f,2038,2037,1790073095121.132,40.348541
c7e22c1f,2039,2038,1790073095164.257,43.125017
c7e22c1f,2040,2039,1790073095183.315,19.057896
c7e22c1f,2041,2040,1790073095245.462,62.147057
c7e22c1f,2042,2041,1790073095263.703,18.241285
c7e22c1f,2043,2042,1790073095318.915,55.211861
c7e22c1f,2044,2043,1790073095350.834,31.919128
c7e22c1f,2045,2044,1790073095390.229,39.394699
c7e22c1f,2046,2045,1790073095428.069,37.840245
c7e22c1f,2047,2046,1790073095467.774,39.704553
c7e22c1f,2048,2047,1790073095524.796,57.022508
c7e22c1f,2049,2048,1790073095550.117,25.321252
c7e22c1f,2050,2049,1790073095595.066,44.948627
c7e22c1f,2051,2050,1790073095631.264,36.198392
c7e22c1f,2052,2051,1790073095672.064,40.800075
c7e22c1f,2053,2052,1790073095705.516,33.451748
c7e22c1f,2054,2053,1790073095764.162,58.645914
c7e22c1f,2055,2054,1790073095785.633,21.471273
c7e22c1f,2056,2055,1790073095844.712,59.078293
c7e22c1f,2057,2056,1790073095953.765,109.053355
c7e22c1f,2058,2057,1790073095955.293,1.528269
c7e22c1f,2059,2058,1790073095960.014,4.720982
c7e22c1f,2060,2059,1790073095989.378,29.36344
c7e22c1f,2061,2060,1790073096027.075,37.697135
c7e22c1f,2062,2061,1790073096070.052,42.976512
c7e22c1f,2063,2062,1790073096109.958,39.906983
c7e22c1f,2064,2063,1790073096153.061,43.102424
c7e22c1f,2065,2064,1790073096192.645,39.583837
c7e22c1f,2066,2065,1790073096231.645,39.000064
c7e22c1f,2067,2066,1790073096263.335,31.690495
c7e22c1f,2068,2067,1790073096312.251,48.916327
c7e22c1f,2069,2068,1790073096346.665,34.413819
c7e22c1f,2070,2069,1790073096391.583,44.917627
c7e22c1f,2071,2070,1790073096427.866,36.283438
c7e22c1f,2072,2071,1790073096468.749,40.882541
c7e22c1f,2073,2072,1790073096509.407,40.657765
c7e22c1f,2074,2073,1790073096551.4,41.993678
c7e22c1f,2075,2074,1790073096600.847,49.446809
c7e22c1f,2076,2075,1790073096603.411,2.563677
c7e22c1f,2077,2076,1790073096605.542,2.131712
c7e22c1f,2078,2077,1790073096674.394,68.851215
c7e22c1f,2079,2078,1790073096785.675,111.280654
c7e22c1f,2080,2079,1790073096841.388,55.714053
c7e22c1f,2081,2080,1790073096865.609,24.220605
c7e22c1f,2082,2081,1790073096904.324,38.714531
c7e22c1f,2083,2082,1790073096945.113,40.788794
c7e22c1f,2084,2083,1790073096987.342,42.229691
c7e22c1f,2085,2084,1790073097031.273,43.931402
c7e22c1f,2086,2085,1790073097065.371,34.097664
c7e22c1f,2087,2086,1790073097115.073,49.701196
c7e22c1f,2088,2087,1790073097141.801,26.728769
c7e22c1f,2089,2088,1790073097201.1,59.298573
c7e22c1f,2090,2089,1790073097222.357,21.257466
c7e22c1f,2091,2090,1790073097271.655,49.297792
c7e22c1f,2092,2091,1790073097302.651,30.996301
c7e22c1f,2093,2092,1790073097353.03,50.37846
c7e22c1f,2094,2093,1790073097383.441,30.411665
c7e22c1f,2095,2094,1790073097428.526,45.084708
c7e22c1f,2096,2095,1790073097467.23,38.704422
c7e22c1f,2097,2096,1790073097507.141,39.909981
c7e22c1f,2098,2097,1790073097547.891,40.750502
c7e22c1f,2099,2098,1790073097590.454,42.562576
c7e22c1f,2100,2099,1790073097628.393,37.93915
c7e22c1f,2101,2100,1790073097676.665,48.272362
c7e22c1f,2102,2101,1790073097710.065,33.40038
c7e22c1f,2103,2102,1790073097754.876,44.810799
c7e22c1f,2104,2103,1790073097788.63,33.753993
c7e22c1f,2105,2104,1790073097833.399,44.768834
c7e22c1f,2106,2105,1790073097867.376,33.976678
c7e22c1f,2107,2106,1790073097916.753,49.37762
c7e22c1f,2108,2107,1790073097944.019,27.265193
c7e22c1f,2109,2108,1790073097983.901,39.882359
c7e22c1f,2110,2109,1790073098029.873,45.971771
c7e22c1f,2111,2110,1790073098076.583,46.710779
c7e22c1f,2112,2111,1790073098109.097,32.51364
c7e22c1f,2113,2112,1790073098148.903,39.805334
c7e22c1f,2114,2113,1790073098202.851,53.94822
c7e22c1f,2115,2114,1790073098229.317,26.466424
c7e22c1f,2116,2115,1790073098265.657,36.340035
c7e22c1f,2117,2116,1790073098311.56,45.902926
c7e22c1f,2118,2117,1790073098342.184,30.624057
c7e22c1f,2119,2118,1790073098396.033,53.849278
c7e22c1f,2120,2119,1790073098428.013,31.980017
c7e22c1f,2121,2120,1790073098464.464,36.450238
c7e22c1f,2122,2121,1790073098507.133,42.669218
c7e22c1f,2123,2122,1790073098549.345,42.211938
c7e22c1f,2124,2123,1790073098602.129,52.784582
c7e22c1f,2125,2124,1790073098603.31,1.180673
c7e22c1f,2126,2125,1790073098604.616,1.30584
c7e22c1f,2127,2126,1790073098606.52,1.904284
c7e22c1f,2128,2127,1790073098673.768,67.247709
c7e22c1f,2129,2128,1790073098787.884,114.11596
c7e22c1f,2130,2129,1790073098834.12,46.23638
c7e22c1f,2131,2130,1790073098877.785,43.664504
c7e22c1f,2132,2131,1790073098908.554,30.769692
c7e22c1f,2133,2132,1790073098950.228,41.673543
c7e22c1f,2134,2133,1790073098989.416,39.188128
c7e22c1f,2135,2134,1790073099033.553,44.136467
c7e22c1f,2136,2135,1790073099070.04,36.486992
c7e22c1f,2137,2136,1790073099101.605,31.565635
c7e22c1f,2138,2137,1790073099151.803,50.198217
c7e22c1f,2139,2138,1790073099185.151,33.348013
c7e22c1f,2140,2139,1790073099232.536,47.385019
c7e22c1f,2141,2140,1790073099269.747,37.210361
c7e22c1f,2142,2141,1790073099304.796,35.049392
c7e22c1f,2143,2142,1790073099350.305,45.508932
c7e22c1f,2144,2143,1790073099391.109,40.80379
c7e22c1f,2145,2144,1790073099441.871,50.762118
c7e22c1f,2146,2145,1790073099470.737,28.865441
c7e22c1f,2147,2146,1790073099501.505,30.768783
c7e22c1f,2148,2147,1790073099552.977,51.471423
c7e22c1f,2149,2148,1790073099584.21,31.233567
c7e22c1f,2150,2149,1790073099635.297,51.086795
c7e22c1f,2151,2150,1790073099663.599,28.302189
c7e22c1f,2152,2151,1790073099704.063,40.464225
c7e22c1f,2153,2152,1790073099747.722,43.658869
c7e22c1f,2154,2153,1790073099794.419,46.696996
c7e22c1f,2155,2154,1790073099831.233,36.814042
c7e22c1f,2156,2155,1790073099869.308,38.074636
c7e22c1f,2157,2156,1790073099911.203,41.895097
c7e22c1f,2158,2157,1790073099950.401,39.197958
c7e22c1f,2159,2158,1790073099996.115,45.713653
c7e22c1f,2160,2159,1790073100037.628,41.513531
c7e22c1f,2161,2160,1790073100071.462,33.833739
c7e22c1f,2162,2161,1790073100119.599,48.136646
c7e22c1f,2163,2162,1790073100144.489,24.89035
c7e22c1f,2164,2163,1790073100193.062,48.572438
c7e22c1f,2165,2164,1790073100239.271,46.209698
c7e22c1f,2166,2165,1790073100271.666,32.394486
c7e22c1f,2167,2166,1790073100316.701,45.035496
c7e22c1f,2168,2167,1790073100350.08,33.379013
c7e22c1f,2169,2168,1790073100390.658,40.57795
c7e22c1f,2170,2169,1790073100423.35,32.691407
c7e22c1f,2171,2170,1790073100474.221,50.871188
c7e22c1f,2172,2171,1790073100507.138,32.917162
c7e22c1f,2173,2172,1790073100561.362,54.224075
c7e22c1f,2174,2173,1790073100602.391,41.029049
c7e22c1f,2175,2174,1790073100603.329,0.938296
c7e22c1f,2176,2175,1790073100606.838,3.508774
c7e22c1f,2177,2176,1790073100610.489,3.650648
c7e22c1f,2178,2177,1790073100687.461,76.97198
c7e22c1f,2179,2178,1790073100790.151,102.69038
c7e22c1f,2180,2179,1790073100837.168,47.01682
c7e22c1f,2181,2180,1790073100867.093,29.924916
c7e22c1f,2182,2181,1790073100906.497,39.404588
c7e22c1f,2183,2182,1790073100947.287,40.789305
c7e22c1f,2184,2183,1790073100989.118,41.831539
c7e22c1f,2185,2184,1790073101035.461,46.342573
c7e22c1f,2186,2185,1790073101070.472,35.011385
c7e22c1f,2187,2186,1790073101111.24,40.767861
c7e22c1f,2188,2187,1790073101171.163,59.9228
c7e22c1f,2189,2188,1790073101199.215,28.052459
c7e22c1f,2190,2189,1790073101221.971,22.755277
c7e22c1f,2191,2190,1790073101273.43,51.459765
c7e22c1f,2192,2191,1790073101301.787,28.356742
c7e22c1f,2193,2192,1790073101353.95,52.163199
c7e22c1f,2194,2193,1790073101383.742,29.791888
c7e22c1f,2195,2194,1790073101440.582,56.83947
c7e22c1f,2196,2195,1790073101466.185,25.602875
c7e22c1f,2197,2196,1790073101503.431,37.246527
c7e22c1f,2198,2197,1790073101546.157,42.725788
c7e22c1f,2199,2198,1790073101590.09,43.933291
c7e22c1f,2200,2199,1790073101629.238,39.147585
c7e22c1f,2201,2200,1790073101669.498,40.260416
c7e22c1f,2202,2201,1790073101710.042,40.543459
c7e22c1f,2203,2202,1790073101755.455,45.412988
c7e22c1f,2204,2203,1790073101791.012,35.557133
c7e22c1f,2205,2204,1790073101832.897,41.885022
c7e22c1f,2206,2205,1790073101861.004,28.107426
c7e22c1f,2207,2206,1790073101913.701,52.696463
c7e22c1f,2208,2207,1790073101941.933,28.232601
c7e22c1f,2209,2208,1790073101985.199,43.266247
c7e22c1f,2210,2209,1790073102023.905,38.705272
c7e22c1f,2211,2210,1790073102069.618,45.713705
c7e22c1f,2212,2211,1790073102106.705,37.086849
c7e22c1f,2213,2212,1790073102149.259,42.55338
c7e22c1f,2214,2213,1790073102193.409,44.150073
c7e22c1f,2215,2214,1790073102229.162,35.753566
c7e22c1f,2216,2215,1790073102272.853,43.690561
c7e22c1f,2217,2216,1790073102316.306,43.452667
c7e22c1f,2218,2217,1790073102343.175,26.86948
c7e22c1f,2219,2218,1790073102391.79,48.614557
c7e22c1f,2220,2219,1790073102424.286,32.496281
c7e22c1f,2221,2220,1790073102475.71,51.424565
c7e22c1f,2222,2221,1790073102514.248,38.537033
c7e22c1f,2223,2222,1790073102551.508,37.260591
c7e22c1f,2224,2223,1790073102597.619,46.110927
c7e22c1f,2225,2224,1790073102598.771,1.152062
c7e22c1f,2226,2225,1790073102599.863,1.092177
c7e22c1f,2227,2226,1790073102601.836,1.972389
c7e22c1f,2228,2227,1790073102675.78,73.944576
c7e22c1f,2229,2228,1790073102782.56,106.780221
c7e22c1f,2230,2229,1790073102825.117,42.556212
c7e22c1f,2231,2230,1790073102875.696,50.578999
c7e22c1f,2232,2231,1790073102911.52,35.824282
c7e22c1f,2233,2232,1790073102947.482,35.962545
c7e22c1f,2234,2233,1790073102987.483,40.00016
c7e22c1f,2235,2234,1790073103032.544,45.061052
c7e22c1f,2236,2235,1790073103076.815,44.271569
c7e22c1f,2237,2236,1790073103110.882,34.066986
c7e22c1f,2238,2237,1790073103150.517,39.634582
c7e22c1f,2239,2238,1790073103191.23,40.713298
c7e22c1f,2240,2239,1790073103234.636,43.405936
c7e22c1f,2241,2240,1790073103261.581,26.944537
c7e22c1f,2242,2241,1790073103328.063,66.482397
c7e22c1f,2243,2242,1790073103348.201,20.13766
c7e22c1f,2244,2243,1790073103394.203,46.002667
c7e22c1f,2245,2244,1790073103424.145,29.941316
c7e22c1f,2246,2245,1790073103471.883,47.73843
c7e22c1f,2247,2246,1790073103517.321,45.437871
c7e22c1f,2248,2247,1790073103554.463,37.14234
c7e22c1f,2249,2248,1790073103589.795,35.331606
c7e22c1f,2250,2249,1790073103629.425,39.629648
c7e22c1f,2251,2250,1790073103673.885,44.460425
c7e22c1f,2252,2251,1790073103714.745,40.859802
c7e22c1f,2253,2252,1790073103757.427,42.682258
c7e22c1f,2254,2253,1790073103795.518,38.090634
c7e22c1f,2255,2254,1790073103830.457,34.939492
c7e22c1f,2256,2255,1790073103861.966,31.509197
c7e22c1f,2257,2256,1790073103911.587,49.621141
c7e22c1f,2258,2257,1790073103942.948,31.360588
c7e22c1f,2259,2258,1790073103992.396,49.447589
c7e22c1f,2260,2259,1790073104026.304,33.908135
c7e22c1f,2261,2260,1790073104082.612,56.308074
c7e22c1f,2262,2261,1790073104105.527,22.914963
c7e22c1f,2263,2262,1790073104144.964,39.437478
c7e22c1f,2264,2263,1790073104194.606,49.641523
c7e22c1f,2265,2264,1790073104228.755,34.148806
c7e22c1f,2266,2265,1790073104271.89,43.135839
c7e22c1f,2267,2266,1790073104311.793,39.902578
c7e22c1f,2268,2267,1790073104355.183,43.389611
c7e22c1f,2269,2268,1790073104391.434,36.251007
c7e22c1f,2270,2269,1790073104432.701,41.267225
c7e22c1f,2271,2270,1790073104471.993,39.291744
c7e22c1f,2272,2271,1790073104502.04,30.047211
c7e22c1f,2273,2272,1790073104557.981,55.941231
c7e22c1f,2274,2273,1790073104606.127,48.146448
c7e22c1f,2275,2274,1790073104607.36,1.232659
c7e22c1f,2276,2275,1790073104608.542,1.181693
c7e22c1f,2277,2276,1790073104611.035,2.49325
c7e22c1f,2278,2277,1790073104670.732,59.696512
c7e22c1f,2279,2278,1790073104796.435,125.703362
c7e22c1f,2280,2279,1790073104834.484,38.049254
c7e22c1f,2281,2280,1790073104861.194,26.709625
c7e22c1f,2282,2281,1790073104920.558,59.363681
c7e22c1f,2283,2282,1790073104942.785,22.22764
c7e22c1f,2284,2283,1790073105000.916,58.130504
c7e22c1f,2285,2284,1790073105024.005,23.088837
c7e22c1f,2286,2285,1790073105065.514,41.509093
c7e22c1f,2287,2286,1790073105104.646,39.132976
c7e22c1f,2288,2287,1790073105148.526,43.879542
c7e22c1f,2289,2288,1790073105189.143,40.616832
c7e22c1f,2290,2289,1790073105228.354,39.210726
c7e22c1f,2291,2290,1790073105281.066,52.712267
c7e22c1f,2292,2291,1790073105311.758,30.691869
c7e22c1f,2293,2292,1790073105355.019,43.261513
c7e22c1f,2294,2293,1790073105391.677,36.657437
c7e22c1f,2295,2294,1790073105422.561,30.883753
c7e22c1f,2296,2295,1790073105473.269,50.708718
c7e22c1f,2297,2296,1790073105505.401,32.132074
c7e22c1f,2298,2297,1790073105544.272,38.871187
c7e22c1f,2299,2298,1790073105584.584,40.31161
c7e22c1f,2300,2299,1790073105631.16,46.575938
c7e22c1f,2301,2300,1790073105667.222,36.062124
c7e22c1f,2302,2301,1790073105717.373,50.15063
c7e22c1f,2303,2302,1790073105750.611,33.237825
c7e22c1f,2304,2303,1790073105795.653,45.042262
c7e22c1f,2305,2304,1790073105834.176,38.522768
c7e22c1f,2306,2305,1790073105871.752,37.576229
c7e22c1f,2307,2306,1790073105910.738,38.986175
c7e22c1f,2308,2307,1790073105958.539,47.800688
c7e22c1f,2309,2308,1790073105993.982,35.443717
c7e22c1f,2310,2309,1790073106022.935,28.952328
c7e22c1f,2311,2310,1790073106063.996,41.061659
c7e22c1f,2312,2311,1790073106109.659,45.662886
c7e22c1f,2313,2312,1790073106146.422,36.762707
c7e22c1f,2314,2313,1790073106189.624,43.201389
c7e22c1f,2315,2314,1790073106230.764,41.140611
c7e22c1f,2316,2315,1790073106270.918,40.153902
c7e22c1f,2317,2316,1790073106319.052,48.13349
c7e22c1f,2318,2317,1790073106355.13,36.078237
c7e22c1f,2319,2318,1790073106382.633,27.503507
c7e22c1f,2320,2319,1790073106435.053,52.419731
c7e22c1f,2321,2320,1790073106464.251,29.19787
c7e22c1f,2322,2321,1790073106515.263,51.012159
c7e22c1f,2323,2322,1790073106544.354,29.091001
c7e22c1f,2324,2323,1790073106602.732,58.378206
c7e22c1f,2325,2324,1790073106605.036,2.304344
c7e22c1f,2326,2325,1790073106607.296,2.259865
c7e22c1f,2327,2326,1790073106609.792,2.495707
c7e22c1f,2328,2327,1790073106662.08,52.28819
c7e22c1f,2329,2328,1790073106784.152,122.071373
c7e22c1f,2330,2329,1790073106827.61,43.4581
c7e22c1f,2331,2330,1790073106867.883,40.273254
c7e22c1f,2332,2331,1790073106915.443,47.560166
c7e22c1f,2333,2332,1790073106957.372,41.928521
c7e22c1f,2334,2333,1790073106992.324,34.952729
c7e22c1f,2335,2334,1790073107039.591,47.266473
c7e22c1f,2336,2335,1790073107073.834,34.24298
c7e22c1f,2337,2336,1790073107116.797,42.962863
c7e22c1f,2338,2337,1790073107142.351,25.553779
c7e22c1f,2339,2338,1790073107192.218,49.867835
c7e22c1f,2340,2339,1790073107222.856,30.637483
c7e22c1f,2341,2340,1790073107275.331,52.475029
c7e22c1f,2342,2341,1790073107306.362,31.03125
c7e22c1f,2343,2342,1790073107348.262,41.900363
c7e22c1f,2344,2343,1790073107394.709,46.446489
c7e22c1f,2345,2344,1790073107420.006,25.2968
c7e22c1f,2346,2345,1790073107471.093,51.087633
c7e22c1f,2347,2346,1790073107502.583,31.490008
c7e22c1f,2348,2347,1790073107561.833,59.250153
c7e22c1f,2349,2348,1790073107581.706,19.872322
c7e22c1f,2350,2349,1790073107633.008,51.301941
c7e22c1f,2351,2350,1790073107663.314,30.306554
c7e22c1f,2352,2351,1790073107704.266,40.951192
c7e22c1f,2353,2352,1790073107749.515,45.249071
c7e22c1f,2354,2353,1790073107788.418,38.903652
c7e22c1f,2355,2354,1790073107831.955,43.536761
c7e22c1f,2356,2355,1790073107869.982,38.026781
c7e22c1f,2357,2356,1790073107910.826,40.84396
c7e22c1f,2358,2357,1790073107951.057,40.231229
c7e22c1f,2359,2358,1790073107984.814,33.756996
c7e22c1f,2360,2359,1790073108031.159,46.34539
c7e22c1f,2361,2360,1790073108074.341,43.181791
c7e22c1f,2362,2361,1790073108113.685,39.344244
c7e22c1f,2363,2362,1790073108143.065,29.379962
c7e22c1f,2364,2363,1790073108194.734,51.66879
c7e22c1f,2365,2364,1790073108225.391,30.656987
c7e22c1f,2366,2365,1790073108264.368,38.977306
c7e22c1f,2367,2366,1790073108307.838,43.46994
c7e22c1f,2368,2367,1790073108346.865,39.027145
c7e22c1f,2369,2368,1790073108388.74,41.874589
c7e22c1f,2370,2369,1790073108431.117,42.37675
c7e22c1f,2371,2370,1790073108474.65,43.532668
c7e22c1f,2372,2371,1790073108510.446,35.796092
c7e22c1f,2373,2372,1790073108550.382,39.936648
c7e22c1f,2374,2373,1790073108607.208,56.826063
c7e22c1f,2375,2374,1790073108608.216,1.007908
c7e22c1f,2376,2375,1790073108609.24,1.023746
c7e22c1f,2377,2376,1790073108611.112,1.871992
c7e22c1f,2378,2377,1790073108672.144,61.031739
c7e22c1f,2379,2378,1790073108798.22,126.075933
c7e22c1f,2380,2379,1790073108840.166,41.94646
c7e22c1f,2381,2380,1790073108871.845,31.679389
c7e22c1f,2382,2381,1790073108903.075,31.229859
c7e22c1f,2383,2382,1790073108953.771,50.695634
c7e22c1f,2384,2383,1790073108988.496,34.72529
c7e22c1f,2385,2384,1790073109039.518,51.021287
c7e22c1f,2386,2385,1790073109063.435,23.917558
c7e22c1f,2387,2386,1790073109113.594,50.158598
c7e22c1f,2388,2387,1790073109144.198,30.604638
c7e22c1f,2389,2388,1790073109184.233,40.034615
c7e22c1f,2390,2389,1790073109230.226,45.993077
c7e22c1f,2391,2390,1790073109267.678,37.452348
c7e22c1f,2392,2391,1790073109314.212,46.533983
c7e22c1f,2393,2392,1790073109349.606,35.39322
c7e22c1f,2394,2393,1790073109399.101,49.495362
c7e22c1f,2395,2394,1790073109434.745,35.643528
c7e22c1f,2396,2395,1790073109474.008,39.263214
c7e22c1f,2397,2396,1790073109511.802,37.793752
c7e22c1f,2398,2397,1790073109564.514,52.712742
c7e22c1f,2399,2398,1790073109602.578,38.063552
c7e22c1f,2400,2399,1790073109630.795,28.217527
c7e22c1f,2401,2400,1790073109664.881,34.085271
c7e22c1f,2402,2401,1790073109716.554,51.673161
c7e22c1f,2403,2402,1790073109745.74,29.186188
c7e22c1f,2404,2403,1790073109787.819,42.079028
c7e22c1f,2405,2404,1790073109828.914,41.095031
c7e22c1f,2406,2405,1790073109867.117,38.203276
c7e22c1f,2407,2406,1790073109909.139,42.021332
c7e22c1f,2408,2407,1790073109951.875,42.73585
c7e22c1f,2409,2408,1790073109991.329,39.454092
c7e22c1f,2410,2409,1790073110030.645,39.316489
c7e22c1f,2411,2410,1790073110062.258,31.612772
c7e22c1f,2412,2411,1790073110113.168,50.910131
c7e22c1f,2413,2412,1790073110144.37,31.202018
c7e22c1f,2414,2413,1790073110185.589,41.219153
c7e22c1f,2415,2414,1790073110227.078,41.488793
c7e22c1f,2416,2415,1790073110267.256,40.177965
c7e22c1f,2417,2416,1790073110311.69,44.434418
c7e22c1f,2418,2417,1790073110352.209,40.518994
c7e22c1f,2419,2418,1790073110395.286,43.077158
c7e22c1f,2420,2419,1790073110439.89,44.603533
c7e22c1f,2421,2420,1790073110484.076,44.18602
c7e22c1f,2422,2421,1790073110522.682,38.6062
c7e22c1f,2423,2422,1790073110542.787,20.105236
c7e22c1f,2424,2423,1790073110602.517,59.72977
c7e22c1f,2425,2424,1790073110603.845,1.327688
c7e22c1f,2426,2425,1790073110605.532,1.687157
c7e22c1f,2427,2426,1790073110606.952,1.419852
c7e22c1f,2428,2427,1790073110680.885,73.932531
c7e22c1f,2429,2428,1790073110800.276,119.391265
c7e22c1f,2430,2429,1790073110831.695,31.419618
c7e22c1f,2431,2430,1790073110871.497,39.802021
c7e22c1f,2432,2431,1790073110905.221,33.723959
c7e22c1f,2433,2432,1790073110954.015,48.794061
c7e22c1f,2434,2433,1790073110983.925,29.909677
c7e22c1f,2435,2434,1790073111038.673,54.74819
c7e22c1f,2436,2435,1790073111063.59,24.916713
c7e22c1f,2437,2436,1790073111107.398,43.80802
c7e22c1f,2438,2437,1790073111150.678,43.280405
c7e22c1f,2439,2438,1790073111188.873,38.194331
c7e22c1f,2440,2439,1790073111239.159,50.286826
c7e22c1f,2441,2440,1790073111275.932,36.772272
c7e22c1f,2442,2441,1790073111319.483,43.551484
c7e22c1f,2443,2442,1790073111352.125,32.641257
c7e22c1f,2444,2443,1790073111391.263,39.13818
c7e22c1f,2445,2444,1790073111435.226,43.963272
c7e22c1f,2446,2445,1790073111468.461,33.234937
c7e22c1f,2447,2446,1790073111512.554,44.093104
c7e22c1f,2448,2447,1790073111545.13,32.576061
c7e22c1f,2449,2448,1790073111595.848,50.717987
c7e22c1f,2450,2449,1790073111625.607,29.758818
c7e22c1f,2451,2450,1790073111670.547,44.940297
c7e22c1f,2452,2451,1790073111713.694,43.147137
c7e22c1f,2453,2452,1790073111753.427,39.732752
c7e22c1f,2454,2453,1790073111789.241,35.813589
c7e22c1f,2455,2454,1790073111829.001,39.760018
c7e22c1f,2456,2455,1790073111877.9,48.899147
c7e22c1f,2457,2456,1790073111912.273,34.373701
c7e22c1f,2458,2457,1790073111944.183,31.909816
c7e22c1f,2459,2458,1790073111996.416,52.232105
c7e22c1f,2460,2459,1790073112022.405,25.989124
c7e22c1f,2461,2460,1790073112073.74,51.336013
c7e22c1f,2462,2461,1790073112110.918,37.177262
c7e22c1f,2463,2462,1790073112145.097,34.179638
c7e22c1f,2464,2463,1790073112188.453,43.355598
c7e22c1f,2465,2464,1790073112230.737,42.283553
c7e22c1f,2466,2465,1790073112270.72,39.983587
c7e22c1f,2467,2466,1790073112309.726,39.006207
c7e22c1f,2468,2467,1790073112354.476,44.749164
c7e22c1f,2469,2468,1790073112396.206,41.730089
c7e22c1f,2470,2469,1790073112422.466,26.260415
c7e22c1f,2471,2470,1790073112472.655,50.188329
c7e22c1f,2472,2471,1790073112502.844,30.189062
c7e22c1f,2473,2472,1790073112566.123,63.279633
c7e22c1f,2474,2473,1790073112597.714,31.590973
c7e22c1f,2475,2474,1790073112598.644,0.929963
c7e22c1f,2476,2475,1790073112599.91,1.266162
c7e22c1f,2477,2476,1790073112669.504,69.594263
c7e22c1f,2478,2477,1790073112797.531,128.026162
c7e22c1f,2479,2478,1790073112842.887,45.356786
c7e22c1f,2480,2479,1790073112864.625,21.737612
c7e22c1f,2481,2480,1790073112913.177,48.55219
c7e22c1f,2482,2481,1790073112944.207,31.029745
c7e22c1f,2483,2482,1790073112995.05,50.842595
c7e22c1f,2484,2483,1790073113034.02,38.969989
c7e22c1f,2485,2484,1790073113064.837,30.817731
c7e22c1f,2486,2485,1790073113110.414,45.576807
c7e22c1f,2487,2486,1790073113148.379,37.964592
c7e22c1f,2488,2487,1790073113209.662,61.28287
c7e22c1f,2489,2488,1790073113242.228,32.566317
c7e22c1f,2490,2489,1790073113277.021,34.792824
c7e22c1f,2491,2490,1790073113311.861,34.840347
c7e22c1f,2492,2491,1790073113343.829,31.967636
c7e22c1f,2493,2492,1790073113395.97,52.141792
c7e22c1f,2494,2493,1790073113423.617,27.647017
c7e22c1f,2495,2494,1790073113478.595,54.977394
c7e22c1f,2496,2495,1790073113505.864,27.269084
c7e22c1f,2497,2496,1790073113544.388,38.524023
c7e22c1f,2498,2497,1790073113601.046,56.658304
c7e22c1f,2499,2498,1790073113632.216,31.169758
c7e22c1f,2500,2499,1790073113668.637,36.421442
c7e22c1f,2501,2500,1790073113713.724,45.086383
c7e22c1f,2502,2501,1790073113750.648,36.924448
c7e22c1f,2503,2502,1790073113791.06,40.411461
c7e22c1f,2504,2503,1790073113841.882,50.821936
c7e22c1f,2505,2504,1790073113864.326,22.444598
c7e22c1f,2506,2505,1790073113914.816,50.489584
c7e22c1f,2507,2506,1790073113956.974,42.157882
c7e22c1f,2508,2507,1790073114003.301,46.326784
c7e22c1f,2509,2508,1790073114032.212,28.911185
c7e22c1f,2510,2509,1790073114081.872,49.660476
c7e22c1f,2511,2510,1790073114106.403,24.530632
c7e22c1f,2512,2511,1790073114149.221,42.818611
c7e22c1f,2513,2512,1790073114189.283,40.061398
c7e22c1f,2514,2513,1790073114235.384,46.101353
c7e22c1f,2515,2514,1790073114268.995,33.611003
c7e22c1f,2516,2515,1790073114310.014,41.018689
c7e22c1f,2517,2516,1790073114360.453,50.439178
c7e22c1f,2518,2517,1790073114392.267,31.813546
c7e22c1f,2519,2518,1790073114423.812,31.545668
c7e22c1f,2520,2519,1790073114474.23,50.417332
c7e22c1f,2521,2520,1790073114504.849,30.619786
c7e22c1f,2522,2521,1790073114556.664,51.814078
c7e22c1f,2523,2522,1790073114599.751,43.087808
c7e22c1f,2524,2523,1790073114602.011,2.260253
c7e22c1f,2525,2524,1790073114604.0,1.987849
c7e22c1f,2526,2525,1790073114607.877,3.877649
c7e22c1f,2527,2526,1790073114677.48,69.602973
c7e22c1f,2528,2527,1790073114793.866,116.386033
c7e22c1f,2529,2528,1790073114844.143,50.27675
c7e22c1f,2530,2529,1790073114863.428,19.285244
c7e22c1f,2531,2530,1790073114932.527,69.098615
c7e22c1f,2532,2531,1790073114945.692,13.165167
c7e22c1f,2533,2532,1790073115001.159,55.466837
c7e22c1f,2534,2533,1790073115034.376,33.217371
c7e22c1f,2535,2534,1790073115077.188,42.811754
c7e22c1f,2536,2535,1790073115107.893,30.705491
c7e22c1f,2537,2536,1790073115148.443,40.549366
c7e22c1f,2538,2537,1790073115193.045,44.602016
c7e22c1f,2539,2538,1790073115230.656,37.611832
c7e22c1f,2540,2539,1790073115270.655,39.998367
c7e22c1f,2541,2540,1790073115312.707,42.052381
c7e22c1f,2542,2541,1790073115345.521,32.814035
c7e22c1f,2543,2542,1790073115396.061,50.539558
c7e22c1f,2544,2543,1790073115425.484,29.423569
c7e22c1f,2545,2544,1790073115480.201,54.717085
c7e22c1f,2546,2545,1790073115505.495,25.293849
c7e22c1f,2547,2546,1790073115550.663,45.167283
c7e22c1f,2548,2547,1790073115591.711,41.048703
c7e22c1f,2549,2548,1790073115629.302,37.590602
c7e22c1f,2550,2549,1790073115678.961,49.658839
c7e22c1f,2551,2550,1790073115713.67,34.709737
c7e22c1f,2552,2551,1790073115754.36,40.689536
c7e22c1f,2553,2552,1790073115794.713,40.352574
c7e22c1f,2554,2553,1790073115825.429,30.716012
c7e22c1f,2555,2554,1790073115887.08,61.651306
c7e22c1f,2556,2555,1790073115904.268,17.188221
c7e22c1f,2557,2556,1790073115955.696,51.42771
c7e22c1f,2558,2557,1790073115983.854,28.158678
c7e22c1f,2559,2558,1790073116032.851,48.996109
c7e22c1f,2560,2559,1790073116077.401,44.550307
c7e22c1f,2561,2560,1790073116108.822,31.420542
c7e22c1f,2562,2561,1790073116148.411,39.589123
c7e22c1f,2563,2562,1790073116189.489,41.078471
c7e22c1f,2564,2563,1790073116237.646,48.157445
c7e22c1f,2565,2564,1790073116271.95,34.303543
c7e22c1f,2566,2565,1790073116311.394,39.443858
c7e22c1f,2567,2566,1790073116352.401,41.006687
c7e22c1f,2568,2567,1790073116384.641,32.240815
c7e22c1f,2569,2568,1790073116433.345,48.703971
c7e22c1f,2570,2569,1790073116467.827,34.481371
c7e22c1f,2571,2570,1790073116522.051,54.224125
c7e22c1f,2572,2571,1790073116554.514,32.463004
c7e22c1f,2573,2572,1790073116607.169,52.655048
c7e22c1f,2574,2573,1790073116608.412,1.2433
c7e22c1f,2575,2574,1790073116609.115,0.702423
c7e22c1f,2576,2575,1790073116611.918,2.8037
c7e22c1f,2577,2576,1790073116664.126,52.208117
c7e22c1f,2578,2577,1790073116785.394,121.266931
c7e22c1f,2579,2578,1790073116825.355,39.961871
c7e22c1f,2580,2579,1790073116869.652,44.296461
c7e22c1f,2581,2580,1790073116914.966,45.314413
c7e22c1f,2582,2581,1790073116963.637,48.671355
c7e22c1f,2583,2582,1790073117005.618,41.980276
c7e22c1f,2584,2583,1790073117032.273,26.655656
c7e22c1f,2585,2584,1790073117075.774,43.500411
c7e22c1f,2586,2585,1790073117112.273,36.499243
c7e22c1f,2587,2586,1790073117158.517,46.243963
c7e22c1f,2588,2587,1790073117197.721,39.203698
c7e22c1f,2589,2588,1790073117227.578,29.857462
c7e22c1f,2590,2589,1790073117275.033,47.454658
c7e22c1f,2591,2590,1790073117306.135,31.102065
c7e22c1f,2592,2591,1790073117361.378,55.24329
c7e22c1f,2593,2592,1790073117385.192,23.813789
c7e22c1f,2594,2593,1790073117425.467,40.274845
c7e22c1f,2595,2594,1790073117465.581,40.114033
c7e22c1f,2596,2595,1790073117522.362,56.781057
c7e22c1f,2597,2596,1790073117551.191,28.82889
c7e22c1f,2598,2597,1790073117591.264,40.073336
c7e22c1f,2599,2598,1790073117631.672,40.407336
c7e22c1f,2600,2599,1790073117670.458,38.786857
c7e22c1f,2601,2600,1790073117714.074,43.615437
c7e22c1f,2602,2601,1790073117763.074,49.000592
c7e22c1f,2603,2602,1790073117795.784,32.709407
c7e22c1f,2604,2603,1790073117854.456,58.67232
c7e22c1f,2605,2604,1790073117861.957,7.501023
c7e22c1f,2606,2605,1790073117915.621,53.663547
c7e22c1f,2607,2606,1790073117944.493,28.872589
c7e22c1f,2608,2607,1790073117987.313,42.819822
c7e22c1f,2609,2608,1790073118027.406,40.093313
c7e22c1f,2610,2609,1790073118068.596,41.189746
c7e22c1f,2611,2610,1790073118109.412,40.815969
c7e22c1f,2612,2611,1790073118157.822,48.409342
c7e22c1f,2613,2612,1790073118195.454,37.632216
c7e22c1f,2614,2613,1790073118230.368,34.914197
c7e22c1f,2615,2614,1790073118262.875,32.506751
c7e22c1f,2616,2615,1790073118312.828,49.953243
c7e22c1f,2617,2616,1790073118343.681,30.853458
c7e22c1f,2618,2617,1790073118386.356,42.674226
c7e22c1f,2619,2618,1790073118429.757,43.401027
c7e22c1f,2620,2619,1790073118468.626,38.869763
c7e22c1f,2621,2620,1790073118513.891,45.264745
c7e22c1f,2622,2621,1790073118549.836,35.944488
c7e22c1f,2623,2622,1790073118599.816,49.980039
c7e22c1f,2624,2623,1790073118601.236,1.420225
c7e22c1f,2625,2624,1790073118602.591,1.354883
c7e22c1f,2626,2625,1790073118677.229,74.63832
c7e22c1f,2627,2626,1790073118841.679,164.449761
c7e22c1f,2628,2627,1790073118847.991,6.312021
c7e22c1f,2629,2628,1790073118865.268,17.277412
c7e22c1f,2630,2629,1790073118907.691,42.422524
c7e22c1f,2631,2630,1790073118954.852,47.161138
c7e22c1f,2632,2631,1790073118991.586,36.733973
c7e22c1f,2633,2632,1790073119035.017,43.430947
c7e22c1f,2634,2633,1790073119073.509,38.491878
c7e22c1f,2635,2634,1790073119111.339,37.830334
c7e22c1f,2636,2635,1790073119155.331,43.991386
c7e22c1f,2637,2636,1790073119187.97,32.639882
c7e22c1f,2638,2637,1790073119232.775,44.80491
c7e22c1f,2639,2638,1790073119263.121,30.345938
c7e22c1f,2640,2639,1790073119315.334,52.212972
c7e22c1f,2641,2640,1790073119353.028,37.693773
c7e22c1f,2642,2641,1790073119385.828,32.799599
c7e22c1f,2643,2642,1790073119440.09,54.261965
c7e22c1f,2644,2643,1790073119469.277,29.187757
c7e22c1f,2645,2644,1790073119511.629,42.351981
c7e22c1f,2646,2645,1790073119550.847,39.218233
c7e22c1f,2647,2646,1790073119590.359,39.511756
c7e22c1f,2648,2647,1790073119637.824,47.464786
c7e22c1f,2649,2648,1790073119668.873,31.049087
c7e22c1f,2650,2649,1790073119715.003,46.129587
c7e22c1f,2651,2650,1790073119747.575,32.572347
c7e22c1f,2652,2651,1790073119803.786,56.211298
c7e22c1f,2653,2652,1790073119826.693,22.906849
c7e22c1f,2654,2653,1790073119864.516,37.822806
c7e22c1f,2655,2654,1790073119915.247,50.731421
c7e22c1f,2656,2655,1790073119954.507,39.260021
c7e22c1f,2657,2656,1790073119990.438,35.930022
c7e22c1f,2658,2657,1790073120032.667,42.229118
c7e22c1f,2659,2658,1790073120073.393,40.725909
c7e22c1f,2660,2659,1790073120111.761,38.368724
c7e22c1f,2661,2660,1790073120144.075,32.314023
c7e22c1f,2662,2661,1790073120197.127,53.051397
c7e22c1f,2663,2662,1790073120224.751,27.62451
c7e22c1f,2664,2663,1790073120277.525,52.774303
c7e22c1f,2665,2664,1790073120313.57,36.044308
c7e22c1f,2666,2665,1790073120354.626,41.056179
c7e22c1f,2667,2666,1790073120388.619,33.993082
c7e22c1f,2668,2667,1790073120429.223,40.603854
c7e22c1f,2669,2668,1790073120472.246,43.022764
c7e22c1f,2670,2669,1790073120520.254,48.0088
c7e22c1f,2671,2670,1790073120554.255,34.000256
c7e22c1f,2672,2671,1790073120607.191,52.935967
c7e22c1f,2673,2672,1790073120608.436,1.244876
c7e22c1f,2674,2673,1790073120616.458,8.022775
c7e22c1f,2675,2674,1790073120621.452,4.993506
c7e22c1f,2676,2675,1790073120664.801,43.349217
c7e22c1f,2677,2676,1790073120789.61,124.808475
c7e22c1f,2678,2677,1790073120827.332,37.722286
c7e22c1f,2679,2678,1790073120869.662,42.330344
c7e22c1f,2680,2679,1790073120919.976,50.313486
c7e22c1f,2681,2680,1790073120951.266,31.290339
c7e22c1f,2682,2681,1790073120999.973,48.706674
c7e22c1f,2683,2682,1790073121039.694,39.720883
c7e22c1f,2684,2683,1790073121075.509,35.815814
c7e22c1f,2685,2684,1790073121103.306,27.796321
c7e22c1f,2686,2685,1790073121152.995,49.688967
c7e22c1f,2687,2686,1790073121186.412,33.416918
c7e22c1f,2688,2687,1790073121226.425,40.01327
c7e22c1f,2689,2688,1790073121265.454,39.028859
c7e22c1f,2690,2689,1790073121308.804,43.350566
c7e22c1f,2691,2690,1790073121352.364,43.559619
c7e22c1f,2692,2691,1790073121392.477,40.112677
c7e22c1f,2693,2692,1790073121429.633,37.156551
c7e22c1f,2694,2693,1790073121471.703,42.069557
c7e22c1f,2695,2694,1790073121511.192,39.48976
c7e22c1f,2696,2695,1790073121554.499,43.306707
c7e22c1f,2697,2696,1790073121583.016,28.517222
c7e22c1f,2698,2697,1790073121639.896,56.87911
c7e22c1f,2699,2698,1790073121664.668,24.77263
c7e22c1f,2700,2699,1790073121711.754,47.086198
c7e22c1f,2701,2700,1790073121750.892,39.137471
c7e22c1f,2702,2701,1790073121796.881,45.989173
c7e22c1f,2703,2702,1790073121830.504,33.623352
c7e22c1f,2704,2703,1790073121872.137,41.633064
c7e22c1f,2705,2704,1790073121912.143,40.005736
c7e22c1f,2706,2705,1790073121962.766,50.622663
c7e22c1f,2707,2706,1790073121983.355,20.589702
c7e22c1f,2708,2707,1790073122044.279,60.923432
c7e22c1f,2709,2708,1790073122071.778,27.498611
c7e22c1f,2710,2709,1790073122120.603,48.825024
c7e22c1f,2711,2710,1790073122144.862,24.259512
c7e22c1f,2712,2711,1790073122187.18,42.318239
c7e22c1f,2713,2712,1790073122244.28,57.100028
c7e22c1f,2714,2713,1790073122268.578,24.29807
c7e22c1f,2715,2714,1790073122311.282,42.703813
c7e22c1f,2716,2715,1790073122351.119,39.836496
c7e22c1f,2717,2716,1790073122390.531,39.411787
c7e22c1f,2718,2717,1790073122431.479,40.948025
c7e22c1f,2719,2718,1790073122476.577,45.098671
c7e22c1f,2720,2719,1790073122514.803,38.225579
c7e22c1f,2721,2720,1790073122545.567,30.764629
c7e22c1f,2722,2721,1790073122603.058,57.490346
c7e22c1f,2723,2722,1790073122610.447,7.388817
c7e22c1f,2724,2723,1790073122612.354,1.907447
c7e22c1f,2725,2724,1790073122615.569,3.214635
c7e22c1f,2726,2725,1790073122678.012,62.44301
c7e22c1f,2727,2726,1790073122788.96,110.948515
c7e22c1f,2728,2727,1790073122835.19,46.229763
c7e22c1f,2729,2728,1790073122873.73,38.540319
c7e22c1f,2730,2729,1790073122911.434,37.703578
c7e22c1f,2731,2730,1790073122952.156,40.72166
c7e22c1f,2732,2731,1790073122981.255,29.099124
c7e22c1f,2733,2732,1790073123033.009,51.754571
c7e22c1f,2734,2733,1790073123065.402,32.392548
c7e22c1f,2735,2734,1790073123113.749,48.347441
c7e22c1f,2736,2735,1790073123143.618,29.869148
c7e22c1f,2737,2736,1790073123185.091,41.47222
c7e22c1f,2738,2737,1790073123241.386,56.295927
c7e22c1f,2739,2738,1790073123274.646,33.259578
c7e22c1f,2740,2739,1790073123313.281,38.635271
c7e22c1f,2741,2740,1790073123361.555,48.27335
c7e22c1f,2742,2741,1790073123390.381,28.825942
c7e22c1f,2743,2742,1790073123430.635,40.254587
c7e22c1f,2744,2743,1790073123462.365,31.729254
c7e22c1f,2745,2744,1790073123513.94,51.575761
c7e22c1f,2746,2745,1790073123543.82,29.879324
c7e22c1f,2747,2746,1790073123594.587,50.767369
c7e22c1f,2748,2747,1790073123624.097,29.509954
c7e22c1f,2749,2748,1790073123671.509,47.412452
c7e22c1f,2750,2749,1790073123705.455,33.946025
c7e22c1f,2751,2750,1790073123749.151,43.69571
c7e22c1f,2752,2751,1790073123791.819,42.668146
c7e22c1f,2753,2752,1790073123830.427,38.607562
c7e22c1f,2754,2753,1790073123870.864,40.436847
c7e22c1f,2755,2754,1790073123919.363,48.499746
c7e22c1f,2756,2755,1790073123950.274,30.91046
c7e22c1f,2757,2756,1790073123981.051,30.777021
c7e22c1f,2758,2757,1790073124031.351,50.300304
c7e22c1f,2759,2758,1790073124064.016,32.66538
c7e22c1f,2760,2759,1790073124113.539,49.522599
c7e22c1f,2761,2760,1790073124145.097,31.557564
c7e22c1f,2762,2761,1790073124205.453,60.356549
c7e22c1f,2763,2762,1790073124224.984,19.53085
c7e22c1f,2764,2763,1790073124265.39,40.405807
c7e22c1f,2765,2764,1790073124306.403,41.012732
c7e22c1f,2766,2765,1790073124351.728,45.325392
c7e22c1f,2767,2766,1790073124388.908,37.179975
c7e22c1f,2768,2767,1790073124429.358,40.449856
c7e22c1f,2769,2768,1790073124473.643,44.28561
c7e22c1f,2770,2769,1790073124516.101,42.457306
c7e22c1f,2771,2770,1790073124551.19,35.089023
c7e22c1f,2772,2771,1790073124603.026,51.836647
c7e22c1f,2773,2772,1790073124603.973,0.946857
c7e22c1f,2774,2773,1790073124605.126,1.152632
c7e22c1f,2775,2774,1790073124663.142,58.016095
c7e22c1f,2776,2775,1790073124788.261,125.11911
c7e22c1f,2777,2776,1790073124828.967,40.705526
c7e22c1f,2778,2777,1790073124870.154,41.187247
c7e22c1f,2779,2778,1790073124912.84,42.686461
c7e22c1f,2780,2779,1790073124953.713,40.873134
c7e22c1f,2781,2780,1790073124994.64,40.926382
c7e22c1f,2782,2781,1790073125032.413,37.773164
c7e22c1f,2783,2782,1790073125069.254,36.840981
c7e22c1f,2784,2783,1790073125116.05,46.795748
c7e22c1f,2785,2784,1790073125143.537,27.487386
c7e22c1f,2786,2785,1790073125193.669,50.131615
c7e22c1f,2787,2786,1790073125224.876,31.207578
c7e22c1f,2788,2787,1790073125265.043,40.166711
c7e22c1f,2789,2788,1790073125308.075,43.031918
c7e22c1f,2790,2789,1790073125350.707,42.631992
c7e22c1f,2791,2790,1790073125390.252,39.54554
c7e22c1f,2792,2791,1790073125443.158,52.905319
c7e22c1f,2793,2792,1790073125475.896,32.738031
c7e22c1f,2794,2793,1790073125511.494,35.59815
c7e22c1f,2795,2794,1790073125551.826,40.332048
c7e22c1f,2796,2795,1790073125590.781,38.954629
c7e22c1f,2797,2796,1790073125623.505,32.724643
c7e22c1f,2798,2797,1790073125674.429,50.923713
c7e22c1f,2799,2798,1790073125703.909,29.479649
c7e22c1f,2800,2799,1790073125746.792,42.883841
c7e22c1f,2801,2800,1790073125793.424,46.631651
c7e22c1f,2802,2801,1790073125832.664,39.239481
c7e22c1f,2803,2802,1790073125871.685,39.021538
c7e22c1f,2804,2803,1790073125919.871,48.185948
c7e22c1f,2805,2804,1790073125963.291,43.419911
c7e22c1f,2806,2805,1790073125990.853,27.562376
c7e22c1f,2807,2806,1790073126027.648,36.794721
c7e22c1f,2808,2807,1790073126076.949,49.301205
c7e22c1f,2809,2808,1790073126104.973,28.023584
c7e22c1f,2810,2809,1790073126146.458,41.485734
c7e22c1f,2811,2810,1790073126189.123,42.664177
c7e22c1f,2812,2811,1790073126228.564,39.441299
c7e22c1f,2813,2812,1790073126269.246,40.682101
c7e22c1f,2814,2813,1790073126310.123,40.876777
c7e22c1f,2815,2814,1790073126350.965,40.842258
c7e22c1f,2816,2815,1790073126391.442,40.476411
c7e22c1f,2817,2816,1790073126433.339,41.897761
c7e22c1f,2818,2817,1790073126472.582,39.2427
c7e22c1f,2819,2818,1790073126504.868,32.286235
c7e22c1f,2820,2819,1790073126554.632,49.763316
c7e22c1f,2821,2820,1790073126596.946,42.314157
c7e22c1f,2822,2821,1790073126598.965,2.018708
c7e22c1f,2823,2822,1790073126603.652,4.687259
c7e22c1f,2824,2823,1790073126677.658,74.006572
c7e22c1f,2825,2824,1790073126785.082,107.423213
c7e22c1f,2826,2825,1790073126838.184,53.102192
c7e22c1f,2827,2826,1790073126863.084,24.900352
c7e22c1f,2828,2827,1790073126904.613,41.529274
c7e22c1f,2829,2828,1790073126945.038,40.424798
c7e22c1f,2830,2829,1790073126993.115,48.076572
c7e22c1f,2831,2830,1790073127030.757,37.642392
c7e22c1f,2832,2831,1790073127071.336,40.579338
c7e22c1f,2833,2832,1790073127110.067,38.730991
c7e22c1f,2834,2833,1790073127151.683,41.61526
c7e22c1f,2835,2834,1790073127191.927,40.243963
c7e22c1f,2836,2835,1790073127225.018,33.091454
c7e22c1f,2837,2836,1790073127282.64,57.62164
c7e22c1f,2838,2837,1790073127315.341,32.701586
c7e22c1f,2839,2838,1790073127364.202,48.860569
c7e22c1f,2840,2839,1790073127395.167,30.964697
c7e22c1f,2841,2840,1790073127435.288,40.121144
c7e22c1f,2842,2841,1790073127489.343,54.054722
c7e22c1f,2843,2842,1790073127505.009,15.666742
c7e22c1f,2844,2843,1790073127549.101,44.09187
c7e22c1f,2845,2844,1790073127592.285,43.183471
c7e22c1f,2846,2845,1790073127631.108,38.823528
c7e22c1f,2847,2846,1790073127671.906,40.798239
c7e22c1f,2848,2847,1790073127713.264,41.357275
c7e22c1f,2849,2848,1790073127755.542,42.27793
c7e22c1f,2850,2849,1790073127800.523,44.981414
c7e22c1f,2851,2850,1790073127822.638,22.114648
c7e22c1f,2852,2851,1790073127877.236,54.597883
c7e22c1f,2853,2852,1790073127903.47,26.234706
c7e22c1f,2854,2853,1790073127954.142,50.671826
c7e22c1f,2855,2854,1790073127988.887,34.744894
c7e22c1f,2856,2855,1790073128027.972,39.084711
c7e22c1f,2857,2856,1790073128074.07,46.098125
c7e22c1f,2858,2857,1790073128108.253,34.18314
c7e22c1f,2859,2858,1790073128148.914,40.661156
c7e22c1f,2860,2859,1790073128194.301,45.387277
c7e22c1f,2861,2860,1790073128239.701,45.399766
c7e22c1f,2862,2861,1790073128273.768,34.066588
c7e22c1f,2863,2862,1790073128301.14,27.372755
c7e22c1f,2864,2863,1790073128352.596,51.455878
c7e22c1f,2865,2864,1790073128382.735,30.139068
c7e22c1f,2866,2865,1790073128433.227,50.491889
c7e22c1f,2867,2866,1790073128463.578,30.35058
c7e22c1f,2868,2867,1790073128511.609,48.031056
c7e22c1f,2869,2868,1790073128548.414,36.80534
c7e22c1f,2870,2869,1790073128600.811,52.397137
c7e22c1f,2871,2870,1790073128602.052,1.240745
c7e22c1f,2872,2871,1790073128604.375,2.322274
c7e22c1f,2873,2872,1790073128606.375,2.000934
c7e22c1f,2874,2873,1790073128663.615,57.239627
c7e22c1f,2875,2874,1790073128797.726,134.111026
c7e22c1f,2876,2875,1790073128823.777,26.050585
c7e22c1f,2877,2876,1790073128864.043,40.266882
c7e22c1f,2878,2877,1790073128906.189,42.146044
c7e22c1f,2879,2878,1790073128945.972,39.782998
c7e22c1f,2880,2879,1790073128989.879,43.906142
c7e22c1f,2881,2880,1790073129029.512,39.633294
c7e22c1f,2882,2881,1790073129071.715,42.20284
c7e22c1f,2883,2882,1790073129109.309,37.594387
c7e22c1f,2884,2883,1790073129153.323,44.014185
c7e22c1f,2885,2884,1790073129200.918,47.59434
c7e22c1f,2886,2885,1790073129223.686,22.768353
c7e22c1f,2887,2886,1790073129273.005,49.318975
c7e22c1f,2888,2887,1790073129302.349,29.344331
c7e22c1f,2889,2888,1790073129355.684,53.334622
c7e22c1f,2890,2889,1790073129383.729,28.045183
c7e22c1f,2891,2890,1790073129434.052,50.322271
c7e22c1f,2892,2891,1790073129464.083,30.032053
c7e22c1f,2893,2892,1790073129506.009,41.925048
c7e22c1f,2894,2893,1790073129548.657,42.648942
c7e22c1f,2895,2894,1790073129592.438,43.780739
c7e22c1f,2896,2895,1790073129630.345,37.907253
c7e22c1f,2897,2896,1790073129675.203,44.857055
c7e22c1f,2898,2897,1790073129711.36,36.157453
c7e22c1f,2899,2898,1790073129751.658,40.297711
c7e22c1f,2900,2899,1790073129782.498,30.8405
c7e22c1f,2901,2900,1790073129833.427,50.929304
c7e22c1f,2902,2901,1790073129864.326,30.898129
c7e22c1f,2903,2902,1790073129905.174,40.848577
c7e22c1f,2904,2903,1790073129948.301,43.126546
c7e22c1f,2905,2904,1790073129987.624,39.323577
c7e22c1f,2906,2905,1790073130028.61,40.985676
c7e22c1f,2907,2906,1790073130069.701,41.09145
c7e22c1f,2908,2907,1790073130109.737,40.035567
c7e22c1f,2909,2908,1790073130158.043,48.306534
c7e22c1f,2910,2909,1790073130190.995,32.95188
c7e22c1f,2911,2910,1790073130233.0,42.004215
c7e22c1f,2912,2911,1790073130271.986,38.986205
c7e22c1f,2913,2912,1790073130312.677,40.690768
c7e22c1f,2914,2913,1790073130342.319,29.642122
c7e22c1f,2915,2914,1790073130394.606,52.287047
c7e22c1f,2916,2915,1790073130425.229,30.622679
c7e22c1f,2917,2916,1790073130464.955,39.726892
c7e22c1f,2918,2917,1790073130513.353,48.397756
c7e22c1f,2919,2918,1790073130549.796,36.443113
c7e22c1f,2920,2919,1790073130597.585,47.788623
c7e22c1f,2921,2920,1790073130598.909,1.324563
c7e22c1f,2922,2921,1790073130600.465,1.555469
c7e22c1f,2923,2922,1790073130673.564,73.09877
c7e22c1f,2924,2923,1790073130782.521,108.957513
c7e22c1f,2925,2924,1790073130832.55,50.028616
c7e22c1f,2926,2925,1790073130868.426,35.875745
c7e22c1f,2927,2926,1790073130906.505,38.079334
c7e22c1f,2928,2927,1790073130953.941,47.435895
c7e22c1f,2929,2928,1790073131007.831,53.889973
c7e22c1f,2930,2929,1790073131034.28,26.448783
c7e22c1f,2931,2930,1790073131070.698,36.418401
c7e22c1f,2932,2931,1790073131120.86,50.161725
c7e22c1f,2933,2932,1790073131156.904,36.044115
c7e22c1f,2934,2933,1790073131188.961,32.057673
c7e22c1f,2935,2934,1790073131233.758,44.796762
c7e22c1f,2936,2935,1790073131263.842,30.083483
c7e22c1f,2937,2936,1790073131315.066,51.224702
c7e22c1f,2938,2937,1790073131346.84,31.773316
c7e22c1f,2939,2938,1790073131393.628,46.788007
c7e22c1f,2940,2939,1790073131428.876,35.248722
c7e22c1f,2941,2940,1790073131470.55,41.673026
c7e22c1f,2942,2941,1790073131510.439,39.889832
c7e22c1f,2943,2942,1790073131554.332,43.892776
c7e22c1f,2944,2943,1790073131595.617,41.285205
c7e22c1f,2945,2944,1790073131634.34,38.723081
c7e22c1f,2946,2945,1790073131674.677,40.337264
c7e22c1f,2947,2946,1790073131712.446,37.76787
c7e22c1f,2948,2947,1790073131750.381,37.935092
c7e22c1f,2949,2948,1790073131797.015,46.634431
c7e22c1f,2950,2949,1790073131824.347,27.332329
c7e22c1f,2951,2950,1790073131865.775,41.427762
c7e22c1f,2952,2951,1790073131905.425,39.649514
c7e22c1f,2953,2952,1790073131947.515,42.090864
c7e22c1f,2954,2953,1790073131990.407,42.89178
c7e22c1f,2955,2954,1790073132044.153,53.745484
c7e22c1f,2956,2955,1790073132072.151,27.998319
c7e22c1f,2957,2956,1790073132109.282,37.13139
c7e22c1f,2958,2957,1790073132159.674,50.391332
c7e22c1f,2959,2958,1790073132190.025,30.35144
c7e22c1f,2960,2959,1790073132237.185,47.159874
c7e22c1f,2961,2960,1790073132274.078,36.893382
c7e22c1f,2962,2961,1790073132303.449,29.370916
c7e22c1f,2963,2962,1790073132349.448,45.998231
c7e22c1f,2964,2963,1790073132388.739,39.291379
c7e22c1f,2965,2964,1790073132430.555,41.81652
c7e22c1f,2966,2965,1790073132473.604,43.048504
c7e22c1f,2967,2966,1790073132509.093,35.489146
c7e22c1f,2968,2967,1790073132550.041,40.947629
c7e22c1f,2969,2968,1790073132601.668,51.627578
c7e22c1f,2970,2969,1790073132603.668,1.999645
c7e22c1f,2971,2970,1790073132604.47,0.802312
c7e22c1f,2972,2971,1790073132665.48,61.010264
c7e22c1f,2973,2972,1790073132785.163,119.682098
c7e22c1f,2974,2973,1790073132830.196,45.033061
c7e22c1f,2975,2974,1790073132869.334,39.137968
c7e22c1f,2976,2975,1790073132910.838,41.504398
c7e22c1f,2977,2976,1790073132950.333,39.4949
c7e22c1f,2978,2977,1790073133006.705,56.372208
c7e22c1f,2979,2978,1790073133035.667,28.961457
c7e22c1f,2980,2979,1790073133062.857,27.190844
c7e22c1f,2981,2980,1790073133114.537,51.679883
c7e22c1f,2982,2981,1790073133143.197,28.659453
c7e22c1f,2983,2982,1790073133194.262,51.065509
c7e22c1f,2984,2983,1790073133234.763,40.500321
c7e22c1f,2985,2984,1790073133264.658,29.895684
c7e22c1f,2986,2985,1790073133307.6,42.942094
c7e22c1f,2987,2986,1790073133357.146,49.546137
c7e22c1f,2988,2987,1790073133390.139,32.992201
c7e22c1f,2989,2988,1790073133430.258,40.119443
c7e22c1f,2990,2989,1790073133477.113,46.854482
c7e22c1f,2991,2990,1790073133520.062,42.949811
c7e22c1f,2992,2991,1790073133553.279,33.216361
c7e22c1f,2993,2992,1790073133597.036,43.757204
c7e22c1f,2994,2993,1790073133622.277,25.240877
c7e22c1f,2995,2994,1790073133672.356,50.079514
c7e22c1f,2996,2995,1790073133703.944,31.58703
c7e22c1f,2997,2996,1790073133747.038,43.093981
c7e22c1f,2998,2997,1790073133789.962,42.924212
c7e22c1f,2999,2998,1790073133828.29,38.328127
c7e22c1f,3000,2999,1790073133870.313,42.02307
c7e22c1f,3001,3000,1790073133912.977,42.664303
c7e22c1f,3002,3001,1790073133950.033,37.055629
c7e22c1f,3003,3002,1790073133989.674,39.640714
c7e22c1f,3004,3003,1790073134038.826,49.152633
c7e22c1f,3005,3004,1790073134073.536,34.710011
c7e22c1f,3006,3005,1790073134104.69,31.153881
c7e22c1f,3007,3006,1790073134141.817,37.12657
c7e22c1f,3008,3007,1790073134195.393,53.576071
c7e22c1f,3009,3008,1790073134223.134,27.740858
c7e22c1f,3010,3009,1790073134265.65,42.516715
c7e22c1f,3011,3010,1790073134308.877,43.226443
c7e22c1f,3012,3011,1790073134347.194,38.31676
c7e22c1f,3013,3012,1790073134404.635,57.441512
c7e22c1f,3014,3013,1790073134433.029,28.393774
c7e22c1f,3015,3014,1790073134471.096,38.067284
c7e22c1f,3016,3015,1790073134510.698,39.602477
c7e22c1f,3017,3016,1790073134544.379,33.680665
c7e22c1f,3018,3017,1790073134602.639,58.259885
c7e22c1f,3019,3018,1790073134603.906,1.267512
c7e22c1f,3020,3019,1790073134606.59,2.683797
c7e22c1f,3021,3020,1790073134668.764,62.173431
c7e22c1f,3022,3021,1790073134790.111,121.347408
c7e22c1f,3023,3022,1790073134832.338,42.22673
c7e22c1f,3024,3023,1790073134875.788,43.450227
c7e22c1f,3025,3024,1790073134914.348,38.559585
c7e22c1f,3026,3025,1790073134966.643,52.295366
c7e22c1f,3027,3026,1790073134984.672,18.028919
c7e22c1f,3028,3027,1790073135038.631,53.958808
c7e22c1f,3029,3028,1790073135072.456,33.824871
c7e22c1f,3030,3029,1790073135113.0,40.543675
c7e22c1f,3031,3030,1790073135145.564,32.564626
c7e22c1f,3032,3031,1790073135194.272,48.708257
c7e22c1f,3033,3032,1790073135225.519,31.247079
c7e22c1f,3034,3033,1790073135268.303,42.783254
c7e22c1f,3035,3034,1790073135317.17,48.867464
c7e22c1f,3036,3035,1790073135349.536,32.366051
c7e22c1f,3037,3036,1790073135390.787,41.250734
c7e22c1f,3038,3037,1790073135429.714,38.926654
c7e22c1f,3039,3038,1790073135478.057,48.343435
c7e22c1f,3040,3039,1790073135512.345,34.288562
c7e22c1f,3041,3040,1790073135556.392,44.046549
c7e22c1f,3042,3041,1790073135599.886,43.49359
c7e22c1f,3043,3042,1790073135632.161,32.275077
c7e22c1f,3044,3043,1790073135663.124,30.963067
c7e22c1f,3045,3044,1790073135714.19,51.066354
c7e22c1f,3046,3045,1790073135745.76,31.569462
c7e22c1f,3047,3046,1790073135788.795,43.035402
c7e22c1f,3048,3047,1790073135826.572,37.777023
c7e22c1f,3049,3048,1790073135870.381,43.808928
c7e22c1f,3050,3049,1790073135910.129,39.748115
c7e22c1f,3051,3050,1790073135955.594,45.465352
c7e22c1f,3052,3051,1790073135994.709,39.114898
c7e22c1f,3053,3052,1790073136032.265,37.555841
c7e22c1f,3054,3053,1790073136073.027,40.761555
c7e22c1f,3055,3054,1790073136121.485,48.458126
c7e22c1f,3056,3055,1790073136153.495,32.010074
c7e22c1f,3057,3056,1790073136182.017,28.522435
c7e22c1f,3058,3057,1790073136244.295,62.277224
c7e22c1f,3059,3058,1790073136271.663,27.36845
c7e22c1f,3060,3059,1790073136307.484,35.820998
c7e22c1f,3061,3060,1790073136347.675,40.191081
c7e22c1f,3062,3061,1790073136388.308,40.632478
c7e22c1f,3063,3062,1790073136430.318,42.010213
c7e22c1f,3064,3063,1790073136471.415,41.096814
c7e22c1f,3065,3064,1790073136515.699,44.284504
c7e22c1f,3066,3065,1790073136565.749,50.049898
c7e22c1f,3067,3066,1790073136603.777,38.028261
c7e22c1f,3068,3067,1790073136605.576,1.799065
c7e22c1f,3069,3068,1790073136606.815,1.238235
c7e22c1f,3070,3069,1790073136608.541,1.726669
c7e22c1f,3071,3070,1790073136677.996,69.454504
c7e22c1f,3072,3071,1790073136785.573,107.577664
c7e22c1f,3073,3072,1790073136827.615,42.041936
c7e22c1f,3074,3073,1790073136868.212,40.596701
c7e22c1f,3075,3074,1790073136920.437,52.224422
c7e22c1f,3076,3075,1790073136950.981,30.544862
c7e22c1f,3077,3076,1790073136996.164,45.182614
c7e22c1f,3078,3077,1790073137032.313,36.14936
c7e22c1f,3079,3078,1790073137071.882,39.568583
c7e22c1f,3080,3079,1790073137105.351,33.46918
c7e22c1f,3081,3080,1790073137153.841,48.489784
c7e22c1f,3082,3081,1790073137184.678,30.837652
c7e22c1f,3083,3082,1790073137232.081,47.402227
c7e22c1f,3084,3083,1790073137262.626,30.545637
c7e22c1f,3085,3084,1790073137317.831,55.204816
c7e22c1f,3086,3085,1790073137350.263,32.431921
c7e22c1f,3087,3086,1790073137388.943,38.680042
c7e22c1f,3088,3087,1790073137427.636,38.692677
c7e22c1f,3089,3088,1790073137479.647,52.011254
c7e22c1f,3090,3089,1790073137513.497,33.849611
c7e22c1f,3091,3090,1790073137552.012,38.515314
c7e22c1f,3092,3091,1790073137613.035,61.022693
c7e22c1f,3093,3092,1790073137635.298,22.262776
c7e22c1f,3094,3093,1790073137663.188,27.89008
c7e22c1f,3095,3094,1790073137713.34,50.152788
c7e22c1f,3096,3095,1790073137743.974,30.634087
c7e22c1f,3097,3096,1790073137876.588,132.613366
c7e22c1f,3098,3097,1790073137882.683,6.095102
c7e22c1f,3099,3098,1790073137884.452,1.769552
c7e22c1f,3100,3099,1790073137911.901,27.448895
c7e22c1f,3101,3100,1790073137945.305,33.403862
c7e22c1f,3102,3101,1790073137993.282,47.97728
c7e22c1f,3103,3102,1790073138036.456,43.173288
c7e22c1f,3104,3103,1790073138073.294,36.838346
c7e22c1f,3105,3104,1790073138115.861,42.567233
c7e22c1f,3106,3105,1790073138164.146,48.284394
c7e22c1f,3107,3106,1790073138189.968,25.822186
c7e22c1f,3108,3107,1790073138234.554,44.585685
c7e22c1f,3109,3108,1790073138275.744,41.190697
c7e22c1f,3110,3109,1790073138302.174,26.429863
c7e22c1f,3111,3110,1790073138363.859,61.684625
c7e22c1f,3112,3111,1790073138383.074,19.215313
c7e22c1f,3113,3112,1790073138434.226,51.151357
c7e22c1f,3114,3113,1790073138473.286,39.060037
c7e22c1f,3115,3114,1790073138511.433,38.147179
c7e22c1f,3116,3115,1790073138548.769,37.336307
c7e22c1f,3117,3116,1790073138601.326,52.557052
c7e22c1f,3118,3117,1790073138603.162,1.835513
c7e22c1f,3119,3118,1790073138604.467,1.305137
c7e22c1f,3120,3119,1790073138606.969,2.501792
c7e22c1f,3121,3120,1790073138665.219,58.24991
c7e22c1f,3122,3121,1790073138785.122,119.9032
c7e22c1f,3123,3122,1790073138826.542,41.419951
c7e22c1f,3124,3123,1790073138866.425,39.883452
c7e22c1f,3125,3124,1790073138907.813,41.388431
c7e22c1f,3126,3125,1790073138948.199,40.385213
c7e22c1f,3127,3126,1790073138989.076,40.877809
c7e22c1f,3128,3127,1790073139028.759,39.68216
c7e22c1f,3129,3128,1790073139070.522,41.763055
c7e22c1f,3130,3129,1790073139110.562,40.040417
c7e22c1f,3131,3130,1790073139151.362,40.799699
c7e22c1f,3132,3131,1790073139192.404,41.041869
c7e22c1f,3133,3132,1790073139222.634,30.230602
c7e22c1f,3134,3133,1790073139284.082,61.447748
c7e22c1f,3135,3134,1790073139305.518,21.435725
c7e22c1f,3136,3135,1790073139355.539,50.021387
c7e22c1f,3137,3136,1790073139388.335,32.795476
c7e22c1f,3138,3137,1790073139429.073,40.738358
c7e22c1f,3139,3138,1790073139471.836,42.763256
c7e22c1f,3140,3139,1790073139513.128,41.292065
c7e22c1f,3141,3140,1790073139548.106,34.977651
c7e22c1f,3142,3141,1790073139590.258,42.151906
c7e22c1f,3143,3142,1790073139631.212,40.954061
c7e22c1f,3144,3143,1790073139677.141,45.929215
c7e22c1f,3145,3144,1790073139716.748,39.607165
c7e22c1f,3146,3145,1790073139754.628,37.880072
c7e22c1f,3147,3146,1790073139786.978,32.349407
c7e22c1f,3148,3147,1790073139834.083,47.104903
c7e22c1f,3149,3148,1790073139863.897,29.814643
c7e22c1f,3150,3149,1790073139924.953,61.056133
c7e22c1f,3151,3150,1790073139953.427,28.473614
c7e22c1f,3152,3151,1790073139988.635,35.207572
c7e22c1f,3153,3152,1790073140026.539,37.90461
c7e22c1f,3154,3153,1790073140069.065,42.526156
c7e22c1f,3155,3154,1790073140110.772,41.70621
c7e22c1f,3156,3155,1790073140151.231,40.4594
c7e22c1f,3157,3156,1790073140193.286,42.055254
c7e22c1f,3158,3157,1790073140226.427,33.140596
c7e22c1f,3159,3158,1790073140281.781,55.353758
c7e22c1f,3160,3159,1790073140311.452,29.67103
c7e22c1f,3161,3160,1790073140358.049,46.597228
c7e22c1f,3162,3161,1790073140387.156,29.107447
c7e22c1f,3163,3162,1790073140444.852,57.695852
c7e22c1f,3164,3163,1790073140469.431,24.578509
c7e22c1f,3165,3164,1790073140505.591,36.160098
c7e22c1f,3166,3165,1790073140548.013,42.422668
c7e22c1f,3167,3166,1790073140610.463,62.449972
c7e22c1f,3168,3167,1790073140612.407,1.943449
c7e22c1f,3169,3168,1790073140614.755,2.347922
c7e22c1f,3170,3169,1790073140619.458,4.703249
c7e22c1f,3171,3170,1790073140667.8,48.341951
c7e22c1f,3172,3171,1790073140790.266,122.466449
c7e22c1f,3173,3172,1790073140834.611,44.344192
c7e22c1f,3174,3173,1790073140870.569,35.958165
c7e22c1f,3175,3174,1790073140909.943,39.374274
c7e22c1f,3176,3175,1790073140949.55,39.606703
c7e22c1f,3177,3176,1790073140996.256,46.705966
c7e22c1f,3178,3177,1790073141030.733,34.477346
c7e22c1f,3179,3178,1790073141070.862,40.129141
c7e22c1f,3180,3179,1790073141125.009,54.146972
c7e22c1f,3181,3180,1790073141155.681,30.6722
c7e22c1f,3182,3181,1790073141191.517,35.835409
c7e22c1f,3183,3182,1790073141222.291,30.773696
c7e22c1f,3184,3183,1790073141281.843,59.552435
c7e22c1f,3185,3184,1790073141309.854,28.010772
c7e22c1f,3186,3185,1790073141352.756,42.902509
c7e22c1f,3187,3186,1790073141390.319,37.562652
c7e22c1f,3188,3187,1790073141435.737,45.418113
c7e22c1f,3189,3188,1790073141469.114,33.376577
c7e22c1f,3190,3189,1790073141514.239,45.125158
c7e22c1f,3191,3190,1790073141554.617,40.378796
c7e22c1f,3192,3191,1790073141589.777,35.159212
c7e22c1f,3193,3192,1790073141637.155,47.378065
c7e22c1f,3194,3193,1790073141678.907,41.752184
c7e22c1f,3195,3194,1790073141702.329,23.422047
c7e22c1f,3196,3195,1790073141755.589,53.260056
c7e22c1f,3197,3196,1790073141793.654,38.064874
c7e22c1f,3198,3197,1790073141848.913,55.258865
c7e22c1f,3199,3198,1790073141869.395,20.482487
c7e22c1f,3200,3199,1790073141912.323,42.92792
c7e22c1f,3201,3200,1790073141951.29,38.966678
c7e22c1f,3202,3201,1790073142007.898,56.608116
c7e22c1f,3203,3202,1790073142035.646,27.747899
c7e22c1f,3204,3203,1790073142077.397,41.751
c7e22c1f,3205,3204,1790073142117.418,40.020755
c7e22c1f,3206,3205,1790073142148.911,31.493645
c7e22c1f,3207,3206,1790073142192.81,43.898191
c7e22c1f,3208,3207,1790073142234.622,41.812172
c7e22c1f,3209,3208,1790073142280.89,46.26865
c7e22c1f,3210,3209,1790073142312.109,31.218351
c7e22c1f,3211,3210,1790073142345.315,33.206322
c7e22c1f,3212,3211,1790073142390.463,45.148284
c7e22c1f,3213,3212,1790073142429.264,38.80107
c7e22c1f,3214,3213,1790073142469.647,40.382477
c7e22c1f,3215,3214,1790073142515.486,45.839384
c7e22c1f,3216,3215,1790073142550.894,35.407234
c7e22c1f,3217,3216,1790073142612.252,61.358454
c7e22c1f,3218,3217,1790073142613.903,1.650906
c7e22c1f,3219,3218,1790073142614.944,1.041555
c7e22c1f,3220,3219,1790073142616.201,1.256869
c7e22c1f,3221,3220,1790073142663.552,47.351227
c7e22c1f,3222,3221,1790073142795.435,131.882035
c7e22c1f,3223,3222,1790073142837.58,42.145904
c7e22c1f,3224,3223,1790073142870.763,33.182777
c7e22c1f,3225,3224,1790073142909.367,38.603541
c7e22c1f,3226,3225,1790073142949.157,39.789966
c7e22c1f,3227,3226,1790073142999.491,50.333919
c7e22c1f,3228,3227,1790073143034.68,35.189764
c7e22c1f,3229,3228,1790073143069.913,35.232808
c7e22c1f,3230,3229,1790073143121.197,51.283244
c7e22c1f,3231,3230,1790073143154.469,33.272786
c7e22c1f,3232,3231,1790073143196.345,41.875582
c7e22c1f,3233,3232,1790073143231.02,34.674976
c7e22c1f,3234,3233,1790073143273.097,42.077442
c7e22c1f,3235,3234,1790073143308.233,35.135956
c7e22c1f,3236,3235,1790073143346.049,37.816215
c7e22c1f,3237,3236,1790073143393.712,47.663067
c7e22c1f,3238,3237,1790073143442.096,48.3836
c7e22c1f,3239,3238,1790073143477.951,35.854586
c7e22c1f,3240,3239,1790073143515.25,37.299011
c7e22c1f,3241,3240,1790073143542.732,27.482047
c7e22c1f,3242,3241,1790073143600.611,57.879611
c7e22c1f,3243,3242,1790073143626.733,26.121857
c7e22c1f,3244,3243,1790073143674.243,47.509518
c7e22c1f,3245,3244,1790073143709.296,35.053665
c7e22c1f,3246,3245,1790073143748.026,38.729426
c7e22c1f,3247,3246,1790073143805.129,57.1029
c7e22c1f,3248,3247,1790073143827.649,22.52052
c7e22c1f,3249,3248,1790073143874.13,46.480469
c7e22c1f,3250,3249,1790073143907.955,33.825582
c7e22c1f,3251,3250,1790073143948.736,40.780543
c7e22c1f,3252,3251,1790073143999.782,51.046399
c7e22c1f,3253,3252,1790073144030.173,30.391243
c7e22c1f,3254,3253,1790073144070.725,40.551579
c7e22c1f,3255,3254,1790073144117.429,46.703713
c7e22c1f,3256,3255,1790073144160.43,43.00148
c7e22c1f,3257,3256,1790073144182.074,21.643618
c7e22c1f,3258,3257,1790073144235.2,53.126336
c7e22c1f,3259,3258,1790073144263.844,28.643823
c7e22c1f,3260,3259,1790073144314.633,50.789099
c7e22c1f,3261,3260,1790073144344.861,30.227789
c7e22c1f,3262,3261,1790073144408.225,63.364144
c7e22c1f,3263,3262,1790073144430.599,22.373537
c7e22c1f,3264,3263,1790073144468.761,38.162583
c7e22c1f,3265,3264,1790073144512.427,43.666338
c7e22c1f,3266,3265,1790073144550.26,37.832373
c7e22c1f,3267,3266,1790073144602.644,52.384528
c7e22c1f,3268,3267,1790073144604.064,1.419704
c7e22c1f,3269,3268,1790073144607.613,3.54926
c7e22c1f,3270,3269,1790073144676.153,68.53965
c7e22c1f,3271,3270,1790073144788.701,112.54765
c7e22c1f,3272,3271,1790073144831.315,42.614484
c7e22c1f,3273,3272,1790073144879.013,47.698307
c7e22c1f,3274,3273,1790073144909.446,30.432358
c7e22c1f,3275,3274,1790073144951.665,42.219528
c7e22c1f,3276,3275,1790073144990.255,38.589317
c7e22c1f,3277,3276,1790073145035.151,44.896502
c7e22c1f,3278,3277,1790073145072.365,37.213863
c7e22c1f,3279,3278,1790073145104.312,31.947299
c7e22c1f,3280,3279,1790073145152.525,48.21277
c7e22c1f,3281,3280,1790073145182.765,30.239814
c7e22c1f,3282,3281,1790073145233.127,50.362344
c7e22c1f,3283,3282,1790073145264.721,31.593936
c7e22c1f,3284,3283,1790073145313.55,48.828487
c7e22c1f,3285,3284,1790073145343.904,30.353923
c7e22c1f,3286,3285,1790073145385.752,41.848177
c7e22c1f,3287,3286,1790073145430.01,44.258796
c7e22c1f,3288,3287,1790073145465.463,35.452612
c7e22c1f,3289,3288,1790073145527.243,61.780088
c7e22c1f,3290,3289,1790073145553.033,25.789556
c7e22c1f,3291,3290,1790073145599.349,46.316388
c7e22c1f,3292,3291,1790073145631.395,32.045479
c7e22c1f,3293,3292,1790073145676.347,44.952531
c7e22c1f,3294,3293,1790073145717.417,41.069561
c7e22c1f,3295,3294,1790073145745.141,27.724173
c7e22c1f,3296,3295,1790073145799.349,54.207647
c7e22c1f,3297,3296,1790073145823.427,24.078529
c7e22c1f,3298,3297,1790073145869.431,46.004163
c7e22c1f,3299,3298,1790073145911.215,41.783282
c7e22c1f,3300,3299,1790073145954.248,43.033574
c7e22c1f,3301,3300,1790073145988.462,34.213921
c7e22c1f,3302,3301,1790073146041.343,52.88132
c7e22c1f,3303,3302,1790073146085.375,44.031582
c7e22c1f,3304,3303,1790073146127.551,42.175867
c7e22c1f,3305,3304,1790073146157.325,29.774337
c7e22c1f,3306,3305,1790073146193.427,36.101961
c7e22c1f,3307,3306,1790073146226.552,33.124666
c7e22c1f,3308,3307,1790073146274.678,48.126787
c7e22c1f,3309,3308,1790073146306.156,31.477081
c7e22c1f,3310,3309,1790073146354.449,48.292962
c7e22c1f,3311,3310,1790073146384.04,29.590975
c7e22c1f,3312,3311,1790073146423.324,39.284717
c7e22c1f,3313,3312,1790073146474.733,51.409142
c7e22c1f,3314,3313,1790073146520.172,45.438506
c7e22c1f,3315,3314,1790073146550.574,30.402159
c7e22c1f,3316,3315,1790073146601.406,50.832216
c7e22c1f,3317,3316,1790073146603.424,2.017359
c7e22c1f,3318,3317,1790073146604.583,1.159345
c7e22c1f,3319,3318,1790073146673.043,68.460308
c7e22c1f,3320,3319,1790073146783.958,110.914654
c7e22c1f,3321,3320,1790073146824.598,40.63997
c7e22c1f,3322,3321,1790073146866.146,41.548037
c7e22c1f,3323,3322,1790073146915.314,49.167984
c7e22c1f,3324,3323,1790073146948.023,32.709058
c7e22c1f,3325,3324,1790073146993.995,45.972364
c7e22c1f,3326,3325,1790073147029.775,35.779461
c7e22c1f,3327,3326,1790073147070.711,40.936422
c7e22c1f,3328,3327,1790073147112.358,41.646904
c7e22c1f,3329,3328,1790073147151.085,38.72674
c7e22c1f,3330,3329,1790073147195.586,44.501077
c7e22c1f,3331,3330,1790073147236.386,40.800023
c7e22c1f,3332,3331,1790073147277.785,41.398606
c7e22c1f,3333,3332,1790073147305.263,27.478609
c7e22c1f,3334,3333,1790073147346.525,41.261625
c7e22c1f,3335,3334,1790073147385.656,39.131257
c7e22c1f,3336,3335,1790073147428.403,42.747102
c7e22c1f,3337,3336,1790073147473.432,45.02833
c7e22c1f,3338,3337,1790073147516.562,43.130303
c7e22c1f,3339,3338,1790073147550.998,34.43611
c7e22c1f,3340,3339,1790073147581.446,30.448242
c7e22c1f,3341,3340,1790073147621.454,40.007311
c7e22c1f,3342,3341,1790073147672.074,50.620288
c7e22c1f,3343,3342,1790073147703.4,31.326061
c7e22c1f,3344,3343,1790073147754.863,51.462613
c7e22c1f,3345,3344,1790073147794.856,39.993437
c7e22c1f,3346,3345,1790073147825.184,30.32776
c7e22c1f,3347,3346,1790073147868.055,42.871693
c7e22c1f,3348,3347,1790073147923.031,54.975224
c7e22c1f,3349,3348,1790073147948.824,25.793636
c7e22c1f,3350,3349,1790073147991.781,42.956359
c7e22c1f,3351,3350,1790073148035.685,43.904454
c7e22c1f,3352,3351,1790073148074.191,38.50619
c7e22c1f,3353,3352,1790073148106.381,32.189503
c7e22c1f,3354,3353,1790073148152.019,45.637749
c7e22c1f,3355,3354,1790073148183.078,31.05979
c7e22c1f,3356,3355,1790073148233.195,50.116648
c7e22c1f,3357,3356,1790073148266.981,33.786393
c7e22c1f,3358,3357,1790073148304.279,37.297405
c7e22c1f,3359,3358,1790073148347.435,43.156573
c7e22c1f,3360,3359,1790073148388.744,41.308261
c7e22c1f,3361,3360,1790073148430.303,41.559774
c7e22c1f,3362,3361,1790073148470.359,40.055349
c7e22c1f,3363,3362,1790073148511.765,41.406397
c7e22c1f,3364,3363,1790073148541.716,29.950779
c7e22c1f,3365,3364,1790073148602.57,60.854042
c7e22c1f,3366,3365,1790073148606.187,3.61717
c7e22c1f,3367,3366,1790073148607.142,0.95533
c7e22c1f,3368,3367,1790073148668.499,61.356154
c7e22c1f,3369,3368,1790073148788.048,119.549033
c7e22c1f,3370,3369,1790073148829.775,41.72728
c7e22c1f,3371,3370,1790073148870.434,40.659278
c7e22c1f,3372,3371,1790073148910.916,40.481959
c7e22c1f,3373,3372,1790073148952.342,41.426005
c7e22c1f,3374,3373,1790073148993.874,41.531835
c7e22c1f,3375,3374,1790073149040.066,46.191854
c7e22c1f,3376,3375,1790073149072.617,32.551003
c7e22c1f,3377,3376,1790073149109.407,36.790729
c7e22c1f,3378,3377,1790073149153.907,44.499556
c7e22c1f,3379,3378,1790073149182.782,28.874556
c7e22c1f,3380,3379,1790073149235.208,52.426012
c7e22c1f,3381,3380,1790073149272.529,37.320871
c7e22c1f,3382,3381,1790073149306.458,33.929727
c7e22c1f,3383,3382,1790073149352.005,45.547024
c7e22c1f,3384,3383,1790073149395.612,43.606436
c7e22c1f,3385,3384,1790073149432.0,36.388332
c7e22c1f,3386,3385,1790073149476.938,44.937623
c7e22c1f,3387,3386,1790073149520.734,43.795978
c7e22c1f,3388,3387,1790073149551.557,30.823353
c7e22c1f,3389,3388,1790073149591.506,39.948704
c7e22c1f,3390,3389,1790073149634.878,43.37229
c7e22c1f,3391,3390,1790073149670.469,35.591288
c7e22c1f,3392,3391,1790073149714.03,43.561057
c7e22c1f,3393,3392,1790073149747.374,33.343531
c7e22c1f,3394,3393,1790073149801.367,53.993097
c7e22c1f,3395,3394,1790073149835.554,34.187426
c7e22c1f,3396,3395,1790073149865.04,29.485865
c7e22c1f,3397,3396,1790073149912.369,47.328932
c7e22c1f,3398,3397,1790073149948.095,35.725538
c7e22c1f,3399,3398,1790073149988.599,40.503868
c7e22c1f,3400,3399,1790073150038.935,50.336667
c7e22c1f,3401,3400,1790073150071.206,32.270453
c7e22c1f,3402,3401,1790073150111.187,39.981361
c7e22c1f,3403,3402,1790073150153.725,42.53751
c7e22c1f,3404,3403,1790073150190.191,36.466568
c7e22c1f,3405,3404,1790073150237.461,47.270216
c7e22c1f,3406,3405,1790073150284.06,46.598509
c7e22c1f,3407,3406,1790073150301.724,17.66436
c7e22c1f,3408,3407,1790073150356.939,55.214658
c7e22c1f,3409,3408,1790073150382.012,25.072995
c7e22c1f,3410,3409,1790073150435.024,53.011873
c7e22c1f,3411,3410,1790073150462.952,27.928596
c7e22c1f,3412,3411,1790073150506.437,43.484754
c7e22c1f,3413,3412,1790073150547.785,41.347872
c7e22c1f,3414,3413,1790073150603.135,55.350012
c7e22c1f,3415,3414,1790073150604.299,1.163478
c7e22c1f,3416,3415,1790073150606.22,1.921135
c7e22c1f,3417,3416,1790073150608.081,1.861506
c7e22c1f,3418,3417,1790073150672.748,64.666876
c7e22c1f,3419,3418,1790073150799.316,126.568258
c7e22c1f,3420,3419,1790073150827.273,27.956675
c7e22c1f,3421,3420,1790073150870.623,43.350128
c7e22c1f,3422,3421,1790073150908.299,37.676354
c7e22c1f,3423,3422,1790073150948.435,40.135084
c7e22c1f,3424,3423,1790073150989.054,40.619251
c7e22c1f,3425,3424,1790073151032.654,43.600059
c7e22c1f,3426,3425,1790073151077.213,44.558842
c7e22c1f,3427,3426,1790073151117.871,40.65879
c7e22c1f,3428,3427,1790073151155.024,37.152254
c7e22c1f,3429,3428,1790073151196.631,41.607009
c7e22c1f,3430,3429,1790073151256.553,59.922526
c7e22c1f,3431,3430,1790073151262.987,6.433883
c7e22c1f,3432,3431,1790073151315.298,52.31049
c7e22c1f,3433,3432,1790073151344.712,29.414859
c7e22c1f,3434,3433,1790073151397.441,52.728993
c7e22c1f,3435,3434,1790073151430.498,33.056794
c7e22c1f,3436,3435,1790073151464.141,33.642967
c7e22c1f,3437,3436,1790073151510.405,46.263419
c7e22c1f,3438,3437,1790073151548.29,37.885242
c7e22c1f,3439,3438,1790073151588.071,39.780972
c7e22c1f,3440,3439,1790073151640.602,52.531447
c7e22c1f,3441,3440,1790073151669.283,28.68072
c7e22c1f,3442,3441,1790073151715.877,46.594349
c7e22c1f,3443,3442,1790073151754.525,38.647713
c7e22c1f,3444,3443,1790073151799.126,44.600733
c7e22c1f,3445,3444,1790073151832.756,33.630173
c7e22c1f,3446,3445,1790073151879.897,47.141324
c7e22c1f,3447,3446,1790073151903.621,23.723972
c7e22c1f,3448,3447,1790073151961.327,57.706205
c7e22c1f,3449,3448,1790073151985.654,24.326249
c7e22c1f,3450,3449,1790073152050.846,65.191878
c7e22c1f,3451,3450,1790073152063.676,12.830429
c7e22c1f,3452,3451,1790073152115.638,51.961904
c7e22c1f,3453,3452,1790073152147.045,31.406632
c7e22c1f,3454,3453,1790073152189.111,42.066207
c7e22c1f,3455,3454,1790073152235.394,46.283282
c7e22c1f,3456,3455,1790073152270.401,35.007144
c7e22c1f,3457,3456,1790073152310.564,40.162699
c7e22c1f,3458,3457,1790073152351.012,40.44831
c7e22c1f,3459,3458,1790073152391.562,40.550214
c7e22c1f,3460,3459,1790073152430.614,39.051887
c7e22c1f,3461,3460,1790073152462.675,32.060785
c7e22c1f,3462,3461,1790073152521.692,59.016901
c7e22c1f,3463,3462,1790073152549.535,27.843342
c7e22c1f,3464,3463,1790073152600.363,50.827244
c7e22c1f,3465,3464,1790073152602.409,2.046041
c7e22c1f,3466,3465,1790073152603.648,1.239188
c7e22c1f,3467,3466,1790073152604.598,0.950113
c7e22c1f,3468,3467,1790073152664.173,59.574718
c7e22c1f,3469,3468,1790073152790.996,126.823135
c7e22c1f,3470,3469,1790073152829.033,38.037596
c7e22c1f,3471,3470,1790073152876.143,47.109692
c7e22c1f,3472,3471,1790073152911.627,35.483905
c7e22c1f,3473,3472,1790073152952.486,40.858493
c7e22c1f,3474,3473,1790073152989.522,37.037086
c7e22c1f,3475,3474,1790073153031.178,41.655572
c7e22c1f,3476,3475,1790073153073.071,41.892759
c7e22c1f,3477,3476,1790073153104.37,31.298796
c7e22c1f,3478,3477,1790073153151.63,47.259905
c7e22c1f,3479,3478,1790073153185.664,34.034092
c7e22c1f,3480,3479,1790073153233.157,47.493104
c7e22c1f,3481,3480,1790073153271.97,38.812931
c7e22c1f,3482,3481,1790073153311.341,39.371203
c7e22c1f,3483,3482,1790073153347.877,36.535672
c7e22c1f,3484,3483,1790073153398.179,50.302157
c7e22c1f,3485,3484,1790073153432.562,34.382913
c7e22c1f,3486,3485,1790073153472.107,39.545731
c7e22c1f,3487,3486,1790073153515.934,43.826079
c7e22c1f,3488,3487,1790073153540.74,24.80659
c7e22c1f,3489,3488,1790073153594.883,54.143147
c7e22c1f,3490,3489,1790073153622.903,28.019272
c7e22c1f,3491,3490,1790073153673.122,50.219346
c7e22c1f,3492,3491,1790073153708.947,35.824795
c7e22c1f,3493,3492,1790073153748.469,39.522554
c7e22c1f,3494,3493,1790073153796.835,48.366028
c7e22c1f,3495,3494,1790073153828.472,31.637003
c7e22c1f,3496,3495,1790073153869.369,40.896686
c7e22c1f,3497,3496,1790073153910.725,41.355661
c7e22c1f,3498,3497,1790073153954.402,43.677197
c7e22c1f,3499,3498,1790073153991.983,37.581244
c7e22c1f,3500,3499,1790073154025.863,33.880103
c7e22c1f,3501,3500,1790073154083.189,57.325918
c7e22c1f,3502,3501,1790073154113.425,30.235522
c7e22c1f,3503,3502,1790073154155.322,41.897533
c7e22c1f,3504,3503,1790073154182.58,27.257922
c7e22c1f,3505,3504,1790073154238.615,56.034387
c7e22c1f,3506,3505,1790073154263.795,25.180769
c7e22c1f,3507,3506,1790073154306.936,43.140925
c7e22c1f,3508,3507,1790073154347.832,40.896002
c7e22c1f,3509,3508,1790073154388.471,40.639417
c7e22c1f,3510,3509,1790073154433.24,44.76888
c7e22c1f,3511,3510,1790073154461.385,28.144435
c7e22c1f,3512,3511,1790073154512.6,51.215071
c7e22c1f,3513,3512,1790073154544.767,32.167151
c7e22c1f,3514,3513,1790073154601.609,56.841842
c7e22c1f,3515,3514,1790073154604.138,2.529291
c7e22c1f,3516,3515,1790073154610.423,6.284596
c7e22c1f,3517,3516,1790073154670.966,60.543608
c7e22c1f,3518,3517,1790073154788.828,117.861295
c7e22c1f,3519,3518,1790073154835.744,46.916779
c7e22c1f,3520,3519,1790073154876.164,40.419872
c7e22c1f,3521,3520,1790073154908.307,32.142657
c7e22c1f,3522,3521,1790073154953.312,45.005106
c7e22c1f,3523,3522,1790073154985.246,31.934186
c7e22c1f,3524,3523,1790073155032.493,47.246864
c7e22c1f,3525,3524,1790073155063.74,31.246977
c7e22c1f,3526,3525,1790073155116.875,53.135186
c7e22c1f,3527,3526,1790073155145.885,29.009372
c7e22c1f,3528,3527,1790073155184.19,38.3053
c7e22c1f,3529,3528,1790073155224.904,40.714026
c7e22c1f,3530,3529,1790073155267.583,42.679169
c7e22c1f,3531,3530,1790073155317.724,50.140907
c7e22c1f,3532,3531,1790073155349.688,31.963488
c7e22c1f,3533,3532,1790073155389.36,39.671952
c7e22c1f,3534,3533,1790073155444.76,55.400561
c7e22c1f,3535,3534,1790073155471.279,26.51921
c7e22c1f,3536,3535,1790073155511.978,40.698834
c7e22c1f,3537,3536,1790073155552.606,40.628089
c7e22c1f,3538,3537,1790073155592.605,39.998592
c7e22c1f,3539,3538,1790073155623.394,30.78892
c7e22c1f,3540,3539,1790073155672.377,48.982887
c7e22c1f,3541,3540,1790073155721.505,49.128485
c7e22c1f,3542,3541,1790073155746.413,24.907977
c7e22c1f,3543,3542,1790073155795.564,49.15126
c7e22c1f,3544,3543,1790073155827.109,31.54496
c7e22c1f,3545,3544,1790073155871.018,43.909098
c7e22c1f,3546,3545,1790073155909.253,38.234818
c7e22c1f,3547,3546,1790073155956.672,47.418701
c7e22c1f,3548,3547,1790073155990.624,33.95201
c7e22c1f,3549,3548,1790073156033.96,43.336192
c7e22c1f,3550,3549,1790073156094.927,60.967037
c7e22c1f,3551,3550,1790073156101.823,6.896256
c7e22c1f,3552,3551,1790073156156.14,54.316576
c7e22c1f,3553,3552,1790073156181.475,25.335355
c7e22c1f,3554,3553,1790073156255.298,73.822209
c7e22c1f,3555,3554,1790073156264.079,8.781007
c7e22c1f,3556,3555,1790073156305.051,40.972266
c7e22c1f,3557,3556,1790073156351.02,45.969222
c7e22c1f,3558,3557,1790073156394.54,43.519805
c7e22c1f,3559,3558,1790073156429.048,34.508364
c7e22c1f,3560,3559,1790073156474.242,45.193591
c7e22c1f,3561,3560,1790073156511.265,37.02321
c7e22c1f,3562,3561,1790073156543.35,32.084663
c7e22c1f,3563,3562,1790073156604.376,61.026351
c7e22c1f,3564,3563,1790073156608.973,4.597073
c7e22c1f,3565,3564,1790073156610.016,1.042577
c7e22c1f,3566,3565,1790073156667.115,57.099926
c7e22c1f,3567,3566,1790073156790.667,123.551465
c7e22c1f,3568,3567,1790073156840.392,49.724454
c7e22c1f,3569,3568,1790073156873.287,32.895895
c7e22c1f,3570,3569,1790073156914.441,41.153514
c7e22c1f,3571,3570,1790073156952.51,38.068921
c7e22c1f,3572,3571,1790073156986.18,33.670431
c7e22c1f,3573,3572,1790073157034.968,48.788077
c7e22c1f,3574,3573,1790073157064.255,29.286948
c7e22c1f,3575,3574,1790073157114.943,50.687978
c7e22c1f,3576,3575,1790073157143.555,28.612077
c7e22c1f,3577,3576,1790073157194.382,50.82622
c7e22c1f,3578,3577,1790073157224.344,29.96213
c7e22c1f,3579,3578,1790073157268.487,44.143052
c7e22c1f,3580,3579,1790073157305.748,37.261213
c7e22c1f,3581,3580,1790073157350.999,45.251036
c7e22c1f,3582,3581,1790073157390.313,39.314163
c7e22c1f,3583,3582,1790073157442.186,51.872559
c7e22c1f,3584,3583,1790073157470.591,28.405067
c7e22c1f,3585,3584,1790073157534.829,64.237959
c7e22c1f,3586,3585,1790073157546.912,12.083524
c7e22c1f,3587,3586,1790073157593.944,47.031757
c7e22c1f,3588,3587,1790073157632.986,39.04167
c7e22c1f,3589,3588,1790073157673.359,40.373089
c7e22c1f,3590,3589,1790073157704.837,31.477803
c7e22c1f,3591,3590,1790073157749.309,44.472234
c7e22c1f,3592,3591,1790073157796.754,47.445571
c7e22c1f,3593,3592,1790073157829.542,32.787095
c7e22c1f,3594,3593,1790073157870.323,40.781944
c7e22c1f,3595,3594,1790073157915.51,45.18604
c7e22c1f,3596,3595,1790073157964.5,48.990689
c7e22c1f,3597,3596,1790073157999.473,34.972396
c7e22c1f,3598,3597,1790073158022.004,22.530996
c7e22c1f,3599,3598,1790073158070.261,48.257805
c7e22c1f,3600,3599,1790073158106.38,36.11902
c7e22c1f,3601,3600,1790073158144.36,37.979181
c7e22c1f,3602,3601,1790073158185.05,40.69044
c7e22c1f,3603,3602,1790073158229.411,44.36081
c7e22c1f,3604,3603,1790073158268.963,39.551932
c7e22c1f,3605,3604,1790073158311.656,42.692748
c7e22c1f,3606,3605,1790073158352.559,40.903901
c7e22c1f,3607,3606,1790073158391.293,38.733569
c7e22c1f,3608,3607,1790073158432.192,40.899025
c7e22c1f,3609,3608,1790073158462.9,30.707745
c7e22c1f,3610,3609,1790073158519.717,56.816764
c7e22c1f,3611,3610,1790073158550.531,30.814975
c7e22c1f,3612,3611,1790073158602.045,51.513693
c7e22c1f,3613,3612,1790073158604.548,2.502361
c7e22c1f,3614,3613,1790073158606.284,1.736387
c7e22c1f,3615,3614,1790073158674.917,68.632988
c7e22c1f,3616,3615,1790073158785.072,110.154873
c7e22c1f,3617,3616,1790073158824.708,39.636376
c7e22c1f,3618,3617,1790073158870.117,45.408608
c7e22c1f,3619,3618,1790073158908.857,38.74017
c7e22c1f,3620,3619,1790073158956.789,47.932226
c7e22c1f,3621,3620,1790073158991.714,34.924962
c7e22c1f,3622,3621,1790073159033.836,42.121598
c7e22c1f,3623,3622,1790073159073.501,39.665582
c7e22c1f,3624,3623,1790073159114.224,40.722775
c7e22c1f,3625,3624,1790073159154.247,40.022536
c7e22c1f,3626,3625,1790073159183.882,29.635429
c7e22c1f,3627,3626,1790073159241.911,58.028669
c7e22c1f,3628,3627,1790073159288.794,46.883265
c7e22c1f,3629,3628,1790073159320.319,31.524931
c7e22c1f,3630,3629,1790073159348.27,27.95093
c7e22c1f,3631,3630,1790073159387.415,39.144912
c7e22c1f,3632,3631,1790073159429.552,42.137403
c7e22c1f,3633,3632,1790073159470.285,40.732702
c7e22c1f,3634,3633,1790073159511.548,41.263298
c7e22c1f,3635,3634,1790073159557.77,46.222083
c7e22c1f,3636,3635,1790073159589.727,31.95678
c7e22c1f,3637,3636,1790073159621.131,31.404032
c7e22c1f,3638,3637,1790073159673.653,52.52185
c7e22c1f,3639,3638,1790073159703.914,30.261211
c7e22c1f,3640,3639,1790073159758.728,54.813641
c7e22c1f,3641,3640,1790073159790.948,32.22022
c7e22c1f,3642,3641,1790073159840.454,49.506461
c7e22c1f,3643,3642,1790073159864.505,24.050563
c7e22c1f,3644,3643,1790073159907.404,42.899012
c7e22c1f,3645,3644,1790073159956.935,49.531351
b1269e28,220,219,1790073024805.595,38.112101
b1269e28,221,220,1790073024844.244,38.649363
b1269e28,222,221,1790073024930.272,86.027381
b1269e28,223,222,1790073024970.053,39.781134
b1269e28,224,223,1790073025011.668,41.615209
b1269e28,225,224,1790073025043.516,31.84796
b1269e28,226,225,1790073025122.718,79.2013
b1269e28,227,226,1790073025168.907,46.189257
b1269e28,228,227,1790073025207.771,38.864359
b1269e28,229,228,1790073025247.453,39.681741
b1269e28,230,229,1790073025330.219,82.765898
b1269e28,231,230,1790073025359.359,29.139929
b1269e28,232,231,1790073025415.516,56.157679
b1269e28,233,232,1790073025448.028,32.511273
b1269e28,234,233,1790073025532.361,84.333817
b1269e28,235,234,1790073025566.699,34.337727
b1269e28,236,235,1790073025605.395,38.69617
b1269e28,237,236,1790073025642.579,37.183857
b1269e28,238,237,1790073025756.372,113.793012
b1269e28,239,238,1790073025819.543,63.170663
b1269e28,240,239,1790073025827.565,8.02191
b1269e28,241,240,1790073025851.477,23.912071
b1269e28,242,241,1790073025919.552,68.075624
b1269e28,243,242,1790073025969.188,49.635417
b1269e28,244,243,1790073026010.04,40.852089
b1269e28,245,244,1790073026043.668,33.628253
b1269e28,246,245,1790073026127.828,84.160197
b1269e28,247,246,1790073026160.331,32.502255
b1269e28,248,247,1790073026208.963,48.631879
b1269e28,249,248,1790073026243.615,34.652302
b1269e28,250,249,1790073026339.186,95.570723
b1269e28,251,250,1790073026364.349,25.163615
b1269e28,252,251,1790073026404.062,39.712848
b1269e28,253,252,1790073026438.745,34.683249
b1269e28,254,253,1790073026540.821,102.07593
b1269e28,255,254,1790073026567.853,27.032142
b1269e28,256,255,1790073026603.65,35.797025
b1269e28,257,256,1790073026644.241,40.590361
b1269e28,258,257,1790073026722.392,78.1515
b1269e28,259,258,1790073026768.739,46.346529
b1269e28,260,259,1790073026802.292,33.553701
b1269e28,261,260,1790073026839.127,36.834363
b1269e28,262,261,1790073026920.269,81.141916
b1269e28,263,262,1790073026981.55,61.280769
b1269e28,264,263,1790073027002.461,20.911324
b1269e28,265,264,1790073027048.848,46.387072
b1269e28,266,265,1790073027124.126,75.277734
b1269e28,267,266,1790073027162.227,38.101236
b1269e28,268,267,1790073027212.915,50.687843
b1269e28,269,268,1790073027247.541,34.6261
b1269e28,270,269,1790073027325.398,77.857477
b1269e28,271,270,1790073027361.348,35.949934
b1269e28,272,271,1790073027419.507,58.159022
b1269e28,273,272,1790073027450.156,30.64897
b1269e28,274,273,1790073027527.198,77.041194
b1269e28,275,274,1790073027568.222,41.024396
b1269e28,276,275,1790073027608.783,40.561691
b1269e28,277,276,1790073027642.851,34.067109
b1269e28,278,277,1790073027796.908,154.0575
b1269e28,279,278,1790073027798.557,1.648925
b1269e28,280,279,1790073027820.024,21.466677
b1269e28,281,280,1790073027836.431,16.407286
b1269e28,282,281,1790073027917.206,80.774835
b1269e28,283,282,1790073027963.451,46.245068
b1269e28,284,283,1790073027997.127,33.676551
b1269e28,285,284,1790073028037.442,40.314447
b1269e28,286,285,1790073028132.295,94.853247
b1269e28,287,286,1790073028162.824,30.529367
b1269e28,288,287,1790073028196.164,33.33965
b1269e28,289,288,1790073028234.502,38.338153
b1269e28,290,289,1790073028316.942,82.440046
b1269e28,291,290,1790073028368.672,51.729527
b1269e28,292,291,1790073028395.979,27.307596
b1269e28,293,292,1790073028443.857,47.877417
b1269e28,294,293,1790073028525.025,81.167985
b1269e28,295,294,1790073028567.709,42.683872
b1269e28,296,295,1790073028600.72,33.011022
b1269e28,297,296,1790073028646.281,45.561105
b1269e28,298,297,1790073028722.328,76.047286
b1269e28,299,298,1790073028764.481,42.153309
b1269e28,300,299,1790073028805.038,40.55688
b1269e28,301,300,1790073028850.642,45.603337
b1269e28,302,301,1790073028917.672,67.029995
b1269e28,303,302,1790073028970.926,53.254051
b1269e28,304,303,1790073029007.955,37.028905
b1269e28,305,304,1790073029041.25,33.295838
b1269e28,306,305,1790073029117.157,75.906981
b1269e28,307,306,1790073029165.576,48.418447
b1269e28,308,307,1790073029199.027,33.451414
b1269e28,309,308,1790073029240.593,41.565991
b1269e28,310,309,1790073029324.625,84.032239
b1269e28,311,310,1790073029362.828,38.202431
b1269e28,312,311,1790073029396.737,33.908989
b1269e28,313,312,1790073029436.753,40.015952
b1269e28,314,313,1790073029514.456,77.70301
b1269e28,315,314,1790073029571.573,57.117466
b1269e28,316,315,1790073029600.364,28.79088
b1269e28,317,316,1790073029649.064,48.69958
b1269e28,318,317,1790073029744.142,95.078144
b1269e28,319,318,1790073029775.076,30.933752
b1269e28,320,319,1790073029803.354,28.278049
b1269e28,321,320,1790073029849.373,46.0193
b1269e28,322,321,1790073029927.585,78.212042
b1269e28,323,322,1790073029975.6,48.014846
b1269e28,324,323,1790073030010.578,34.977815
b1269e28,325,324,1790073030039.265,28.686767
b1269e28,326,325,1790073030133.619,94.354248
b1269e28,327,326,1790073030169.652,36.033246
b1269e28,328,327,1790073030204.344,34.691952
b1269e28,329,328,1790073030243.092,38.747469
b1269e28,330,329,1790073030330.176,87.084545
b1269e28,331,330,1790073030397.831,67.654614
b1269e28,332,331,1790073030400.273,2.442718
b1269e28,333,332,1790073030448.349,48.075489
b1269e28,334,333,1790073030522.343,73.993569
b1269e28,335,334,1790073030563.589,41.247025
b1269e28,336,335,1790073030612.988,49.398902
b1269e28,337,336,1790073030639.057,26.06903
b1269e28,338,337,1790073030720.018,80.960608
b1269e28,339,338,1790073030755.269,35.251061
b1269e28,340,339,1790073030798.544,43.275401
b1269e28,341,340,1790073030836.548,38.003435
b1269e28,342,341,1790073030917.776,81.227992
b1269e28,343,342,1790073030961.037,43.260923
b1269e28,344,343,1790073031001.089,40.05239
b1269e28,345,344,1790073031047.773,46.684165
b1269e28,346,345,1790073031122.461,74.687777
b1269e28,347,346,1790073031159.217,36.756156
b1269e28,348,347,1790073031198.254,39.036424
b1269e28,349,348,1790073031239.427,41.173249
b1269e28,350,349,1790073031334.089,94.662164
b1269e28,351,350,1790073031355.304,21.215013
b1269e28,352,351,1790073031398.897,43.593033
b1269e28,353,352,1790073031442.566,43.668785
b1269e28,354,353,1790073031540.067,97.501084
b1269e28,355,354,1790073031556.206,16.139289
b1269e28,356,355,1790073031609.401,53.194478
b1269e28,357,356,1790073031644.797,35.396506
b1269e28,358,357,1790073031788.354,143.557199
b1269e28,359,358,1790073031814.856,26.50181
b1269e28,360,359,1790073031820.306,5.449434
b1269e28,361,360,1790073031836.774,16.468129
b1269e28,362,361,1790073031914.056,77.282168
b1269e28,363,362,1790073031960.072,46.015591
b1269e28,364,363,1790073031995.063,34.99111
b1269e28,365,364,1790073032039.48,44.417319
b1269e28,366,365,1790073032136.065,96.585105
b1269e28,367,366,1790073032168.291,32.225265
b1269e28,368,367,1790073032195.885,27.594784
b1269e28,369,368,1790073032255.208,59.322522
b1269e28,370,369,1790073032322.514,67.306739
b1269e28,371,370,1790073032362.236,39.721916
b1269e28,372,371,1790073032395.466,33.229803
b1269e28,373,372,1790073032438.081,42.61437
b1269e28,374,373,1790073032518.299,80.218494
b1269e28,375,374,1790073032571.885,53.585977
b1269e28,376,375,1790073032602.762,30.876696
b1269e28,377,376,1790073032652.396,49.634072
b1269e28,378,377,1790073032730.456,78.060347
b1269e28,379,378,1790073032773.632,43.175848
b1269e28,380,379,1790073032819.789,46.156546
b1269e28,381,380,1790073032841.586,21.797477
b1269e28,382,381,1790073032920.661,79.074935
b1269e28,383,382,1790073032964.468,43.806506
b1269e28,384,383,1790073033009.338,44.870188
b1269e28,385,384,1790073033039.385,30.047829
b1269e28,386,385,1790073033127.907,88.522
b1269e28,387,386,1790073033160.546,32.638852
b1269e28,388,387,1790073033213.652,53.105498
b1269e28,389,388,1790073033243.203,29.551275
b1269e28,390,389,1790073033327.456,84.252543
b1269e28,391,390,1790073033365.195,37.73953
b1269e28,392,391,1790073033405.559,40.363495
b1269e28,393,392,1790073033443.781,38.222334
b1269e28,394,393,1790073033522.619,78.838125
b1269e28,395,394,1790073033566.357,43.738002
b1269e28,396,395,1790073033606.306,39.949241
b1269e28,397,396,1790073033647.213,40.906688
b1269e28,398,397,1790073033767.216,120.002977
b1269e28,399,398,1790073033798.715,31.499105
b1269e28,400,399,1790073033809.975,11.259903
b1269e28,401,400,1790073033861.438,51.463225
b1269e28,402,401,1790073033919.076,57.63757
b1269e28,403,402,1790073033975.93,56.85433
b1269e28,404,403,1790073034002.164,26.233956
b1269e28,405,404,1790073034041.089,38.924611
b1269e28,406,405,1790073034127.37,86.281386
b1269e28,407,406,1790073034164.762,37.392388
b1269e28,408,407,1790073034210.106,45.343392
b1269e28,409,408,1790073034254.575,44.469235
b1269e28,410,409,1790073034326.034,71.458583
b1269e28,411,410,1790073034362.598,36.564263
b1269e28,412,411,1790073034400.494,37.896314
b1269e28,413,412,1790073034450.859,50.364839
b1269e28,414,413,1790073034528.019,77.159392
b1269e28,415,414,1790073034569.307,41.288617
b1269e28,416,415,1790073034609.999,40.692092
b1269e28,417,416,1790073034646.288,36.289123
b1269e28,418,417,1790073034731.801,85.512282
b1269e28,419,418,1790073034759.445,27.644225
b1269e28,420,419,1790073034807.335,47.890557
b1269e28,421,420,1790073034843.362,36.026248
b1269e28,422,421,1790073034932.184,88.82264
b1269e28,423,422,1790073034978.837,46.653123
b1269e28,424,423,1790073035005.33,26.492133
b1269e28,425,424,1790073035049.111,43.780924
b1269e28,426,425,1790073035125.803,76.692696
b1269e28,427,426,1790073035173.733,47.929326
b1269e28,428,427,1790073035211.01,37.277096
b1269e28,429,428,1790073035244.286,33.276173
b1269e28,430,429,1790073035328.134,83.848094
b1269e28,431,430,1790073035358.8,30.665753
b1269e28,432,431,1790073035409.658,50.858197
b1269e28,433,432,1790073035450.331,40.672687
b1269e28,434,433,1790073035528.82,78.489465
b1269e28,435,434,1790073035562.427,33.60656
b1269e28,436,435,1790073035607.27,44.84325
b1269e28,437,436,1790073035644.042,36.772526
b1269e28,438,437,1790073035754.9,110.857317
b1269e28,439,438,1790073035793.251,38.351572
b1269e28,440,439,1790073035816.726,23.474505
b1269e28,441,440,1790073035848.348,31.622155
b1269e28,442,441,1790073035923.088,74.73996
b1269e28,443,442,1790073035967.291,44.20349
b1269e28,444,443,1790073036002.322,35.030375
b1269e28,445,444,1790073036044.778,42.456603
b1269e28,446,445,1790073036129.973,85.194806
b1269e28,447,446,1790073036160.104,30.130941
b1269e28,448,447,1790073036221.347,61.243156
b1269e28,449,448,1790073036249.906,28.559063
b1269e28,450,449,1790073036327.771,77.864435
b1269e28,451,450,1790073036375.702,47.931059
b1269e28,452,451,1790073036402.793,27.090996
b1269e28,453,452,1790073036447.121,44.327791
b1269e28,454,453,1790073036522.953,75.832778
b1269e28,455,454,1790073036569.257,46.30339
b1269e28,456,455,1790073036614.656,45.39897
b1269e28,457,456,1790073036643.038,28.382716
b1269e28,458,457,1790073036724.288,81.249318
b1269e28,459,458,1790073036764.878,40.590479
b1269e28,460,459,1790073036805.614,40.735957
b1269e28,461,460,1790073036851.989,46.374711
b1269e28,462,461,1790073036921.142,69.152809
b1269e28,463,462,1790073036971.252,50.11036
b1269e28,464,463,1790073037008.581,37.328698
b1269e28,465,464,1790073037049.089,40.508371
b1269e28,466,465,1790073037124.206,75.117206
b1269e28,467,466,1790073037160.388,36.181465
b1269e28,468,467,1790073037204.45,44.062107
b1269e28,469,468,1790073037301.125,96.675603
b1269e28,470,469,1790073037335.259,34.13385
b1269e28,471,470,1790073037370.784,35.524243
b1269e28,472,471,1790073037403.481,32.697206
b1269e28,473,472,1790073037441.615,38.1338
b1269e28,474,473,1790073037522.514,80.899466
b1269e28,475,474,1790073037567.305,44.791268
b1269e28,476,475,1790073037607.879,40.573575
b1269e28,477,476,1790073037646.571,38.691785
b1269e28,478,477,1790073037822.979,176.408244
b1269e28,479,478,1790073037824.742,1.762785
b1269e28,480,479,1790073037827.612,2.870143
b1269e28,481,480,1790073037851.121,23.509452
b1269e28,482,481,1790073037918.449,67.327464
b1269e28,483,482,1790073037965.648,47.199115
b1269e28,484,483,1790073038010.769,45.121012
b1269e28,485,484,1790073038039.448,28.679026
b1269e28,486,485,1790073038128.388,88.940078
b1269e28,487,486,1790073038173.098,44.709944
b1269e28,488,487,1790073038206.826,33.727795
b1269e28,489,488,1790073038248.469,41.643674
b1269e28,490,489,1790073038330.108,81.638973
b1269e28,491,490,1790073038374.932,44.823739
b1269e28,492,491,1790073038411.348,36.415539
b1269e28,493,492,1790073038458.953,47.605478
b1269e28,494,493,1790073038525.506,66.553029
b1269e28,495,494,1790073038561.394,35.887472
b1269e28,496,495,1790073038601.031,39.63789
b1269e28,497,496,1790073038648.539,47.507115
b1269e28,498,497,1790073038721.19,72.650941
b1269e28,499,498,1790073038760.458,39.268733
b1269e28,500,499,1790073038802.368,41.910087
b1269e28,501,500,1790073038839.474,37.105701
b1269e28,502,501,1790073038933.621,94.14718
b1269e28,503,502,1790073038962.199,28.577684
b1269e28,504,503,1790073039012.633,50.434116
b1269e28,505,504,1790073039039.75,27.1172
b1269e28,506,505,1790073039128.864,89.113622
b1269e28,507,506,1790073039171.024,42.160369
b1269e28,508,507,1790073039212.562,41.537432
b1269e28,509,508,1790073039249.273,36.71103
b1269e28,510,509,1790073039324.403,75.130538
b1269e28,511,510,1790073039368.281,43.877498
b1269e28,512,511,1790073039404.113,35.832534
b1269e28,513,512,1790073039456.819,52.705593
b1269e28,514,513,1790073039529.114,72.294773
b1269e28,515,514,1790073039558.508,29.394439
b1269e28,516,515,1790073039612.023,53.515287
b1269e28,517,516,1790073039639.516,27.492223
b1269e28,518,517,1790073039799.932,160.416447
b1269e28,519,518,1790073039801.941,2.008714
b1269e28,520,519,1790073039815.221,13.280635
b1269e28,521,520,1790073039861.49,46.268794
b1269e28,522,521,1790073039928.592,67.101739
b1269e28,523,522,1790073039965.425,36.833051
b1269e28,524,523,1790073040011.518,46.092632
b1269e28,525,524,1790073040043.904,32.386026
b1269e28,526,525,1790073040118.24,74.336615
b1269e28,527,526,1790073040163.947,45.706553
b1269e28,528,527,1790073040215.619,51.671832
b1269e28,529,528,1790073040255.574,39.955196
b1269e28,530,529,1790073040319.851,64.276677
b1269e28,531,530,1790073040369.029,49.178472
b1269e28,532,531,1790073040400.014,30.985253
b1269e28,533,532,1790073040450.062,50.047134
b1269e28,534,533,1790073040526.212,76.151072
b1269e28,535,534,1790073040559.664,33.451119
b1269e28,536,535,1790073040604.253,44.589269
b1269e28,537,536,1790073040639.447,35.194487
b1269e28,538,537,1790073040730.423,90.976059
b1269e28,539,538,1790073040761.934,31.510118
b1269e28,540,539,1790073040822.342,60.408188
b1269e28,541,540,1790073040844.248,21.906155
b1269e28,542,541,1790073040923.374,79.126492
b1269e28,543,542,1790073040966.746,43.371695
b1269e28,544,543,1790073041008.631,41.885172
b1269e28,545,544,1790073041044.701,36.069711
b1269e28,546,545,1790073041120.258,75.55653
b1269e28,547,546,1790073041167.087,46.82935
b1269e28,548,547,1790073041209.339,42.252068
b1269e28,549,548,1790073041247.983,38.643993
b1269e28,550,549,1790073041330.516,82.532782
b1269e28,551,550,1790073041371.419,40.903693
b1269e28,552,551,1790073041416.49,45.071096
b1269e28,553,552,1790073041451.21,34.719906
b1269e28,554,553,1790073041522.607,71.397109
b1269e28,555,554,1790073041558.868,36.260153
b1269e28,556,555,1790073041609.789,50.921109
b1269e28,557,556,1790073041646.855,37.066462
b1269e28,558,557,1790073041781.208,134.352273
b1269e28,559,558,1790073041810.211,29.003716
b1269e28,560,559,1790073041813.048,2.836783
b1269e28,561,560,1790073041841.916,28.867744
b1269e28,562,561,1790073041922.952,81.036645
b1269e28,563,562,1790073041970.115,47.162003
b1269e28,564,563,1790073042001.993,31.878915
b1269e28,565,564,1790073042041.213,39.219426
b1269e28,566,565,1790073042120.758,79.54553
b1269e28,567,566,1790073042166.676,45.91776
b1269e28,568,567,1790073042201.115,34.438944
b1269e28,569,568,1790073042244.24,43.124686
b1269e28,570,569,1790073042330.143,85.902893
b1269e28,571,570,1790073042375.668,45.525642
b1269e28,572,571,1790073042403.596,27.927761
b1269e28,573,572,1790073042440.535,36.938934
b1269e28,574,573,1790073042525.604,85.069444
b1269e28,575,574,1790073042561.829,36.225004
b1269e28,576,575,1790073042608.228,46.398364
b1269e28,577,576,1790073042657.626,49.398775
b1269e28,578,577,1790073042718.956,61.329095
b1269e28,579,578,1790073042767.164,48.208313
b1269e28,580,579,1790073042808.417,41.252864
b1269e28,581,580,1790073042899.403,90.985968
b1269e28,582,581,1790073042931.303,31.900754
b1269e28,583,582,1790073042962.073,30.76983
b1269e28,584,583,1790073043007.876,45.802436
b1269e28,585,584,1790073043063.508,55.632436
b1269e28,586,585,1790073043128.757,65.249012
b1269e28,587,586,1790073043160.595,31.837672
b1269e28,588,587,1790073043210.432,49.836745
b1269e28,589,588,1790073043249.297,38.864972
b1269e28,590,589,1790073043331.649,82.352463
b1269e28,591,590,1790073043360.271,28.621996
b1269e28,592,591,1790073043405.094,44.823158
b1269e28,593,592,1790073043442.423,37.328991
b1269e28,594,593,1790073043520.115,77.692103
b1269e28,595,594,1790073043577.159,57.044016
b1269e28,596,595,1790073043613.731,36.571868
b1269e28,597,596,1790073043648.01,34.27883
b1269e28,598,597,1790073043763.986,115.976065
b1269e28,599,598,1790073043799.797,35.810695
b1269e28,600,599,1790073043813.526,13.729185
b1269e28,601,600,1790073043861.687,48.161132
b1269e28,602,601,1790073043919.884,58.196812
b1269e28,603,602,1790073043964.584,44.700542
b1269e28,604,603,1790073044003.773,39.188738
b1269e28,605,604,1790073044045.943,42.169443
b1269e28,606,605,1790073044125.068,79.124948
b1269e28,607,606,1790073044165.479,40.411706
b1269e28,608,607,1790073044210.216,44.736289
b1269e28,609,608,1790073044241.156,30.940436
b1269e28,610,609,1790073044329.428,88.271761
b1269e28,611,610,1790073044366.603,37.174845
b1269e28,612,611,1790073044417.963,51.360839
b1269e28,613,612,1790073044442.648,24.684806
b1269e28,614,613,1790073044524.53,81.881589
b1269e28,615,614,1790073044563.813,39.28362
b1269e28,616,615,1790073044601.986,38.172562
b1269e28,617,616,1790073044649.582,47.595652
b1269e28,618,617,1790073044729.464,79.882452
b1269e28,619,618,1790073044768.632,39.167504
b1269e28,620,619,1790073044810.201,41.56973
b1269e28,621,620,1790073044848.532,38.330466
b1269e28,622,621,1790073044933.351,84.818697
b1269e28,623,622,1790073044972.769,39.418271
b1269e28,624,623,1790073045001.822,29.052932
b1269e28,625,624,1790073045040.625,38.803154
b1269e28,626,625,1790073045121.856,81.231104
b1269e28,627,626,1790073045160.146,38.290219
b1269e28,628,627,1790073045222.251,62.105387
b1269e28,629,628,1790073045252.184,29.932214
b1269e28,630,629,1790073045321.691,69.507708
b1269e28,631,630,1790073045371.571,49.879856
b1269e28,632,631,1790073045407.993,36.422009
b1269e28,633,632,1790073045440.186,32.1928
b1269e28,634,633,1790073045525.785,85.599087
b1269e28,635,634,1790073045570.405,44.619891
b1269e28,636,635,1790073045602.767,32.36162
b1269e28,637,636,1790073045649.342,46.575424
b1269e28,638,637,1790073045763.974,114.631403
b1269e28,639,638,1790073045795.798,31.824542
b1269e28,640,639,1790073045813.336,17.538354
b1269e28,641,640,1790073045844.388,31.051652
b1269e28,642,641,1790073045936.181,91.792606
b1269e28,643,642,1790073045978.372,42.191368
b1269e28,644,643,1790073046007.014,28.641598
b1269e28,645,644,1790073046045.283,38.269077
b1269e28,646,645,1790073046124.343,79.060348
b1269e28,647,646,1790073046166.535,42.192095
b1269e28,648,647,1790073046203.14,36.604751
b1269e28,649,648,1790073046252.584,49.444354
b1269e28,650,649,1790073046319.135,66.550141
b1269e28,651,650,1790073046371.507,52.372261
b1269e28,652,651,1790073046400.009,28.502438
b1269e28,653,652,1790073046448.582,48.57299
b1269e28,654,653,1790073046531.184,82.601437
b1269e28,655,654,1790073046561.091,29.90777
b1269e28,656,655,1790073046609.2,48.108544
b1269e28,657,656,1790073046646.137,36.937665
b1269e28,658,657,1790073046733.05,86.912727
b1269e28,659,658,1790073046754.72,21.669611
b1269e28,660,659,1790073046797.391,42.670969
b1269e28,661,660,1790073046851.406,54.014921
b1269e28,662,661,1790073046918.888,67.48185
b1269e28,663,662,1790073046965.938,47.050476
b1269e28,664,663,1790073046994.379,28.440705
b1269e28,665,664,1790073047041.182,46.803486
b1269e28,666,665,1790073047115.954,74.771926
b1269e28,667,666,1790073047157.989,42.034481
b1269e28,668,667,1790073047197.728,39.739182
b1269e28,669,668,1790073047246.365,48.63764
b1269e28,670,669,1790073047330.703,84.337069
b1269e28,671,670,1790073047363.157,32.454254
b1269e28,672,671,1790073047408.334,45.177136
b1269e28,673,672,1790073047436.776,28.442238
b1269e28,674,673,1790073047518.73,81.95416
b1269e28,675,674,1790073047563.127,44.397025
b1269e28,676,675,1790073047607.791,44.663554
b1269e28,677,676,1790073047652.517,44.725965
b1269e28,678,677,1790073047755.019,102.501898
b1269e28,679,678,1790073047786.593,31.573739
b1269e28,680,679,1790073047800.941,14.348592
b1269e28,681,680,1790073047838.702,37.761091
b1269e28,682,681,1790073047918.32,79.617534
b1269e28,683,682,1790073047971.043,52.723362
b1269e28,684,683,1790073047993.506,22.46237
b1269e28,685,684,1790073048034.11,40.604246
b1269e28,686,685,1790073048135.737,101.627588
b1269e28,687,686,1790073048156.093,20.355983
b1269e28,688,687,1790073048206.642,50.548641
b1269e28,689,688,1790073048247.392,40.749967
b1269e28,690,689,1790073048334.017,86.624903
b1269e28,691,690,1790073048371.979,37.961903
b1269e28,692,691,1790073048403.907,31.928081
b1269e28,693,692,1790073048439.835,35.928157
b1269e28,694,693,1790073048519.861,80.026082
b1269e28,695,694,1790073048568.377,48.51592
b1269e28,696,695,1790073048596.678,28.300909
b1269e28,697,696,1790073048639.318,42.639733
b1269e28,698,697,1790073048733.93,94.612725
b1269e28,699,698,1790073048762.132,28.201135
b1269e28,700,699,1790073048809.778,47.646153
b1269e28,701,700,1790073048838.642,28.864466
b1269e28,702,701,1790073048917.542,78.899768
b1269e28,703,702,1790073048968.038,50.496555
b1269e28,704,703,1790073049012.833,44.794201
b1269e28,705,704,1790073049035.287,22.454552
b1269e28,706,705,1790073049117.122,81.834967
b1269e28,707,706,1790073049165.282,48.159595
b1269e28,708,707,1790073049203.34,38.057897
b1269e28,709,708,1790073049237.326,33.986074
b1269e28,710,709,1790073049325.587,88.260992
b1269e28,711,710,1790073049365.905,40.317718
b1269e28,712,711,1790073049402.273,36.368894
b1269e28,713,712,1790073049445.439,43.166047
b1269e28,714,713,1790073049518.137,72.697829
b1269e28,715,714,1790073049562.521,44.38336
b1269e28,716,715,1790073049600.078,37.556955
b1269e28,717,716,1790073049639.632,39.55459
b1269e28,718,717,1790073049744.54,104.908018
b1269e28,719,718,1790073049773.448,28.907888
b1269e28,720,719,1790073049799.712,26.264118
b1269e28,721,720,1790073049851.155,51.442299
b1269e28,722,721,1790073049934.833,83.678656
b1269e28,723,722,1790073049976.733,41.900151
b1269e28,724,723,1790073050005.299,28.56603
b1269e28,725,724,1790073050050.679,45.37981
b1269e28,726,725,1790073050120.562,69.882998
b1269e28,727,726,1790073050161.446,40.884103
b1269e28,728,727,1790073050211.732,50.285638
b1269e28,729,728,1790073050240.263,28.530884
b1269e28,730,729,1790073050334.648,94.385457
b1269e28,731,730,1790073050373.316,38.66756
b1269e28,732,731,1790073050406.856,33.540719
b1269e28,733,732,1790073050449.437,42.580017
b1269e28,734,733,1790073050526.31,76.873184
b1269e28,735,734,1790073050560.379,34.069401
b1269e28,736,735,1790073050607.038,46.658655
b1269e28,737,736,1790073050648.852,41.814065
b1269e28,738,737,1790073050722.066,73.213925
b1269e28,739,738,1790073050763.735,41.668974
b1269e28,740,739,1790073050812.133,48.398391
b1269e28,741,740,1790073050854.714,42.580566
b1269e28,742,741,1790073050925.256,70.542661
b1269e28,743,742,1790073050970.107,44.850934
b1269e28,744,743,1790073051010.413,40.305818
b1269e28,745,744,1790073051041.197,30.783512
b1269e28,746,745,1790073051129.918,88.721436
b1269e28,747,746,1790073051163.033,33.114738
b1269e28,748,747,1790073051210.565,47.53277
b1269e28,749,748,1790073051240.011,29.446107
b1269e28,750,749,1790073051347.451,107.439356
b1269e28,751,750,1790073051365.267,17.816263
b1269e28,752,751,1790073051406.437,41.169997
b1269e28,753,752,1790073051438.964,32.527215
b1269e28,754,753,1790073051527.763,88.798938
b1269e28,755,754,1790073051568.147,40.384105
b1269e28,756,755,1790073051601.08,32.932013
b1269e28,757,756,1790073051651.508,50.428748
b1269e28,758,757,1790073051752.577,101.068428
b1269e28,759,758,1790073051790.245,37.668491
b1269e28,760,759,1790073051811.856,21.610712
b1269e28,761,760,1790073051856.192,44.336557
b1269e28,762,761,1790073051921.87,65.677512
b1269e28,763,762,1790073051961.096,39.22627
b1269e28,764,763,1790073052019.789,58.692407
b1269e28,765,764,1790073052048.533,28.744694
b1269e28,766,765,1790073052130.249,81.715296
b1269e28,767,766,1790073052161.528,31.279354
b1269e28,768,767,1790073052212.579,51.051268
b1269e28,769,768,1790073052244.882,32.302739
b1269e28,770,769,1790073052325.583,80.701391
b1269e28,771,770,1790073052359.243,33.659974
b1269e28,772,771,1790073052422.721,63.477812
b1269e28,773,772,1790073052448.988,26.266705
b1269e28,774,773,1790073052524.675,75.687134
b1269e28,775,774,1790073052566.75,42.074548
b1269e28,776,775,1790073052610.356,43.60631
b1269e28,777,776,1790073052649.249,38.893401
b1269e28,778,777,1790073052730.246,80.99677
b1269e28,779,778,1790073052775.312,45.066105
b1269e28,780,779,1790073052814.233,38.921083
b1269e28,781,780,1790073052846.94,32.706513
b1269e28,782,781,1790073052928.912,81.972577
b1269e28,783,782,1790073052971.172,42.260105
b1269e28,784,783,1790073053004.964,33.791912
b1269e28,785,784,1790073053045.462,40.497723
b1269e28,786,785,1790073053133.633,88.171066
b1269e28,787,786,1790073053167.904,34.271308
b1269e28,788,787,1790073053216.558,48.653297
b1269e28,789,788,1790073053240.882,24.324594
b1269e28,790,789,1790073053331.887,91.004324
b1269e28,791,790,1790073053365.878,33.991905
b1269e28,792,791,1790073053404.046,38.16754
b1269e28,793,792,1790073053437.994,33.947512
b1269e28,794,793,1790073053518.655,80.661467
b1269e28,795,794,1790073053565.638,46.983253
b1269e28,796,795,1790073053603.434,37.795692
b1269e28,797,796,1790073053639.831,36.397213
b1269e28,798,797,1790073053819.1,179.268807
b1269e28,799,798,1790073053821.187,2.087112
b1269e28,800,799,1790073053822.612,1.425043
b1269e28,801,800,1790073053848.953,26.340962
b1269e28,802,801,1790073053927.89,78.936612
b1269e28,803,802,1790073053960.22,32.330152
b1269e28,804,803,1790073054005.281,45.061265
b1269e28,805,804,1790073054044.6,39.318653
b1269e28,806,805,1790073054127.729,83.129182
b1269e28,807,806,1790073054159.233,31.504507
b1269e28,808,807,1790073054209.745,50.511217
b1269e28,809,808,1790073054250.473,40.728511
b1269e28,810,809,1790073054320.866,70.392583
b1269e28,811,810,1790073054364.848,43.982451
b1269e28,812,811,1790073054410.853,46.004397
b1269e28,813,812,1790073054443.958,33.104815
b1269e28,814,813,1790073054662.196,218.238603
b1269e28,815,814,1790073054681.566,19.370353
b1269e28,816,815,1790073054690.259,8.692105
b1269e28,817,816,1790073054698.484,8.225949
b1269e28,818,817,1790073054726.835,28.350924
b1269e28,819,818,1790073054762.885,36.04967
b1269e28,820,819,1790073054806.625,43.740245
b1269e28,821,820,1790073054853.68,47.054498
b1269e28,822,821,1790073054924.257,70.577209
b1269e28,823,822,1790073054968.316,44.059006
b1269e28,824,823,1790073055010.207,41.890519
b1269e28,825,824,1790073055042.472,32.265904
b1269e28,826,825,1790073055129.292,86.820066
b1269e28,827,826,1790073055167.701,38.4083
b1269e28,828,827,1790073055203.976,36.275302
b1269e28,829,828,1790073055248.949,44.973069
b1269e28,830,829,1790073055328.08,79.130915
b1269e28,831,830,1790073055368.084,40.004315
b1269e28,832,831,1790073055402.817,34.732932
b1269e28,833,832,1790073055454.227,51.409558
b1269e28,834,833,1790073055522.447,68.220238
b1269e28,835,834,1790073055569.478,47.030803
b1269e28,836,835,1790073055610.184,40.705537
b1269e28,837,836,1790073055648.906,38.722527
b1269e28,838,837,1790073055783.076,134.170179
b1269e28,839,838,1790073055807.677,24.600216
b1269e28,840,839,1790073055810.416,2.739813
b1269e28,841,840,1790073055864.274,53.85796
b1269e28,842,841,1790073055918.531,54.257195
b1269e28,843,842,1790073055964.577,46.04563
b1269e28,844,843,1790073056008.38,43.802791
b1269e28,845,844,1790073056045.923,37.543626
b1269e28,846,845,1790073056124.764,78.840878
b1269e28,847,846,1790073056160.305,35.540638
b1269e28,848,847,1790073056210.321,50.016264
b1269e28,849,848,1790073056243.82,33.498638
b1269e28,850,849,1790073056322.22,78.39982
b1269e28,851,850,1790073056365.874,43.654699
b1269e28,852,851,1790073056406.74,40.866112
b1269e28,853,852,1790073056450.524,43.78319
b1269e28,854,853,1790073056529.641,79.116845
b1269e28,855,854,1790073056568.843,39.202753
b1269e28,856,855,1790073056610.759,41.915414
b1269e28,857,856,1790073056651.899,41.140624
b1269e28,858,857,1790073056730.99,79.090574
b1269e28,859,858,1790073056758.485,27.495255
b1269e28,860,859,1790073056802.317,43.831602
b1269e28,861,860,1790073056841.135,38.81802
b1269e28,862,861,1790073056932.037,90.902559
b1269e28,863,862,1790073056969.789,37.751863
b1269e28,864,863,1790073057010.68,40.891181
b1269e28,865,864,1790073057053.959,43.278561
b1269e28,866,865,1790073057129.688,75.729275
b1269e28,867,866,1790073057169.704,40.01616
b1269e28,868,867,1790073057202.937,33.232486
b1269e28,869,868,1790073057249.642,46.705087
b1269e28,870,869,1790073057322.405,72.76311
b1269e28,871,870,1790073057368.873,46.467489
b1269e28,872,871,1790073057411.939,43.066381
b1269e28,873,872,1790073057449.96,38.021174
b1269e28,874,873,1790073057520.958,70.997872
b1269e28,875,874,1790073057558.951,37.992893
b1269e28,876,875,1790073057607.767,48.815817
b1269e28,877,876,1790073057647.607,39.84076
b1269e28,878,877,1790073057751.525,103.917587
b1269e28,879,878,1790073057787.026,35.500714
b1269e28,880,879,1790073057817.48,30.454271
b1269e28,881,880,1790073057859.253,41.773424
b1269e28,882,881,1790073057919.248,59.994604
b1269e28,883,882,1790073057960.704,41.456105
b1269e28,884,883,1790073058010.132,49.427654
b1269e28,885,884,1790073058039.956,29.824439
b1269e28,886,885,1790073058133.551,93.594843
b1269e28,887,886,1790073058166.427,32.876335
b1269e28,888,887,1790073058203.481,37.05331
b1269e28,889,888,1790073058256.223,52.742212
b1269e28,890,889,1790073058332.166,75.943012
b1269e28,891,890,1790073058371.055,38.889322
b1269e28,892,891,1790073058402.225,31.16984
b1269e28,893,892,1790073058445.573,43.347467
b1269e28,894,893,1790073058537.044,91.471663
b1269e28,895,894,1790073058567.879,30.835093
b1269e28,896,895,1790073058608.504,40.625185
b1269e28,897,896,1790073058640.163,31.658046
b1269e28,898,897,1790073058727.896,87.734032
b1269e28,899,898,1790073058761.064,33.167037
b1269e28,900,899,1790073058812.541,51.476928
b1269e28,901,900,1790073058857.864,45.323215
b1269e28,902,901,1790073058923.745,65.88101
b1269e28,903,902,1790073058971.155,47.410558
b1269e28,904,903,1790073058999.509,28.353966
b1269e28,905,904,1790073059049.492,49.982453
b1269e28,906,905,1790073059128.646,79.154361
b1269e28,907,906,1790073059163.896,35.249741
b1269e28,908,907,1790073059208.761,44.865005
b1269e28,909,908,1790073059249.125,40.363791
b1269e28,910,909,1790073059329.725,80.599946
b1269e28,911,910,1790073059367.715,37.990821
b1269e28,912,911,1790073059408.636,40.921184
b1269e28,913,912,1790073059451.147,42.510064
b1269e28,914,913,1790073059526.119,74.972181
b1269e28,915,914,1790073059569.511,43.392274
b1269e28,916,915,1790073059601.521,32.009871
b1269e28,917,916,1790073059639.132,37.611202
b1269e28,918,917,1790073059790.442,151.309518
b1269e28,919,918,1790073059793.006,2.564581
b1269e28,920,919,1790073059830.011,37.004584
b1269e28,921,920,1790073059840.399,10.388364
b1269e28,922,921,1790073059927.555,87.155424
b1269e28,923,922,1790073059971.943,44.387985
b1269e28,924,923,1790073060008.65,36.707685
b1269e28,925,924,1790073060048.229,39.578187
b1269e28,926,925,1790073060123.071,74.84252
b1269e28,927,926,1790073060169.633,46.562234
b1269e28,928,927,1790073060200.694,31.060695
b1269e28,929,928,1790073060240.378,39.684338
b1269e28,930,929,1790073060332.963,92.585188
b1269e28,931,930,1790073060363.833,30.869719
b1269e28,932,931,1790073060405.074,41.240598
b1269e28,933,932,1790073060445.368,40.29416
b1269e28,934,933,1790073060523.4,78.032524
b1269e28,935,934,1790073060561.724,38.323183
b1269e28,936,935,1790073060603.344,41.61994
b1269e28,937,936,1790073060643.743,40.39946
b1269e28,938,937,1790073060725.093,81.350191
b1269e28,939,938,1790073060768.682,43.589113
b1269e28,940,939,1790073060807.957,39.274207
b1269e28,941,940,1790073060841.912,33.955069
b1269e28,942,941,1790073060921.364,79.452733
b1269e28,943,942,1790073060972.992,51.627811
b1269e28,944,943,1790073061009.129,36.136738
b1269e28,945,944,1790073061044.322,35.192938
b1269e28,946,945,1790073061128.651,84.329319
b1269e28,947,946,1790073061165.489,36.83755
b1269e28,948,947,1790073061200.496,35.007082
b1269e28,949,948,1790073061255.905,55.409369
b1269e28,950,949,1790073061330.311,74.405426
b1269e28,951,950,1790073061370.354,40.043764
b1269e28,952,951,1790073061409.38,39.025754
b1269e28,953,952,1790073061447.96,38.57976
b1269e28,954,953,1790073061526.279,78.318748
b1269e28,955,954,1790073061567.647,41.368188
b1269e28,956,955,1790073061616.9,49.253518
b1269e28,957,956,1790073061648.006,31.105462
b1269e28,958,957,1790073061781.188,133.18213
b1269e28,959,958,1790073061802.273,21.085077
b1269e28,960,959,1790073061815.871,13.598188
b1269e28,961,960,1790073061838.294,22.423014
b1269e28,962,961,1790073061926.804,88.509752
b1269e28,963,962,1790073061958.701,31.897051
b1269e28,964,963,1790073062008.222,49.521005
b1269e28,965,964,1790073062052.108,43.88623
b1269e28,966,965,1790073062128.31,76.202014
b1269e28,967,966,1790073062173.008,44.697948
b1269e28,968,967,1790073062207.11,34.101587
b1269e28,969,968,1790073062248.691,41.581263
b1269e28,970,969,1790073062327.332,78.640632
b1269e28,971,970,1790073062359.064,31.7325
b1269e28,972,971,1790073062408.763,49.699138
b1269e28,973,972,1790073062441.287,32.523694
b1269e28,974,973,1790073062523.63,82.342901
b1269e28,975,974,1790073062570.005,46.374755
b1269e28,976,975,1790073062602.574,32.569832
b1269e28,977,976,1790073062654.02,51.445849
b1269e28,978,977,1790073062720.298,66.277268
b1269e28,979,978,1790073062770.251,49.953264
b1269e28,980,979,1790073062807.795,37.543746
b1269e28,981,980,1790073062842.502,34.707477
b1269e28,982,981,1790073062924.93,82.427734
b1269e28,983,982,1790073062961.763,36.833267
b1269e28,984,983,1790073063003.99,42.22646
b1269e28,985,984,1790073063045.046,41.056548
b1269e28,986,985,1790073063119.063,74.016608
b1269e28,987,986,1790073063159.847,40.7842
b1269e28,988,987,1790073063201.13,41.283128
b1269e28,989,988,1790073063242.839,41.708806
b1269e28,990,989,1790073063318.821,75.982273
b1269e28,991,990,1790073063368.289,49.468149
b1269e28,992,991,1790073063405.059,36.769988
b1269e28,993,992,1790073063445.355,40.295707
b1269e28,994,993,1790073063532.894,87.538739
b1269e28,995,994,1790073063568.956,36.062533
b1269e28,996,995,1790073063613.721,44.765223
b1269e28,997,996,1790073063649.0,35.278915
b1269e28,998,997,1790073063793.088,144.087919
b1269e28,999,998,1790073063796.307,3.21831
b1269e28,1000,999,1790073063809.203,12.896029
b1269e28,1001,1000,1790073063846.219,37.016457
b1269e28,1002,1001,1790073063929.859,83.639656
b1269e28,1003,1002,1790073063969.572,39.712782
b1269e28,1004,1003,1790073064009.184,39.61245
b1269e28,1005,1004,1790073064045.171,35.98656
b1269e28,1006,1005,1790073064125.054,79.883256
b1269e28,1007,1006,1790073064162.049,36.995324
b1269e28,1008,1007,1790073064228.026,65.977309
b1269e28,1009,1008,1790073064247.719,19.692842
b1269e28,1010,1009,1790073064333.808,86.088437
b1269e28,1011,1010,1790073064369.681,35.8731
b1269e28,1012,1011,1790073064402.369,32.688281
b1269e28,1013,1012,1790073064450.981,48.611787
b1269e28,1014,1013,1790073064518.575,67.594504
b1269e28,1015,1014,1790073064560.632,42.05701
b1269e28,1016,1015,1790073064610.482,49.849272
b1269e28,1017,1016,1790073064640.396,29.914031
b1269e28,1018,1017,1790073064723.864,83.467838
b1269e28,1019,1018,1790073064764.515,40.651544
b1269e28,1020,1019,1790073064805.272,40.756782
b1269e28,1021,1020,1790073064851.294,46.022521
b1269e28,1022,1021,1790073064924.271,72.976767
b1269e28,1023,1022,1790073064966.464,42.193262
b1269e28,1024,1023,1790073065006.211,39.746936
b1269e28,1025,1024,1790073065043.658,37.446742
b1269e28,1026,1025,1790073065124.751,81.093166
b1269e28,1027,1026,1790073065172.187,47.435803
b1269e28,1028,1027,1790073065209.825,37.638013
b1269e28,1029,1028,1790073065243.987,34.161976
b1269e28,1030,1029,1790073065331.406,87.4186
b1269e28,1031,1030,1790073065363.057,31.651555
b1269e28,1032,1031,1790073065404.266,41.208597
b1269e28,1033,1032,1790073065444.891,40.624861
b1269e28,1034,1033,1790073065529.966,85.075263
b1269e28,1035,1034,1790073065568.055,38.088656
b1269e28,1036,1035,1790073065610.24,42.185138
b1269e28,1037,1036,1790073065646.384,36.144069
b1269e28,1038,1037,1790073065778.066,131.682431
b1269e28,1039,1038,1790073065812.45,34.384205
b1269e28,1040,1039,1790073065816.281,3.83059
b1269e28,1041,1040,1790073065843.021,26.740187
b1269e28,1042,1041,1790073065940.81,97.789132
b1269e28,1043,1042,1790073065966.306,25.495974
b1269e28,1044,1043,1790073066021.051,54.744967
b1269e28,1045,1044,1790073066047.648,26.596978
b1269e28,1046,1045,1790073066127.821,80.172895
b1269e28,1047,1046,1790073066165.336,37.515249
b1269e28,1048,1047,1790073066204.5,39.163986
b1269e28,1049,1048,1790073066254.078,49.577817
b1269e28,1050,1049,1790073066321.578,67.49956
b1269e28,1051,1050,1790073066361.74,40.162701
b1269e28,1052,1051,1790073066406.47,44.730069
b1269e28,1053,1052,1790073066452.955,46.484393
b1269e28,1054,1053,1790073066519.039,66.083908
b1269e28,1055,1054,1790073066564.108,45.069626
b1269e28,1056,1055,1790073066608.573,44.464976
b1269e28,1057,1056,1790073066656.633,48.059949
b1269e28,1058,1057,1790073066719.768,63.134313
b1269e28,1059,1058,1790073066775.13,55.362562
b1269e28,1060,1059,1790073066805.456,30.325935
b1269e28,1061,1060,1790073066849.556,44.100241
b1269e28,1062,1061,1790073066924.757,75.200964
b1269e28,1063,1062,1790073066981.171,56.413414
b1269e28,1064,1063,1790073067009.821,28.650322
b1269e28,1065,1064,1790073067042.167,32.345826
b1269e28,1066,1065,1790073067136.088,93.92093
b1269e28,1067,1066,1790073067163.566,27.478584
b1269e28,1068,1067,1790073067209.569,46.002891
b1269e28,1069,1068,1790073067250.03,40.460536
b1269e28,1070,1069,1790073067328.351,78.320867
b1269e28,1071,1070,1790073067372.061,43.709673
b1269e28,1072,1071,1790073067407.656,35.595156
b1269e28,1073,1072,1790073067446.934,39.27802
b1269e28,1074,1073,1790073067524.097,77.163692
b1269e28,1075,1074,1790073067558.115,34.017455
b1269e28,1076,1075,1790073067612.859,54.744622
b1269e28,1077,1076,1790073067644.417,31.557007
b1269e28,1078,1077,1790073067766.688,122.271551
b1269e28,1079,1078,1790073067788.82,22.132349
b1269e28,1080,1079,1790073067816.385,27.564231
b1269e28,1081,1080,1790073067853.401,37.016289
b1269e28,1082,1081,1790073067933.077,79.675812
b1269e28,1083,1082,1790073067968.858,35.780996
b1269e28,1084,1083,1790073068003.548,34.689882
b1269e28,1085,1084,1790073068042.123,38.574939
b1269e28,1086,1085,1790073068121.15,79.027658
b1269e28,1087,1086,1790073068174.074,52.924442
b1269e28,1088,1087,1790073068208.542,34.467489
b1269e28,1089,1088,1790073068244.794,36.251537
b1269e28,1090,1089,1790073068340.511,95.717927
b1269e28,1091,1090,1790073068368.234,27.722192
b1269e28,1092,1091,1790073068406.134,37.900394
b1269e28,1093,1092,1790073068445.465,39.330426
b1269e28,1094,1093,1790073068527.743,82.278288
b1269e28,1095,1094,1790073068565.892,38.14934
b1269e28,1096,1095,1790073068610.793,44.90139
b1269e28,1097,1096,1790073068641.241,30.44785
b1269e28,1098,1097,1790073068721.745,80.503616
b1269e28,1099,1098,1790073068770.759,49.014394
b1269e28,1100,1099,1790073068809.596,38.836222
b1269e28,1101,1100,1790073068846.201,36.6059
b1269e28,1102,1101,1790073068924.425,78.22292
b1269e28,1103,1102,1790073068968.536,44.111518
b1269e28,1104,1103,1790073069008.582,40.045739
b1269e28,1105,1104,1790073069049.711,41.129685
b1269e28,1106,1105,1790073069130.903,81.191713
b1269e28,1107,1106,1790073069169.517,38.61349
b1269e28,1108,1107,1790073069201.08,31.563067
b1269e28,1109,1108,1790073069245.768,44.688564
b1269e28,1110,1109,1790073069335.465,89.696701
b1269e28,1111,1110,1790073069373.069,37.603853
b1269e28,1112,1111,1790073069399.987,26.918493
b1269e28,1113,1112,1790073069445.59,45.60278
b1269e28,1114,1113,1790073069523.638,78.047583
b1269e28,1115,1114,1790073069563.321,39.682975
b1269e28,1116,1115,1790073069605.354,42.033897
b1269e28,1117,1116,1790073069645.361,40.006812
b1269e28,1118,1117,1790073069759.264,113.90298
b1269e28,1119,1118,1790073069793.423,34.159113
b1269e28,1120,1119,1790073069811.466,18.042136
b1269e28,1121,1120,1790073069844.165,32.698905
b1269e28,1122,1121,1790073069920.216,76.05108
b1269e28,1123,1122,1790073069978.093,57.877187
b1269e28,1124,1123,1790073070012.982,34.889403
b1269e28,1125,1124,1790073070049.173,36.190554
b1269e28,1126,1125,1790073070122.302,73.129196
b1269e28,1127,1126,1790073070172.45,50.148593
b1269e28,1128,1127,1790073070208.849,36.398384
b1269e28,1129,1128,1790073070332.09,123.241184
b1269e28,1130,1129,1790073070337.592,5.502078
b1269e28,1131,1130,1790073070363.1,25.508189
b1269e28,1132,1131,1790073070407.86,44.759877
b1269e28,1133,1132,1790073070440.586,32.725577
b1269e28,1134,1133,1790073070526.143,85.556751
b1269e28,1135,1134,1790073070570.659,44.516948
b1269e28,1136,1135,1790073070619.991,49.331743
b1269e28,1137,1136,1790073070654.531,34.539776
b1269e28,1138,1137,1790073070720.25,65.718631
b1269e28,1139,1138,1790073070763.638,43.38868
b1269e28,1140,1139,1790073070805.784,42.146023
b1269e28,1141,1140,1790073070852.618,46.833927
b1269e28,1142,1141,1790073070938.914,86.295549
b1269e28,1143,1142,1790073070976.933,38.018841
b1269e28,1144,1143,1790073071001.613,24.680187
b1269e28,1145,1144,1790073071049.478,47.865408
b1269e28,1146,1145,1790073071133.589,84.110436
b1269e28,1147,1146,1790073071157.944,24.355741
b1269e28,1148,1147,1790073071210.251,52.306636
b1269e28,1149,1148,1790073071241.594,31.342628
b1269e28,1150,1149,1790073071325.418,83.824573
b1269e28,1151,1150,1790073071366.963,41.544653
b1269e28,1152,1151,1790073071412.149,45.186335
b1269e28,1153,1152,1790073071448.214,36.064868
b1269e28,1154,1153,1790073071529.961,81.746956
b1269e28,1155,1154,1790073071561.04,31.079263
b1269e28,1156,1155,1790073071605.043,44.0029
b1269e28,1157,1156,1790073071650.027,44.983623
b1269e28,1158,1157,1790073071780.352,130.324825
b1269e28,1159,1158,1790073071803.243,22.89115
b1269e28,1160,1159,1790073071840.84,37.597256
b1269e28,1161,1160,1790073071843.795,2.955071
b1269e28,1162,1161,1790073071929.188,85.392542
b1269e28,1163,1162,1790073071961.237,32.049011
b1269e28,1164,1163,1790073072013.653,52.415959
b1269e28,1165,1164,1790073072050.04,36.38705
b1269e28,1166,1165,1790073072128.027,77.987381
b1269e28,1167,1166,1790073072172.025,43.998329
b1269e28,1168,1167,1790073072199.586,27.561018
b1269e28,1169,1168,1790073072249.051,49.464079
b1269e28,1170,1169,1790073072321.785,72.734398
b1269e28,1171,1170,1790073072365.568,43.783252
b1269e28,1172,1171,1790073072409.912,44.343968
b1269e28,1173,1172,1790073072440.734,30.822075
b1269e28,1174,1173,1790073072534.344,93.609747
b1269e28,1175,1174,1790073072570.938,36.594153
b1269e28,1176,1175,1790073072625.461,54.522717
b1269e28,1177,1176,1790073072643.916,18.454853
b1269e28,1178,1177,1790073072732.623,88.707271
b1269e28,1179,1178,1790073072771.399,38.776229
b1269e28,1180,1179,1790073072810.451,39.052203
b1269e28,1181,1180,1790073072842.722,32.270794
b1269e28,1182,1181,1790073072937.665,94.943154
b1269e28,1183,1182,1790073072979.952,42.287088
b1269e28,1184,1183,1790073073005.655,25.702666
b1269e28,1185,1184,1790073073053.89,48.235061
b1269e28,1186,1185,1790073073129.719,75.828287
b1269e28,1187,1186,1790073073171.86,42.141522
b1269e28,1188,1187,1790073073215.773,43.912826
b1269e28,1189,1188,1790073073253.657,37.88464
b1269e28,1190,1189,1790073073329.174,75.516574
b1269e28,1191,1190,1790073073359.67,30.496136
b1269e28,1192,1191,1790073073410.398,50.727639
b1269e28,1193,1192,1790073073448.607,38.209089
b1269e28,1194,1193,1790073073525.003,76.39607
b1269e28,1195,1194,1790073073572.314,47.310849
b1269e28,1196,1195,1790073073609.373,37.059466
b1269e28,1197,1196,1790073073645.756,36.382372
b1269e28,1198,1197,1790073073760.556,114.800807
b1269e28,1199,1198,1790073073830.267,69.710742
b1269e28,1200,1199,1790073073835.126,4.859374
b1269e28,1201,1200,1790073073844.212,9.085211
b1269e28,1202,1201,1790073073919.39,75.17806
b1269e28,1203,1202,1790073073971.608,52.218222
b1269e28,1204,1203,1790073073999.838,28.229805
b1269e28,1205,1204,1790073074050.397,50.558861
b1269e28,1206,1205,1790073074134.066,83.669757
b1269e28,1207,1206,1790073074165.717,31.650525
b1269e28,1208,1207,1790073074204.492,38.774921
b1269e28,1209,1208,1790073074248.449,43.957416
b1269e28,1210,1209,1790073074326.0,77.550228
b1269e28,1211,1210,1790073074369.931,43.931051
b1269e28,1212,1211,1790073074409.918,39.987931
b1269e28,1213,1212,1790073074440.103,30.184315
b1269e28,1214,1213,1790073074519.689,79.586407
b1269e28,1215,1214,1790073074568.809,49.120204
b1269e28,1216,1215,1790073074607.852,39.042446
b1269e28,1217,1216,1790073074639.933,32.081291
b1269e28,1218,1217,1790073074735.882,95.948824
b1269e28,1219,1218,1790073074769.376,33.494193
b1269e28,1220,1219,1790073074809.815,40.438659
b1269e28,1221,1220,1790073074849.851,40.035798
b1269e28,1222,1221,1790073074929.413,79.562503
b1269e28,1223,1222,1790073074960.687,31.274165
b1269e28,1224,1223,1790073075010.447,49.759412
b1269e28,1225,1224,1790073075039.539,29.092355
b1269e28,1226,1225,1790073075128.538,88.998949
b1269e28,1227,1226,1790073075163.215,34.676585
b1269e28,1228,1227,1790073075212.246,49.031347
b1269e28,1229,1228,1790073075245.668,33.421749
b1269e28,1230,1229,1790073075322.934,77.266043
b1269e28,1231,1230,1790073075357.936,35.001866
b1269e28,1232,1231,1790073075400.013,42.077102
b1269e28,1233,1232,1790073075439.886,39.873614
b1269e28,1234,1233,1790073075522.797,82.910964
b1269e28,1235,1234,1790073075567.961,45.163549
b1269e28,1236,1235,1790073075603.017,35.055648
b1269e28,1237,1236,1790073075653.456,50.43965
b1269e28,1238,1237,1790073075773.449,119.993168
b1269e28,1239,1238,1790073075788.064,14.614427
b1269e28,1240,1239,1790073075810.233,22.169677
b1269e28,1241,1240,1790073075841.165,30.931816
b1269e28,1242,1241,1790073075928.026,86.860533
b1269e28,1243,1242,1790073075963.181,35.155694
b1269e28,1244,1243,1790073076008.916,45.734004
b1269e28,1245,1244,1790073076043.589,34.67398
b1269e28,1246,1245,1790073076131.436,87.846432
b1269e28,1247,1246,1790073076168.999,37.563106
b1269e28,1248,1247,1790073076203.087,34.08791
b1269e28,1249,1248,1790073076249.875,46.788223
b1269e28,1250,1249,1790073076328.732,78.857184
b1269e28,1251,1250,1790073076368.582,39.849197
b1269e28,1252,1251,1790073076399.671,31.089097
b1269e28,1253,1252,1790073076453.717,54.045855
b1269e28,1254,1253,1790073076517.975,64.258522
b1269e28,1255,1254,1790073076579.2,61.225172
b1269e28,1256,1255,1790073076617.592,38.391321
b1269e28,1257,1256,1790073076644.848,27.256947
b1269e28,1258,1257,1790073076728.376,83.527207
b1269e28,1259,1258,1790073076761.344,32.968967
b1269e28,1260,1259,1790073076799.422,38.076933
b1269e28,1261,1260,1790073076841.835,42.413815
b1269e28,1262,1261,1790073076923.332,81.496328
b1269e28,1263,1262,1790073076971.92,48.587936
b1269e28,1264,1263,1790073076997.829,25.909123
b1269e28,1265,1264,1790073077043.581,45.7518
b1269e28,1266,1265,1790073077122.364,78.783356
b1269e28,1267,1266,1790073077158.861,36.496626
b1269e28,1268,1267,1790073077211.147,52.286686
b1269e28,1269,1268,1790073077243.487,32.339333
b1269e28,1270,1269,1790073077320.24,76.753847
b1269e28,1271,1270,1790073077377.961,57.720362
b1269e28,1272,1271,1790073077401.103,23.142588
b1269e28,1273,1272,1790073077454.274,53.170768
b1269e28,1274,1273,1790073077528.395,74.12038
b1269e28,1275,1274,1790073077559.317,30.922124
b1269e28,1276,1275,1790073077608.39,49.073906
b1269e28,1277,1276,1790073077639.648,31.257223
b1269e28,1278,1277,1790073077767.113,127.464829
b1269e28,1279,1278,1790073077789.965,22.852279
b1269e28,1280,1279,1790073077821.058,31.093133
b1269e28,1281,1280,1790073077841.252,20.194011
b1269e28,1282,1281,1790073077930.006,88.754068
b1269e28,1283,1282,1790073077964.529,34.522805
b1269e28,1284,1283,1790073078008.572,44.043126
b1269e28,1285,1284,1790073078057.528,48.955514
b1269e28,1286,1285,1790073078121.511,63.983965
b1269e28,1287,1286,1790073078172.754,51.243008
b1269e28,1288,1287,1790073078200.316,27.561602
b1269e28,1289,1288,1790073078256.354,56.038403
b1269e28,1290,1289,1790073078330.244,73.889133
b1269e28,1291,1290,1790073078359.413,29.169593
b1269e28,1292,1291,1790073078413.801,54.387646
b1269e28,1293,1292,1790073078448.476,34.675341
b1269e28,1294,1293,1790073078524.892,76.415613
b1269e28,1295,1294,1790073078564.996,40.104322
b1269e28,1296,1295,1790073078609.955,44.958565
b1269e28,1297,1296,1790073078639.41,29.454933
b1269e28,1298,1297,1790073078719.838,80.428726
b1269e28,1299,1298,1790073078769.713,49.874639
b1269e28,1300,1299,1790073078799.321,29.608321
b1269e28,1301,1300,1790073078840.478,41.156816
b1269e28,1302,1301,1790073078928.369,87.891295
b1269e28,1303,1302,1790073078959.841,31.471396
b1269e28,1304,1303,1790073078998.252,38.411469
b1269e28,1305,1304,1790073079045.216,46.963472
b1269e28,1306,1305,1790073079133.844,88.628339
b1269e28,1307,1306,1790073079164.108,30.264344
b1269e28,1308,1307,1790073079203.043,38.93514
b1269e28,1309,1308,1790073079247.58,44.536313
b1269e28,1310,1309,1790073079335.065,87.485605
b1269e28,1311,1310,1790073079360.421,25.355087
b1269e28,1312,1311,1790073079400.289,39.868805
b1269e28,1313,1312,1790073079446.557,46.267688
b1269e28,1314,1313,1790073079533.049,86.491936
b1269e28,1315,1314,1790073079573.469,40.419631
b1269e28,1316,1315,1790073079620.088,46.61959
b1269e28,1317,1316,1790073079643.29,23.201223
b1269e28,1318,1317,1790073079807.214,163.9241
b1269e28,1319,1318,1790073079809.106,1.892951
b1269e28,1320,1319,1790073079816.076,6.969847
b1269e28,1321,1320,1790073079851.489,35.41248
b1269e28,1322,1321,1790073079930.159,78.670521
b1269e28,1323,1322,1790073079969.51,39.350866
b1269e28,1324,1323,1790073080008.039,38.528865
b1269e28,1325,1324,1790073080042.844,34.804684
b1269e28,1326,1325,1790073080131.069,88.22549
b1269e28,1327,1326,1790073080160.58,29.510928
b1269e28,1328,1327,1790073080199.87,39.289932
b1269e28,1329,1328,1790073080260.312,60.44134
b1269e28,1330,1329,1790073080338.979,78.667825
b1269e28,1331,1330,1790073080363.106,24.126429
b1269e28,1332,1331,1790073080406.692,43.586761
b1269e28,1333,1332,1790073080445.234,38.541377
b1269e28,1334,1333,1790073080526.767,81.533235
b1269e28,1335,1334,1790073080566.661,39.893631
b1269e28,1336,1335,1790073080610.784,44.1233
b1269e28,1337,1336,1790073080645.206,34.422319
b1269e28,1338,1337,1790073080727.015,81.809058
b1269e28,1339,1338,1790073080766.396,39.380374
b1269e28,1340,1339,1790073080820.529,54.133263
b1269e28,1341,1340,1790073080855.445,34.91571
b1269e28,1342,1341,1790073080931.315,75.870158
b1269e28,1343,1342,1790073080971.148,39.83365
b1269e28,1344,1343,1790073081009.893,38.743954
b1269e28,1345,1344,1790073081054.842,44.949346
b1269e28,1346,1345,1790073081132.386,77.544264
b1269e28,1347,1346,1790073081164.11,31.723917
b1269e28,1348,1347,1790073081207.794,43.68413
b1269e28,1349,1348,1790073081247.358,39.56404
b1269e28,1350,1349,1790073081340.57,93.211395
b1269e28,1351,1350,1790073081374.625,34.054834
b1269e28,1352,1351,1790073081408.345,33.720706
b1269e28,1353,1352,1790073081444.867,36.521581
b1269e28,1354,1353,1790073081533.708,88.841738
b1269e28,1355,1354,1790073081564.778,31.069809
b1269e28,1356,1355,1790073081607.309,42.530227
b1269e28,1357,1356,1790073081649.089,41.780744
b1269e28,1358,1357,1790073081797.198,148.109247
b1269e28,1359,1358,1790073081817.978,20.779509
b1269e28,1360,1359,1790073081819.202,1.224334
b1269e28,1361,1360,1790073081842.676,23.473443
b1269e28,1362,1361,1790073081929.379,86.702861
b1269e28,1363,1362,1790073081968.068,38.68909
b1269e28,1364,1363,1790073082009.061,40.992935
b1269e28,1365,1364,1790073082056.148,47.087822
b1269e28,1366,1365,1790073082126.056,69.90717
b1269e28,1367,1366,1790073082165.605,39.549295
b1269e28,1368,1367,1790073082211.306,45.701512
b1269e28,1369,1368,1790073082243.899,32.592224
b1269e28,1370,1369,1790073082324.575,80.676369
b1269e28,1371,1370,1790073082369.621,45.045811
b1269e28,1372,1371,1790073082398.905,29.284085
b1269e28,1373,1372,1790073082454.794,55.88924
b1269e28,1374,1373,1790073082524.412,69.618043
b1269e28,1375,1374,1790073082571.178,46.765963
b1269e28,1376,1375,1790073082611.662,40.483753
b1269e28,1377,1376,1790073082646.01,34.348051
b1269e28,1378,1377,1790073082736.312,90.302034
b1269e28,1379,1378,1790073082767.367,31.055042
b1269e28,1380,1379,1790073082810.87,43.502702
b1269e28,1381,1380,1790073082844.359,33.489176
b1269e28,1382,1381,1790073082928.686,84.32733
b1269e28,1383,1382,1790073082960.418,31.73173
b1269e28,1384,1383,1790073083003.154,42.735822
b1269e28,1385,1384,1790073083042.018,38.864165
b1269e28,1386,1385,1790073083124.097,82.078963
b1269e28,1387,1386,1790073083167.477,43.37991
b1269e28,1388,1387,1790073083219.314,51.836758
b1269e28,1389,1388,1790073083249.51,30.196921
b1269e28,1390,1389,1790073083330.868,81.357677
b1269e28,1391,1390,1790073083369.126,38.257738
b1269e28,1392,1391,1790073083403.177,34.050559
b1269e28,1393,1392,1790073083448.47,45.293642
b1269e28,1394,1393,1790073083528.382,79.911444
b1269e28,1395,1394,1790073083570.631,42.249595
b1269e28,1396,1395,1790073083606.978,36.346874
b1269e28,1397,1396,1790073083646.065,39.086897
b1269e28,1398,1397,1790073083770.155,124.090095
b1269e28,1399,1398,1790073083796.118,25.9633
b1269e28,1400,1399,1790073083812.673,16.554278
b1269e28,1401,1400,1790073083860.55,47.877321
b1269e28,1402,1401,1790073083928.91,68.360489
b1269e28,1403,1402,1790073083962.482,33.571185
b1269e28,1404,1403,1790073084011.364,48.882726
b1269e28,1405,1404,1790073084042.208,30.84316
b1269e28,1406,1405,1790073084134.005,91.79754
b1269e28,1407,1406,1790073084166.449,32.444107
b1269e28,1408,1407,1790073084206.51,40.061256
b1269e28,1409,1408,1790073084248.53,42.01923
b1269e28,1410,1409,1790073084320.783,72.253103
b1269e28,1411,1410,1790073084369.715,48.931872
b1269e28,1412,1411,1790073084399.971,30.255997
b1269e28,1413,1412,1790073084441.506,41.535732
b1269e28,1414,1413,1790073084521.154,79.647309
b1269e28,1415,1414,1790073084569.679,48.52502
b1269e28,1416,1415,1790073084612.599,42.920221
b1269e28,1417,1416,1790073084647.266,34.666752
b1269e28,1418,1417,1790073084737.375,90.109828
b1269e28,1419,1418,1790073084769.285,31.909217
b1269e28,1420,1419,1790073084800.126,30.841884
b1269e28,1421,1420,1790073084848.555,48.428787
b1269e28,1422,1421,1790073084929.925,81.369668
b1269e28,1423,1422,1790073084964.676,34.750703
b1269e28,1424,1423,1790073085010.14,45.464558
b1269e28,1425,1424,1790073085043.332,33.191949
b1269e28,1426,1425,1790073085129.234,85.901726
b1269e28,1427,1426,1790073085160.282,31.047933
b1269e28,1428,1427,1790073085209.365,49.083026
b1269e28,1429,1428,1790073085248.926,39.560637
b1269e28,1430,1429,1790073085320.912,71.986242
b1269e28,1431,1430,1790073085373.402,52.489775
b1269e28,1432,1431,1790073085401.629,28.22698
b1269e28,1433,1432,1790073085448.66,47.031809
b1269e28,1434,1433,1790073085524.511,75.851202
b1269e28,1435,1434,1790073085567.637,43.125871
b1269e28,1436,1435,1790073085614.14,46.502874
b1269e28,1437,1436,1790073085652.043,37.90298
b1269e28,1438,1437,1790073085763.814,111.770319
b1269e28,1439,1438,1790073085796.174,32.360532
b1269e28,1440,1439,1790073085824.054,27.879797
b1269e28,1441,1440,1790073085841.82,17.765574
b1269e28,1442,1441,1790073085936.141,94.321664
b1269e28,1443,1442,1790073085970.331,34.189793
b1269e28,1444,1443,1790073086009.244,38.913243
b1269e28,1445,1444,1790073086042.533,33.289289
b1269e28,1446,1445,1790073086123.376,80.842259
b1269e28,1447,1446,1790073086164.514,41.137849
b1269e28,1448,1447,1790073086214.444,49.930572
b1269e28,1449,1448,1790073086248.947,34.502637
b1269e28,1450,1449,1790073086336.067,87.119746
b1269e28,1451,1450,1790073086368.888,32.821942
b1269e28,1452,1451,1790073086404.794,35.905821
b1269e28,1453,1452,1790073086445.529,40.734214
b1269e28,1454,1453,1790073086540.409,94.880214
b1269e28,1455,1454,1790073086566.414,26.004776
b1269e28,1456,1455,1790073086610.338,43.924712
b1269e28,1457,1456,1790073086649.318,38.980176
b1269e28,1458,1457,1790073086735.443,86.124776
b1269e28,1459,1458,1790073086761.281,25.837369
b1269e28,1460,1459,1790073086814.593,53.312415
b1269e28,1461,1460,1790073086848.345,33.752194
b1269e28,1462,1461,1790073086932.665,84.320215
b1269e28,1463,1462,1790073086970.625,37.960206
b1269e28,1464,1463,1790073087012.019,41.39324
b1269e28,1465,1464,1790073087049.344,37.324787
b1269e28,1466,1465,1790073087129.216,79.872388
b1269e28,1467,1466,1790073087167.509,38.292513
b1269e28,1468,1467,1790073087213.084,45.575307
b1269e28,1469,1468,1790073087249.463,36.379427
b1269e28,1470,1469,1790073087335.874,86.41037
b1269e28,1471,1470,1790073087376.317,40.443489
b1269e28,1472,1471,1790073087408.103,31.785754
b1269e28,1473,1472,1790073087452.144,44.041217
b1269e28,1474,1473,1790073087522.473,70.32876
b1269e28,1475,1474,1790073087564.5,42.027117
b1269e28,1476,1475,1790073087611.318,46.817706
b1269e28,1477,1476,1790073087640.876,29.558147
b1269e28,1478,1477,1790073087779.772,138.896566
b1269e28,1479,1478,1790073087781.168,1.395311
b1269e28,1480,1479,1790073087819.268,38.100436
b1269e28,1481,1480,1790073087861.243,41.975252
b1269e28,1482,1481,1790073087929.333,68.089466
b1269e28,1483,1482,1790073087975.671,46.33845
b1269e28,1484,1483,1790073088005.598,29.926907
b1269e28,1485,1484,1790073088049.005,43.407199
b1269e28,1486,1485,1790073088131.323,82.3179
b1269e28,1487,1486,1790073088170.84,39.516381
b1269e28,1488,1487,1790073088217.781,46.941352
b1269e28,1489,1488,1790073088245.249,27.467869
b1269e28,1490,1489,1790073088323.395,78.146006
b1269e28,1491,1490,1790073088362.997,39.601583
b1269e28,1492,1491,1790073088411.4,48.403284
b1269e28,1493,1492,1790073088451.458,40.058581
b1269e28,1494,1493,1790073088529.736,78.277604
b1269e28,1495,1494,1790073088560.041,30.304477
b1269e28,1496,1495,1790073088594.761,34.720254
b1269e28,1497,1496,1790073088636.548,41.787474
b1269e28,1498,1497,1790073088725.465,88.916577
b1269e28,1499,1498,1790073088759.148,33.683642
b1269e28,1500,1499,1790073088799.056,39.908115
b1269e28,1501,1500,1790073088847.066,48.009148
b1269e28,1502,1501,1790073088923.313,76.247185
b1269e28,1503,1502,1790073088964.142,40.829365
b1269e28,1504,1503,1790073088995.527,31.384488
b1269e28,1505,1504,1790073089046.403,50.875946
b1269e28,1506,1505,1790073089130.244,83.841001
b1269e28,1507,1506,1790073089154.602,24.358256
b1269e28,1508,1507,1790073089204.026,49.42455
b1269e28,1509,1508,1790073089245.251,41.224792
b1269e28,1510,1509,1790073089323.69,78.438525
b1269e28,1511,1510,1790073089365.473,41.783417
b1269e28,1512,1511,1790073089402.543,37.070264
b1269e28,1513,1512,1790073089438.096,35.552318
b1269e28,1514,1513,1790073089515.594,77.498577
b1269e28,1515,1514,1790073089568.825,53.230676
b1269e28,1516,1515,1790073089604.67,35.845211
b1269e28,1517,1516,1790073089638.578,33.90813
b1269e28,1518,1517,1790073089746.748,108.169835
b1269e28,1519,1518,1790073089795.706,48.95819
b1269e28,1520,1519,1790073089805.422,9.71609
b1269e28,1521,1520,1790073089835.917,30.494777
b1269e28,1522,1521,1790073089923.21,87.293272
b1269e28,1523,1522,1790073089964.306,41.095295
b1269e28,1524,1523,1790073090002.001,37.69536
b1269e28,1525,1524,1790073090039.214,37.21302
b1269e28,1526,1525,1790073090114.735,75.520799
b1269e28,1527,1526,1790073090160.299,45.563713
b1269e28,1528,1527,1790073090208.525,48.22602
b1269e28,1529,1528,1790073090239.236,30.710795
b1269e28,1530,1529,1790073090319.001,79.76606
b1269e28,1531,1530,1790073090402.082,83.080797
b1269e28,1532,1531,1790073090405.152,3.069587
b1269e28,1533,1532,1790073090439.987,34.834503
b1269e28,1534,1533,1790073090523.225,83.238237
b1269e28,1535,1534,1790073090564.297,41.072035
b1269e28,1536,1535,1790073090609.312,45.014818
b1269e28,1537,1536,1790073090644.336,35.02488
b1269e28,1538,1537,1790073090729.74,85.403007
b1269e28,1539,1538,1790073090775.686,45.946093
b1269e28,1540,1539,1790073090797.246,21.560861
b1269e28,1541,1540,1790073090839.458,42.211299
b1269e28,1542,1541,1790073090925.159,85.701271
b1269e28,1543,1542,1790073090958.391,33.232447
b1269e28,1544,1543,1790073090998.1,39.708234
b1269e28,1545,1544,1790073091039.352,41.251846
b1269e28,1546,1545,1790073091130.41,91.058564
b1269e28,1547,1546,1790073091159.962,29.551833
b1269e28,1548,1547,1790073091196.187,36.225123
b1269e28,1549,1548,1790073091235.821,39.6338
b1269e28,1550,1549,1790073091314.783,78.962473
b1269e28,1551,1550,1790073091358.44,43.656953
b1269e28,1552,1551,1790073091401.187,42.746733
b1269e28,1553,1552,1790073091439.301,38.113883
b1269e28,1554,1553,1790073091518.403,79.102154
b1269e28,1555,1554,1790073091562.607,44.204035
b1269e28,1556,1555,1790073091605.726,43.118513
b1269e28,1557,1556,1790073091635.912,30.186569
b1269e28,1558,1557,1790073091761.262,125.349681
b1269e28,1559,1558,1790073091786.705,25.443401
b1269e28,1560,1559,1790073091825.693,38.987318
b1269e28,1561,1560,1790073091843.474,17.781549
b1269e28,1562,1561,1790073091921.498,78.023948
b1269e28,1563,1562,1790073091972.611,51.112656
b1269e28,1564,1563,1790073092009.062,36.451163
b1269e28,1565,1564,1790073092048.62,39.558445
b1269e28,1566,1565,1790073092126.29,77.669287
b1269e28,1567,1566,1790073092170.636,44.346435
b1269e28,1568,1567,1790073092215.928,45.292541
b1269e28,1569,1568,1790073092252.943,37.014091
b1269e28,1570,1569,1790073092328.48,75.537692
b1269e28,1571,1570,1790073092363.079,34.598882
b1269e28,1572,1571,1790073092399.578,36.498649
b1269e28,1573,1572,1790073092439.945,40.367281
b1269e28,1574,1573,1790073092522.227,82.281786
b1269e28,1575,1574,1790073092577.083,54.856008
b1269e28,1576,1575,1790073092616.266,39.183024
b1269e28,1577,1576,1790073092645.719,29.45286
b1269e28,1578,1577,1790073092719.706,73.987199
b1269e28,1579,1578,1790073092765.574,45.868123
b1269e28,1580,1579,1790073092803.424,37.849596
b1269e28,1581,1580,1790073092843.948,40.524792
b1269e28,1582,1581,1790073092919.28,75.330986
b1269e28,1583,1582,1790073092969.258,49.978254
b1269e28,1584,1583,1790073093005.369,36.11136
b1269e28,1585,1584,1790073093049.403,44.034019
b1269e28,1586,1585,1790073093128.005,78.601882
b1269e28,1587,1586,1790073093166.022,38.016859
b1269e28,1588,1587,1790073093207.203,41.181043
b1269e28,1589,1588,1790073093243.52,36.316701
b1269e28,1590,1589,1790073093329.413,85.893791
b1269e28,1591,1590,1790073093361.27,31.856747
b1269e28,1592,1591,1790073093400.894,39.623841
b1269e28,1593,1592,1790073093447.405,46.51062
b1269e28,1594,1593,1790073093528.883,81.47823
b1269e28,1595,1594,1790073093560.901,32.018345
b1269e28,1596,1595,1790073093603.837,42.936148
b1269e28,1597,1596,1790073093645.645,41.807873
b1269e28,1598,1597,1790073093758.484,112.839131
b1269e28,1599,1598,1790073093791.387,32.902905
b1269e28,1600,1599,1790073093813.53,22.143089
b1269e28,1601,1600,1790073093843.171,29.640189
b1269e28,1602,1601,1790073093920.451,77.280151
b1269e28,1603,1602,1790073093969.271,48.820719
b1269e28,1604,1603,1790073094010.041,40.769164
b1269e28,1605,1604,1790073094050.222,40.181344
b1269e28,1606,1605,1790073094118.962,68.740016
b1269e28,1607,1606,1790073094168.372,49.410311
b1269e28,1608,1607,1790073094220.511,52.138844
b1269e28,1609,1608,1790073094251.781,31.269529
b1269e28,1610,1609,1790073094324.463,72.682791
b1269e28,1611,1610,1790073094370.376,45.91293
b1269e28,1612,1611,1790073094409.56,39.183578
b1269e28,1613,1612,1790073094445.274,35.714038
b1269e28,1614,1613,1790073094520.388,75.114027
b1269e28,1615,1614,1790073094571.225,50.836497
b1269e28,1616,1615,1790073094613.95,42.725145
b1269e28,1617,1616,1790073094646.643,32.69353
b1269e28,1618,1617,1790073094722.22,75.577262
b1269e28,1619,1618,1790073094764.163,41.942151
b1269e28,1620,1619,1790073094804.101,39.938603
b1269e28,1621,1620,1790073094861.901,57.799841
b1269e28,1622,1621,1790073094930.135,68.234536
b1269e28,1623,1622,1790073094972.258,42.122559
b1269e28,1624,1623,1790073095000.586,28.328374
b1269e28,1625,1624,1790073095043.784,43.197459
b1269e28,1626,1625,1790073095127.983,84.199195
b1269e28,1627,1626,1790073095167.266,39.282431
b1269e28,1628,1627,1790073095217.956,50.69064
b1269e28,1629,1628,1790073095249.551,31.594761
b1269e28,1630,1629,1790073095332.183,82.632042
b1269e28,1631,1630,1790073095369.372,37.189315
b1269e28,1632,1631,1790073095405.565,36.192921
b1269e28,1633,1632,1790073095449.615,44.050172
b1269e28,1634,1633,1790073095540.14,90.524648
b1269e28,1635,1634,1790073095560.883,20.742384
b1269e28,1636,1635,1790073095603.845,42.962554
b1269e28,1637,1636,1790073095647.78,43.934409
b1269e28,1638,1637,1790073095765.513,117.733861
b1269e28,1639,1638,1790073095768.478,2.965048
b1269e28,1640,1639,1790073095810.507,42.028276
b1269e28,1641,1640,1790073095847.054,36.547075
b1269e28,1642,1641,1790073095958.391,111.33724
b1269e28,1643,1642,1790073095961.487,3.096368
b1269e28,1644,1643,1790073096006.171,44.684114
b1269e28,1645,1644,1790073096043.93,37.758169
b1269e28,1646,1645,1790073096123.028,79.098531
b1269e28,1647,1646,1790073096165.967,42.939236
b1269e28,1648,1647,1790073096207.511,41.543874
b1269e28,1649,1648,1790073096247.073,39.561928
b1269e28,1650,1649,1790073096320.194,73.120663
b1269e28,1651,1650,1790073096370.295,50.10131
b1269e28,1652,1651,1790073096409.559,39.263505
b1269e28,1653,1652,1790073096442.846,33.287884
b1269e28,1654,1653,1790073096519.606,76.759208
b1269e28,1655,1654,1790073096563.669,44.062979
b1269e28,1656,1655,1790073096602.168,38.499497
b1269e28,1657,1656,1790073096652.994,50.825391
b1269e28,1658,1657,1790073096738.604,85.611009
b1269e28,1659,1658,1790073096769.656,31.051167
b1269e28,1660,1659,1790073096809.092,39.435707
b1269e28,1661,1660,1790073096847.847,38.755864
b1269e28,1662,1661,1790073096927.438,79.59047
b1269e28,1663,1662,1790073096960.143,32.705131
b1269e28,1664,1663,1790073097012.866,52.72274
b1269e28,1665,1664,1790073097046.209,33.343809
b1269e28,1666,1665,1790073097138.946,92.73644
b1269e28,1667,1666,1790073097161.882,22.935899
b1269e28,1668,1667,1790073097211.98,50.097946
b1269e28,1669,1668,1790073097240.614,28.634042
b1269e28,1670,1669,1790073097320.307,79.693636
b1269e28,1671,1670,1790073097369.862,49.554067
b1269e28,1672,1671,1790073097402.316,32.454883
b1269e28,1673,1672,1790073097440.266,37.949924
b1269e28,1674,1673,1790073097531.844,91.57813
b1269e28,1675,1674,1790073097571.413,39.568967
b1269e28,1676,1675,1790073097610.375,38.961277
b1269e28,1677,1676,1790073097641.359,30.984487
b1269e28,1678,1677,1790073097791.328,149.969058
b1269e28,1679,1678,1790073097792.806,1.477354
b1269e28,1680,1679,1790073097815.74,22.934434
b1269e28,1681,1680,1790073097839.835,24.094822
b1269e28,1682,1681,1790073097918.927,79.091866
b1269e28,1683,1682,1790073097959.145,40.217849
b1269e28,1684,1683,1790073098003.723,44.578313
b1269e28,1685,1684,1790073098043.68,39.957576
b1269e28,1686,1685,1790073098115.541,71.860317
b1269e28,1687,1686,1790073098154.108,38.56767
b1269e28,1688,1687,1790073098210.102,55.9936
b1269e28,1689,1688,1790073098238.28,28.17807
b1269e28,1690,1689,1790073098316.432,78.151894
b1269e28,1691,1690,1790073098364.587,48.155348
b1269e28,1692,1691,1790073098397.533,32.945807
b1269e28,1693,1692,1790073098436.31,38.776624
b1269e28,1694,1693,1790073098514.106,77.796137
b1269e28,1695,1694,1790073098559.443,45.337433
b1269e28,1696,1695,1790073098600.258,40.814953
b1269e28,1697,1696,1790073098635.312,35.054151
b1269e28,1698,1697,1790073098716.284,80.971683
b1269e28,1699,1698,1790073098756.08,39.795633
b1269e28,1700,1699,1790073098804.551,48.470866
b1269e28,1701,1700,1790073098839.709,35.157999
b1269e28,1702,1701,1790073098913.416,73.707501
b1269e28,1703,1702,1790073098966.714,53.297803
b1269e28,1704,1703,1790073098994.634,27.920092
b1269e28,1705,1704,1790073099040.138,45.504308
b1269e28,1706,1705,1790073099125.634,85.49595
b1269e28,1707,1706,1790073099166.165,40.531053
b1269e28,1708,1707,1790073099205.934,39.768412
b1269e28,1709,1708,1790073099233.809,27.875311
b1269e28,1710,1709,1790073099323.716,89.907267
b1269e28,1711,1710,1790073099357.826,34.110163
b1269e28,1712,1711,1790073099400.753,42.926219
b1269e28,1713,1712,1790073099446.878,46.125172
b1269e28,1714,1713,1790073099518.738,71.860053
b1269e28,1715,1714,1790073099563.797,45.058991
b1269e28,1716,1715,1790073099608.838,45.040986
b1269e28,1717,1716,1790073099637.865,29.026843
b1269e28,1718,1717,1790073099751.944,114.079446
b1269e28,1719,1718,1790073099797.164,45.220009
b1269e28,1720,1719,1790073099804.219,7.055188
b1269e28,1721,1720,1790073099860.299,56.079302
b1269e28,1722,1721,1790073099921.232,60.933791
b1269e28,1723,1722,1790073099970.065,48.832426
b1269e28,1724,1723,1790073100013.092,43.026658
b1269e28,1725,1724,1790073100051.657,38.565592
b1269e28,1726,1725,1790073100127.752,76.095097
b1269e28,1727,1726,1790073100168.34,40.588175
b1269e28,1728,1727,1790073100208.364,40.023041
b1269e28,1729,1728,1790073100267.75,59.386137
b1269e28,1730,1729,1790073100326.277,58.527391
b1269e28,1731,1730,1790073100365.913,39.63643
b1269e28,1732,1731,1790073100415.146,49.232936
b1269e28,1733,1732,1790073100449.288,34.141603
b1269e28,1734,1733,1790073100526.854,77.565982
b1269e28,1735,1734,1790073100566.914,40.060205
b1269e28,1736,1735,1790073100605.149,38.235261
b1269e28,1737,1736,1790073100643.007,37.85746
b1269e28,1738,1737,1790073100737.425,94.417993
b1269e28,1739,1738,1790073100768.326,30.900816
b1269e28,1740,1739,1790073100799.218,30.8923
b1269e28,1741,1740,1790073100858.92,59.70158
b1269e28,1742,1741,1790073100924.439,65.519391
b1269e28,1743,1742,1790073100962.584,38.145267
b1269e28,1744,1743,1790073100998.911,36.326696
b1269e28,1745,1744,1790073101057.508,58.597065
b1269e28,1746,1745,1790073101129.686,72.177575
b1269e28,1747,1746,1790073101167.886,38.200434
b1269e28,1748,1747,1790073101209.77,41.883631
b1269e28,1749,1748,1790073101246.408,36.638709
b1269e28,1750,1749,1790073101332.085,85.676868
b1269e28,1751,1750,1790073101361.671,29.585732
b1269e28,1752,1751,1790073101408.837,47.165929
b1269e28,1753,1752,1790073101448.72,39.883436
b1269e28,1754,1753,1790073101533.903,85.182626
b1269e28,1755,1754,1790073101565.143,31.240323
b1269e28,1756,1755,1790073101602.375,37.231943
b1269e28,1757,1756,1790073101650.544,48.168831
b1269e28,1758,1757,1790073101776.175,125.630935
b1269e28,1759,1758,1790073101801.022,24.846974
b1269e28,1760,1759,1790073101823.356,22.334607
b1269e28,1761,1760,1790073101848.188,24.831392
b1269e28,1762,1761,1790073101928.812,80.623539
b1269e28,1763,1762,1790073101963.928,35.116302
b1269e28,1764,1763,1790073102007.327,43.399383
b1269e28,1765,1764,1790073102045.223,37.895784
b1269e28,1766,1765,1790073102128.214,82.990741
b1269e28,1767,1766,1790073102168.937,40.723549
b1269e28,1768,1767,1790073102199.011,30.073986
b1269e28,1769,1768,1790073102239.543,40.532288
b1269e28,1770,1769,1790073102323.414,83.87068
b1269e28,1771,1770,1790073102372.235,48.82117
b1269e28,1772,1771,1790073102402.762,30.526678
b1269e28,1773,1772,1790073102442.119,39.356939
b1269e28,1774,1773,1790073102529.044,86.925231
b1269e28,1775,1774,1790073102568.929,39.884833
b1269e28,1776,1775,1790073102603.986,35.057262
b1269e28,1777,1776,1790073102641.308,37.322138
b1269e28,1778,1777,1790073102719.779,78.470543
b1269e28,1779,1778,1790073102761.748,41.969084
b1269e28,1780,1779,1790073102800.631,38.882562
b1269e28,1781,1780,1790073102855.365,54.734398
b1269e28,1782,1781,1790073102928.391,73.025998
b1269e28,1783,1782,1790073102972.865,44.473758
b1269e28,1784,1783,1790073103008.125,35.259891
b1269e28,1785,1784,1790073103046.739,38.614188
b1269e28,1786,1785,1790073103118.352,71.612774
b1269e28,1787,1786,1790073103159.665,41.312925
b1269e28,1788,1787,1790073103200.331,40.66645
b1269e28,1789,1788,1790073103245.918,45.587446
b1269e28,1790,1789,1790073103330.629,84.710687
b1269e28,1791,1790,1790073103361.092,30.462863
b1269e28,1792,1791,1790073103412.011,50.918932
b1269e28,1793,1792,1790073103441.941,29.930177
b1269e28,1794,1793,1790073103524.138,82.196469
b1269e28,1795,1794,1790073103563.917,39.779398
b1269e28,1796,1795,1790073103624.608,60.69136
b1269e28,1797,1796,1790073103650.203,25.595124
b1269e28,1798,1797,1790073103765.957,115.753823
b1269e28,1799,1798,1790073103781.801,15.84314
b1269e28,1800,1799,1790073103818.051,36.250804
b1269e28,1801,1800,1790073103848.833,30.781423
b1269e28,1802,1801,1790073103922.233,73.399908
b1269e28,1803,1802,1790073103965.609,43.376055
b1269e28,1804,1803,1790073104004.455,38.846368
b1269e28,1805,1804,1790073104035.298,30.843001
b1269e28,1806,1805,1790073104125.653,90.355063
b1269e28,1807,1806,1790073104166.08,40.427317
b1269e28,1808,1807,1790073104200.576,34.495647
b1269e28,1809,1808,1790073104242.105,41.529339
b1269e28,1810,1809,1790073104317.891,75.785709
b1269e28,1811,1810,1790073104359.499,41.607804
b1269e28,1812,1811,1790073104398.701,39.202376
b1269e28,1813,1812,1790073104440.337,41.635947
b1269e28,1814,1813,1790073104519.943,79.605486
b1269e28,1815,1814,1790073104562.267,42.324645
b1269e28,1816,1815,1790073104604.711,42.443254
b1269e28,1817,1816,1790073104638.241,33.530878
b1269e28,1818,1817,1790073104728.57,90.3283
b1269e28,1819,1818,1790073104759.764,31.193982
b1269e28,1820,1819,1790073104805.442,45.678396
b1269e28,1821,1820,1790073104846.903,41.460912
b1269e28,1822,1821,1790073104926.259,79.356182
b1269e28,1823,1822,1790073104967.64,41.380625
b1269e28,1824,1823,1790073105005.314,37.674342
b1269e28,1825,1824,1790073105044.681,39.366572
b1269e28,1826,1825,1790073105126.219,81.538718
b1269e28,1827,1826,1790073105163.455,37.235845
b1269e28,1828,1827,1790073105205.524,42.06845
b1269e28,1829,1828,1790073105244.632,39.107757
b1269e28,1830,1829,1790073105323.867,79.235554
b1269e28,1831,1830,1790073105364.059,40.192166
b1269e28,1832,1831,1790073105415.098,51.03912
b1269e28,1833,1832,1790073105444.75,29.651948
b1269e28,1834,1833,1790073105517.839,73.088325
b1269e28,1835,1834,1790073105555.373,37.534369
b1269e28,1836,1835,1790073105606.467,51.093569
b1269e28,1837,1836,1790073105638.579,32.11223
b1269e28,1838,1837,1790073105767.88,129.301121
b1269e28,1839,1838,1790073105792.861,24.981195
b1269e28,1840,1839,1790073105810.939,18.077695
b1269e28,1841,1840,1790073105840.618,29.679449
b1269e28,1842,1841,1790073105919.232,78.613555
b1269e28,1843,1842,1790073105968.554,49.322613
b1269e28,1844,1843,1790073106013.092,44.537928
b1269e28,1845,1844,1790073106035.962,22.86942
b1269e28,1846,1845,1790073106115.065,79.103611
b1269e28,1847,1846,1790073106167.001,51.935779
b1269e28,1848,1847,1790073106197.688,30.686379
b1269e28,1849,1848,1790073106244.093,46.405437
b1269e28,1850,1849,1790073106326.279,82.186106
b1269e28,1851,1850,1790073106365.615,39.335817
b1269e28,1852,1851,1790073106404.956,39.340661
b1269e28,1853,1852,1790073106455.614,50.657821
b1269e28,1854,1853,1790073106529.052,73.438898
b1269e28,1855,1854,1790073106572.508,43.456033
b1269e28,1856,1855,1790073106611.008,38.499437
b1269e28,1857,1856,1790073106649.024,38.016448
b1269e28,1858,1857,1790073106735.829,86.805109
b1269e28,1859,1858,1790073106764.402,28.572775
b1269e28,1860,1859,1790073106806.335,41.932741
b1269e28,1861,1860,1790073106849.82,43.484665
b1269e28,1862,1861,1790073106930.258,80.438138
b1269e28,1863,1862,1790073106960.785,30.52739
b1269e28,1864,1863,1790073107001.214,40.429411
b1269e28,1865,1864,1790073107043.717,42.502733
b1269e28,1866,1865,1790073107131.382,87.664915
b1269e28,1867,1866,1790073107162.718,31.335731
b1269e28,1868,1867,1790073107217.888,55.170049
b1269e28,1869,1868,1790073107248.206,30.318433
b1269e28,1870,1869,1790073107320.484,72.277244
b1269e28,1871,1870,1790073107367.931,47.447596
b1269e28,1872,1871,1790073107414.656,46.725134
b1269e28,1873,1872,1790073107448.771,34.115149
b1269e28,1874,1873,1790073107529.867,81.095503
b1269e28,1875,1874,1790073107571.181,41.314302
b1269e28,1876,1875,1790073107608.284,37.103089
b1269e28,1877,1876,1790073107642.993,34.708276
b1269e28,1878,1877,1790073107785.361,142.36836
b1269e28,1879,1878,1790073107807.97,22.608984
b1269e28,1880,1879,1790073107822.839,14.869125
b1269e28,1881,1880,1790073107856.726,33.886937
b1269e28,1882,1881,1790073107924.487,67.760543
b1269e28,1883,1882,1790073107960.313,35.826166
b1269e28,1884,1883,1790073107999.265,38.952685
b1269e28,1885,1884,1790073108049.204,49.938522
b1269e28,1886,1885,1790073108120.077,70.872751
b1269e28,1887,1886,1790073108173.409,53.331923
b1269e28,1888,1887,1790073108215.915,42.506473
b1269e28,1889,1888,1790073108249.094,33.178617
b1269e28,1890,1889,1790073108335.458,86.364383
b1269e28,1891,1890,1790073108373.031,37.572757
b1269e28,1892,1891,1790073108414.759,41.727775
b1269e28,1893,1892,1790073108455.162,40.40382
b1269e28,1894,1893,1790073108522.939,67.776534
b1269e28,1895,1894,1790073108569.811,46.871468
b1269e28,1896,1895,1790073108605.402,35.591767
b1269e28,1897,1896,1790073108640.505,35.102581
b1269e28,1898,1897,1790073108742.827,102.322646
b1269e28,1899,1898,1790073108776.279,33.451254
b1269e28,1900,1899,1790073108809.323,33.044415
b1269e28,1901,1900,1790073108847.374,38.051079
b1269e28,1902,1901,1790073108924.482,77.10784
b1269e28,1903,1902,1790073108973.662,49.17977
b1269e28,1904,1903,1790073109008.128,34.466339
b1269e28,1905,1904,1790073109044.318,36.190164
b1269e28,1906,1905,1790073109118.687,74.368367
b1269e28,1907,1906,1790073109170.507,51.820259
b1269e28,1908,1907,1790073109208.801,38.293978
b1269e28,1909,1908,1790073109249.843,41.041951
b1269e28,1910,1909,1790073109327.986,78.143221
b1269e28,1911,1910,1790073109364.888,36.902492
b1269e28,1912,1911,1790073109402.556,37.667111
b1269e28,1913,1912,1790073109445.213,42.65701
b1269e28,1914,1913,1790073109531.948,86.735167
b1269e28,1915,1914,1790073109567.272,35.324548
b1269e28,1916,1915,1790073109608.23,40.957941
b1269e28,1917,1916,1790073109650.172,41.941507
b1269e28,1918,1917,1790073109759.626,109.454081
b1269e28,1919,1918,1790073109814.126,54.49978
b1269e28,1920,1919,1790073109817.256,3.130575
b1269e28,1921,1920,1790073109847.815,30.558916
b1269e28,1922,1921,1790073109920.65,72.835255
b1269e28,1923,1922,1790073109970.152,49.501919
b1269e28,1924,1923,1790073110001.599,31.446791
b1269e28,1925,1924,1790073110042.135,40.535582
b1269e28,1926,1925,1790073110132.289,90.154019
b1269e28,1927,1926,1790073110165.114,32.825234
b1269e28,1928,1927,1790073110210.092,44.978051
b1269e28,1929,1928,1790073110238.633,28.541259
b1269e28,1930,1929,1790073110334.437,95.803369
b1269e28,1931,1930,1790073110362.668,28.231179
b1269e28,1932,1931,1790073110399.407,36.739239
b1269e28,1933,1932,1790073110443.57,44.162828
b1269e28,1934,1933,1790073110526.869,83.299161
b1269e28,1935,1934,1790073110565.455,38.585655
b1269e28,1936,1935,1790073110608.055,42.599858
b1269e28,1937,1936,1790073110643.974,35.919534
b1269e28,1938,1937,1790073110744.834,100.860274
b1269e28,1939,1938,1790073110772.502,27.66814
b1269e28,1940,1939,1790073110815.264,42.761517
b1269e28,1941,1940,1790073110846.373,31.10917
b1269e28,1942,1941,1790073110939.508,93.134924
b1269e28,1943,1942,1790073110979.234,39.725592
b1269e28,1944,1943,1790073111006.675,27.440928
b1269e28,1945,1944,1790073111046.951,40.276124
b1269e28,1946,1945,1790073111129.8,82.84961
b1269e28,1947,1946,1790073111171.671,41.870584
b1269e28,1948,1947,1790073111201.18,29.50952
b1269e28,1949,1948,1790073111254.752,53.571705
b1269e28,1950,1949,1790073111333.933,79.180499
b1269e28,1951,1950,1790073111359.227,25.293751
b1269e28,1952,1951,1790073111402.16,42.933653
b1269e28,1953,1952,1790073111451.893,49.732899
b1269e28,1954,1953,1790073111529.277,77.383517
b1269e28,1955,1954,1790073111572.0,42.722911
b1269e28,1956,1955,1790073111618.865,46.8659
b1269e28,1957,1956,1790073111648.733,29.867462
b1269e28,1958,1957,1790073111765.299,116.565926
b1269e28,1959,1958,1790073111791.3,26.00077
b1269e28,1960,1959,1790073111814.488,23.188826
b1269e28,1961,1960,1790073111845.508,31.019508
b1269e28,1962,1961,1790073111916.061,70.552872
b1269e28,1963,1962,1790073111956.729,40.668617
b1269e28,1964,1963,1790073111997.617,40.887571
b1269e28,1965,1964,1790073112040.06,42.44319
b1269e28,1966,1965,1790073112125.534,85.47374
b1269e28,1967,1966,1790073112165.54,40.005689
b1269e28,1968,1967,1790073112197.832,32.292318
b1269e28,1969,1968,1790073112240.863,43.031156
b1269e28,1970,1969,1790073112325.043,84.18046
b1269e28,1971,1970,1790073112365.678,40.634854
b1269e28,1972,1971,1790073112402.949,37.270482
b1269e28,1973,1972,1790073112446.443,43.493968
b1269e28,1974,1973,1790073112517.438,70.995687
b1269e28,1975,1974,1790073112567.996,50.557211
b1269e28,1976,1975,1790073112603.714,35.718744
b1269e28,1977,1976,1790073112638.144,34.429239
b1269e28,1978,1977,1790073112725.605,87.461557
b1269e28,1979,1978,1790073112759.191,33.585641
b1269e28,1980,1979,1790073112809.789,50.598558
b1269e28,1981,1980,1790073112847.695,37.906025
b1269e28,1982,1981,1790073112920.257,72.561349
b1269e28,1983,1982,1790073112967.621,47.36402
b1269e28,1984,1983,1790073112998.128,30.507728
b1269e28,1985,1984,1790073113042.973,44.844298
b1269e28,1986,1985,1790073113120.178,77.205697
b1269e28,1987,1986,1790073113156.264,36.085826
b1269e28,1988,1987,1790073113211.958,55.693476
b1269e28,1989,1988,1790073113248.597,36.639534
b1269e28,1990,1989,1790073113318.502,69.904898
b1269e28,1991,1990,1790073113356.103,37.600334
b1269e28,1992,1991,1790073113401.742,45.639539
b1269e28,1993,1992,1790073113446.914,45.171884
b1269e28,1994,1993,1790073113516.121,69.20661
b1269e28,1995,1994,1790073113559.255,43.134073
b1269e28,1996,1995,1790073113608.482,49.227454
b1269e28,1997,1996,1790073113641.517,33.035284
b1269e28,1998,1997,1790073113748.38,106.862644
b1269e28,1999,1998,1790073113793.765,45.384895
b1269e28,2000,1999,1790073113811.829,18.063717
b1269e28,2001,2000,1790073113845.584,33.755787
b1269e28,2002,2001,1790073113918.678,73.093644
b1269e28,2003,2002,1790073113965.032,46.353899
b1269e28,2004,2003,1790073114005.108,40.075959
b1269e28,2005,2004,1790073114047.482,42.374394
b1269e28,2006,2005,1790073114117.337,69.854638
b1269e28,2007,2006,1790073114160.522,43.185084
b1269e28,2008,2007,1790073114196.112,35.589459
b1269e28,2009,2008,1790073114241.348,45.236614
b1269e28,2010,2009,1790073114323.566,82.217584
b1269e28,2011,2010,1790073114366.772,43.206001
b1269e28,2012,2011,1790073114411.063,44.291473
b1269e28,2013,2012,1790073114441.118,30.054737
b1269e28,2014,2013,1790073114519.043,77.925309
b1269e28,2015,2014,1790073114563.439,44.395481
b1269e28,2016,2015,1790073114596.909,33.470194
b1269e28,2017,2016,1790073114638.015,41.10637
b1269e28,2018,2017,1790073114722.078,84.062787
b1269e28,2019,2018,1790073114760.673,38.59491
b1269e28,2020,2019,1790073114798.953,38.280151
b1269e28,2021,2020,1790073114847.865,48.912186
b1269e28,2022,2021,1790073114943.022,95.157099
b1269e28,2023,2022,1790073114967.72,24.697785
b1269e28,2024,2023,1790073115002.641,34.920727
b1269e28,2025,2024,1790073115043.128,40.48719
b1269e28,2026,2025,1790073115119.025,75.896521
b1269e28,2027,2026,1790073115158.347,39.322142
b1269e28,2028,2027,1790073115197.401,39.053819
b1269e28,2029,2028,1790073115246.648,49.247093
b1269e28,2030,2029,1790073115321.872,75.224181
b1269e28,2031,2030,1790073115356.022,34.150177
b1269e28,2032,2031,1790073115415.342,59.320102
b1269e28,2033,2032,1790073115445.0,29.657872
b1269e28,2034,2033,1790073115526.535,81.53467
b1269e28,2035,2034,1790073115561.086,34.551717
b1269e28,2036,2035,1790073115610.161,49.074923
b1269e28,2037,2036,1790073115643.104,32.94301
b1269e28,2038,2037,1790073115779.022,135.917591
b1269e28,2039,2038,1790073115805.744,26.721615
b1269e28,2040,2039,1790073115827.076,21.332337
b1269e28,2041,2040,1790073115849.61,22.533988
b1269e28,2042,2041,1790073115927.446,77.83582
b1269e28,2043,2042,1790073115972.555,45.108969
b1269e28,2044,2043,1790073115995.959,23.404547
b1269e28,2045,2044,1790073116048.739,52.78013
b1269e28,2046,2045,1790073116126.818,78.078704
b1269e28,2047,2046,1790073116162.947,36.128874
b1269e28,2048,2047,1790073116207.063,44.116551
b1269e28,2049,2048,1790073116243.055,35.991362
b1269e28,2050,2049,1790073116330.266,87.210678
b1269e28,2051,2050,1790073116361.304,31.039028
b1269e28,2052,2051,1790073116401.496,40.191326
b1269e28,2053,2052,1790073116440.157,38.661651
b1269e28,2054,2053,1790073116529.322,89.163937
b1269e28,2055,2054,1790073116565.655,36.333444
b1269e28,2056,2055,1790073116605.017,39.362429
b1269e28,2057,2056,1790073116642.094,37.076151
b1269e28,2058,2057,1790073116721.235,79.141557
b1269e28,2059,2058,1790073116770.347,49.112014
b1269e28,2060,2059,1790073116804.104,33.757346
b1269e28,2061,2060,1790073116840.275,36.170584
b1269e28,2062,2061,1790073116928.141,87.86594
b1269e28,2063,2062,1790073116970.896,42.754538
b1269e28,2064,2063,1790073117010.427,39.530997
b1269e28,2065,2064,1790073117040.071,29.644672
b1269e28,2066,2065,1790073117130.967,90.89612
b1269e28,2067,2066,1790073117179.074,48.106601
b1269e28,2068,2067,1790073117200.426,21.352138
b1269e28,2069,2068,1790073117247.445,47.018629
b1269e28,2070,2069,1790073117318.552,71.107493
b1269e28,2071,2070,1790073117365.194,46.642024
b1269e28,2072,2071,1790073117415.604,50.409343
b1269e28,2073,2072,1790073117443.87,28.266899
b1269e28,2074,2073,1790073117528.822,84.951745
b1269e28,2075,2074,1790073117565.927,37.105475
b1269e28,2076,2075,1790073117610.31,44.38202
b1269e28,2077,2076,1790073117643.881,33.57124
b1269e28,2078,2077,1790073117773.559,129.678384
b1269e28,2079,2078,1790073117794.135,20.575852
b1269e28,2080,2079,1790073117821.696,27.561091
b1269e28,2081,2080,1790073117856.597,34.900853
b1269e28,2082,2081,1790073117931.188,74.591113
b1269e28,2083,2082,1790073117961.215,30.026387
b1269e28,2084,2083,1790073118009.156,47.941157
b1269e28,2085,2084,1790073118047.162,38.006344
b1269e28,2086,2085,1790073118126.555,79.393169
b1269e28,2087,2086,1790073118164.961,38.406036
b1269e28,2088,2087,1790073118204.034,39.072871
b1269e28,2089,2088,1790073118260.686,56.651707
b1269e28,2090,2089,1790073118320.744,60.058502
b1269e28,2091,2090,1790073118369.373,48.628655
b1269e28,2092,2091,1790073118409.858,40.48548
b1269e28,2093,2092,1790073118441.115,31.256745
b1269e28,2094,2093,1790073118521.296,80.180852
b1269e28,2095,2094,1790073118560.05,38.754143
b1269e28,2096,2095,1790073118604.355,44.305022
b1269e28,2097,2096,1790073118645.025,40.669473
b1269e28,2098,2097,1790073118831.353,186.328043
b1269e28,2099,2098,1790073118839.823,8.470707
b1269e28,2100,2099,1790073118846.654,6.830462
b1269e28,2101,2100,1790073118863.376,16.721792
b1269e28,2102,2101,1790073118920.878,57.502098
b1269e28,2103,2102,1790073118976.22,55.342144
b1269e28,2104,2103,1790073118999.382,23.161879
b1269e28,2105,2104,1790073119040.654,41.271996
b1269e28,2106,2105,1790073119135.214,94.559688
b1269e28,2107,2106,1790073119164.781,29.567106
b1269e28,2108,2107,1790073119208.171,43.390539
b1269e28,2109,2108,1790073119244.747,36.576202
b1269e28,2110,2109,1790073119328.3,83.553011
b1269e28,2111,2110,1790073119364.466,36.165768
b1269e28,2112,2111,1790073119404.466,39.999718
b1269e28,2113,2112,1790073119449.062,44.596412
b1269e28,2114,2113,1790073119524.566,75.503383
b1269e28,2115,2114,1790073119562.722,38.1565
b1269e28,2116,2115,1790073119614.988,52.265493
b1269e28,2117,2116,1790073119646.552,31.564534
b1269e28,2118,2117,1790073119786.55,139.998224
b1269e28,2119,2118,1790073119809.081,22.53082
b1269e28,2120,2119,1790073119817.387,8.305653
b1269e28,2121,2120,1790073119861.526,44.138907
b1269e28,2122,2121,1790073119920.984,59.458352
b1269e28,2123,2122,1790073119973.611,52.62647
b1269e28,2124,2123,1790073120010.324,36.713518
b1269e28,2125,2124,1790073120043.759,33.434926
b1269e28,2126,2125,1790073120124.763,81.00377
b1269e28,2127,2126,1790073120177.571,52.807667
b1269e28,2128,2127,1790073120212.391,34.820729
b1269e28,2129,2128,1790073120247.362,34.971151
b1269e28,2130,2129,1790073120347.519,100.156798
b1269e28,2131,2130,1790073120362.411,14.891757
b1269e28,2132,2131,1790073120414.001,51.590619
b1269e28,2133,2132,1790073120442.988,28.986278
b1269e28,2134,2133,1790073120532.198,89.210374
b1269e28,2135,2134,1790073120566.838,34.639766
b1269e28,2136,2135,1790073120609.745,42.906726
b1269e28,2137,2136,1790073120648.861,39.116472
b1269e28,2138,2137,1790073120722.092,73.230709
b1269e28,2139,2138,1790073120768.339,46.247256
b1269e28,2140,2139,1790073120808.535,40.19628
b1269e28,2141,2140,1790073120853.388,44.852376
b1269e28,2142,2141,1790073120929.83,76.442538
b1269e28,2143,2142,1790073120978.519,48.688845
b1269e28,2144,2143,1790073121007.03,28.511208
b1269e28,2145,2144,1790073121045.651,38.621021
b1269e28,2146,2145,1790073121132.62,86.968992
b1269e28,2147,2146,1790073121182.171,49.550522
b1269e28,2148,2147,1790073121212.542,30.370549
b1269e28,2149,2148,1790073121251.053,38.511242
b1269e28,2150,2149,1790073121330.439,79.386053
b1269e28,2151,2150,1790073121371.39,40.951494
b1269e28,2152,2151,1790073121402.02,30.629176
b1269e28,2153,2152,1790073121445.903,43.883691
b1269e28,2154,2153,1790073121526.964,81.061156
b1269e28,2155,2154,1790073121575.394,48.429395
b1269e28,2156,2155,1790073121609.587,34.193865
b1269e28,2157,2156,1790073121642.237,32.649889
b1269e28,2158,2157,1790073121808.801,166.563105
b1269e28,2159,2158,1790073121811.771,2.970243
b1269e28,2160,2159,1790073121815.858,4.086894
b1269e28,2161,2160,1790073121865.742,49.884107
b1269e28,2162,2161,1790073121935.289,69.546947
b1269e28,2163,2162,1790073121972.991,37.702333
b1269e28,2164,2163,1790073122011.395,38.40408
b1269e28,2165,2164,1790073122048.82,37.424494
b1269e28,2166,2165,1790073122125.711,76.891864
b1269e28,2167,2166,1790073122170.806,45.094884
b1269e28,2168,2167,1790073122209.663,38.85629
b1269e28,2169,2168,1790073122252.212,42.549581
b1269e28,2170,2169,1790073122343.428,91.215683
b1269e28,2171,2170,1790073122380.994,37.565875
b1269e28,2172,2171,1790073122402.729,21.735548
b1269e28,2173,2172,1790073122456.541,53.811336
b1269e28,2174,2173,1790073122523.626,67.084944
b1269e28,2175,2174,1790073122578.437,54.811562
b1269e28,2176,2175,1790073122617.647,39.209618
b1269e28,2177,2176,1790073122645.139,27.492362
b1269e28,2178,2177,1790073122725.945,80.805444
b1269e28,2179,2178,1790073122767.35,41.40512
b1269e28,2180,2179,1790073122820.81,53.460006
b1269e28,2181,2180,1790073122860.986,40.176002
b1269e28,2182,2181,1790073122934.395,73.409411
b1269e28,2183,2182,1790073122979.098,44.702695
b1269e28,2184,2183,1790073123009.994,30.896624
b1269e28,2185,2184,1790073123040.421,30.426413
b1269e28,2186,2185,1790073123129.823,89.402188
b1269e28,2187,2186,1790073123165.905,36.082151
b1269e28,2188,2187,1790073123213.755,47.850177
b1269e28,2189,2188,1790073123248.093,34.337444
b1269e28,2190,2189,1790073123327.11,79.017088
b1269e28,2191,2190,1790073123365.525,38.415216
b1269e28,2192,2191,1790073123410.996,45.471009
b1269e28,2193,2192,1790073123453.596,42.599444
b1269e28,2194,2193,1790073123525.112,71.516658
b1269e28,2195,2194,1790073123571.13,46.017433
b1269e28,2196,2195,1790073123606.28,35.150563
b1269e28,2197,2196,1790073123655.213,48.932943
b1269e28,2198,2197,1790073123819.515,164.302218
b1269e28,2199,2198,1790073123822.53,3.014515
b1269e28,2200,2199,1790073123824.052,1.522506
b1269e28,2201,2200,1790073123843.849,19.796302
b1269e28,2202,2201,1790073123926.208,82.358915
b1269e28,2203,2202,1790073123963.34,37.132719
b1269e28,2204,2203,1790073124005.11,41.769139
b1269e28,2205,2204,1790073124047.282,42.172403
b1269e28,2206,2205,1790073124140.683,93.400787
b1269e28,2207,2206,1790073124173.401,32.718262
b1269e28,2208,2207,1790073124208.865,35.464022
b1269e28,2209,2208,1790073124245.257,36.392379
b1269e28,2210,2209,1790073124321.212,75.954894
b1269e28,2211,2210,1790073124377.135,55.9232
b1269e28,2212,2211,1790073124409.683,32.547403
b1269e28,2213,2212,1790073124442.638,32.954938
b1269e28,2214,2213,1790073124532.012,89.37457
b1269e28,2215,2214,1790073124565.238,33.225703
b1269e28,2216,2215,1790073124600.545,35.307348
b1269e28,2217,2216,1790073124649.323,48.777818
b1269e28,2218,2217,1790073124720.912,71.589164
b1269e28,2219,2218,1790073124759.26,38.347523
b1269e28,2220,2219,1790073124809.08,49.819622
b1269e28,2221,2220,1790073124857.73,48.650787
b1269e28,2222,2221,1790073124927.008,69.277888
b1269e28,2223,2222,1790073124968.848,41.839495
b1269e28,2224,2223,1790073125011.492,42.644595
b1269e28,2225,2224,1790073125042.645,31.152621
b1269e28,2226,2225,1790073125130.002,87.357531
b1269e28,2227,2226,1790073125163.303,33.300832
b1269e28,2228,2227,1790073125199.145,35.841203
b1269e28,2229,2228,1790073125249.423,50.278058
b1269e28,2230,2229,1790073125334.867,85.444756
b1269e28,2231,2230,1790073125369.724,34.856368
b1269e28,2232,2231,1790073125405.96,36.236186
b1269e28,2233,2232,1790073125452.356,46.396322
b1269e28,2234,2233,1790073125537.094,84.73818
b1269e28,2235,2234,1790073125573.55,36.455893
b1269e28,2236,2235,1790073125618.224,44.67333
b1269e28,2237,2236,1790073125640.321,22.096884
b1269e28,2238,2237,1790073125791.726,151.405347
b1269e28,2239,2238,1790073125806.96,15.234633
b1269e28,2240,2239,1790073125823.319,16.358677
b1269e28,2241,2240,1790073125853.301,29.981435
b1269e28,2242,2241,1790073125923.299,69.998446
b1269e28,2243,2242,1790073125969.74,46.440888
b1269e28,2244,2243,1790073126007.287,37.54669
b1269e28,2245,2244,1790073126041.304,34.017895
b1269e28,2246,2245,1790073126121.687,80.382828
b1269e28,2247,2246,1790073126162.323,40.63585
b1269e28,2248,2247,1790073126211.476,49.152803
b1269e28,2249,2248,1790073126251.269,39.792511
b1269e28,2250,2249,1790073126334.28,83.011914
b1269e28,2251,2250,1790073126375.456,41.17528
b1269e28,2252,2251,1790073126411.211,35.755185
b1269e28,2253,2252,1790073126449.096,37.884955
b1269e28,2254,2253,1790073126528.149,79.053354
b1269e28,2255,2254,1790073126570.63,42.480978
b1269e28,2256,2255,1790073126611.121,40.490728
b1269e28,2257,2256,1790073126645.572,34.450577
b1269e28,2258,2257,1790073126725.815,80.244094
b1269e28,2259,2258,1790073126767.395,41.579517
b1269e28,2260,2259,1790073126801.714,34.318861
b1269e28,2261,2260,1790073126846.886,45.17244
b1269e28,2262,2261,1790073126929.094,82.207797
b1269e28,2263,2262,1790073126982.268,53.173771
b1269e28,2264,2263,1790073127004.979,22.711571
b1269e28,2265,2264,1790073127056.199,51.219144
b1269e28,2266,2265,1790073127120.982,64.78302
b1269e28,2267,2266,1790073127179.271,58.289249
b1269e28,2268,2267,1790073127202.282,23.011314
b1269e28,2269,2268,1790073127250.653,48.370644
b1269e28,2270,2269,1790073127328.793,78.140172
b1269e28,2271,2270,1790073127371.776,42.98251
b1269e28,2272,2271,1790073127413.063,41.287856
b1269e28,2273,2272,1790073127443.859,30.795331
b1269e28,2274,2273,1790073127535.393,91.533879
b1269e28,2275,2274,1790073127562.257,26.864619
b1269e28,2276,2275,1790073127622.452,60.194653
b1269e28,2277,2276,1790073127646.17,23.718101
b1269e28,2278,2277,1790073127763.355,117.185245
b1269e28,2279,2278,1790073127797.685,34.329999
b1269e28,2280,2279,1790073127812.706,15.020988
b1269e28,2281,2280,1790073127851.348,38.641943
b1269e28,2282,2281,1790073127926.979,75.630867
b1269e28,2283,2282,1790073127962.688,35.708757
b1269e28,2284,2283,1790073128005.075,42.3874
b1269e28,2285,2284,1790073128041.48,36.404876
b1269e28,2286,2285,1790073128128.331,86.850915
b1269e28,2287,2286,1790073128171.914,43.582846
b1269e28,2288,2287,1790073128209.824,37.909918
b1269e28,2289,2288,1790073128251.911,42.087756
b1269e28,2290,2289,1790073128335.344,83.431955
b1269e28,2291,2290,1790073128373.186,37.842202
b1269e28,2292,2291,1790073128410.449,37.263423
b1269e28,2293,2292,1790073128456.992,46.543367
b1269e28,2294,2293,1790073128520.309,63.316709
b1269e28,2295,2294,1790073128571.189,50.879757
b1269e28,2296,2295,1790073128612.874,41.684765
b1269e28,2297,2296,1790073128642.061,29.187687
b1269e28,2298,2297,1790073128720.156,78.094791
b1269e28,2299,2298,1790073128766.707,46.55032
b1269e28,2300,2299,1790073128812.07,45.363084
b1269e28,2301,2300,1790073128851.644,39.574521
b1269e28,2302,2301,1790073128926.168,74.523645
b1269e28,2303,2302,1790073128968.141,41.973616
b1269e28,2304,2303,1790073129008.63,40.48835
b1269e28,2305,2304,1790073129049.699,41.069601
b1269e28,2306,2305,1790073129130.511,80.812153
b1269e28,2307,2306,1790073129166.461,35.949727
b1269e28,2308,2307,1790073129207.973,41.512149
b1269e28,2309,2308,1790073129250.146,42.172367
b1269e28,2310,2309,1790073129334.5,84.354776
b1269e28,2311,2310,1790073129359.759,25.258245
b1269e28,2312,2311,1790073129401.456,41.697531
b1269e28,2313,2312,1790073129440.29,38.833496
b1269e28,2314,2313,1790073129528.625,88.335119
b1269e28,2315,2314,1790073129572.479,43.853612
b1269e28,2316,2315,1790073129606.784,34.305892
b1269e28,2317,2316,1790073129640.487,33.70299
b1269e28,2318,2317,1790073129853.1,212.612565
b1269e28,2319,2318,1790073129858.008,4.908328
b1269e28,2320,2319,1790073129860.141,2.132531
b1269e28,2321,2320,1790073129861.722,1.581016
b1269e28,2322,2321,1790073129936.873,75.151576
b1269e28,2323,2322,1790073129965.799,28.925884
b1269e28,2324,2323,1790073130011.596,45.796693
b1269e28,2325,2324,1790073130055.962,44.365647
b1269e28,2326,2325,1790073130120.017,64.055774
b1269e28,2327,2326,1790073130169.465,49.447748
b1269e28,2328,2327,1790073130223.726,54.261275
b1269e28,2329,2328,1790073130250.163,26.436806
b1269e28,2330,2329,1790073130321.509,71.345532
b1269e28,2331,2330,1790073130372.764,51.255297
b1269e28,2332,2331,1790073130411.429,38.665494
b1269e28,2333,2332,1790073130443.409,31.979999
b1269e28,2334,2333,1790073130521.248,77.83848
b1269e28,2335,2334,1790073130576.675,55.42648
b1269e28,2336,2335,1790073130603.606,26.931349
b1269e28,2337,2336,1790073130649.583,45.97659
b1269e28,2338,2337,1790073130740.773,91.190701
b1269e28,2339,2338,1790073130772.385,31.61222
b1269e28,2340,2339,1790073130810.416,38.030322
b1269e28,2341,2340,1790073130853.078,42.662219
b1269e28,2342,2341,1790073130930.742,77.663722
b1269e28,2343,2342,1790073130962.535,31.793115
b1269e28,2344,2343,1790073131014.735,52.200288
b1269e28,2345,2344,1790073131046.924,32.189387
b1269e28,2346,2345,1790073131130.803,83.878498
b1269e28,2347,2346,1790073131167.887,37.084599
b1269e28,2348,2347,1790073131208.607,40.71937
b1269e28,2349,2348,1790073131256.44,47.833171
b1269e28,2350,2349,1790073131336.379,79.938654
b1269e28,2351,2350,1790073131372.414,36.035276
b1269e28,2352,2351,1790073131417.414,45.000434
b1269e28,2353,2352,1790073131450.166,32.75178
b1269e28,2354,2353,1790073131528.746,78.57964
b1269e28,2355,2354,1790073131570.968,42.222032
b1269e28,2356,2355,1790073131620.578,49.610077
b1269e28,2357,2356,1790073131644.784,24.206601
b1269e28,2358,2357,1790073131762.553,117.768847
b1269e28,2359,2358,1790073131793.699,31.145254
b1269e28,2360,2359,1790073131810.35,16.651482
b1269e28,2361,2360,1790073131853.248,42.898029
b1269e28,2362,2361,1790073131927.343,74.094877
b1269e28,2363,2362,1790073131962.533,35.189765
b1269e28,2364,2363,1790073132000.2,37.667064
b1269e28,2365,2364,1790073132051.333,51.132852
b1269e28,2366,2365,1790073132129.156,77.822944
b1269e28,2367,2366,1790073132169.391,40.23492
b1269e28,2368,2367,1790073132206.87,37.478981
b1269e28,2369,2368,1790073132246.588,39.718673
b1269e28,2370,2369,1790073132320.052,73.464375
b1269e28,2371,2370,1790073132359.732,39.67951
b1269e28,2372,2371,1790073132407.459,47.726729
b1269e28,2373,2372,1790073132440.583,33.124375
b1269e28,2374,2373,1790073132534.203,93.620098
b1269e28,2375,2374,1790073132570.293,36.090135
b1269e28,2376,2375,1790073132606.946,36.652157
b1269e28,2377,2376,1790073132648.111,41.165567
b1269e28,2378,2377,1790073132721.11,72.999124
b1269e28,2379,2378,1790073132775.147,54.037198
b1269e28,2380,2379,1790073132800.724,25.576834
b1269e28,2381,2380,1790073132843.392,42.66742
b1269e28,2382,2381,1790073132923.213,79.821457
b1269e28,2383,2382,1790073132962.881,39.667565
b1269e28,2384,2383,1790073133010.746,47.865429
b1269e28,2385,2384,1790073133056.871,46.124489
b1269e28,2386,2385,1790073133129.355,72.484521
b1269e28,2387,2386,1790073133171.216,41.860549
b1269e28,2388,2387,1790073133203.269,32.053079
b1269e28,2389,2388,1790073133248.68,45.411471
b1269e28,2390,2389,1790073133329.49,80.810032
b1269e28,2391,2390,1790073133368.812,39.322135
b1269e28,2392,2391,1790073133410.466,41.653342
b1269e28,2393,2392,1790073133443.05,32.583924
b1269e28,2394,2393,1790073133527.103,84.053457
b1269e28,2395,2394,1790073133560.764,33.660646
b1269e28,2396,2395,1790073133607.179,46.415665
b1269e28,2397,2396,1790073133648.494,41.314575
b1269e28,2398,2397,1790073133806.285,157.791017
b1269e28,2399,2398,1790073133812.125,5.839825
b1269e28,2400,2399,1790073133814.083,1.958554
b1269e28,2401,2400,1790073133839.751,25.668014
b1269e28,2402,2401,1790073133919.286,79.534873
b1269e28,2403,2402,1790073133962.327,43.041045
b1269e28,2404,2403,1790073134001.158,38.830419
b1269e28,2405,2404,1790073134053.623,52.464867
b1269e28,2406,2405,1790073134126.012,72.389372
b1269e28,2407,2406,1790073134159.587,33.574842
b1269e28,2408,2407,1790073134207.475,47.888012
b1269e28,2409,2408,1790073134239.483,32.00781
b1269e28,2410,2409,1790073134318.49,79.007212
b1269e28,2411,2410,1790073134361.159,42.668799
b1269e28,2412,2411,1790073134410.61,49.451636
b1269e28,2413,2412,1790073134439.873,29.262315
b1269e28,2414,2413,1790073134518.747,78.874213
b1269e28,2415,2414,1790073134563.342,44.594689
b1269e28,2416,2415,1790073134601.044,37.702131
b1269e28,2417,2416,1790073134643.311,42.26735
b1269e28,2418,2417,1790073134730.456,87.145176
b1269e28,2419,2418,1790073134761.688,31.231838
b1269e28,2420,2419,1790073134806.55,44.862226
b1269e28,2421,2420,1790073134835.705,29.154758
b1269e28,2422,2421,1790073134930.665,94.960276
b1269e28,2423,2422,1790073134971.467,40.801609
b1269e28,2424,2423,1790073135004.463,32.995683
b1269e28,2425,2424,1790073135043.033,38.570673
b1269e28,2426,2425,1790073135131.893,88.860064
b1269e28,2427,2426,1790073135165.419,33.525476
b1269e28,2428,2427,1790073135210.899,45.479751
b1269e28,2429,2428,1790073135246.516,35.617432
b1269e28,2430,2429,1790073135333.833,87.316409
b1269e28,2431,2430,1790073135362.211,28.379104
b1269e28,2432,2431,1790073135410.004,47.792748
b1269e28,2433,2432,1790073135440.09,30.085909
b1269e28,2434,2433,1790073135516.503,76.412651
b1269e28,2435,2434,1790073135559.678,43.175221
b1269e28,2436,2435,1790073135613.127,53.448932
b1269e28,2437,2436,1790073135639.286,26.158864
b1269e28,2438,2437,1790073135760.572,121.285868
b1269e28,2439,2438,1790073135782.063,21.491244
b1269e28,2440,2439,1790073135807.108,25.045451
b1269e28,2441,2440,1790073135854.721,47.61314
b1269e28,2442,2441,1790073135915.371,60.649714
b1269e28,2443,2442,1790073135962.785,47.413866
b1269e28,2444,2443,1790073136001.036,38.250825
b1269e28,2445,2444,1790073136056.42,55.383612
b1269e28,2446,2445,1790073136140.794,84.374551
b1269e28,2447,2446,1790073136166.61,25.816247
b1269e28,2448,2447,1790073136196.662,30.051574
b1269e28,2449,2448,1790073136252.101,55.438601
b1269e28,2450,2449,1790073136321.208,69.107127
b1269e28,2451,2450,1790073136359.98,38.772102
b1269e28,2452,2451,1790073136409.723,49.743171
b1269e28,2453,2452,1790073136442.68,32.957263
b1269e28,2454,2453,1790073136526.857,84.177074
b1269e28,2455,2454,1790073136570.462,43.605
b1269e28,2456,2455,1790073136610.998,40.535881
b1269e28,2457,2456,1790073136646.844,35.846296
b1269e28,2458,2457,1790073136729.48,82.635918
b1269e28,2459,2458,1790073136781.064,51.583748
b1269e28,2460,2459,1790073136806.362,25.298283
b1269e28,2461,2460,1790073136864.302,57.939191
b1269e28,2462,2461,1790073136926.9,62.598392
b1269e28,2463,2462,1790073136962.265,35.365492
b1269e28,2464,2463,1790073137013.034,50.768345
b1269e28,2465,2464,1790073137056.785,43.751392
b1269e28,2466,2465,1790073137135.793,79.007568
b1269e28,2467,2466,1790073137164.82,29.02734
b1269e28,2468,2467,1790073137207.78,42.959586
b1269e28,2469,2468,1790073137245.026,37.245869
b1269e28,2470,2469,1790073137328.199,83.173888
b1269e28,2471,2470,1790073137360.738,32.538879
b1269e28,2472,2471,1790073137405.052,44.313292
b1269e28,2473,2472,1790073137450.274,45.222368
b1269e28,2474,2473,1790073137519.599,69.325243
b1269e28,2475,2474,1790073137569.721,50.121577
b1269e28,2476,2475,1790073137616.791,47.070407
b1269e28,2477,2476,1790073137642.306,25.514871
b1269e28,2478,2477,1790073137767.93,125.623772
b1269e28,2479,2478,1790073137878.074,110.144275
b1269e28,2480,2479,1790073137879.891,1.817042
b1269e28,2481,2480,1790073137881.936,2.044269
b1269e28,2482,2481,1790073137925.769,43.833751
b1269e28,2483,2482,1790073137964.878,39.108908
b1269e28,2484,2483,1790073138004.431,39.552838
b1269e28,2485,2484,1790073138046.832,42.400852
b1269e28,2486,2485,1790073138126.903,80.071129
b1269e28,2487,2486,1790073138170.227,43.323928
b1269e28,2488,2487,1790073138201.401,31.174062
b1269e28,2489,2488,1790073138246.128,44.726737
b1269e28,2490,2489,1790073138327.97,81.842036
b1269e28,2491,2490,1790073138369.369,41.399011
b1269e28,2492,2491,1790073138404.447,35.077772
b1269e28,2493,2492,1790073138439.623,35.175982
b1269e28,2494,2493,1790073138539.565,99.942868
b1269e28,2495,2494,1790073138577.859,38.293517
b1269e28,2496,2495,1790073138610.202,32.342782
b1269e28,2497,2496,1790073138639.261,29.059652
b1269e28,2498,2497,1790073138730.621,91.359998
b1269e28,2499,2498,1790073138761.047,30.425625
b1269e28,2500,2499,1790073138812.713,51.666024
b1269e28,2501,2500,1790073138849.2,36.487378
b1269e28,2502,2501,1790073138935.117,85.916581
b1269e28,2503,2502,1790073138962.939,27.82219
b1269e28,2504,2503,1790073139006.67,43.730569
b1269e28,2505,2504,1790073139048.478,41.808217
b1269e28,2506,2505,1790073139141.188,92.710106
b1269e28,2507,2506,1790073139167.847,26.659451
b1269e28,2508,2507,1790073139201.673,33.825576
b1269e28,2509,2508,1790073139240.594,38.920763
b1269e28,2510,2509,1790073139324.528,83.933896
b1269e28,2511,2510,1790073139386.899,62.371015
b1269e28,2512,2511,1790073139405.218,18.31936
b1269e28,2513,2512,1790073139441.025,35.806594
b1269e28,2514,2513,1790073139528.594,87.569008
b1269e28,2515,2514,1790073139566.9,38.306861
b1269e28,2516,2515,1790073139620.152,53.251733
b1269e28,2517,2516,1790073139647.986,27.833661
b1269e28,2518,2517,1790073139783.738,135.751948
b1269e28,2519,2518,1790073139802.397,18.659173
b1269e28,2520,2519,1790073139818.407,16.009684
b1269e28,2521,2520,1790073139856.055,37.648782
b1269e28,2522,2521,1790073139929.654,73.598685
b1269e28,2523,2522,1790073139963.874,34.220009
b1269e28,2524,2523,1790073140011.016,47.142149
b1269e28,2525,2524,1790073140056.516,45.499621
b1269e28,2526,2525,1790073140129.228,72.711966
b1269e28,2527,2526,1790073140163.328,34.099759
b1269e28,2528,2527,1790073140208.097,44.768974
b1269e28,2529,2528,1790073140247.862,39.765606
b1269e28,2530,2529,1790073140331.777,83.914866
b1269e28,2531,2530,1790073140382.332,50.555247
b1269e28,2532,2531,1790073140406.493,24.160854
b1269e28,2533,2532,1790073140449.327,42.833938
b1269e28,2534,2533,1790073140532.072,82.744442
b1269e28,2535,2534,1790073140579.305,47.233266
b1269e28,2536,2535,1790073140617.35,38.044933
b1269e28,2537,2536,1790073140653.063,35.713675
b1269e28,2538,2537,1790073140729.957,76.893305
b1269e28,2539,2538,1790073140768.655,38.697819
b1269e28,2540,2539,1790073140808.249,39.593822
b1269e28,2541,2540,1790073140857.03,48.781119
b1269e28,2542,2541,1790073140941.094,84.064751
b1269e28,2543,2542,1790073140993.274,52.180067
b1269e28,2544,2543,1790073141012.236,18.962078
b1269e28,2545,2544,1790073141043.292,31.055751
b1269e28,2546,2545,1790073141139.33,96.037849
b1269e28,2547,2546,1790073141174.334,35.004074
b1269e28,2548,2547,1790073141218.374,44.040088
b1269e28,2549,2548,1790073141252.175,33.800746
b1269e28,2550,2549,1790073141334.238,82.063066
b1269e28,2551,2550,1790073141372.474,38.236187
b1269e28,2552,2551,1790073141419.178,46.703834
b1269e28,2553,2552,1790073141456.003,36.825261
b1269e28,2554,2553,1790073141521.314,65.311268
b1269e28,2555,2554,1790073141573.086,51.771727
b1269e28,2556,2555,1790073141619.901,46.815053
b1269e28,2557,2556,1790073141640.996,21.094212
b1269e28,2558,2557,1790073141798.863,157.867747
b1269e28,2559,2558,1790073141834.167,35.303085
b1269e28,2560,2559,1790073141846.533,12.366399
b1269e28,2561,2560,1790073141853.147,6.613861
b1269e28,2562,2561,1790073141940.703,87.556769
b1269e28,2563,2562,1790073141975.867,35.163745
b1269e28,2564,2563,1790073142027.477,51.609371
b1269e28,2565,2564,1790073142060.167,32.689945
b1269e28,2566,2565,1790073142143.048,82.881664
b1269e28,2567,2566,1790073142174.64,31.591428
b1269e28,2568,2567,1790073142212.448,37.80844
b1269e28,2569,2568,1790073142276.437,63.988712
b1269e28,2570,2569,1790073142332.258,55.821138
b1269e28,2571,2570,1790073142372.68,40.421999
b1269e28,2572,2571,1790073142419.199,46.519088
b1269e28,2573,2572,1790073142450.791,31.591732
b1269e28,2574,2573,1790073142521.31,70.519148
b1269e28,2575,2574,1790073142568.452,47.142222
b1269e28,2576,2575,1790073142618.041,49.588584
b1269e28,2577,2576,1790073142644.363,26.321971
b1269e28,2578,2577,1790073142720.169,75.805984
b1269e28,2579,2578,1790073142770.584,50.415317
b1269e28,2580,2579,1790073142810.148,39.563802
b1269e28,2581,2580,1790073142843.151,33.003491
b1269e28,2582,2581,1790073142930.752,87.600677
b1269e28,2583,2582,1790073142970.209,39.457502
b1269e28,2584,2583,1790073143010.249,40.039987
b1269e28,2585,2584,1790073143040.647,30.398189
b1269e28,2586,2585,1790073143129.165,88.517629
b1269e28,2587,2586,1790073143165.265,36.099606
b1269e28,2588,2587,1790073143201.81,36.545179
b1269e28,2589,2588,1790073143246.911,45.101262
b1269e28,2590,2589,1790073143341.875,94.964146
b1269e28,2591,2590,1790073143364.602,22.726321
b1269e28,2592,2591,1790073143414.149,49.547717
b1269e28,2593,2592,1790073143448.694,34.544322
b1269e28,2594,2593,1790073143524.482,75.78806
b1269e28,2595,2594,1790073143566.211,41.729142
b1269e28,2596,2595,1790073143603.803,37.592545
b1269e28,2597,2596,1790073143648.016,44.212941
b1269e28,2598,2597,1790073143775.463,127.44634
b1269e28,2599,2598,1790073143806.603,31.140297
b1269e28,2600,2599,1790073143820.733,14.129927
b1269e28,2601,2600,1790073143856.255,35.522272
b1269e28,2602,2601,1790073143924.083,67.827897
b1269e28,2603,2602,1790073143974.03,49.94687
b1269e28,2604,2603,1790073144011.776,37.746355
b1269e28,2605,2604,1790073144047.175,35.398626
b1269e28,2606,2605,1790073144127.949,80.773699
b1269e28,2607,2606,1790073144164.46,36.511288
b1269e28,2608,2607,1790073144212.76,48.299595
b1269e28,2609,2608,1790073144254.305,41.545404
b1269e28,2610,2609,1790073144337.299,82.993833
b1269e28,2611,2610,1790073144371.216,33.917086
b1269e28,2612,2611,1790073144413.684,42.468326
b1269e28,2613,2612,1790073144447.335,33.650961
b1269e28,2614,2613,1790073144540.164,92.828873
b1269e28,2615,2614,1790073144572.14,31.97623
b1269e28,2616,2615,1790073144612.198,40.058267
b1269e28,2617,2616,1790073144646.043,33.844266
b1269e28,2618,2617,1790073144742.638,96.595572
b1269e28,2619,2618,1790073144767.524,24.885199
b1269e28,2620,2619,1790073144805.028,37.504529
b1269e28,2621,2620,1790073144846.052,41.023803
b1269e28,2622,2621,1790073144924.658,78.605908
b1269e28,2623,2622,1790073144966.564,41.906148
b1269e28,2624,2623,1790073145004.009,37.445284
b1269e28,2625,2624,1790073145041.601,37.592002
b1269e28,2626,2625,1790073145133.043,91.442254
b1269e28,2627,2626,1790073145171.255,38.211536
b1269e28,2628,2627,1790073145224.114,52.858697
b1269e28,2629,2628,1790073145253.266,29.151772
b1269e28,2630,2629,1790073145334.26,80.994722
b1269e28,2631,2630,1790073145363.697,29.436662
b1269e28,2632,2631,1790073145416.598,52.90134
b1269e28,2633,2632,1790073145451.788,35.189565
b1269e28,2634,2633,1790073145532.527,80.739109
b1269e28,2635,2634,1790073145562.752,30.224857
b1269e28,2636,2635,1790073145605.879,43.127085
b1269e28,2637,2636,1790073145640.974,35.095104
b1269e28,2638,2637,1790073145765.696,124.722026
b1269e28,2639,2638,1790073145816.792,51.095987
b1269e28,2640,2639,1790073145820.463,3.670633
b1269e28,2641,2640,1790073145862.762,42.299618
b1269e28,2642,2641,1790073145926.388,63.626216
b1269e28,2643,2642,1790073145967.454,41.065353
b1269e28,2644,2643,1790073146010.492,43.038137
b1269e28,2645,2644,1790073146047.007,36.514984
b1269e28,2646,2645,1790073146129.47,82.463377
b1269e28,2647,2646,1790073146164.985,35.514628
b1269e28,2648,2647,1790073146204.333,39.348634
b1269e28,2649,2648,1790073146252.72,48.386609
b1269e28,2650,2649,1790073146339.783,87.06304
b1269e28,2651,2650,1790073146376.341,36.557248
b1269e28,2652,2651,1790073146405.253,28.913009
b1269e28,2653,2652,1790073146467.772,62.518827
b1269e28,2654,2653,1790073146530.422,62.649924
b1269e28,2655,2654,1790073146569.477,39.054935
b1269e28,2656,2655,1790073146610.553,41.076141
b1269e28,2657,2656,1790073146645.022,34.468578
b1269e28,2658,2657,1790073146731.372,86.349842
b1269e28,2659,2658,1790073146769.917,38.545073
b1269e28,2660,2659,1790073146807.252,37.335545
b1269e28,2661,2660,1790073146853.987,46.734581
b1269e28,2662,2661,1790073146939.977,85.990092
b1269e28,2663,2662,1790073146962.943,22.966419
b1269e28,2664,2663,1790073146999.331,36.387871
b1269e28,2665,2664,1790073147040.311,40.979625
b1269e28,2666,2665,1790073147120.175,79.864131
b1269e28,2667,2666,1790073147161.972,41.797236
b1269e28,2668,2667,1790073147203.958,41.985277
b1269e28,2669,2668,1790073147246.149,42.191233
b1269e28,2670,2669,1790073147328.924,82.77525
b1269e28,2671,2670,1790073147373.516,44.591722
b1269e28,2672,2671,1790073147408.585,35.069464
b1269e28,2673,2672,1790073147442.053,33.468078
b1269e28,2674,2673,1790073147525.191,83.137421
b1269e28,2675,2674,1790073147559.78,34.589217
b1269e28,2676,2675,1790073147607.078,47.297796
b1269e28,2677,2676,1790073147644.815,37.737604
b1269e28,2678,2677,1790073147807.122,162.306472
b1269e28,2679,2678,1790073147809.365,2.243047
b1269e28,2680,2679,1790073147814.811,5.445811
b1269e28,2681,2680,1790073147862.273,47.462526
b1269e28,2682,2681,1790073147929.715,67.44202
b1269e28,2683,2682,1790073147964.031,34.315475
b1269e28,2684,2683,1790073148011.33,47.298884
b1269e28,2685,2684,1790073148049.054,37.724507
b1269e28,2686,2685,1790073148129.311,80.256787
b1269e28,2687,2686,1790073148170.871,41.560469
b1269e28,2688,2687,1790073148207.083,36.21141
b1269e28,2689,2688,1790073148241.068,33.985343
b1269e28,2690,2689,1790073148330.738,89.670254
b1269e28,2691,2690,1790073148370.634,39.895879
b1269e28,2692,2691,1790073148419.11,48.476217
b1269e28,2693,2692,1790073148441.044,21.933304
b1269e28,2694,2693,1790073148522.335,81.291688
b1269e28,2695,2694,1790073148570.875,48.53912
b1269e28,2696,2695,1790073148604.311,33.436367
b1269e28,2697,2696,1790073148651.782,47.47147
b1269e28,2698,2697,1790073148720.513,68.730186
b1269e28,2699,2698,1790073148762.871,42.358068
b1269e28,2700,2699,1790073148811.304,48.433271
b1269e28,2701,2700,1790073148861.81,50.506454
b1269e28,2702,2701,1790073148929.626,67.815504
b1269e28,2703,2702,1790073148970.315,40.688928
b1269e28,2704,2703,1790073149008.801,38.485734
b1269e28,2705,2704,1790073149043.997,35.196506
b1269e28,2706,2705,1790073149126.824,82.827115
b1269e28,2707,2706,1790073149169.4,42.575804
b1269e28,2708,2707,1790073149214.877,45.477186
b1269e28,2709,2708,1790073149263.969,49.092181
b1269e28,2710,2709,1790073149330.869,66.900004
b1269e28,2711,2710,1790073149371.42,40.551064
b1269e28,2712,2711,1790073149417.546,46.125879
b1269e28,2713,2712,1790073149453.218,35.671871
b1269e28,2714,2713,1790073149524.468,71.249596
b1269e28,2715,2714,1790073149567.201,42.73346
b1269e28,2716,2715,1790073149604.191,36.989983
b1269e28,2717,2716,1790073149666.023,61.831861
b1269e28,2718,2717,1790073149796.381,130.357987
b1269e28,2719,2718,1790073149817.399,21.017971
b1269e28,2720,2719,1790073149823.713,6.313681
b1269e28,2721,2720,1790073149848.705,24.992083
b1269e28,2722,2721,1790073149937.7,88.995381
b1269e28,2723,2722,1790073149963.045,25.344723
b1269e28,2724,2723,1790073150010.665,47.620339
b1269e28,2725,2724,1790073150047.512,36.847167
b1269e28,2726,2725,1790073150131.73,84.217618
b1269e28,2727,2726,1790073150176.287,44.556978
b1269e28,2728,2727,1790073150204.834,28.546928
b1269e28,2729,2728,1790073150244.986,40.15189
b1269e28,2730,2729,1790073150331.257,86.27146
b1269e28,2731,2730,1790073150399.38,68.123182
b1269e28,2732,2731,1790073150401.129,1.748998
b1269e28,2733,2732,1790073150442.285,41.155729
b1269e28,2734,2733,1790073150531.331,89.04532
b1269e28,2735,2734,1790073150570.897,39.566971
b1269e28,2736,2735,1790073150620.117,49.219943
b1269e28,2737,2736,1790073150644.443,24.32542
b1269e28,2738,2737,1790073150737.526,93.083026
b1269e28,2739,2738,1790073150768.289,30.763073
b1269e28,2740,2739,1790073150807.709,39.420378
b1269e28,2741,2740,1790073150849.426,41.716394
b1269e28,2742,2741,1790073150936.984,87.558063
b1269e28,2743,2742,1790073150960.692,23.708329
b1269e28,2744,2743,1790073151009.9,49.207907
b1269e28,2745,2744,1790073151046.482,36.58231
b1269e28,2746,2745,1790073151133.811,87.328823
b1269e28,2747,2746,1790073151171.965,38.153828
b1269e28,2748,2747,1790073151220.688,48.722784
b1269e28,2749,2748,1790073151259.707,39.018947
b1269e28,2750,2749,1790073151331.076,71.369645
b1269e28,2751,2750,1790073151372.375,41.298352
b1269e28,2752,2751,1790073151402.484,30.109136
b1269e28,2753,2752,1790073151439.264,36.780214
b1269e28,2754,2753,1790073151522.892,83.627546
b1269e28,2755,2754,1790073151571.96,49.068161
b1269e28,2756,2755,1790073151618.552,46.592449
b1269e28,2757,2756,1790073151644.755,26.202476
b1269e28,2758,2757,1790073151774.11,129.355108
b1269e28,2759,2758,1790073151776.545,2.434823
b1269e28,2760,2759,1790073151829.242,52.69792
b1269e28,2761,2760,1790073151849.294,20.051254
b1269e28,2762,2761,1790073151931.285,81.99135
b1269e28,2763,2762,1790073151966.208,34.922674
b1269e28,2764,2763,1790073152009.569,43.361413
b1269e28,2765,2764,1790073152057.906,48.336371
b1269e28,2766,2765,1790073152124.385,66.479413
b1269e28,2767,2766,1790073152171.223,46.8377
b1269e28,2768,2767,1790073152201.888,30.665249
b1269e28,2769,2768,1790073152250.704,48.816503
b1269e28,2770,2769,1790073152320.491,69.786806
b1269e28,2771,2770,1790073152371.362,50.870997
b1269e28,2772,2771,1790073152400.624,29.261508
b1269e28,2773,2772,1790073152456.135,55.511418
b1269e28,2774,2773,1790073152526.654,70.518983
b1269e28,2775,2774,1790073152561.163,34.509249
b1269e28,2776,2775,1790073152625.953,64.789258
b1269e28,2777,2776,1790073152649.208,23.255867
b1269e28,2778,2777,1790073152735.461,86.252333
b1269e28,2779,2778,1790073152765.584,30.123367
b1269e28,2780,2779,1790073152806.633,41.048648
b1269e28,2781,2780,1790073152842.776,36.142857
b1269e28,2782,2781,1790073152920.918,78.142077
b1269e28,2783,2782,1790073152982.796,61.878011
b1269e28,2784,2783,1790073153012.089,29.292816
b1269e28,2785,2784,1790073153049.12,37.031072
b1269e28,2786,2785,1790073153141.899,92.779682
b1269e28,2787,2786,1790073153174.372,32.472119
b1269e28,2788,2787,1790073153205.133,30.761066
b1269e28,2789,2788,1790073153250.9,45.767028
b1269e28,2790,2789,1790073153340.899,89.998955
b1269e28,2791,2790,1790073153369.287,28.388787
b1269e28,2792,2791,1790073153408.881,39.593521
b1269e28,2793,2792,1790073153442.1,33.218619
b1269e28,2794,2793,1790073153532.934,90.834889
b1269e28,2795,2794,1790073153560.27,27.335644
b1269e28,2796,2795,1790073153610.88,50.609576
b1269e28,2797,2796,1790073153647.576,36.696422
b1269e28,2798,2797,1790073153760.791,113.214672
b1269e28,2799,2798,1790073153814.056,53.265411
b1269e28,2800,2799,1790073153823.712,9.656373
b1269e28,2801,2800,1790073153853.405,29.69229
b1269e28,2802,2801,1790073153925.445,72.039932
b1269e28,2803,2802,1790073153972.964,47.519626
b1269e28,2804,2803,1790073154002.279,29.314169
b1269e28,2805,2804,1790073154040.508,38.229305
b1269e28,2806,2805,1790073154132.241,91.733463
b1269e28,2807,2806,1790073154170.136,37.894633
b1269e28,2808,2807,1790073154211.405,41.269245
b1269e28,2809,2808,1790073154248.934,37.528826
b1269e28,2810,2809,1790073154323.354,74.419432
b1269e28,2811,2810,1790073154366.986,43.632798
b1269e28,2812,2811,1790073154415.866,48.879941
b1269e28,2813,2812,1790073154452.961,37.095324
b1269e28,2814,2813,1790073154522.121,69.159693
b1269e28,2815,2814,1790073154574.895,52.773377
b1269e28,2816,2815,1790073154617.584,42.689482
b1269e28,2817,2816,1790073154647.299,29.71511
b1269e28,2818,2817,1790073154733.185,85.886205
b1269e28,2819,2818,1790073154765.758,32.572559
b1269e28,2820,2819,1790073154809.325,43.567416
b1269e28,2821,2820,1790073154846.334,37.008405
b1269e28,2822,2821,1790073154926.576,80.241889
b1269e28,2823,2822,1790073154983.047,56.471688
b1269e28,2824,2823,1790073155003.297,20.249962
b1269e28,2825,2824,1790073155046.522,43.22509
b1269e28,2826,2825,1790073155125.836,79.313364
b1269e28,2827,2826,1790073155171.938,46.102305
b1269e28,2828,2827,1790073155201.112,29.174131
b1269e28,2829,2828,1790073155249.363,48.250765
b1269e28,2830,2829,1790073155337.439,88.076363
b1269e28,2831,2830,1790073155360.792,23.353261
b1269e28,2832,2831,1790073155415.044,54.251875
b1269e28,2833,2832,1790073155447.953,32.908871
b1269e28,2834,2833,1790073155521.101,73.147704
b1269e28,2835,2834,1790073155570.954,49.852665
b1269e28,2836,2835,1790073155612.025,41.07099
b1269e28,2837,2836,1790073155644.069,32.044522
b1269e28,2838,2837,1790073155768.832,124.763224
b1269e28,2839,2838,1790073155796.99,28.157452
b1269e28,2840,2839,1790073155824.781,27.791741
b1269e28,2841,2840,1790073155851.947,27.16525
b1269e28,2842,2841,1790073155933.495,81.547862
b1269e28,2843,2842,1790073155975.826,42.331067
b1269e28,2844,2843,1790073156007.076,31.250736
b1269e28,2845,2844,1790073156044.253,37.176379
b1269e28,2846,2845,1790073156126.901,82.648546
b1269e28,2847,2846,1790073156161.058,34.156601
b1269e28,2848,2847,1790073156217.34,56.281627
b1269e28,2849,2848,1790073156260.574,43.234297
b1269e28,2850,2849,1790073156330.378,69.803952
b1269e28,2851,2850,1790073156373.432,43.053968
b1269e28,2852,2851,1790073156410.774,37.341841
b1269e28,2853,2852,1790073156448.344,37.570232
b1269e28,2854,2853,1790073156526.612,78.26798
b1269e28,2855,2854,1790073156570.122,43.51031
b1269e28,2856,2855,1790073156612.621,42.498457
b1269e28,2857,2856,1790073156650.316,37.695661
b1269e28,2858,2857,1790073156732.752,82.435814
b1269e28,2859,2858,1790073156775.259,42.507231
b1269e28,2860,2859,1790073156804.079,28.819967
b1269e28,2861,2860,1790073156851.675,47.595252
b1269e28,2862,2861,1790073156931.814,80.139965
b1269e28,2863,2862,1790073156963.743,31.928124
b1269e28,2864,2863,1790073157019.847,56.104814
b1269e28,2865,2864,1790073157043.092,23.244354
b1269e28,2866,2865,1790073157120.116,77.024281
b1269e28,2867,2866,1790073157180.975,60.858819
b1269e28,2868,2867,1790073157216.433,35.45796
b1269e28,2869,2868,1790073157244.566,28.132866
b1269e28,2870,2869,1790073157334.517,89.951051
b1269e28,2871,2870,1790073157376.036,41.519527
b1269e28,2872,2871,1790073157404.18,28.144024
b1269e28,2873,2872,1790073157450.287,46.106568
b1269e28,2874,2873,1790073157542.221,91.934121
b1269e28,2875,2874,1790073157572.383,30.162134
b1269e28,2876,2875,1790073157607.425,35.04154
b1269e28,2877,2876,1790073157648.063,40.638065
b1269e28,2878,2877,1790073157779.157,131.094001
b1269e28,2879,2878,1790073157799.835,20.678314
b1269e28,2880,2879,1790073157820.58,20.744592
b1269e28,2881,2880,1790073157850.473,29.893518
b1269e28,2882,2881,1790073157934.13,83.656394
b1269e28,2883,2882,1790073157965.911,31.78109
b1269e28,2884,2883,1790073158000.977,35.066282
b1269e28,2885,2884,1790073158048.335,47.358402
b1269e28,2886,2885,1790073158121.19,72.854757
b1269e28,2887,2886,1790073158170.409,49.219279
b1269e28,2888,2887,1790073158207.138,36.728404
b1269e28,2889,2888,1790073158254.589,47.450997
b1269e28,2890,2889,1790073158322.322,67.732859
b1269e28,2891,2890,1790073158380.014,57.691956
b1269e28,2892,2891,1790073158406.663,26.649307
b1269e28,2893,2892,1790073158449.319,42.656216
b1269e28,2894,2893,1790073158523.094,73.775274
b1269e28,2895,2894,1790073158560.986,37.891322
b1269e28,2896,2895,1790073158610.952,49.965928
b1269e28,2897,2896,1790073158646.412,35.459943
b1269e28,2898,2897,1790073158726.286,79.874697
b1269e28,2899,2898,1790073158765.642,39.355869
b1269e28,2900,2899,1790073158806.114,40.471303
b1269e28,2901,2900,1790073158844.096,37.982376
b1269e28,2902,2901,1790073158926.735,82.639164
b1269e28,2903,2902,1790073158972.952,46.217298
b1269e28,2904,2903,1790073159005.483,32.530293
b1269e28,2905,2904,1790073159053.209,47.72652
b1269e28,2906,2905,1790073159129.199,75.990027
b1269e28,2907,2906,1790073159172.146,42.947189
b1269e28,2908,2907,1790073159207.832,35.685761
b1269e28,2909,2908,1790073159247.215,39.382787
b1269e28,2910,2909,1790073159336.143,88.92816
b1269e28,2911,2910,1790073159370.88,34.736985
b1269e28,2912,2911,1790073159406.876,35.995664
b1269e28,2913,2912,1790073159449.102,42.225819
b1269e28,2914,2913,1790073159521.058,71.956687
b1269e28,2915,2914,1790073159562.064,41.005494
b1269e28,2916,2915,1790073159612.267,50.202844
b1269e28,2917,2916,1790073159644.665,32.398102
b1269e28,2918,2917,1790073159783.263,138.598032
b1269e28,2919,2918,1790073159809.38,26.116937
b1269e28,2920,2919,1790073159816.271,6.891717
b1269e28,2921,2920,1790073159858.827,42.555284
b1269e28,2922,2921,1790073159929.569,70.741994
b1269e28,2923,2922,1790073159970.999,41.430249
1ac2ffac,275,274,1790073024822.286,41.955644
1ac2ffac,276,275,1790073024865.771,43.484666
1ac2ffac,277,276,1790073024906.236,40.465023
1ac2ffac,278,277,1790073024944.568,38.331874
1ac2ffac,279,278,1790073024985.82,41.252647
1ac2ffac,280,279,1790073025020.623,34.802536
1ac2ffac,281,280,1790073025066.208,45.585262
1ac2ffac,282,281,1790073025101.057,34.848473
1ac2ffac,283,282,1790073025149.409,48.352844
1ac2ffac,284,283,1790073025185.759,36.34913
1ac2ffac,285,284,1790073025226.809,41.050203
1ac2ffac,286,285,1790073025265.72,38.911342
1ac2ffac,287,286,1790073025312.095,46.375132
1ac2ffac,288,287,1790073025338.523,26.427595
1ac2ffac,289,288,1790073025395.039,56.516318
1ac2ffac,290,289,1790073025425.19,30.151335
1ac2ffac,291,290,1790073025461.362,36.171889
1ac2ffac,292,291,1790073025503.861,42.498272
1ac2ffac,293,292,1790073025541.485,37.624429
1ac2ffac,294,293,1790073025579.872,38.386967
1ac2ffac,295,294,1790073025625.688,45.816101
1ac2ffac,296,295,1790073025658.216,32.527462
1ac2ffac,297,296,1790073025698.406,40.190994
1ac2ffac,298,297,1790073025825.804,127.397988
1ac2ffac,299,298,1790073025828.747,2.942024
1ac2ffac,300,299,1790073025830.928,2.181642
1ac2ffac,301,300,1790073025875.046,44.117756
1ac2ffac,302,301,1790073025901.99,26.944444
1ac2ffac,303,302,1790073025960.935,58.944066
1ac2ffac,304,303,1790073025984.208,23.273005
1ac2ffac,305,304,1790073026023.938,39.730758
1ac2ffac,306,305,1790073026063.013,39.074696
1ac2ffac,307,306,1790073026104.862,41.848833
1ac2ffac,308,307,1790073026148.87,44.007805
1ac2ffac,309,308,1790073026183.393,34.523575
1ac2ffac,310,309,1790073026223.771,40.377878
1ac2ffac,311,310,1790073026270.758,46.98663
1ac2ffac,312,311,1790073026297.751,26.993364
1ac2ffac,313,312,1790073026344.142,46.390878
1ac2ffac,314,313,1790073026384.939,40.797626
1ac2ffac,315,314,1790073026422.276,37.33626
1ac2ffac,316,315,1790073026462.359,40.083608
1ac2ffac,317,316,1790073026500.344,37.98416
1ac2ffac,318,317,1790073026542.489,42.145676
1ac2ffac,319,318,1790073026578.359,35.869307
1ac2ffac,320,319,1790073026621.233,42.874358
1ac2ffac,321,320,1790073026658.42,37.186669
1ac2ffac,322,321,1790073026706.939,48.519747
1ac2ffac,323,322,1790073026742.798,35.858232
1ac2ffac,324,323,1790073026787.243,44.445252
1ac2ffac,325,324,1790073026833.192,45.948784
1ac2ffac,326,325,1790073026870.595,37.403434
1ac2ffac,327,326,1790073026899.562,28.96747
1ac2ffac,328,327,1790073026943.803,44.240157
1ac2ffac,329,328,1790073026983.944,40.141122
1ac2ffac,330,329,1790073027022.483,38.5389
1ac2ffac,331,330,1790073027058.195,35.711996
1ac2ffac,332,331,1790073027109.4,51.205319
1ac2ffac,333,332,1790073027145.434,36.033669
1ac2ffac,334,333,1790073027184.271,38.837853
1ac2ffac,335,334,1790073027219.867,35.595986
1ac2ffac,336,335,1790073027259.894,40.026371
1ac2ffac,337,336,1790073027311.881,51.987175
1ac2ffac,338,337,1790073027346.208,34.32691
1ac2ffac,339,338,1790073027380.526,34.318273
1ac2ffac,340,339,1790073027421.139,40.612472
1ac2ffac,341,340,1790073027459.511,38.371943
1ac2ffac,342,341,1790073027509.344,49.833639
1ac2ffac,343,342,1790073027539.894,30.549936
1ac2ffac,344,343,1790073027578.597,38.703137
1ac2ffac,345,344,1790073027624.085,45.487659
1ac2ffac,346,345,1790073027668.694,44.608792
1ac2ffac,347,346,1790073027712.3,43.60614
1ac2ffac,348,347,1790073027816.711,104.410692
1ac2ffac,349,348,1790073027817.743,1.03232
1ac2ffac,350,349,1790073027823.9,6.157496
1ac2ffac,351,350,1790073027864.595,40.695141
1ac2ffac,352,351,1790073027915.787,51.191228
1ac2ffac,353,352,1790073027961.145,45.358258
1ac2ffac,354,353,1790073027990.262,29.117295
1ac2ffac,355,354,1790073028030.792,40.529172
1ac2ffac,356,355,1790073028073.419,42.627573
1ac2ffac,357,356,1790073028106.845,33.426002
1ac2ffac,358,357,1790073028157.268,50.423128
1ac2ffac,359,358,1790073028183.583,26.314489
1ac2ffac,360,359,1790073028225.318,41.735594
1ac2ffac,361,360,1790073028267.331,42.012587
1ac2ffac,362,361,1790073028310.417,43.086065
1ac2ffac,363,362,1790073028344.886,34.469112
1ac2ffac,364,363,1790073028386.287,41.400512
1ac2ffac,365,364,1790073028425.431,39.144154
1ac2ffac,366,365,1790073028469.373,43.94235
1ac2ffac,367,366,1790073028509.143,39.76975
1ac2ffac,368,367,1790073028543.908,34.764871
1ac2ffac,369,368,1790073028584.927,41.019595
1ac2ffac,370,369,1790073028631.367,46.440115
1ac2ffac,371,370,1790073028667.237,35.869888
1ac2ffac,372,371,1790073028719.725,52.488089
1ac2ffac,373,372,1790073028745.74,26.014807
1ac2ffac,374,373,1790073028791.5,45.759315
1ac2ffac,375,374,1790073028826.572,35.072673
1ac2ffac,376,375,1790073028873.033,46.461176
1ac2ffac,377,376,1790073028909.871,36.837366
1ac2ffac,378,377,1790073028957.611,47.74051
1ac2ffac,379,378,1790073028991.814,34.202918
1ac2ffac,380,379,1790073029037.406,45.591791
1ac2ffac,381,380,1790073029066.169,28.762803
1ac2ffac,382,381,1790073029103.708,37.539365
1ac2ffac,383,382,1790073029164.15,60.441773
1ac2ffac,384,383,1790073029191.594,27.443583
1ac2ffac,385,384,1790073029223.619,32.025599
1ac2ffac,386,385,1790073029265.228,41.608832
1ac2ffac,387,386,1790073029316.461,51.233625
1ac2ffac,388,387,1790073029344.73,28.268234
1ac2ffac,389,388,1790073029390.029,45.299279
1ac2ffac,390,389,1790073029424.39,34.360578
1ac2ffac,391,390,1790073029470.695,46.304877
1ac2ffac,392,391,1790073029510.381,39.686247
1ac2ffac,393,392,1790073029549.564,39.182904
1ac2ffac,394,393,1790073029588.572,39.008249
1ac2ffac,395,394,1790073029630.514,41.941834
1ac2ffac,396,395,1790073029675.447,44.932716
1ac2ffac,397,396,1790073029710.999,35.55255
1ac2ffac,398,397,1790073029806.692,95.692708
1ac2ffac,399,398,1790073029808.452,1.760032
1ac2ffac,400,399,1790073029823.182,14.730241
1ac2ffac,401,400,1790073029865.677,42.495194
1ac2ffac,402,401,1790073029899.388,33.710942
1ac2ffac,403,402,1790073029939.172,39.783524
1ac2ffac,404,403,1790073029984.142,44.970074
1ac2ffac,405,404,1790073030028.252,44.110161
1ac2ffac,406,405,1790073030060.213,31.96069
1ac2ffac,407,406,1790073030106.766,46.553622
1ac2ffac,408,407,1790073030148.024,41.257381
1ac2ffac,409,408,1790073030182.381,34.357691
1ac2ffac,410,409,1790073030219.744,37.362782
1ac2ffac,411,410,1790073030260.927,41.182985
1ac2ffac,412,411,1790073030306.861,45.9339
1ac2ffac,413,412,1790073030399.137,92.276215
1ac2ffac,414,413,1790073030401.464,2.326853
1ac2ffac,415,414,1790073030435.501,34.036923
1ac2ffac,416,415,1790073030468.35,32.849417
1ac2ffac,417,416,1790073030516.841,48.490828
1ac2ffac,418,417,1790073030550.695,33.854139
1ac2ffac,419,418,1790073030584.156,33.460193
1ac2ffac,420,419,1790073030632.917,48.761291
1ac2ffac,421,420,1790073030672.19,39.272937
1ac2ffac,422,421,1790073030710.924,38.733935
1ac2ffac,423,422,1790073030747.235,36.311505
1ac2ffac,424,423,1790073030791.555,44.31961
1ac2ffac,425,424,1790073030823.168,31.612895
1ac2ffac,426,425,1790073030866.482,43.314367
1ac2ffac,427,426,1790073030910.322,43.839535
1ac2ffac,428,427,1790073030956.797,46.475067
1ac2ffac,429,428,1790073030995.306,38.509654
1ac2ffac,430,429,1790073031036.595,41.289202
1ac2ffac,431,430,1790073031068.297,31.701181
1ac2ffac,432,431,1790073031106.024,37.727829
1ac2ffac,433,432,1790073031152.409,46.3841
1ac2ffac,434,433,1790073031193.438,41.029056
1ac2ffac,435,434,1790073031226.618,33.180249
1ac2ffac,436,435,1790073031265.126,38.507831
1ac2ffac,437,436,1790073031309.837,44.71136
1ac2ffac,438,437,1790073031346.746,36.908925
1ac2ffac,439,438,1790073031397.53,50.783992
1ac2ffac,440,439,1790073031428.871,31.340652
1ac2ffac,441,440,1790073031463.174,34.303514
1ac2ffac,442,441,1790073031506.244,43.069416
1ac2ffac,443,442,1790073031544.458,38.214278
1ac2ffac,444,443,1790073031583.481,39.022944
1ac2ffac,445,444,1790073031636.445,52.96369
1ac2ffac,446,445,1790073031664.478,28.033032
1ac2ffac,447,446,1790073031704.948,40.469951
1ac2ffac,448,447,1790073031811.574,106.626284
1ac2ffac,449,448,1790073031822.873,11.299213
1ac2ffac,450,449,1790073031824.828,1.95533
1ac2ffac,451,450,1790073031864.461,39.632641
1ac2ffac,452,451,1790073031907.113,42.651893
1ac2ffac,453,452,1790073031948.066,40.953039
1ac2ffac,454,453,1790073031984.69,36.623818
1ac2ffac,455,454,1790073032038.204,53.514529
1ac2ffac,456,455,1790073032066.231,28.026574
1ac2ffac,457,456,1790073032117.623,51.392525
1ac2ffac,458,457,1790073032145.045,27.421975
1ac2ffac,459,458,1790073032184.433,39.387814
1ac2ffac,460,459,1790073032234.878,50.445226
1ac2ffac,461,460,1790073032270.76,35.881092
1ac2ffac,462,461,1790073032306.718,35.958915
1ac2ffac,463,462,1790073032343.739,37.020602
1ac2ffac,464,463,1790073032394.094,50.354535
1ac2ffac,465,464,1790073032428.672,34.578651
1ac2ffac,466,465,1790073032467.626,38.953577
1ac2ffac,467,466,1790073032511.323,43.697185
1ac2ffac,468,467,1790073032544.05,32.72683
1ac2ffac,469,468,1790073032578.506,34.456396
1ac2ffac,470,469,1790073032634.175,55.66851
1ac2ffac,471,470,1790073032659.477,25.302432
1ac2ffac,472,471,1790073032705.515,46.038255
1ac2ffac,473,472,1790073032747.119,41.603279
1ac2ffac,474,473,1790073032782.104,34.985432
1ac2ffac,475,474,1790073032827.145,45.0404
1ac2ffac,476,475,1790073032865.212,38.067283
1ac2ffac,477,476,1790073032903.336,38.124236
1ac2ffac,478,477,1790073032940.952,37.615887
1ac2ffac,479,478,1790073032979.043,38.091646
1ac2ffac,480,479,1790073033028.835,49.791896
1ac2ffac,481,480,1790073033064.457,35.621882
1ac2ffac,482,481,1790073033104.962,40.505133
1ac2ffac,483,482,1790073033142.468,37.505519
1ac2ffac,484,483,1790073033180.429,37.96092
1ac2ffac,485,484,1790073033220.427,39.997875
1ac2ffac,486,485,1790073033265.137,44.709868
1ac2ffac,487,486,1790073033302.869,37.732224
1ac2ffac,488,487,1790073033343.448,40.578679
1ac2ffac,489,488,1790073033378.748,35.300513
1ac2ffac,490,489,1790073033429.559,50.811096
1ac2ffac,491,490,1790073033458.451,28.891951
1ac2ffac,492,491,1790073033502.156,43.705302
1ac2ffac,493,492,1790073033537.883,35.726108
1ac2ffac,494,493,1790073033584.078,46.195411
1ac2ffac,495,494,1790073033627.121,43.043288
1ac2ffac,496,495,1790073033661.752,34.630674
1ac2ffac,497,496,1790073033698.284,36.531908
1ac2ffac,498,497,1790073033811.96,113.676245
1ac2ffac,499,498,1790073033813.051,1.090559
1ac2ffac,500,499,1790073033819.753,6.70265
1ac2ffac,501,500,1790073033863.975,44.221575
1ac2ffac,502,501,1790073033900.766,36.790846
1ac2ffac,503,502,1790073033937.777,37.011539
1ac2ffac,504,503,1790073033980.059,42.282039
1ac2ffac,505,504,1790073034026.967,46.907696
1ac2ffac,506,505,1790073034062.158,35.191452
1ac2ffac,507,506,1790073034099.046,36.888077
1ac2ffac,508,507,1790073034141.001,41.95468
1ac2ffac,509,508,1790073034186.825,45.824214
1ac2ffac,510,509,1790073034222.214,35.388305
1ac2ffac,511,510,1790073034275.08,52.865977
1ac2ffac,512,511,1790073034302.169,27.089141
1ac2ffac,513,512,1790073034343.487,41.318511
1ac2ffac,514,513,1790073034385.918,42.431104
1ac2ffac,515,514,1790073034418.133,32.214509
1ac2ffac,516,515,1790073034460.023,41.890274
1ac2ffac,517,516,1790073034513.037,53.013903
1ac2ffac,518,517,1790073034544.541,31.504203
1ac2ffac,519,518,1790073034582.66,38.118466
1ac2ffac,520,519,1790073034624.892,42.23259
1ac2ffac,521,520,1790073034664.744,39.851947
1ac2ffac,522,521,1790073034704.574,39.829964
1ac2ffac,523,522,1790073034739.429,34.854604
1ac2ffac,524,523,1790073034784.074,44.645681
1ac2ffac,525,524,1790073034830.402,46.327392
1ac2ffac,526,525,1790073034860.253,29.851236
1ac2ffac,527,526,1790073034900.412,40.158973
1ac2ffac,528,527,1790073034939.849,39.436471
1ac2ffac,529,528,1790073034983.82,43.971349
1ac2ffac,530,529,1790073035025.765,41.94557
1ac2ffac,531,530,1790073035066.696,40.93066
1ac2ffac,532,531,1790073035107.846,41.150076
1ac2ffac,533,532,1790073035139.247,31.400441
1ac2ffac,534,533,1790073035180.084,40.837727
1ac2ffac,535,534,1790073035227.193,47.108688
1ac2ffac,536,535,1790073035266.215,39.021968
1ac2ffac,537,536,1790073035313.008,46.792467
1ac2ffac,538,537,1790073035345.58,32.572593
1ac2ffac,539,538,1790073035384.059,38.478901
1ac2ffac,540,539,1790073035420.774,36.715467
1ac2ffac,541,540,1790073035459.959,39.184407
1ac2ffac,542,541,1790073035513.204,53.244946
1ac2ffac,543,542,1790073035551.2,37.995953
1ac2ffac,544,543,1790073035595.529,44.328848
1ac2ffac,545,544,1790073035628.981,33.452515
1ac2ffac,546,545,1790073035659.268,30.287102
1ac2ffac,547,546,1790073035698.384,39.115403
1ac2ffac,548,547,1790073035805.906,107.522899
1ac2ffac,549,548,1790073035814.584,8.677353
1ac2ffac,550,549,1790073035823.207,8.623394
1ac2ffac,551,550,1790073035861.416,38.20828
1ac2ffac,552,551,1790073035901.36,39.944007
1ac2ffac,553,552,1790073035949.322,47.962518
1ac2ffac,554,553,1790073035979.143,29.821173
1ac2ffac,555,554,1790073036019.783,40.639716
1ac2ffac,556,555,1790073036067.077,47.29394
1ac2ffac,557,556,1790073036099.671,32.593677
1ac2ffac,558,557,1790073036144.147,44.476536
1ac2ffac,559,558,1790073036194.457,50.310218
1ac2ffac,560,559,1790073036229.208,34.751121
1ac2ffac,561,560,1790073036264.947,35.738898
1ac2ffac,562,561,1790073036309.963,45.015378
1ac2ffac,563,562,1790073036341.732,31.769696
1ac2ffac,564,563,1790073036397.225,55.492522
1ac2ffac,565,564,1790073036428.676,31.451153
1ac2ffac,566,565,1790073036460.293,31.616798
1ac2ffac,567,566,1790073036502.51,42.217334
1ac2ffac,568,567,1790073036543.501,40.990934
1ac2ffac,569,568,1790073036597.013,53.511461
1ac2ffac,570,569,1790073036637.967,40.954408
1ac2ffac,571,570,1790073036665.954,27.987007
1ac2ffac,572,571,1790073036700.785,34.830733
1ac2ffac,573,572,1790073036753.432,52.646803
1ac2ffac,574,573,1790073036779.647,26.215219
1ac2ffac,575,574,1790073036819.363,39.716228
1ac2ffac,576,575,1790073036873.749,54.385949
1ac2ffac,577,576,1790073036902.335,28.585871
1ac2ffac,578,577,1790073036943.307,40.971946
1ac2ffac,579,578,1790073036987.147,43.840434
1ac2ffac,580,579,1790073037026.787,39.639479
1ac2ffac,581,580,1790073037063.098,36.311436
1ac2ffac,582,581,1790073037103.786,40.687809
1ac2ffac,583,582,1790073037143.776,39.990331
1ac2ffac,584,583,1790073037192.41,48.633277
1ac2ffac,585,584,1790073037294.64,102.230854
1ac2ffac,586,585,1790073037300.556,5.91606
1ac2ffac,587,586,1790073037305.961,5.40504
1ac2ffac,588,587,1790073037339.389,33.427172
1ac2ffac,589,588,1790073037379.393,40.004705
1ac2ffac,590,589,1790073037419.427,40.032989
1ac2ffac,591,590,1790073037459.191,39.764149
1ac2ffac,592,591,1790073037516.531,57.340812
1ac2ffac,593,592,1790073037552.214,35.683017
1ac2ffac,594,593,1790073037577.842,25.627226
1ac2ffac,595,594,1790073037625.192,47.350173
1ac2ffac,596,595,1790073037662.487,37.29508
1ac2ffac,597,596,1790073037704.56,42.07298
1ac2ffac,598,597,1790073037820.023,115.462959
1ac2ffac,599,598,1790073037821.573,1.550468
1ac2ffac,600,599,1790073037828.814,7.241003
1ac2ffac,601,600,1790073037860.301,31.486216
1ac2ffac,602,601,1790073037899.227,38.926547
1ac2ffac,603,602,1790073037947.55,48.322543
1ac2ffac,604,603,1790073037984.835,37.285355
1ac2ffac,605,604,1790073038018.995,34.160218
1ac2ffac,606,605,1790073038059.667,40.671334
1ac2ffac,607,606,1790073038105.384,45.717634
1ac2ffac,608,607,1790073038140.851,35.466415
1ac2ffac,609,608,1790073038191.371,50.520153
1ac2ffac,610,609,1790073038222.711,31.340673
1ac2ffac,611,610,1790073038261.927,39.215881
1ac2ffac,612,611,1790073038298.933,37.005543
1ac2ffac,613,612,1790073038352.629,53.696001
1ac2ffac,614,613,1790073038385.482,32.85311
1ac2ffac,615,614,1790073038420.251,34.768738
1ac2ffac,616,615,1790073038461.417,41.166862
1ac2ffac,617,616,1790073038503.908,42.490688
1ac2ffac,618,617,1790073038547.84,43.931647
1ac2ffac,619,618,1790073038590.145,42.305102
1ac2ffac,620,619,1790073038626.185,36.040377
1ac2ffac,621,620,1790073038660.887,34.701595
1ac2ffac,622,621,1790073038704.416,43.529445
1ac2ffac,623,622,1790073038750.987,46.570422
1ac2ffac,624,623,1790073038783.391,32.403763
1ac2ffac,625,624,1790073038822.712,39.321128
1ac2ffac,626,625,1790073038859.488,36.776616
1ac2ffac,627,626,1790073038901.72,42.231896
1ac2ffac,628,627,1790073038942.673,40.952766
1ac2ffac,629,628,1790073038980.371,37.698508
1ac2ffac,630,629,1790073039025.61,45.238579
1ac2ffac,631,630,1790073039061.096,35.486125
1ac2ffac,632,631,1790073039104.419,43.32245
1ac2ffac,633,632,1790073039144.879,40.459979
1ac2ffac,634,633,1790073039184.8,39.92143
1ac2ffac,635,634,1790073039221.021,36.220863
1ac2ffac,636,635,1790073039269.918,48.89714
1ac2ffac,637,636,1790073039303.105,33.187098
1ac2ffac,638,637,1790073039347.312,44.207198
1ac2ffac,639,638,1790073039380.245,32.932944
1ac2ffac,640,639,1790073039427.046,46.80085
1ac2ffac,641,640,1790073039467.208,40.162504
1ac2ffac,642,641,1790073039503.761,36.552175
1ac2ffac,643,642,1790073039548.121,44.359814
1ac2ffac,644,643,1790073039583.57,35.449228
1ac2ffac,645,644,1790073039625.688,42.118761
1ac2ffac,646,645,1790073039661.104,35.415831
1ac2ffac,647,646,1790073039700.042,38.937395
1ac2ffac,648,647,1790073039816.848,116.80635
1ac2ffac,649,648,1790073039817.547,0.698889
1ac2ffac,650,649,1790073039818.919,1.371572
1ac2ffac,651,650,1790073039863.769,44.850233
1ac2ffac,652,651,1790073039914.051,50.281717
1ac2ffac,653,652,1790073039945.602,31.551743
1ac2ffac,654,653,1790073039989.791,44.188941
1ac2ffac,655,654,1790073040027.603,37.811593
1ac2ffac,656,655,1790073040058.903,31.300275
1ac2ffac,657,656,1790073040104.102,45.198745
1ac2ffac,658,657,1790073040147.539,43.437206
1ac2ffac,659,658,1790073040187.756,40.21692
1ac2ffac,660,659,1790073040220.042,32.285618
1ac2ffac,661,660,1790073040265.338,45.296286
1ac2ffac,662,661,1790073040302.568,37.230005
1ac2ffac,663,662,1790073040340.834,38.265828
1ac2ffac,664,663,1790073040386.13,45.296446
1ac2ffac,665,664,1790073040421.458,35.328384
1ac2ffac,666,665,1790073040465.104,43.645183
1ac2ffac,667,666,1790073040502.13,37.026416
1ac2ffac,668,667,1790073040546.506,44.375573
1ac2ffac,669,668,1790073040581.558,35.052579
1ac2ffac,670,669,1790073040632.811,51.252844
1ac2ffac,671,670,1790073040661.582,28.770703
1ac2ffac,672,671,1790073040699.387,37.804855
1ac2ffac,673,672,1790073040747.351,47.964263
1ac2ffac,674,673,1790073040783.625,36.274241
1ac2ffac,675,674,1790073040824.711,41.086181
1ac2ffac,676,675,1790073040860.255,35.543513
1ac2ffac,677,676,1790073040905.459,45.203806
1ac2ffac,678,677,1790073040956.751,51.292526
1ac2ffac,679,678,1790073040981.958,25.207283
1ac2ffac,680,679,1790073041027.862,45.902942
1ac2ffac,681,680,1790073041059.405,31.543352
1ac2ffac,682,681,1790073041101.232,41.827489
1ac2ffac,683,682,1790073041141.029,39.79614
1ac2ffac,684,683,1790073041184.284,43.255818
1ac2ffac,685,684,1790073041228.303,44.01845
1ac2ffac,686,685,1790073041259.354,31.051005
1ac2ffac,687,686,1790073041300.163,40.809139
1ac2ffac,688,687,1790073041349.69,49.527609
1ac2ffac,689,688,1790073041384.542,34.851555
1ac2ffac,690,689,1790073041418.632,34.089674
1ac2ffac,691,690,1790073041459.74,41.107887
1ac2ffac,692,691,1790073041500.102,40.361934
1ac2ffac,693,692,1790073041541.611,41.508979
1ac2ffac,694,693,1790073041580.241,38.630717
1ac2ffac,695,694,1790073041623.249,43.007556
1ac2ffac,696,695,1790073041662.354,39.104655
1ac2ffac,697,696,1790073041704.95,42.596577
1ac2ffac,698,697,1790073041814.787,109.836762
1ac2ffac,699,698,1790073041815.869,1.081983
1ac2ffac,700,699,1790073041824.364,8.495281
1ac2ffac,701,700,1790073041860.596,36.231707
1ac2ffac,702,701,1790073041904.066,43.469991
1ac2ffac,703,702,1790073041944.626,40.559874
1ac2ffac,704,703,1790073041988.788,44.162311
1ac2ffac,705,704,1790073042022.551,33.762835
1ac2ffac,706,705,1790073042071.903,49.352064
1ac2ffac,707,706,1790073042100.458,28.555373
1ac2ffac,708,707,1790073042145.389,44.930593
1ac2ffac,709,708,1790073042188.935,43.546028
1ac2ffac,710,709,1790073042223.788,34.853105
1ac2ffac,711,710,1790073042280.174,56.386011
1ac2ffac,712,711,1790073042308.546,28.371675
1ac2ffac,713,712,1790073042340.297,31.751284
1ac2ffac,714,713,1790073042381.89,41.593114
1ac2ffac,715,714,1790073042426.802,44.91139
1ac2ffac,716,715,1790073042461.293,34.491734
1ac2ffac,717,716,1790073042503.997,42.703845
1ac2ffac,718,717,1790073042542.119,38.121809
1ac2ffac,719,718,1790073042580.131,38.012559
1ac2ffac,720,719,1790073042627.217,47.085182
1ac2ffac,721,720,1790073042659.164,31.947364
1ac2ffac,722,721,1790073042702.962,43.797963
1ac2ffac,723,722,1790073042741.671,38.709466
1ac2ffac,724,723,1790073042780.936,39.26506
1ac2ffac,725,724,1790073042820.957,40.020518
1ac2ffac,726,725,1790073042897.551,76.594074
1ac2ffac,727,726,1790073042909.781,12.230404
1ac2ffac,728,727,1790073042945.688,35.907093
1ac2ffac,729,728,1790073042982.726,37.037753
1ac2ffac,730,729,1790073043026.352,43.626036
1ac2ffac,731,730,1790073043065.279,38.926819
1ac2ffac,732,731,1790073043101.915,36.635921
1ac2ffac,733,732,1790073043145.354,43.439273
1ac2ffac,734,733,1790073043184.784,39.429775
1ac2ffac,735,734,1790073043225.076,40.291755
1ac2ffac,736,735,1790073043264.628,39.552136
1ac2ffac,737,736,1790073043300.528,35.900172
1ac2ffac,738,737,1790073043341.369,40.841259
1ac2ffac,739,738,1790073043380.165,38.795926
1ac2ffac,740,739,1790073043425.369,45.203945
1ac2ffac,741,740,1790073043464.688,39.318982
1ac2ffac,742,741,1790073043505.268,40.579399
1ac2ffac,743,742,1790073043540.394,35.126069
1ac2ffac,744,743,1790073043579.449,39.055609
1ac2ffac,745,744,1790073043620.291,40.841117
1ac2ffac,746,745,1790073043660.609,40.319012
1ac2ffac,747,746,1790073043702.402,41.792713
1ac2ffac,748,747,1790073043827.003,124.601398
1ac2ffac,749,748,1790073043828.174,1.169953
1ac2ffac,750,749,1790073043829.939,1.765166
1ac2ffac,751,750,1790073043863.673,33.734024
1ac2ffac,752,751,1790073043901.791,38.117781
1ac2ffac,753,752,1790073043953.653,51.862675
1ac2ffac,754,753,1790073043984.481,30.827532
1ac2ffac,755,754,1790073044023.951,39.470468
1ac2ffac,756,755,1790073044067.171,43.219436
1ac2ffac,757,756,1790073044100.598,33.427939
1ac2ffac,758,757,1790073044143.02,42.420925
1ac2ffac,759,758,1790073044185.871,42.8512
1ac2ffac,760,759,1790073044221.202,35.33175
1ac2ffac,761,760,1790073044261.933,40.730629
1ac2ffac,762,761,1790073044313.257,51.323645
1ac2ffac,763,762,1790073044343.633,30.376466
1ac2ffac,764,763,1790073044382.901,39.267462
1ac2ffac,765,764,1790073044420.365,37.464113
1ac2ffac,766,765,1790073044463.606,43.241529
1ac2ffac,767,766,1790073044499.856,36.250261
1ac2ffac,768,767,1790073044541.853,41.996136
1ac2ffac,769,768,1790073044587.131,45.278774
1ac2ffac,770,769,1790073044622.796,35.664452
1ac2ffac,771,770,1790073044667.02,44.224112
1ac2ffac,772,771,1790073044699.877,32.856867
1ac2ffac,773,772,1790073044746.247,46.369762
1ac2ffac,774,773,1790073044780.898,34.651752
1ac2ffac,775,774,1790073044824.188,43.28989
1ac2ffac,776,775,1790073044865.08,40.891852
1ac2ffac,777,776,1790073044900.767,35.68731
1ac2ffac,778,777,1790073044941.516,40.748813
1ac2ffac,779,778,1790073044982.704,41.187637
1ac2ffac,780,779,1790073045023.229,40.524671
1ac2ffac,781,780,1790073045064.394,41.16517
1ac2ffac,782,781,1790073045104.167,39.773321
1ac2ffac,783,782,1790073045140.993,36.826438
1ac2ffac,784,783,1790073045180.13,39.136576
1ac2ffac,785,784,1790073045224.486,44.356181
1ac2ffac,786,785,1790073045263.611,39.125067
1ac2ffac,787,786,1790073045305.02,41.40902
1ac2ffac,788,787,1790073045344.312,39.291954
1ac2ffac,789,788,1790073045379.781,35.468574
1ac2ffac,790,789,1790073045420.906,41.125464
1ac2ffac,791,790,1790073045461.297,40.390614
1ac2ffac,792,791,1790073045507.675,46.378464
1ac2ffac,793,792,1790073045540.503,32.827298
1ac2ffac,794,793,1790073045578.869,38.366807
1ac2ffac,795,794,1790073045620.37,41.500198
1ac2ffac,796,795,1790073045662.071,41.70094
1ac2ffac,797,796,1790073045698.767,36.696662
1ac2ffac,798,797,1790073045815.593,116.825687
1ac2ffac,799,798,1790073045817.873,2.280257
1ac2ffac,800,799,1790073045822.154,4.280254
1ac2ffac,801,800,1790073045862.213,40.059179
1ac2ffac,802,801,1790073045906.902,44.688979
1ac2ffac,803,802,1790073045948.991,42.089219
1ac2ffac,804,803,1790073045994.741,45.749795
1ac2ffac,805,804,1790073046030.544,35.803293
1ac2ffac,806,805,1790073046067.381,36.83682
1ac2ffac,807,806,1790073046111.575,44.194083
1ac2ffac,808,807,1790073046144.432,32.85757
1ac2ffac,809,808,1790073046192.252,47.819708
1ac2ffac,810,809,1790073046226.808,34.556083
1ac2ffac,811,810,1790073046260.52,33.711836
1ac2ffac,812,811,1790073046305.333,44.812885
1ac2ffac,813,812,1790073046350.647,45.314267
1ac2ffac,814,813,1790073046382.641,31.993866
1ac2ffac,815,814,1790073046418.059,35.418124
1ac2ffac,816,815,1790073046463.734,45.675313
1ac2ffac,817,816,1790073046499.692,35.957524
1ac2ffac,818,817,1790073046547.019,47.327079
1ac2ffac,819,818,1790073046580.563,33.543595
1ac2ffac,820,819,1790073046631.714,51.151051
1ac2ffac,821,820,1790073046665.412,33.698463
1ac2ffac,822,821,1790073046707.303,41.890483
1ac2ffac,823,822,1790073046749.482,42.179176
1ac2ffac,824,823,1790073046791.18,41.697953
1ac2ffac,825,824,1790073046842.933,51.753344
1ac2ffac,826,825,1790073046872.668,29.73482
1ac2ffac,827,826,1790073046911.055,38.387497
1ac2ffac,828,827,1790073046952.047,40.991081
1ac2ffac,829,828,1790073046988.71,36.663395
1ac2ffac,830,829,1790073047035.321,46.610988
1ac2ffac,831,830,1790073047069.296,33.975283
1ac2ffac,832,831,1790073047109.385,40.08821
1ac2ffac,833,832,1790073047151.497,42.112693
1ac2ffac,834,833,1790073047191.626,40.129111
1ac2ffac,835,834,1790073047224.029,32.402578
1ac2ffac,836,835,1790073047273.494,49.464988
1ac2ffac,837,836,1790073047311.948,38.454333
1ac2ffac,838,837,1790073047355.523,43.574932
1ac2ffac,839,838,1790073047387.667,32.143982
1ac2ffac,840,839,1790073047426.066,38.399073
1ac2ffac,841,840,1790073047465.807,39.741138
1ac2ffac,842,841,1790073047512.936,47.129136
1ac2ffac,843,842,1790073047547.103,34.166138
1ac2ffac,844,843,1790073047584.144,37.041415
1ac2ffac,845,844,1790073047625.362,41.218289
1ac2ffac,846,845,1790073047676.954,51.59202
1ac2ffac,847,846,1790073047704.065,27.110882
1ac2ffac,848,847,1790073047785.484,81.4193
1ac2ffac,849,848,1790073047792.511,7.0269
1ac2ffac,850,849,1790073047825.954,33.442991
1ac2ffac,851,850,1790073047869.748,43.793465
1ac2ffac,852,851,1790073047917.526,47.77786
1ac2ffac,853,852,1790073047947.121,29.595161
1ac2ffac,854,853,1790073047985.474,38.353541
1ac2ffac,855,854,1790073048035.779,50.30483
1ac2ffac,856,855,1790073048065.974,30.194592
1ac2ffac,857,856,1790073048104.125,38.151652
1ac2ffac,858,857,1790073048144.896,40.770406
1ac2ffac,859,858,1790073048184.893,39.99733
1ac2ffac,860,859,1790073048227.789,42.895874
1ac2ffac,861,860,1790073048264.602,36.813206
1ac2ffac,862,861,1790073048305.342,40.739273
1ac2ffac,863,862,1790073048344.647,39.305431
1ac2ffac,864,863,1790073048394.582,49.935176
1ac2ffac,865,864,1790073048430.188,35.606194
1ac2ffac,866,865,1790073048468.441,38.252571
1ac2ffac,867,866,1790073048513.702,45.261509
1ac2ffac,868,867,1790073048548.999,35.296255
1ac2ffac,869,868,1790073048584.586,35.587747
1ac2ffac,870,869,1790073048631.47,46.883618
1ac2ffac,871,870,1790073048671.905,40.434935
1ac2ffac,872,871,1790073048705.016,33.110827
1ac2ffac,873,872,1790073048746.807,41.791703
1ac2ffac,874,873,1790073048793.266,46.458964
1ac2ffac,875,874,1790073048824.189,30.922845
1ac2ffac,876,875,1790073048876.583,52.394195
1ac2ffac,877,876,1790073048908.815,32.231241
1ac2ffac,878,877,1790073048947.273,38.458385
1ac2ffac,879,878,1790073048988.444,41.170483
1ac2ffac,880,879,1790073049025.42,36.976474
1ac2ffac,881,880,1790073049077.857,52.436832
1ac2ffac,882,881,1790073049111.268,33.411203
1ac2ffac,883,882,1790073049154.405,43.136763
1ac2ffac,884,883,1790073049190.786,36.38136
1ac2ffac,885,884,1790073049225.312,34.525246
1ac2ffac,886,885,1790073049271.204,45.892856
1ac2ffac,887,886,1790073049319.104,47.899121
1ac2ffac,888,887,1790073049347.705,28.601399
1ac2ffac,889,888,1790073049386.166,38.46089
1ac2ffac,890,889,1790073049426.704,40.53782
1ac2ffac,891,890,1790073049473.144,46.440532
1ac2ffac,892,891,1790073049511.826,38.681659
1ac2ffac,893,892,1790073049552.577,40.750861
1ac2ffac,894,893,1790073049584.925,32.348691
1ac2ffac,895,894,1790073049632.15,47.224638
1ac2ffac,896,895,1790073049674.091,41.940833
1ac2ffac,897,896,1790073049707.0,32.909485
1ac2ffac,898,897,1790073049791.669,84.669276
1ac2ffac,899,898,1790073049796.574,4.90466
1ac2ffac,900,899,1790073049819.828,23.254244
1ac2ffac,901,900,1790073049859.141,39.312856
1ac2ffac,902,901,1790073049913.799,54.657843
1ac2ffac,903,902,1790073049942.593,28.793519
1ac2ffac,904,903,1790073049985.928,43.335337
1ac2ffac,905,904,1790073050022.599,36.671098
1ac2ffac,906,905,1790073050059.353,36.753807
1ac2ffac,907,906,1790073050102.682,43.329084
1ac2ffac,908,907,1790073050142.741,40.058894
1ac2ffac,909,908,1790073050178.797,36.055646
1ac2ffac,910,909,1790073050232.222,53.425376
1ac2ffac,911,910,1790073050258.847,26.625381
1ac2ffac,912,911,1790073050299.751,40.903721
1ac2ffac,913,912,1790073050340.862,41.110803
1ac2ffac,914,913,1790073050382.314,41.452188
1ac2ffac,915,914,1790073050422.889,40.575116
1ac2ffac,916,915,1790073050464.36,41.470897
1ac2ffac,917,916,1790073050507.073,42.712653
1ac2ffac,918,917,1790073050541.391,34.318287
1ac2ffac,919,918,1790073050578.218,36.826598
1ac2ffac,920,919,1790073050621.711,43.49355
1ac2ffac,921,920,1790073050665.733,44.022428
1ac2ffac,922,921,1790073050700.006,34.272008
1ac2ffac,923,922,1790073050746.333,46.327153
1ac2ffac,924,923,1790073050779.37,33.037797
1ac2ffac,925,924,1790073050818.2,38.829182
1ac2ffac,926,925,1790073050862.414,44.214042
1ac2ffac,927,926,1790073050900.688,38.274312
1ac2ffac,928,927,1790073050947.72,47.032307
1ac2ffac,929,928,1790073050988.442,40.721451
1ac2ffac,930,929,1790073051026.976,38.534526
1ac2ffac,931,930,1790073051057.798,30.821388
1ac2ffac,932,931,1790073051099.502,41.704551
1ac2ffac,933,932,1790073051141.111,41.608274
1ac2ffac,934,933,1790073051184.141,43.0305
1ac2ffac,935,934,1790073051227.411,43.27011
1ac2ffac,936,935,1790073051263.597,36.186019
1ac2ffac,937,936,1790073051302.911,39.313783
1ac2ffac,938,937,1790073051349.166,46.254982
1ac2ffac,939,938,1790073051378.096,28.930163
1ac2ffac,940,939,1790073051421.555,43.45874
1ac2ffac,941,940,1790073051458.306,36.751093
1ac2ffac,942,941,1790073051504.658,46.351821
1ac2ffac,943,942,1790073051554.24,49.582688
1ac2ffac,944,943,1790073051578.882,24.641221
1ac2ffac,945,944,1790073051627.751,48.869491
1ac2ffac,946,945,1790073051658.723,30.972021
1ac2ffac,947,946,1790073051697.861,39.137965
1ac2ffac,948,947,1790073051808.872,111.010665
1ac2ffac,949,948,1790073051810.17,1.298503
1ac2ffac,950,949,1790073051821.737,11.566999
1ac2ffac,951,950,1790073051866.462,44.724326
1ac2ffac,952,951,1790073051910.618,44.156433
1ac2ffac,953,952,1790073051954.674,44.056211
1ac2ffac,954,953,1790073051982.11,27.435696
1ac2ffac,955,954,1790073052037.612,55.502247
1ac2ffac,956,955,1790073052069.08,31.467859
1ac2ffac,957,956,1790073052114.078,44.997729
1ac2ffac,958,957,1790073052145.493,31.4156
1ac2ffac,959,958,1790073052178.143,32.649146
1ac2ffac,960,959,1790073052231.166,53.02353
1ac2ffac,961,960,1790073052269.24,38.073654
1ac2ffac,962,961,1790073052303.533,34.292995
1ac2ffac,963,962,1790073052340.161,36.628001
1ac2ffac,964,963,1790073052391.71,51.549309
1ac2ffac,965,964,1790073052424.777,33.067363
1ac2ffac,966,965,1790073052471.102,46.324431
1ac2ffac,967,966,1790073052505.581,34.478956
1ac2ffac,968,967,1790073052540.386,34.805404
1ac2ffac,969,968,1790073052578.968,38.581698
1ac2ffac,970,969,1790073052620.184,41.215755
1ac2ffac,971,970,1790073052658.052,37.867852
1ac2ffac,972,971,1790073052699.593,41.541
1ac2ffac,973,972,1790073052739.735,40.142863
1ac2ffac,974,973,1790073052790.735,50.999886
1ac2ffac,975,974,1790073052830.279,39.543946
1ac2ffac,976,975,1790073052864.199,33.919595
1ac2ffac,977,976,1790073052898.99,34.791168
1ac2ffac,978,977,1790073052946.035,47.045553
1ac2ffac,979,978,1790073052986.517,40.481279
1ac2ffac,980,979,1790073053027.283,40.765932
1ac2ffac,981,980,1790073053062.752,35.469824
1ac2ffac,982,981,1790073053103.869,41.116481
1ac2ffac,983,982,1790073053139.014,35.144681
1ac2ffac,984,983,1790073053184.657,45.643141
1ac2ffac,985,984,1790073053220.855,36.19818
1ac2ffac,986,985,1790073053262.446,41.590549
1ac2ffac,987,986,1790073053303.75,41.304639
1ac2ffac,988,987,1790073053343.52,39.769612
1ac2ffac,989,988,1790073053395.454,51.933964
1ac2ffac,990,989,1790073053420.225,24.771435
1ac2ffac,991,990,1790073053457.953,37.727619
1ac2ffac,992,991,1790073053508.986,51.032874
1ac2ffac,993,992,1790073053549.127,40.141671
1ac2ffac,994,993,1790073053578.681,29.553763
1ac2ffac,995,994,1790073053624.293,45.612167
1ac2ffac,996,995,1790073053659.077,34.784014
1ac2ffac,997,996,1790073053701.25,42.172974
1ac2ffac,998,997,1790073053835.755,134.504736
1ac2ffac,999,998,1790073053837.127,1.37252
1ac2ffac,1000,999,1790073053838.312,1.18464
1ac2ffac,1001,1000,1790073053859.569,21.256333
1ac2ffac,1002,1001,1790073053899.927,40.357901
1ac2ffac,1003,1002,1790073053941.411,41.484459
1ac2ffac,1004,1003,1790073053977.791,36.379771
1ac2ffac,1005,1004,1790073054021.036,43.245305
1ac2ffac,1006,1005,1790073054065.531,44.495562
1ac2ffac,1007,1006,1790073054104.768,39.236823
1ac2ffac,1008,1007,1790073054149.394,44.626008
1ac2ffac,1009,1008,1790073054179.418,30.024037
1ac2ffac,1010,1009,1790073054232.06,52.641847
1ac2ffac,1011,1010,1790073054260.427,28.366425
1ac2ffac,1012,1011,1790073054302.123,41.695813
1ac2ffac,1013,1012,1790073054342.154,40.031814
1ac2ffac,1014,1013,1790073054379.186,37.03161
1ac2ffac,1015,1014,1790073054423.837,44.651464
1ac2ffac,1016,1015,1790073054656.764,232.926739
1ac2ffac,1017,1016,1790073054661.515,4.750945
1ac2ffac,1018,1017,1790073054679.751,18.236025
1ac2ffac,1019,1018,1790073054688.438,8.68741
1ac2ffac,1020,1019,1790073054696.756,8.317684
1ac2ffac,1021,1020,1790073054713.996,17.239568
1ac2ffac,1022,1021,1790073054719.7,5.704046
1ac2ffac,1023,1022,1790073054738.888,19.18871
1ac2ffac,1024,1023,1790073054785.084,46.195525
1ac2ffac,1025,1024,1790073054822.152,37.068452
1ac2ffac,1026,1025,1790073054862.646,40.493513
1ac2ffac,1027,1026,1790073054907.097,44.451361
1ac2ffac,1028,1027,1790073054943.16,36.062606
1ac2ffac,1029,1028,1790073054984.259,41.098592
1ac2ffac,1030,1029,1790073055023.097,38.838162
1ac2ffac,1031,1030,1790073055061.411,38.314011
1ac2ffac,1032,1031,1790073055102.65,41.239502
1ac2ffac,1033,1032,1790073055141.198,38.547385
1ac2ffac,1034,1033,1790073055188.048,46.850514
1ac2ffac,1035,1034,1790073055235.277,47.229182
1ac2ffac,1036,1035,1790073055264.015,28.737366
1ac2ffac,1037,1036,1790073055311.146,47.131097
1ac2ffac,1038,1037,1790073055339.662,28.51657
1ac2ffac,1039,1038,1790073055384.074,44.411506
1ac2ffac,1040,1039,1790073055422.885,38.810626
1ac2ffac,1041,1040,1790073055463.058,40.173771
1ac2ffac,1042,1041,1790073055503.536,40.477981
1ac2ffac,1043,1042,1790073055539.427,35.891235
1ac2ffac,1044,1043,1790073055579.954,40.526434
1ac2ffac,1045,1044,1790073055625.918,45.964082
1ac2ffac,1046,1045,1790073055658.932,33.013757
1ac2ffac,1047,1046,1790073055699.057,40.125233
1ac2ffac,1048,1047,1790073055815.741,116.684475
1ac2ffac,1049,1048,1790073055817.331,1.589579
1ac2ffac,1050,1049,1790073055818.625,1.29449
1ac2ffac,1051,1050,1790073055862.709,44.083365
1ac2ffac,1052,1051,1790073055901.914,39.205446
1ac2ffac,1053,1052,1790073055941.759,39.844851
1ac2ffac,1054,1053,1790073055983.943,42.184082
1ac2ffac,1055,1054,1790073056020.091,36.148014
1ac2ffac,1056,1055,1790073056065.078,44.986321
1ac2ffac,1057,1056,1790073056109.859,44.7819
1ac2ffac,1058,1057,1790073056142.032,32.173045
1ac2ffac,1059,1058,1790073056181.614,39.580911
1ac2ffac,1060,1059,1790073056225.994,44.380472
1ac2ffac,1061,1060,1790073056267.84,41.845745
1ac2ffac,1062,1061,1790073056299.797,31.957526
1ac2ffac,1063,1062,1790073056351.584,51.786894
1ac2ffac,1064,1063,1790073056386.184,34.600375
1ac2ffac,1065,1064,1790073056421.027,34.842418
1ac2ffac,1066,1065,1790073056466.392,45.364747
1ac2ffac,1067,1066,1790073056510.272,43.880499
1ac2ffac,1068,1067,1790073056539.462,29.189797
1ac2ffac,1069,1068,1790073056584.778,45.315668
1ac2ffac,1070,1069,1790073056630.395,45.617212
1ac2ffac,1071,1070,1790073056659.859,29.464682
1ac2ffac,1072,1071,1790073056702.452,42.592281
1ac2ffac,1073,1072,1790073056745.986,43.534418
1ac2ffac,1074,1073,1790073056788.844,42.857764
1ac2ffac,1075,1074,1790073056825.059,36.215163
1ac2ffac,1076,1075,1790073056860.051,34.991949
1ac2ffac,1077,1076,1790073056905.334,45.283324
1ac2ffac,1078,1077,1790073056944.037,38.702875
1ac2ffac,1079,1078,1790073056980.045,36.008117
1ac2ffac,1080,1079,1790073057024.59,44.544425
1ac2ffac,1081,1080,1790073057062.452,37.861831
1ac2ffac,1082,1081,1790073057100.993,38.541634
1ac2ffac,1083,1082,1790073057143.867,42.873439
1ac2ffac,1084,1083,1790073057184.356,40.48893
1ac2ffac,1085,1084,1790073057227.375,43.019389
1ac2ffac,1086,1085,1790073057265.176,37.801386
1ac2ffac,1087,1086,1790073057305.007,39.83041
1ac2ffac,1088,1087,1790073057346.473,41.466257
1ac2ffac,1089,1088,1790073057385.357,38.884181
1ac2ffac,1090,1089,1790073057418.877,33.519845
1ac2ffac,1091,1090,1790073057469.619,50.741874
1ac2ffac,1092,1091,1790073057506.865,37.245571
1ac2ffac,1093,1092,1790073057548.281,41.416194
1ac2ffac,1094,1093,1790073057585.85,37.569221
1ac2ffac,1095,1094,1790073057646.523,60.672757
1ac2ffac,1096,1095,1790073057664.459,17.936791
1ac2ffac,1097,1096,1790073057708.788,44.328663
1ac2ffac,1098,1097,1790073057797.988,89.199629
1ac2ffac,1099,1098,1790073057816.021,18.033319
1ac2ffac,1100,1099,1790073057819.009,2.987841
1ac2ffac,1101,1100,1790073057867.414,48.405305
1ac2ffac,1102,1101,1790073057901.68,34.266168
1ac2ffac,1103,1102,1790073057944.588,42.90782
1ac2ffac,1104,1103,1790073057985.54,40.951994
1ac2ffac,1105,1104,1790073058026.209,40.669175
1ac2ffac,1106,1105,1790073058066.326,40.116451
1ac2ffac,1107,1106,1790073058103.596,37.270714
1ac2ffac,1108,1107,1790073058140.352,36.755831
1ac2ffac,1109,1108,1790073058179.85,39.497614
1ac2ffac,1110,1109,1790073058230.321,50.470717
1ac2ffac,1111,1110,1790073058259.653,29.331893
1ac2ffac,1112,1111,1790073058297.788,38.135247
1ac2ffac,1113,1112,1790073058343.734,45.946168
1ac2ffac,1114,1113,1790073058387.697,43.962688
1ac2ffac,1115,1114,1790073058426.552,38.854963
1ac2ffac,1116,1115,1790073058458.569,32.017472
1ac2ffac,1117,1116,1790073058502.239,43.669826
1ac2ffac,1118,1117,1790073058545.29,43.050746
1ac2ffac,1119,1118,1790073058581.303,36.013783
1ac2ffac,1120,1119,1790073058631.896,50.592587
1ac2ffac,1121,1120,1790073058658.135,26.238531
1ac2ffac,1122,1121,1790073058701.332,43.19755
1ac2ffac,1123,1122,1790073058739.404,38.071968
1ac2ffac,1124,1123,1790073058783.686,44.282104
1ac2ffac,1125,1124,1790073058842.489,58.802728
1ac2ffac,1126,1125,1790073058859.22,16.730707
1ac2ffac,1127,1126,1790073058899.382,40.162366
1ac2ffac,1128,1127,1790073058938.413,39.030639
1ac2ffac,1129,1128,1790073058985.17,46.757644
1ac2ffac,1130,1129,1790073059025.234,40.064107
1ac2ffac,1131,1130,1790073059068.161,42.926482
1ac2ffac,1132,1131,1790073059108.788,40.627531
1ac2ffac,1133,1132,1790073059141.202,32.41335
1ac2ffac,1134,1133,1790073059186.223,45.020926
1ac2ffac,1135,1134,1790073059226.327,40.104515
1ac2ffac,1136,1135,1790073059264.209,37.881779
1ac2ffac,1137,1136,1790073059302.126,37.917118
1ac2ffac,1138,1137,1790073059340.301,38.175088
1ac2ffac,1139,1138,1790073059386.091,45.790095
1ac2ffac,1140,1139,1790073059418.225,32.133903
1ac2ffac,1141,1140,1790073059458.529,40.304165
1ac2ffac,1142,1141,1790073059514.141,55.611844
1ac2ffac,1143,1142,1790073059539.13,24.988421
1ac2ffac,1144,1143,1790073059577.527,38.397138
1ac2ffac,1145,1144,1790073059620.168,42.641709
1ac2ffac,1146,1145,1790073059664.224,44.055214
1ac2ffac,1147,1146,1790073059703.93,39.706302
1ac2ffac,1148,1147,1790073059832.193,128.263423
1ac2ffac,1149,1148,1790073059833.646,1.45207
1ac2ffac,1150,1149,1790073059834.817,1.17196
1ac2ffac,1151,1150,1790073059862.262,27.444655
1ac2ffac,1152,1151,1790073059905.021,42.759028
1ac2ffac,1153,1152,1790073059944.89,39.869163
1ac2ffac,1154,1153,1790073059983.195,38.304458
1ac2ffac,1155,1154,1790073060030.172,46.977615
1ac2ffac,1156,1155,1790073060068.301,38.128639
1ac2ffac,1157,1156,1790073060108.063,39.761842
1ac2ffac,1158,1157,1790073060142.996,34.932679
1ac2ffac,1159,1158,1790073060182.536,39.540013
1ac2ffac,1160,1159,1790073060233.64,51.104661
1ac2ffac,1161,1160,1790073060266.41,32.769596
1ac2ffac,1162,1161,1790073060298.356,31.946103
1ac2ffac,1163,1162,1790073060351.096,52.740208
1ac2ffac,1164,1163,1790073060380.844,29.747604
1ac2ffac,1165,1164,1790073060422.456,41.612457
1ac2ffac,1166,1165,1790073060465.174,42.717844
1ac2ffac,1167,1166,1790073060503.772,38.598469
1ac2ffac,1168,1167,1790073060547.108,43.335943
1ac2ffac,1169,1168,1790073060585.01,37.901547
1ac2ffac,1170,1169,1790073060620.942,35.932248
1ac2ffac,1171,1170,1790073060659.255,38.312321
1ac2ffac,1172,1171,1790073060703.082,43.827674
1ac2ffac,1173,1172,1790073060744.481,41.398523
1ac2ffac,1174,1173,1790073060780.214,35.733326
1ac2ffac,1175,1174,1790073060822.015,41.801056
1ac2ffac,1176,1175,1790073060863.612,41.596865
1ac2ffac,1177,1176,1790073060912.324,48.712297
1ac2ffac,1178,1177,1790073060945.589,33.265127
1ac2ffac,1179,1178,1790073060980.195,34.605242
1ac2ffac,1180,1179,1790073061025.312,45.116914
1ac2ffac,1181,1180,1790073061066.82,41.508029
1ac2ffac,1182,1181,1790073061101.031,34.211256
1ac2ffac,1183,1182,1790073061151.552,50.521218
1ac2ffac,1184,1183,1790073061178.487,26.934585
1ac2ffac,1185,1184,1790073061220.729,42.242191
1ac2ffac,1186,1185,1790073061265.194,44.46487
1ac2ffac,1187,1186,1790073061300.858,35.66472
1ac2ffac,1188,1187,1790073061344.238,43.379738
1ac2ffac,1189,1188,1790073061379.768,35.530114
1ac2ffac,1190,1189,1790073061431.184,51.415263
1ac2ffac,1191,1190,1790073061458.655,27.470934
1ac2ffac,1192,1191,1790073061507.619,48.96481
1ac2ffac,1193,1192,1790073061544.131,36.511592
1ac2ffac,1194,1193,1790073061583.603,39.472371
1ac2ffac,1195,1194,1790073061620.52,36.916935
1ac2ffac,1196,1195,1790073061672.293,51.772578
1ac2ffac,1197,1196,1790073061710.023,37.730704
1ac2ffac,1198,1197,1790073061818.045,108.021916
1ac2ffac,1199,1198,1790073061819.854,1.809092
1ac2ffac,1200,1199,1790073061832.811,12.956898
1ac2ffac,1201,1200,1790073061868.143,35.331766
1ac2ffac,1202,1201,1790073061905.256,37.11257
1ac2ffac,1203,1202,1790073061944.846,39.590076
1ac2ffac,1204,1203,1790073061995.984,51.138136
1ac2ffac,1205,1204,1790073062027.136,31.152636
1ac2ffac,1206,1205,1790073062073.618,46.481029
1ac2ffac,1207,1206,1790073062105.952,32.334486
1ac2ffac,1208,1207,1790073062155.525,49.5733
1ac2ffac,1209,1208,1790073062194.118,38.592947
1ac2ffac,1210,1209,1790073062224.468,30.350011
1ac2ffac,1211,1210,1790073062263.07,38.601639
1ac2ffac,1212,1211,1790073062300.642,37.571607
1ac2ffac,1213,1212,1790073062344.109,43.467153
1ac2ffac,1214,1213,1790073062380.222,36.113233
1ac2ffac,1215,1214,1790073062423.391,43.169456
1ac2ffac,1216,1215,1790073062468.978,45.586473
1ac2ffac,1217,1216,1790073062502.173,33.19547
1ac2ffac,1218,1217,1790073062544.216,42.042838
1ac2ffac,1219,1218,1790073062578.374,34.158019
1ac2ffac,1220,1219,1790073062626.011,47.636439
1ac2ffac,1221,1220,1790073062658.381,32.370119
1ac2ffac,1222,1221,1790073062699.427,41.046644
1ac2ffac,1223,1222,1790073062739.956,40.528058
1ac2ffac,1224,1223,1790073062785.632,45.676915
1ac2ffac,1225,1224,1790073062825.365,39.732665
1ac2ffac,1226,1225,1790073062859.986,34.620544
1ac2ffac,1227,1226,1790073062902.478,42.492279
1ac2ffac,1228,1227,1790073062946.117,43.638759
1ac2ffac,1229,1228,1790073062982.51,36.393558
1ac2ffac,1230,1229,1790073063020.188,37.67803
1ac2ffac,1231,1230,1790073063059.724,39.535549
1ac2ffac,1232,1231,1790073063099.587,39.863023
1ac2ffac,1233,1232,1790073063146.376,46.789037
1ac2ffac,1234,1233,1790073063185.599,39.223421
1ac2ffac,1235,1234,1790073063222.438,36.83893
1ac2ffac,1236,1235,1790073063263.459,41.020672
1ac2ffac,1237,1236,1790073063305.185,41.72616
1ac2ffac,1238,1237,1790073063340.675,35.489654
1ac2ffac,1239,1238,1790073063380.113,39.438674
1ac2ffac,1240,1239,1790073063418.84,38.726781
1ac2ffac,1241,1240,1790073063458.352,39.511794
1ac2ffac,1242,1241,1790073063502.24,43.888648
1ac2ffac,1243,1242,1790073063537.519,35.278764
1ac2ffac,1244,1243,1790073063579.51,41.990449
1ac2ffac,1245,1244,1790073063624.891,45.381351
1ac2ffac,1246,1245,1790073063665.056,40.1644
1ac2ffac,1247,1246,1790073063699.099,34.04316
1ac2ffac,1248,1247,1790073063811.122,112.023071
1ac2ffac,1249,1248,1790073063813.165,2.042842
1ac2ffac,1250,1249,1790073063823.651,10.486321
1ac2ffac,1251,1250,1790073063867.5,43.848892
1ac2ffac,1252,1251,1790073063899.281,31.781432
1ac2ffac,1253,1252,1790073063942.78,43.498538
1ac2ffac,1254,1253,1790073063988.594,45.814132
1ac2ffac,1255,1254,1790073064028.488,39.894316
1ac2ffac,1256,1255,1790073064061.536,33.047624
1ac2ffac,1257,1256,1790073064100.963,39.427604
1ac2ffac,1258,1257,1790073064144.736,43.772504
1ac2ffac,1259,1258,1790073064182.237,37.50064
1ac2ffac,1260,1259,1790073064232.609,50.372614
1ac2ffac,1261,1260,1790073064261.312,28.702969
1ac2ffac,1262,1261,1790073064307.664,46.351873
1ac2ffac,1263,1262,1790073064339.266,31.602134
1ac2ffac,1264,1263,1790073064380.716,41.450172
1ac2ffac,1265,1264,1790073064418.303,37.586839
1ac2ffac,1266,1265,1790073064463.897,45.593735
1ac2ffac,1267,1266,1790073064500.045,36.148285
1ac2ffac,1268,1267,1790073064553.558,53.512475
1ac2ffac,1269,1268,1790073064579.673,26.115103
1ac2ffac,1270,1269,1790073064622.871,43.198162
1ac2ffac,1271,1270,1790073064669.55,46.678625
1ac2ffac,1272,1271,1790073064702.328,32.778528
1ac2ffac,1273,1272,1790073064740.747,38.4188
1ac2ffac,1274,1273,1790073064779.353,38.605516
1ac2ffac,1275,1274,1790073064824.245,44.892131
1ac2ffac,1276,1275,1790073064859.907,35.662703
1ac2ffac,1277,1276,1790073064899.066,39.158536
1ac2ffac,1278,1277,1790073064939.391,40.325063
1ac2ffac,1279,1278,1790073064983.225,43.834417
1ac2ffac,1280,1279,1790073065023.392,40.166516
1ac2ffac,1281,1280,1790073065062.62,39.227962
1ac2ffac,1282,1281,1790073065104.74,42.120547
1ac2ffac,1283,1282,1790073065143.645,38.904391
1ac2ffac,1284,1283,1790073065179.354,35.708749
1ac2ffac,1285,1284,1790073065228.146,48.79246
1ac2ffac,1286,1285,1790073065260.01,31.864196
1ac2ffac,1287,1286,1790073065298.707,38.697172
1ac2ffac,1288,1287,1790073065346.297,47.590114
1ac2ffac,1289,1288,1790073065383.091,36.793151
1ac2ffac,1290,1289,1790073065419.392,36.301752
1ac2ffac,1291,1290,1790073065464.679,45.286293
1ac2ffac,1292,1291,1790073065501.096,36.41709
1ac2ffac,1293,1292,1790073065542.087,40.991414
1ac2ffac,1294,1293,1790073065579.851,37.763464
1ac2ffac,1295,1294,1790073065626.77,46.919285
1ac2ffac,1296,1295,1790073065664.213,37.442806
1ac2ffac,1297,1296,1790073065698.655,34.441836
1ac2ffac,1298,1297,1790073065821.769,123.114416
1ac2ffac,1299,1298,1790073065824.068,2.299191
1ac2ffac,1300,1299,1790073065828.619,4.550687
1ac2ffac,1301,1300,1790073065865.309,36.689774
1ac2ffac,1302,1301,1790073065900.744,35.435317
1ac2ffac,1303,1302,1790073065942.612,41.868483
1ac2ffac,1304,1303,1790073065984.026,41.413553
1ac2ffac,1305,1304,1790073066023.698,39.672223
1ac2ffac,1306,1305,1790073066059.705,36.006965
1ac2ffac,1307,1306,1790073066105.308,45.602941
1ac2ffac,1308,1307,1790073066146.202,40.893899
1ac2ffac,1309,1308,1790073066185.011,38.809482
1ac2ffac,1310,1309,1790073066233.104,48.093167
1ac2ffac,1311,1310,1790073066259.083,25.978721
1ac2ffac,1312,1311,1790073066302.302,43.218297
1ac2ffac,1313,1312,1790073066344.757,42.45506
1ac2ffac,1314,1313,1790073066386.083,41.326431
1ac2ffac,1315,1314,1790073066422.231,36.148427
1ac2ffac,1316,1315,1790073066464.825,42.5936
1ac2ffac,1317,1316,1790073066508.224,43.398375
1ac2ffac,1318,1317,1790073066552.239,44.015106
1ac2ffac,1319,1318,1790073066582.954,30.715678
1ac2ffac,1320,1319,1790073066620.476,37.521249
1ac2ffac,1321,1320,1790073066666.155,45.67908
1ac2ffac,1322,1321,1790073066700.648,34.493121
1ac2ffac,1323,1322,1790073066743.138,42.490017
1ac2ffac,1324,1323,1790073066779.162,36.024284
1ac2ffac,1325,1324,1790073066820.048,40.886398
1ac2ffac,1326,1325,1790073066859.955,39.906968
1ac2ffac,1327,1326,1790073066903.608,43.65305
1ac2ffac,1328,1327,1790073066948.227,44.618483
1ac2ffac,1329,1328,1790073066982.739,34.51198
1ac2ffac,1330,1329,1790073067022.956,40.216617
1ac2ffac,1331,1330,1790073067057.794,34.838673
1ac2ffac,1332,1331,1790073067102.527,44.732972
1ac2ffac,1333,1332,1790073067146.854,44.327077
1ac2ffac,1334,1333,1790073067187.111,40.256914
1ac2ffac,1335,1334,1790073067221.188,34.076683
1ac2ffac,1336,1335,1790073067260.561,39.373407
1ac2ffac,1337,1336,1790073067297.973,37.412066
1ac2ffac,1338,1337,1790073067349.49,51.516468
1ac2ffac,1339,1338,1790073067379.76,30.270266
1ac2ffac,1340,1339,1790073067430.889,51.129314
1ac2ffac,1341,1340,1790073067459.763,28.874002
1ac2ffac,1342,1341,1790073067505.859,46.095439
1ac2ffac,1343,1342,1790073067538.588,32.729427
1ac2ffac,1344,1343,1790073067579.888,41.299827
1ac2ffac,1345,1344,1790073067625.2,45.312024
1ac2ffac,1346,1345,1790073067668.449,43.249231
1ac2ffac,1347,1346,1790073067698.644,30.194354
1ac2ffac,1348,1347,1790073067829.776,131.132426
1ac2ffac,1349,1348,1790073067831.369,1.592665
1ac2ffac,1350,1349,1790073067832.717,1.347898
1ac2ffac,1351,1350,1790073067859.653,26.935785
1ac2ffac,1352,1351,1790073067908.448,48.796004
1ac2ffac,1353,1352,1790073067939.336,30.887129
1ac2ffac,1354,1353,1790073067982.065,42.729362
1ac2ffac,1355,1354,1790073068021.82,39.754548
1ac2ffac,1356,1355,1790073068059.797,37.977951
1ac2ffac,1357,1356,1790073068099.642,39.844597
1ac2ffac,1358,1357,1790073068144.539,44.896496
1ac2ffac,1359,1358,1790073068181.569,37.030809
1ac2ffac,1360,1359,1790073068222.064,40.49469
1ac2ffac,1361,1360,1790073068268.969,46.904688
1ac2ffac,1362,1361,1790073068300.878,31.909418
1ac2ffac,1363,1362,1790073068345.485,44.606619
1ac2ffac,1364,1363,1790073068380.37,34.885651
1ac2ffac,1365,1364,1790073068420.37,39.999751
1ac2ffac,1366,1365,1790073068463.33,42.959561
1ac2ffac,1367,1366,1790073068499.668,36.338074
1ac2ffac,1368,1367,1790073068544.432,44.763703
1ac2ffac,1369,1368,1790073068583.116,38.68411
1ac2ffac,1370,1369,1790073068625.042,41.926596
1ac2ffac,1371,1370,1790073068668.713,43.670818
1ac2ffac,1372,1371,1790073068701.051,32.337447
1ac2ffac,1373,1372,1790073068739.9,38.849989
1ac2ffac,1374,1373,1790073068781.016,41.115116
1ac2ffac,1375,1374,1790073068818.458,37.441873
1ac2ffac,1376,1375,1790073068866.827,48.369885
1ac2ffac,1377,1376,1790073068903.158,36.330369
1ac2ffac,1378,1377,1790073068943.403,40.245194
1ac2ffac,1379,1378,1790073068988.202,44.799026
1ac2ffac,1380,1379,1790073069026.155,37.952721
1ac2ffac,1381,1380,1790073069057.573,31.418164
1ac2ffac,1382,1381,1790073069102.863,45.29055
1ac2ffac,1383,1382,1790073069149.88,47.016975
1ac2ffac,1384,1383,1790073069179.898,30.017418
1ac2ffac,1385,1384,1790073069221.56,41.662493
1ac2ffac,1386,1385,1790073069277.897,56.33651
1ac2ffac,1387,1386,1790073069298.212,20.315475
1ac2ffac,1388,1387,1790073069346.707,48.495053
1ac2ffac,1389,1388,1790073069389.678,42.970546
1ac2ffac,1390,1389,1790073069425.039,35.361151
1ac2ffac,1391,1390,1790073069473.166,48.127079
1ac2ffac,1392,1391,1790073069503.523,30.357302
1ac2ffac,1393,1392,1790073069538.504,34.980497
1ac2ffac,1394,1393,1790073069581.682,43.177692
1ac2ffac,1395,1394,1790073069624.843,43.160981
1ac2ffac,1396,1395,1790073069672.353,47.510601
1ac2ffac,1397,1396,1790073069702.607,30.253621
1ac2ffac,1398,1397,1790073069796.362,93.754832
1ac2ffac,1399,1398,1790073069808.316,11.954526
1ac2ffac,1400,1399,1790073069825.039,16.722755
1ac2ffac,1401,1400,1790073069859.492,34.452748
1ac2ffac,1402,1401,1790073069907.102,47.609886
1ac2ffac,1403,1402,1790073069938.618,31.51665
1ac2ffac,1404,1403,1790073069980.075,41.456534
1ac2ffac,1405,1404,1790073070019.26,39.185564
1ac2ffac,1406,1405,1790073070063.283,44.022455
1ac2ffac,1407,1406,1790073070107.548,44.265416
1ac2ffac,1408,1407,1790073070139.934,32.385706
1ac2ffac,1409,1408,1790073070178.838,38.903806
1ac2ffac,1410,1409,1790073070219.735,40.897383
1ac2ffac,1411,1410,1790073070333.708,113.973488
1ac2ffac,1412,1411,1790073070336.187,2.477977
1ac2ffac,1413,1412,1790073070343.647,7.460821
1ac2ffac,1414,1413,1790073070381.359,37.711364
1ac2ffac,1415,1414,1790073070420.912,39.553045
1ac2ffac,1416,1415,1790073070462.767,41.854882
1ac2ffac,1417,1416,1790073070509.835,47.068859
1ac2ffac,1418,1417,1790073070540.354,30.518575
1ac2ffac,1419,1418,1790073070579.269,38.915253
1ac2ffac,1420,1419,1790073070621.952,42.682519
1ac2ffac,1421,1420,1790073070669.415,47.463584
1ac2ffac,1422,1421,1790073070706.181,36.765527
1ac2ffac,1423,1422,1790073070744.636,38.454746
1ac2ffac,1424,1423,1790073070782.202,37.566026
1ac2ffac,1425,1424,1790073070824.808,42.605952
1ac2ffac,1426,1425,1790073070858.773,33.965058
1ac2ffac,1427,1426,1790073070904.475,45.702017
1ac2ffac,1428,1427,1790073070940.684,36.208865
1ac2ffac,1429,1428,1790073070978.372,37.688102
1ac2ffac,1430,1429,1790073071022.563,44.191809
1ac2ffac,1431,1430,1790073071063.904,41.339951
1ac2ffac,1432,1431,1790073071099.606,35.702532
1ac2ffac,1433,1432,1790073071140.269,40.662989
1ac2ffac,1434,1433,1790073071180.491,40.221835
1ac2ffac,1435,1434,1790073071225.09,44.599388
1ac2ffac,1436,1435,1790073071260.175,35.084576
1ac2ffac,1437,1436,1790073071298.161,37.986149
1ac2ffac,1438,1437,1790073071341.67,43.508876
1ac2ffac,1439,1438,1790073071379.567,37.897551
1ac2ffac,1440,1439,1790073071421.225,41.657188
1ac2ffac,1441,1440,1790073071467.802,46.577055
1ac2ffac,1442,1441,1790073071508.132,40.330636
1ac2ffac,1443,1442,1790073071538.926,30.794082
1ac2ffac,1444,1443,1790073071579.306,40.379242
1ac2ffac,1445,1444,1790073071621.885,42.579517
1ac2ffac,1446,1445,1790073071659.508,37.623102
1ac2ffac,1447,1446,1790073071700.117,40.609309
1ac2ffac,1448,1447,1790073071842.834,142.716968
1ac2ffac,1449,1448,1790073071843.276,0.44175
1ac2ffac,1450,1449,1790073071845.335,2.058709
1ac2ffac,1451,1450,1790073071878.292,32.95762
1ac2ffac,1452,1451,1790073071904.341,26.048068
1ac2ffac,1453,1452,1790073071938.854,34.51365
1ac2ffac,1454,1453,1790073071979.417,40.562566
1ac2ffac,1455,1454,1790073072020.276,40.859666
1ac2ffac,1456,1455,1790073072071.014,50.737514
1ac2ffac,1457,1456,1790073072102.285,31.271061
1ac2ffac,1458,1457,1790073072154.05,51.765335
1ac2ffac,1459,1458,1790073072186.862,32.811071
1ac2ffac,1460,1459,1790073072225.851,38.989167
1ac2ffac,1461,1460,1790073072260.362,34.511017
1ac2ffac,1462,1461,1790073072308.502,48.140682
1ac2ffac,1463,1462,1790073072348.022,39.519752
1ac2ffac,1464,1463,1790073072386.138,38.116017
1ac2ffac,1465,1464,1790073072420.095,33.957003
1ac2ffac,1466,1465,1790073072465.437,45.341764
1ac2ffac,1467,1466,1790073072506.776,41.339431
1ac2ffac,1468,1467,1790073072538.439,31.662765
1ac2ffac,1469,1468,1790073072580.207,41.767914
1ac2ffac,1470,1469,1790073072627.166,46.959331
1ac2ffac,1471,1470,1790073072670.102,42.935425
1ac2ffac,1472,1471,1790073072708.837,38.735516
1ac2ffac,1473,1472,1790073072738.457,29.61935
1ac2ffac,1474,1473,1790073072795.735,57.278301
1ac2ffac,1475,1474,1790073072827.9,32.16506
1ac2ffac,1476,1475,1790073072866.012,38.112109
1ac2ffac,1477,1476,1790073072905.914,39.902133
1ac2ffac,1478,1477,1790073072944.162,38.247512
1ac2ffac,1479,1478,1790073072981.665,37.503613
1ac2ffac,1480,1479,1790073073022.847,41.181247
1ac2ffac,1481,1480,1790073073058.064,35.217949
1ac2ffac,1482,1481,1790073073104.896,46.831637
1ac2ffac,1483,1482,1790073073140.255,35.358557
1ac2ffac,1484,1483,1790073073181.115,40.860128
1ac2ffac,1485,1484,1790073073224.884,43.769217
1ac2ffac,1486,1485,1790073073261.256,36.372339
1ac2ffac,1487,1486,1790073073315.292,54.035667
1ac2ffac,1488,1487,1790073073342.082,26.789723
1ac2ffac,1489,1488,1790073073380.574,38.492313
1ac2ffac,1490,1489,1790073073425.76,45.186476
1ac2ffac,1491,1490,1790073073467.451,41.690694
1ac2ffac,1492,1491,1790073073500.357,32.905844
1ac2ffac,1493,1492,1790073073542.642,42.285184
1ac2ffac,1494,1493,1790073073580.009,37.367005
1ac2ffac,1495,1494,1790073073620.738,40.72839
1ac2ffac,1496,1495,1790073073668.996,48.258155
1ac2ffac,1497,1496,1790073073706.649,37.652879
1ac2ffac,1498,1497,1790073073815.636,108.987227
1ac2ffac,1499,1498,1790073073833.704,18.068411
1ac2ffac,1500,1499,1790073073837.568,3.863721
1ac2ffac,1501,1500,1790073073866.218,28.649441
1ac2ffac,1502,1501,1790073073912.89,46.672257
1ac2ffac,1503,1502,1790073073953.598,40.708708
1ac2ffac,1504,1503,1790073073991.222,37.623554
1ac2ffac,1505,1504,1790073074032.207,40.984975
1ac2ffac,1506,1505,1790073074072.723,40.515554
1ac2ffac,1507,1506,1790073074114.832,42.109679
1ac2ffac,1508,1507,1790073074144.099,29.266524
1ac2ffac,1509,1508,1790073074194.513,50.414445
1ac2ffac,1510,1509,1790073074233.728,39.214787
1ac2ffac,1511,1510,1790073074263.621,29.892952
1ac2ffac,1512,1511,1790073074307.833,44.21189
1ac2ffac,1513,1512,1790073074350.709,42.876226
1ac2ffac,1514,1513,1790073074379.617,28.908079
1ac2ffac,1515,1514,1790073074426.781,47.164087
1ac2ffac,1516,1515,1790073074466.858,40.076541
1ac2ffac,1517,1516,1790073074508.214,41.35607
1ac2ffac,1518,1517,1790073074547.825,39.611669
1ac2ffac,1519,1518,1790073074584.38,36.553992
1ac2ffac,1520,1519,1790073074631.614,47.234491
1ac2ffac,1521,1520,1790073074658.646,27.031907
1ac2ffac,1522,1521,1790073074704.242,45.59585
1ac2ffac,1523,1522,1790073074744.988,40.745967
1ac2ffac,1524,1523,1790073074780.61,35.622664
1ac2ffac,1525,1524,1790073074837.124,56.513581
1ac2ffac,1526,1525,1790073074875.227,38.102524
1ac2ffac,1527,1526,1790073074904.63,29.403736
1ac2ffac,1528,1527,1790073074948.021,43.390331
1ac2ffac,1529,1528,1790073074987.115,39.094123
1ac2ffac,1530,1529,1790073075033.698,46.583169
1ac2ffac,1531,1530,1790073075065.403,31.705395
1ac2ffac,1532,1531,1790073075099.732,34.329131
1ac2ffac,1533,1532,1790073075144.077,44.345004
1ac2ffac,1534,1533,1790073075181.063,36.985392
1ac2ffac,1535,1534,1790073075222.392,41.329255
1ac2ffac,1536,1535,1790073075268.912,46.520042
1ac2ffac,1537,1536,1790073075299.553,30.641336
1ac2ffac,1538,1537,1790073075345.6,46.046277
1ac2ffac,1539,1538,1790073075379.615,34.015637
1ac2ffac,1540,1539,1790073075426.266,46.650939
1ac2ffac,1541,1540,1790073075459.261,32.994744
1ac2ffac,1542,1541,1790073075511.834,52.5734
1ac2ffac,1543,1542,1790073075541.386,29.551767
1ac2ffac,1544,1543,1790073075579.704,38.317374
1ac2ffac,1545,1544,1790073075621.808,42.104905
1ac2ffac,1546,1545,1790073075660.896,39.08729
1ac2ffac,1547,1546,1790073075700.783,39.887526
1ac2ffac,1548,1547,1790073075816.358,115.574423
1ac2ffac,1549,1548,1790073075817.552,1.19411
1ac2ffac,1550,1549,1790073075820.446,2.893644
1ac2ffac,1551,1550,1790073075869.233,48.787339
1ac2ffac,1552,1551,1790073075909.024,39.790902
1ac2ffac,1553,1552,1790073075947.105,38.081444
1ac2ffac,1554,1553,1790073075990.158,43.052667
1ac2ffac,1555,1554,1790073076021.343,31.184782
1ac2ffac,1556,1555,1790073076062.897,41.55467
1ac2ffac,1557,1556,1790073076102.569,39.671541
1ac2ffac,1558,1557,1790073076144.366,41.797773
1ac2ffac,1559,1558,1790073076191.443,47.076666
1ac2ffac,1560,1559,1790073076229.252,37.808899
1ac2ffac,1561,1560,1790073076261.049,31.796432
1ac2ffac,1562,1561,1790073076299.425,38.376372
1ac2ffac,1563,1562,1790073076344.386,44.961423
1ac2ffac,1564,1563,1790073076381.698,37.311202
1ac2ffac,1565,1564,1790073076420.079,38.381263
1ac2ffac,1566,1565,1790073076461.514,41.434953
1ac2ffac,1567,1566,1790073076501.053,39.538877
1ac2ffac,1568,1567,1790073076545.862,44.809766
1ac2ffac,1569,1568,1790073076581.494,35.63171
1ac2ffac,1570,1569,1790073076619.652,38.157655
1ac2ffac,1571,1570,1790073076671.274,51.622476
1ac2ffac,1572,1571,1790073076711.633,40.359048
1ac2ffac,1573,1572,1790073076741.588,29.95473
1ac2ffac,1574,1573,1790073076783.111,41.522553
1ac2ffac,1575,1574,1790073076828.487,45.376812
1ac2ffac,1576,1575,1790073076870.06,41.572539
1ac2ffac,1577,1576,1790073076900.421,30.360744
1ac2ffac,1578,1577,1790073076948.865,48.443903
1ac2ffac,1579,1578,1790073076990.184,41.319169
1ac2ffac,1580,1579,1790073077024.667,34.483479
1ac2ffac,1581,1580,1790073077061.218,36.551088
1ac2ffac,1582,1581,1790073077101.639,40.42023
1ac2ffac,1583,1582,1790073077142.454,40.815847
1ac2ffac,1584,1583,1790073077183.576,41.121174
1ac2ffac,1585,1584,1790073077230.787,47.21117
1ac2ffac,1586,1585,1790073077264.637,33.850578
1ac2ffac,1587,1586,1790073077301.625,36.987455
1ac2ffac,1588,1587,1790073077349.738,48.112983
1ac2ffac,1589,1588,1790073077384.303,34.565585
1ac2ffac,1590,1589,1790073077419.811,35.507644
1ac2ffac,1591,1590,1790073077460.167,40.355809
1ac2ffac,1592,1591,1790073077504.469,44.302609
1ac2ffac,1593,1592,1790073077542.957,38.48764
1ac2ffac,1594,1593,1790073077584.469,41.512342
1ac2ffac,1595,1594,1790073077619.958,35.488743
1ac2ffac,1596,1595,1790073077659.944,39.985351
1ac2ffac,1597,1596,1790073077698.894,38.950085
1ac2ffac,1598,1597,1790073077822.561,123.667165
1ac2ffac,1599,1598,1790073077823.72,1.159066
1ac2ffac,1600,1599,1790073077826.967,3.247249
1ac2ffac,1601,1600,1790073077876.905,49.937842
1ac2ffac,1602,1601,1790073077902.481,25.575944
1ac2ffac,1603,1602,1790073077945.419,42.937881
1ac2ffac,1604,1603,1790073077983.771,38.351985
1ac2ffac,1605,1604,1790073078020.815,37.044354
1ac2ffac,1606,1605,1790073078060.468,39.653186
1ac2ffac,1607,1606,1790073078105.509,45.040565
1ac2ffac,1608,1607,1790073078139.728,34.218727
1ac2ffac,1609,1608,1790073078179.142,39.414909
1ac2ffac,1610,1609,1790073078224.58,45.437677
1ac2ffac,1611,1610,1790073078272.872,48.292009
1ac2ffac,1612,1611,1790073078298.523,25.651234
1ac2ffac,1613,1612,1790073078349.109,50.585418
1ac2ffac,1614,1613,1790073078382.863,33.753904
1ac2ffac,1615,1614,1790073078419.262,36.39915
1ac2ffac,1616,1615,1790073078459.167,39.905423
1ac2ffac,1617,1616,1790073078505.721,46.554173
1ac2ffac,1618,1617,1790073078539.165,33.443198
1ac2ffac,1619,1618,1790073078591.949,52.784903
1ac2ffac,1620,1619,1790073078628.058,36.108694
1ac2ffac,1621,1620,1790073078666.09,38.031306
1ac2ffac,1622,1621,1790073078707.116,41.02652
1ac2ffac,1623,1622,1790073078752.772,45.655833
1ac2ffac,1624,1623,1790073078786.55,33.778026
1ac2ffac,1625,1624,1790073078821.824,35.274155
1ac2ffac,1626,1625,1790073078877.036,55.211906
1ac2ffac,1627,1626,1790073078901.703,24.667141
1ac2ffac,1628,1627,1790073078939.992,38.289346
1ac2ffac,1629,1628,1790073078982.002,42.009974
1ac2ffac,1630,1629,1790073079022.217,40.21453
1ac2ffac,1631,1630,1790073079063.388,41.171424
1ac2ffac,1632,1631,1790073079104.638,41.250082
1ac2ffac,1633,1632,1790073079141.544,36.905746
1ac2ffac,1634,1633,1790073079178.899,37.354874
1ac2ffac,1635,1634,1790073079230.834,51.935433
1ac2ffac,1636,1635,1790073079273.721,42.887
1ac2ffac,1637,1636,1790073079299.636,25.914154
1ac2ffac,1638,1637,1790073079338.502,38.866651
1ac2ffac,1639,1638,1790073079380.723,42.220312
1ac2ffac,1640,1639,1790073079419.115,38.392312
1ac2ffac,1641,1640,1790073079466.762,47.647452
1ac2ffac,1642,1641,1790073079507.994,41.231331
1ac2ffac,1643,1642,1790073079539.249,31.255651
1ac2ffac,1644,1643,1790073079579.068,39.818593
1ac2ffac,1645,1644,1790073079622.79,43.721563
1ac2ffac,1646,1645,1790073079660.557,37.76775
1ac2ffac,1647,1646,1790073079699.395,38.83729
1ac2ffac,1648,1647,1790073079828.244,128.849185
1ac2ffac,1649,1648,1790073079829.733,1.489013
1ac2ffac,1650,1649,1790073079831.574,1.840836
1ac2ffac,1651,1650,1790073079860.469,28.895257
1ac2ffac,1652,1651,1790073079898.937,38.468303
1ac2ffac,1653,1652,1790073079945.298,46.36095
1ac2ffac,1654,1653,1790073079979.279,33.981089
1ac2ffac,1655,1654,1790073080022.454,43.174456
1ac2ffac,1656,1655,1790073080058.36,35.90618
1ac2ffac,1657,1656,1790073080099.3,40.940479
1ac2ffac,1658,1657,1790073080143.958,44.65812
1ac2ffac,1659,1658,1790073080182.529,38.570209
1ac2ffac,1660,1659,1790073080218.959,36.430891
1ac2ffac,1661,1660,1790073080262.303,43.343813
1ac2ffac,1662,1661,1790073080303.614,41.310623
1ac2ffac,1663,1662,1790073080341.732,38.118323
1ac2ffac,1664,1663,1790073080380.627,38.894914
1ac2ffac,1665,1664,1790073080419.25,38.623121
1ac2ffac,1666,1665,1790073080458.11,38.85967
1ac2ffac,1667,1666,1790073080504.832,46.721517
1ac2ffac,1668,1667,1790073080539.574,34.7428
1ac2ffac,1669,1668,1790073080585.271,45.696152
1ac2ffac,1670,1669,1790073080618.742,33.471964
1ac2ffac,1671,1670,1790073080659.543,40.800525
1ac2ffac,1672,1671,1790073080702.014,42.470657
1ac2ffac,1673,1672,1790073080742.764,40.750466
1ac2ffac,1674,1673,1790073080781.154,38.389606
1ac2ffac,1675,1674,1790073080821.961,40.807061
1ac2ffac,1676,1675,1790073080865.949,43.988606
1ac2ffac,1677,1676,1790073080906.453,40.504078
1ac2ffac,1678,1677,1790073080939.318,32.864481
1ac2ffac,1679,1678,1790073080984.885,45.567517
1ac2ffac,1680,1679,1790073081019.898,35.012271
1ac2ffac,1681,1680,1790073081059.254,39.356367
1ac2ffac,1682,1681,1790073081103.248,43.993824
1ac2ffac,1683,1682,1790073081139.702,36.45442
1ac2ffac,1684,1683,1790073081183.371,43.668687
1ac2ffac,1685,1684,1790073081236.074,52.702637
1ac2ffac,1686,1685,1790073081264.498,28.424665
1ac2ffac,1687,1686,1790073081305.066,40.568065
1ac2ffac,1688,1687,1790073081343.363,38.296617
1ac2ffac,1689,1688,1790073081380.515,37.152122
1ac2ffac,1690,1689,1790073081425.198,44.682852
1ac2ffac,1691,1690,1790073081459.247,34.048493
1ac2ffac,1692,1691,1790073081506.005,46.758308
1ac2ffac,1693,1692,1790073081539.677,33.672632
1ac2ffac,1694,1693,1790073081578.031,38.353652
1ac2ffac,1695,1694,1790073081621.098,43.06675
1ac2ffac,1696,1695,1790073081660.217,39.119501
1ac2ffac,1697,1696,1790073081700.691,40.473995
1ac2ffac,1698,1697,1790073081820.052,119.360847
1ac2ffac,1699,1698,1790073081821.961,1.908592
1ac2ffac,1700,1699,1790073081830.366,8.405233
1ac2ffac,1701,1700,1790073081869.186,38.820093
1ac2ffac,1702,1701,1790073081905.514,36.32822
1ac2ffac,1703,1702,1790073081939.771,34.2572
1ac2ffac,1704,1703,1790073081979.496,39.72435
1ac2ffac,1705,1704,1790073082025.097,45.601597
1ac2ffac,1706,1705,1790073082064.233,39.135364
1ac2ffac,1707,1706,1790073082103.229,38.995681
1ac2ffac,1708,1707,1790073082141.317,38.088217
1ac2ffac,1709,1708,1790073082186.286,44.969369
1ac2ffac,1710,1709,1790073082220.833,34.546345
1ac2ffac,1711,1710,1790073082266.675,45.842295
1ac2ffac,1712,1711,1790073082298.861,32.186636
1ac2ffac,1713,1712,1790073082342.992,44.13064
1ac2ffac,1714,1713,1790073082390.712,47.720174
1ac2ffac,1715,1714,1790073082430.128,39.415916
1ac2ffac,1716,1715,1790073082463.312,33.184387
1ac2ffac,1717,1716,1790073082505.972,42.659239
1ac2ffac,1718,1717,1790073082538.182,32.210226
1ac2ffac,1719,1718,1790073082580.168,41.986512
1ac2ffac,1720,1719,1790073082636.736,56.567267
1ac2ffac,1721,1720,1790073082666.843,30.10727
1ac2ffac,1722,1721,1790073082701.77,34.926618
1ac2ffac,1723,1722,1790073082743.872,42.102591
1ac2ffac,1724,1723,1790073082778.948,35.0753
1ac2ffac,1725,1724,1790073082820.884,41.936348
1ac2ffac,1726,1725,1790073082859.367,38.48331
1ac2ffac,1727,1726,1790073082914.208,54.841284
1ac2ffac,1728,1727,1790073082943.727,29.51825
1ac2ffac,1729,1728,1790073082979.273,35.546139
1ac2ffac,1730,1729,1790073083018.468,39.195346
1ac2ffac,1731,1730,1790073083065.268,46.79991
1ac2ffac,1732,1731,1790073083098.957,33.688752
1ac2ffac,1733,1732,1790073083151.041,52.084455
1ac2ffac,1734,1733,1790073083184.888,33.847155
1ac2ffac,1735,1734,1790073083220.815,35.926198
1ac2ffac,1736,1735,1790073083259.954,39.139487
1ac2ffac,1737,1736,1790073083298.701,38.747228
1ac2ffac,1738,1737,1790073083338.519,39.817351
1ac2ffac,1739,1738,1790073083388.104,49.584812
1ac2ffac,1740,1739,1790073083421.06,32.956374
1ac2ffac,1741,1740,1790073083474.498,53.438097
1ac2ffac,1742,1741,1790073083508.471,33.973406
1ac2ffac,1743,1742,1790073083550.489,42.017528
1ac2ffac,1744,1743,1790073083577.826,27.337272
1ac2ffac,1745,1744,1790073083632.63,54.803823
1ac2ffac,1746,1745,1790073083666.324,33.693771
1ac2ffac,1747,1746,1790073083706.579,40.254894
1ac2ffac,1748,1747,1790073083820.146,113.567591
1ac2ffac,1749,1748,1790073083821.434,1.287765
1ac2ffac,1750,1749,1790073083822.533,1.09886
1ac2ffac,1751,1750,1790073083859.192,36.659238
1ac2ffac,1752,1751,1790073083903.958,44.76595
1ac2ffac,1753,1752,1790073083951.86,47.901854
1ac2ffac,1754,1753,1790073083992.273,40.412804
1ac2ffac,1755,1754,1790073084023.704,31.431594
1ac2ffac,1756,1755,1790073084064.756,41.051313
1ac2ffac,1757,1756,1790073084099.71,34.954623
1ac2ffac,1758,1757,1790073084150.961,51.250691
1ac2ffac,1759,1758,1790073084186.441,35.479965
1ac2ffac,1760,1759,1790073084226.458,40.017076
1ac2ffac,1761,1760,1790073084265.396,38.938563
1ac2ffac,1762,1761,1790073084310.528,45.131249
1ac2ffac,1763,1762,1790073084348.894,38.366593
1ac2ffac,1764,1763,1790073084379.276,30.381426
1ac2ffac,1765,1764,1790073084419.429,40.153063
1ac2ffac,1766,1765,1790073084463.076,43.647529
1ac2ffac,1767,1766,1790073084501.78,38.703466
1ac2ffac,1768,1767,1790073084544.443,42.662871
1ac2ffac,1769,1768,1790073084583.654,39.211163
1ac2ffac,1770,1769,1790073084619.972,36.317876
1ac2ffac,1771,1770,1790073084659.349,39.377608
1ac2ffac,1772,1771,1790073084711.064,51.714536
1ac2ffac,1773,1772,1790073084744.536,33.472481
1ac2ffac,1774,1773,1790073084780.442,35.906031
1ac2ffac,1775,1774,1790073084819.688,39.245274
1ac2ffac,1776,1775,1790073084859.162,39.47449
1ac2ffac,1777,1776,1790073084901.766,42.603561
1ac2ffac,1778,1777,1790073084940.173,38.407039
1ac2ffac,1779,1778,1790073084981.569,41.395826
1ac2ffac,1780,1779,1790073085022.596,41.027662
1ac2ffac,1781,1780,1790073085064.037,41.440732
1ac2ffac,1782,1781,1790073085109.768,45.730722
1ac2ffac,1783,1782,1790073085151.444,41.675906
1ac2ffac,1784,1783,1790073085190.509,39.065328
1ac2ffac,1785,1784,1790073085220.14,29.631184
1ac2ffac,1786,1785,1790073085260.131,39.99056
1ac2ffac,1787,1786,1790073085314.613,54.482309
1ac2ffac,1788,1787,1790073085341.538,26.924827
1ac2ffac,1789,1788,1790073085394.874,53.335588
1ac2ffac,1790,1789,1790073085424.383,29.509018
1ac2ffac,1791,1790,1790073085465.381,40.998656
1ac2ffac,1792,1791,1790073085515.402,50.021167
1ac2ffac,1793,1792,1790073085539.76,24.357274
1ac2ffac,1794,1793,1790073085585.048,45.288057
1ac2ffac,1795,1794,1790073085619.408,34.360454
1ac2ffac,1796,1795,1790073085658.004,38.595804
1ac2ffac,1797,1796,1790073085699.449,41.445611
1ac2ffac,1798,1797,1790073085810.158,110.709001
1ac2ffac,1799,1798,1790073085822.509,12.350821
1ac2ffac,1800,1799,1790073085825.114,2.60484
1ac2ffac,1801,1800,1790073085864.141,39.026816
1ac2ffac,1802,1801,1790073085902.36,38.218706
1ac2ffac,1803,1802,1790073085941.114,38.754435
1ac2ffac,1804,1803,1790073085980.993,39.87886
1ac2ffac,1805,1804,1790073086021.336,40.343448
1ac2ffac,1806,1805,1790073086066.241,44.904905
1ac2ffac,1807,1806,1790073086099.255,33.013984
1ac2ffac,1808,1807,1790073086141.418,42.162742
1ac2ffac,1809,1808,1790073086179.365,37.947096
1ac2ffac,1810,1809,1790073086217.8,38.435245
1ac2ffac,1811,1810,1790073086271.655,53.854902
1ac2ffac,1812,1811,1790073086298.711,27.056026
1ac2ffac,1813,1812,1790073086338.824,40.112844
1ac2ffac,1814,1813,1790073086393.833,55.008452
1ac2ffac,1815,1814,1790073086422.625,28.792889
1ac2ffac,1816,1815,1790073086458.695,36.069025
1ac2ffac,1817,1816,1790073086509.658,50.963545
1ac2ffac,1818,1817,1790073086541.991,32.33276
1ac2ffac,1819,1818,1790073086582.356,40.36482
1ac2ffac,1820,1819,1790073086648.13,65.774422
1ac2ffac,1821,1820,1790073086661.322,13.191555
1ac2ffac,1822,1821,1790073086705.079,43.757288
1ac2ffac,1823,1822,1790073086762.935,57.856429
1ac2ffac,1824,1823,1790073086779.823,16.88754
1ac2ffac,1825,1824,1790073086840.777,60.954554
1ac2ffac,1826,1825,1790073086869.67,28.892384
1ac2ffac,1827,1826,1790073086900.202,30.53251
1ac2ffac,1828,1827,1790073086938.665,38.462115
1ac2ffac,1829,1828,1790073086980.483,41.818813
1ac2ffac,1830,1829,1790073087020.496,40.012528
1ac2ffac,1831,1830,1790073087064.352,43.855848
1ac2ffac,1832,1831,1790073087105.777,41.42545
1ac2ffac,1833,1832,1790073087139.502,33.724498
1ac2ffac,1834,1833,1790073087202.679,63.177138
1ac2ffac,1835,1834,1790073087231.369,28.69046
1ac2ffac,1836,1835,1790073087259.984,28.615256
1ac2ffac,1837,1836,1790073087308.655,48.670822
1ac2ffac,1838,1837,1790073087341.113,32.457248
1ac2ffac,1839,1838,1790073087382.417,41.304931
1ac2ffac,1840,1839,1790073087430.984,48.566834
1ac2ffac,1841,1840,1790073087463.296,32.311963
1ac2ffac,1842,1841,1790073087513.56,50.263241
1ac2ffac,1843,1842,1790073087544.347,30.787944
1ac2ffac,1844,1843,1790073087590.533,46.186134
1ac2ffac,1845,1844,1790073087632.229,41.695093
1ac2ffac,1846,1845,1790073087659.832,27.603685
1ac2ffac,1847,1846,1790073087716.317,56.485095
1ac2ffac,1848,1847,1790073087820.984,104.66635
1ac2ffac,1849,1848,1790073087821.346,0.36209
1ac2ffac,1850,1849,1790073087822.684,1.338038
1ac2ffac,1851,1850,1790073087863.416,40.7316
1ac2ffac,1852,1851,1790073087900.903,37.487503
1ac2ffac,1853,1852,1790073087943.381,42.477835
1ac2ffac,1854,1853,1790073087979.827,36.446558
1ac2ffac,1855,1854,1790073088022.866,43.038956
1ac2ffac,1856,1855,1790073088060.457,37.590529
1ac2ffac,1857,1856,1790073088105.108,44.651312
1ac2ffac,1858,1857,1790073088146.426,41.317928
1ac2ffac,1859,1858,1790073088187.286,40.860023
1ac2ffac,1860,1859,1790073088220.101,32.81432
1ac2ffac,1861,1860,1790073088263.792,43.6911
1ac2ffac,1862,1861,1790073088298.17,34.378532
1ac2ffac,1863,1862,1790073088340.951,42.780803
1ac2ffac,1864,1863,1790073088382.115,41.163814
1ac2ffac,1865,1864,1790073088424.94,42.825439
1ac2ffac,1866,1865,1790073088459.487,34.546981
1ac2ffac,1867,1866,1790073088513.426,53.938857
1ac2ffac,1868,1867,1790073088549.717,36.290881
1ac2ffac,1869,1868,1790073088585.889,36.172119
1ac2ffac,1870,1869,1790073088629.702,43.812889
1ac2ffac,1871,1870,1790073088663.646,33.943539
1ac2ffac,1872,1871,1790073088717.81,54.164473
1ac2ffac,1873,1872,1790073088747.352,29.542385
1ac2ffac,1874,1873,1790073088794.301,46.948922
1ac2ffac,1875,1874,1790073088825.435,31.13388
1ac2ffac,1876,1875,1790073088865.245,39.810078
1ac2ffac,1877,1876,1790073088915.501,50.256053
1ac2ffac,1878,1877,1790073088950.351,34.849334
1ac2ffac,1879,1878,1790073088986.68,36.329653
1ac2ffac,1880,1879,1790073089025.852,39.171745
1ac2ffac,1881,1880,1790073089065.537,39.685474
1ac2ffac,1882,1881,1790073089104.407,38.869754
1ac2ffac,1883,1882,1790073089151.904,47.496284
1ac2ffac,1884,1883,1790073089184.021,32.116946
1ac2ffac,1885,1884,1790073089230.297,46.276781
1ac2ffac,1886,1885,1790073089272.841,42.543678
1ac2ffac,1887,1886,1790073089306.459,33.618196
1ac2ffac,1888,1887,1790073089347.371,40.911708
1ac2ffac,1889,1888,1790073089392.492,45.121532
1ac2ffac,1890,1889,1790073089425.358,32.865511
1ac2ffac,1891,1890,1790073089468.887,43.529454
1ac2ffac,1892,1891,1790073089507.51,38.622478
1ac2ffac,1893,1892,1790073089545.663,38.153203
1ac2ffac,1894,1893,1790073089586.499,40.836166
1ac2ffac,1895,1894,1790073089627.513,41.013499
1ac2ffac,1896,1895,1790073089666.088,38.575672
1ac2ffac,1897,1896,1790073089703.652,37.563513
1ac2ffac,1898,1897,1790073089799.324,95.672632
1ac2ffac,1899,1898,1790073089803.598,4.274035
1ac2ffac,1900,1899,1790073089826.152,22.553479
1ac2ffac,1901,1900,1790073089864.906,38.754219
1ac2ffac,1902,1901,1790073089920.75,55.843902
1ac2ffac,1903,1902,1790073089953.571,32.820554
1ac2ffac,1904,1903,1790073089985.964,32.392874
1ac2ffac,1905,1904,1790073090031.438,45.474168
1ac2ffac,1906,1905,1790073090067.054,35.616422
1ac2ffac,1907,1906,1790073090106.107,39.05331
1ac2ffac,1908,1907,1790073090150.649,44.541716
1ac2ffac,1909,1908,1790073090198.338,47.688908
1ac2ffac,1910,1909,1790073090234.772,36.434437
1ac2ffac,1911,1910,1790073090274.553,39.780938
1ac2ffac,1912,1911,1790073090308.246,33.692581
1ac2ffac,1913,1912,1790073090348.586,40.339765
1ac2ffac,1914,1913,1790073090400.722,52.136161
1ac2ffac,1915,1914,1790073090427.005,26.283222
1ac2ffac,1916,1915,1790073090471.518,44.512847
1ac2ffac,1917,1916,1790073090514.075,42.557464
1ac2ffac,1918,1917,1790073090545.122,31.046644
1ac2ffac,1919,1918,1790073090588.245,43.123079
1ac2ffac,1920,1919,1790073090629.22,40.974524
1ac2ffac,1921,1920,1790073090667.45,38.230803
1ac2ffac,1922,1921,1790073090718.555,51.104222
1ac2ffac,1923,1922,1790073090767.688,49.133229
1ac2ffac,1924,1923,1790073090795.397,27.709296
1ac2ffac,1925,1924,1790073090837.485,42.087899
1ac2ffac,1926,1925,1790073090865.076,27.590746
1ac2ffac,1927,1926,1790073090915.565,50.489484
1ac2ffac,1928,1927,1790073090951.446,35.880765
1ac2ffac,1929,1928,1790073090986.447,35.001234
1ac2ffac,1930,1929,1790073091033.307,46.859535
1ac2ffac,1931,1930,1790073091073.968,40.660769
1ac2ffac,1932,1931,1790073091107.434,33.466015
1ac2ffac,1933,1932,1790073091150.65,43.216062
1ac2ffac,1934,1933,1790073091185.772,35.122263
1ac2ffac,1935,1934,1790073091231.447,45.67474
1ac2ffac,1936,1935,1790073091276.042,44.594724
1ac2ffac,1937,1936,1790073091306.976,30.934425
1ac2ffac,1938,1937,1790073091345.614,38.637628
1ac2ffac,1939,1938,1790073091397.937,52.323007
1ac2ffac,1940,1939,1790073091431.509,33.572176
1ac2ffac,1941,1940,1790073091465.459,33.950346
1ac2ffac,1942,1941,1790073091512.528,47.069127
1ac2ffac,1943,1942,1790073091547.712,35.184275
1ac2ffac,1944,1943,1790073091584.912,37.19958
1ac2ffac,1945,1944,1790073091627.75,42.838288
1ac2ffac,1946,1945,1790073091664.244,36.493844
1ac2ffac,1947,1946,1790073091712.686,48.441903
1ac2ffac,1948,1947,1790073091800.459,87.773473
1ac2ffac,1949,1948,1790073091818.799,18.339385
1ac2ffac,1950,1949,1790073091841.139,22.34025
1ac2ffac,1951,1950,1790073091859.021,17.88135
1ac2ffac,1952,1951,1790073091905.276,46.255483
1ac2ffac,1953,1952,1790073091939.235,33.959252
1ac2ffac,1954,1953,1790073091978.794,39.559216
1ac2ffac,1955,1954,1790073092019.458,40.66338
1ac2ffac,1956,1955,1790073092063.118,43.660119
1ac2ffac,1957,1956,1790073092098.799,35.680571
1ac2ffac,1958,1957,1790073092141.907,43.108109
1ac2ffac,1959,1958,1790073092179.965,38.0579
1ac2ffac,1960,1959,1790073092219.355,39.390484
1ac2ffac,1961,1960,1790073092262.981,43.625949
1ac2ffac,1962,1961,1790073092298.658,35.676737
1ac2ffac,1963,1962,1790073092339.276,40.618194
1ac2ffac,1964,1963,1790073092385.508,46.231819
1ac2ffac,1965,1964,1790073092424.356,38.848788
1ac2ffac,1966,1965,1790073092460.239,35.88262
1ac2ffac,1967,1966,1790073092518.912,58.672843
1ac2ffac,1968,1967,1790073092540.66,21.747711
1ac2ffac,1969,1968,1790073092579.436,38.775971
1ac2ffac,1970,1969,1790073092626.976,47.539833
1ac2ffac,1971,1970,1790073092662.842,35.866678
1ac2ffac,1972,1971,1790073092703.413,40.570679
1ac2ffac,1973,1972,1790073092740.597,37.183788
1ac2ffac,1974,1973,1790073092781.143,40.54616
1ac2ffac,1975,1974,1790073092819.946,38.803538
1ac2ffac,1976,1975,1790073092864.996,45.049698
1ac2ffac,1977,1976,1790073092906.889,41.893068
1ac2ffac,1978,1977,1790073092946.098,39.208596
1ac2ffac,1979,1978,1790073092984.083,37.984789
1ac2ffac,1980,1979,1790073093027.538,43.455158
1ac2ffac,1981,1980,1790073093069.446,41.907911
1ac2ffac,1982,1981,1790073093104.369,34.923556
1ac2ffac,1983,1982,1790073093147.945,43.576011
1ac2ffac,1984,1983,1790073093188.03,40.084591
1ac2ffac,1985,1984,1790073093234.317,46.28771
1ac2ffac,1986,1985,1790073093272.404,38.086037
1ac2ffac,1987,1986,1790073093304.875,32.47162
1ac2ffac,1988,1987,1790073093346.45,41.574701
1ac2ffac,1989,1988,1790073093391.104,44.654121
1ac2ffac,1990,1989,1790073093420.394,29.289794
1ac2ffac,1991,1990,1790073093459.213,38.819437
1ac2ffac,1992,1991,1790073093499.482,40.269204
1ac2ffac,1993,1992,1790073093549.308,49.825954
1ac2ffac,1994,1993,1790073093585.617,36.308424
1ac2ffac,1995,1994,1790073093621.229,35.612698
1ac2ffac,1996,1995,1790073093666.199,44.969283
1ac2ffac,1997,1996,1790073093701.948,35.749222
1ac2ffac,1998,1997,1790073093814.682,112.734048
1ac2ffac,1999,1998,1790073093816.01,1.327536
1ac2ffac,2000,1999,1790073093824.376,8.366991
1ac2ffac,2001,2000,1790073093869.719,45.343059
1ac2ffac,2002,2001,1790073093908.407,38.687069
1ac2ffac,2003,2002,1790073093945.003,36.596603
1ac2ffac,2004,2003,1790073093985.15,40.146438
1ac2ffac,2005,2004,1790073094041.378,56.228612
1ac2ffac,2006,2005,1790073094064.04,22.661647
1ac2ffac,2007,2006,1790073094104.742,40.701866
1ac2ffac,2008,2007,1790073094141.25,36.508728
1ac2ffac,2009,2008,1790073094186.801,45.550055
1ac2ffac,2010,2009,1790073094223.474,36.67389
1ac2ffac,2011,2010,1790073094264.535,41.060605
1ac2ffac,2012,2011,1790073094303.824,39.289387
1ac2ffac,2013,2012,1790073094340.227,36.402364
1ac2ffac,2014,2013,1790073094387.366,47.139559
1ac2ffac,2015,2014,1790073094422.008,34.641205
1ac2ffac,2016,2015,1790073094464.742,42.734831
1ac2ffac,2017,2016,1790073094503.397,38.654552
1ac2ffac,2018,2017,1790073094540.894,37.496962
1ac2ffac,2019,2018,1790073094584.069,43.174731
1ac2ffac,2020,2019,1790073094621.687,37.617796
1ac2ffac,2021,2020,1790073094661.878,40.192055
1ac2ffac,2022,2021,1790073094705.367,43.488246
1ac2ffac,2023,2022,1790073094741.0,35.632946
1ac2ffac,2024,2023,1790073094786.684,45.684446
1ac2ffac,2025,2024,1790073094823.074,36.390047
1ac2ffac,2026,2025,1790073094863.96,40.885674
1ac2ffac,2027,2026,1790073094900.222,36.262525
1ac2ffac,2028,2027,1790073094955.741,55.518662
1ac2ffac,2029,2028,1790073094986.568,30.826597
1ac2ffac,2030,2029,1790073095025.03,38.461848
1ac2ffac,2031,2030,1790073095068.043,43.013769
1ac2ffac,2032,2031,1790073095101.96,33.916705
1ac2ffac,2033,2032,1790073095143.512,41.551902
1ac2ffac,2034,2033,1790073095180.582,37.069668
1ac2ffac,2035,2034,1790073095229.402,48.820242
1ac2ffac,2036,2035,1790073095261.335,31.93354
1ac2ffac,2037,2036,1790073095302.241,40.905699
1ac2ffac,2038,2037,1790073095343.074,40.832982
1ac2ffac,2039,2038,1790073095389.064,45.990337
1ac2ffac,2040,2039,1790073095425.327,36.262288
1ac2ffac,2041,2040,1790073095459.895,34.568447
1ac2ffac,2042,2041,1790073095510.786,50.890614
1ac2ffac,2043,2042,1790073095543.117,32.331562
1ac2ffac,2044,2043,1790073095582.268,39.15096
1ac2ffac,2045,2044,1790073095620.382,38.113543
1ac2ffac,2046,2045,1790073095661.197,40.815222
1ac2ffac,2047,2046,1790073095701.434,40.237437
1ac2ffac,2048,2047,1790073095807.254,105.819167
1ac2ffac,2049,2048,1790073095809.089,1.835038
1ac2ffac,2050,2049,1790073095819.544,10.455375
1ac2ffac,2051,2050,1790073095953.134,133.589587
1ac2ffac,2052,2051,1790073095954.816,1.682695
1ac2ffac,2053,2052,1790073095956.924,2.107363
1ac2ffac,2054,2053,1790073095988.325,31.401065
1ac2ffac,2055,2054,1790073096022.155,33.829778
1ac2ffac,2056,2055,1790073096059.475,37.320167
1ac2ffac,2057,2056,1790073096108.227,48.752691
1ac2ffac,2058,2057,1790073096147.76,39.532233
1ac2ffac,2059,2058,1790073096179.622,31.862103
1ac2ffac,2060,2059,1790073096224.024,44.402737
1ac2ffac,2061,2060,1790073096261.271,37.247044
1ac2ffac,2062,2061,1790073096304.264,42.992514
1ac2ffac,2063,2062,1790073096340.775,36.510798
1ac2ffac,2064,2063,1790073096389.809,49.033817
1ac2ffac,2065,2064,1790073096422.56,32.750983
1ac2ffac,2066,2065,1790073096461.79,39.230559
1ac2ffac,2067,2066,1790073096502.608,40.817682
1ac2ffac,2068,2067,1790073096546.457,43.849075
1ac2ffac,2069,2068,1790073096579.255,32.79828
1ac2ffac,2070,2069,1790073096634.492,55.236408
1ac2ffac,2071,2070,1790073096662.822,28.330673
1ac2ffac,2072,2071,1790073096700.24,37.418184
1ac2ffac,2073,2072,1790073096741.342,41.10098
1ac2ffac,2074,2073,1790073096790.032,48.690583
1ac2ffac,2075,2074,1790073096828.744,38.712421
1ac2ffac,2076,2075,1790073096867.166,38.42137
1ac2ffac,2077,2076,1790073096901.013,33.847373
1ac2ffac,2078,2077,1790073096948.104,47.091269
1ac2ffac,2079,2078,1790073096985.993,37.888697
1ac2ffac,2080,2079,1790073097021.909,35.915683
1ac2ffac,2081,2080,1790073097067.774,45.865365
1ac2ffac,2082,2081,1790073097100.514,32.739812
1ac2ffac,2083,2082,1790073097148.818,48.303613
1ac2ffac,2084,2083,1790073097185.508,36.689988
1ac2ffac,2085,2084,1790073097218.765,33.257855
1ac2ffac,2086,2085,1790073097263.978,45.212288
1ac2ffac,2087,2086,1790073097298.804,34.826798
1ac2ffac,2088,2087,1790073097344.236,45.431456
1ac2ffac,2089,2088,1790073097381.073,36.836789
1ac2ffac,2090,2089,1790073097426.011,44.938665
1ac2ffac,2091,2090,1790073097465.553,39.54211
1ac2ffac,2092,2091,1790073097501.615,36.061115
1ac2ffac,2093,2092,1790073097540.798,39.182975
1ac2ffac,2094,2093,1790073097585.484,44.686415
1ac2ffac,2095,2094,1790073097625.672,40.188183
1ac2ffac,2096,2095,1790073097660.633,34.960733
1ac2ffac,2097,2096,1790073097698.639,38.006459
1ac2ffac,2098,2097,1790073097819.846,121.207043
1ac2ffac,2099,2098,1790073097821.676,1.82985
1ac2ffac,2100,2099,1790073097824.765,3.088965
1ac2ffac,2101,2100,1790073097869.15,44.384384
1ac2ffac,2102,2101,1790073097909.297,40.147743
1ac2ffac,2103,2102,1790073097945.431,36.133252
1ac2ffac,2104,2103,1790073097985.333,39.9027
1ac2ffac,2105,2104,1790073098026.523,41.189556
1ac2ffac,2106,2105,1790073098064.142,37.619478
1ac2ffac,2107,2106,1790073098106.227,42.084137
1ac2ffac,2108,2107,1790073098145.034,38.807179
1ac2ffac,2109,2108,1790073098197.293,52.258909
1ac2ffac,2110,2109,1790073098225.392,28.099413
1ac2ffac,2111,2110,1790073098268.415,43.023049
1ac2ffac,2112,2111,1790073098304.389,35.973991
1ac2ffac,2113,2112,1790073098353.412,49.022659
1ac2ffac,2114,2113,1790073098389.25,35.838415
1ac2ffac,2115,2114,1790073098429.13,39.880245
1ac2ffac,2116,2115,1790073098465.787,36.656517
1ac2ffac,2117,2116,1790073098509.77,43.982846
1ac2ffac,2118,2117,1790073098547.675,37.905544
1ac2ffac,2119,2118,1790073098591.908,44.232945
1ac2ffac,2120,2119,1790073098625.363,33.45481
1ac2ffac,2121,2120,1790073098669.594,44.230677
1ac2ffac,2122,2121,1790073098705.626,36.032335
1ac2ffac,2123,2122,1790073098744.456,38.830305
1ac2ffac,2124,2123,1790073098797.259,52.802821
1ac2ffac,2125,2124,1790073098832.144,34.884748
1ac2ffac,2126,2125,1790073098875.825,43.680632
1ac2ffac,2127,2126,1790073098909.646,33.821924
1ac2ffac,2128,2127,1790073098945.243,35.596873
1ac2ffac,2129,2128,1790073098984.536,39.29234
1ac2ffac,2130,2129,1790073099035.956,51.419997
1ac2ffac,2131,2130,1790073099065.117,29.161121
1ac2ffac,2132,2131,1790073099120.259,55.142483
1ac2ffac,2133,2132,1790073099147.944,27.684179
1ac2ffac,2134,2133,1790073099188.034,40.090617
1ac2ffac,2135,2134,1790073099225.179,37.145366
1ac2ffac,2136,2135,1790073099272.885,47.705319
1ac2ffac,2137,2136,1790073099319.546,46.661666
1ac2ffac,2138,2137,1790073099349.136,29.589438
1ac2ffac,2139,2138,1790073099396.548,47.412139
1ac2ffac,2140,2139,1790073099426.518,29.970367
1ac2ffac,2141,2140,1790073099468.477,41.958527
1ac2ffac,2142,2141,1790073099504.968,36.490775
1ac2ffac,2143,2142,1790073099551.373,46.405341
1ac2ffac,2144,2143,1790073099585.822,34.44931
1ac2ffac,2145,2144,1790073099626.629,40.806841
1ac2ffac,2146,2145,1790073099666.197,39.567624
1ac2ffac,2147,2146,1790073099711.03,44.833163
1ac2ffac,2148,2147,1790073099805.767,94.736507
1ac2ffac,2149,2148,1790073099806.989,1.222215
1ac2ffac,2150,2149,1790073099829.505,22.516216
1ac2ffac,2151,2150,1790073099865.18,35.675411
1ac2ffac,2152,2151,1790073099901.829,36.648558
1ac2ffac,2153,2152,1790073099944.592,42.762719
1ac2ffac,2154,2153,1790073099991.905,47.313643
1ac2ffac,2155,2154,1790073100045.185,53.279718
1ac2ffac,2156,2155,1790073100066.093,20.907815
1ac2ffac,2157,2156,1790073100113.72,47.627372
1ac2ffac,2158,2157,1790073100141.656,27.935903
1ac2ffac,2159,2158,1790073100187.576,45.920418
1ac2ffac,2160,2159,1790073100241.504,53.927858
1ac2ffac,2161,2160,1790073100270.083,28.578683
1ac2ffac,2162,2161,1790073100303.605,33.522393
1ac2ffac,2163,2162,1790073100346.692,43.086159
1ac2ffac,2164,2163,1790073100385.975,39.283475
1ac2ffac,2165,2164,1790073100426.765,40.789599
1ac2ffac,2166,2165,1790073100466.727,39.962362
1ac2ffac,2167,2166,1790073100508.622,41.895261
1ac2ffac,2168,2167,1790073100542.073,33.450591
1ac2ffac,2169,2168,1790073100592.506,50.432787
1ac2ffac,2170,2169,1790073100624.812,32.306512
1ac2ffac,2171,2170,1790073100664.522,39.709739
1ac2ffac,2172,2171,1790073100702.277,37.755069
1ac2ffac,2173,2172,1790073100746.024,43.746946
1ac2ffac,2174,2173,1790073100791.633,45.609174
1ac2ffac,2175,2174,1790073100824.999,33.366125
1ac2ffac,2176,2175,1790073100861.159,36.15999
1ac2ffac,2177,2176,1790073100902.862,41.702698
1ac2ffac,2178,2177,1790073100948.905,46.043192
1ac2ffac,2179,2178,1790073100986.345,37.439784
1ac2ffac,2180,2179,1790073101029.507,43.162442
1ac2ffac,2181,2180,1790073101060.084,30.57632
1ac2ffac,2182,2181,1790073101108.225,48.140848
1ac2ffac,2183,2182,1790073101161.772,53.547486
1ac2ffac,2184,2183,1790073101181.127,19.35482
1ac2ffac,2185,2184,1790073101224.786,43.659672
1ac2ffac,2186,2185,1790073101263.459,38.673062
1ac2ffac,2187,2186,1790073101303.196,39.736628
1ac2ffac,2188,2187,1790073101346.504,43.307525
1ac2ffac,2189,2188,1790073101382.671,36.167519
1ac2ffac,2190,2189,1790073101422.581,39.910191
1ac2ffac,2191,2190,1790073101464.909,42.32789
1ac2ffac,2192,2191,1790073101501.588,36.678403
1ac2ffac,2193,2192,1790073101539.581,37.992744
1ac2ffac,2194,2193,1790073101588.885,49.30495
1ac2ffac,2195,2194,1790073101633.019,44.133502
1ac2ffac,2196,2195,1790073101659.636,26.617062
1ac2ffac,2197,2196,1790073101703.109,43.472683
1ac2ffac,2198,2197,1790073101819.785,116.676689
1ac2ffac,2199,2198,1790073101821.849,2.063514
1ac2ffac,2200,2199,1790073101824.939,3.090473
1ac2ffac,2201,2200,1790073101859.596,34.656397
1ac2ffac,2202,2201,1790073101904.193,44.597138
1ac2ffac,2203,2202,1790073101943.6,39.406888
1ac2ffac,2204,2203,1790073101983.264,39.66409
1ac2ffac,2205,2204,1790073102025.395,42.130827
1ac2ffac,2206,2205,1790073102068.181,42.786433
1ac2ffac,2207,2206,1790073102103.211,35.029661
1ac2ffac,2208,2207,1790073102147.38,44.169035
1ac2ffac,2209,2208,1790073102190.774,43.394726
1ac2ffac,2210,2209,1790073102224.894,34.119263
1ac2ffac,2211,2210,1790073102262.71,37.816756
1ac2ffac,2212,2211,1790073102300.582,37.871324
1ac2ffac,2213,2212,1790073102341.021,40.439499
1ac2ffac,2214,2213,1790073102381.662,40.640846
1ac2ffac,2215,2214,1790073102420.004,38.341893
1ac2ffac,2216,2215,1790073102460.45,40.445588
1ac2ffac,2217,2216,1790073102501.552,41.102225
1ac2ffac,2218,2217,1790073102553.577,52.02471
1ac2ffac,2219,2218,1790073102582.518,28.940995
1ac2ffac,2220,2219,1790073102620.25,37.732996
1ac2ffac,2221,2220,1790073102659.013,38.762784
1ac2ffac,2222,2221,1790073102699.246,40.23295
1ac2ffac,2223,2222,1790073102754.942,55.696031
1ac2ffac,2224,2223,1790073102781.163,26.220491
1ac2ffac,2225,2224,1790073102827.521,46.358321
1ac2ffac,2226,2225,1790073102880.593,53.071228
1ac2ffac,2227,2226,1790073102899.691,19.098422
1ac2ffac,2228,2227,1790073102943.118,43.427399
1ac2ffac,2229,2228,1790073102982.338,39.219667
1ac2ffac,2230,2229,1790073103027.877,45.538759
1ac2ffac,2231,2230,1790073103058.763,30.886245
1ac2ffac,2232,2231,1790073103100.055,41.292093
1ac2ffac,2233,2232,1790073103140.425,40.369962
1ac2ffac,2234,2233,1790073103184.839,44.413747
1ac2ffac,2235,2234,1790073103231.794,46.955146
1ac2ffac,2236,2235,1790073103270.854,39.06013
1ac2ffac,2237,2236,1790073103303.07,32.215889
1ac2ffac,2238,2237,1790073103353.485,50.415124
1ac2ffac,2239,2238,1790073103380.461,26.97588
1ac2ffac,2240,2239,1790073103424.815,44.353926
1ac2ffac,2241,2240,1790073103473.573,48.758033
1ac2ffac,2242,2241,1790073103516.604,43.03139
1ac2ffac,2243,2242,1790073103544.138,27.534318
1ac2ffac,2244,2243,1790073103583.01,38.871165
1ac2ffac,2245,2244,1790073103626.493,43.482919
1ac2ffac,2246,2245,1790073103660.768,34.275006
1ac2ffac,2247,2246,1790073103698.571,37.803326
1ac2ffac,2248,2247,1790073103816.565,117.993839
1ac2ffac,2249,2248,1790073103819.412,2.84758
1ac2ffac,2250,2249,1790073103824.199,4.787105
1ac2ffac,2251,2250,1790073103869.693,45.493839
1ac2ffac,2252,2251,1790073103909.816,40.122578
1ac2ffac,2253,2252,1790073103956.592,46.775662
1ac2ffac,2254,2253,1790073103990.398,33.806937
1ac2ffac,2255,2254,1790073104030.472,40.073182
1ac2ffac,2256,2255,1790073104074.552,44.079962
1ac2ffac,2257,2256,1790073104106.484,31.932826
1ac2ffac,2258,2257,1790073104148.322,41.837626
1ac2ffac,2259,2258,1790073104193.559,45.236876
1ac2ffac,2260,2259,1790073104230.021,36.462173
1ac2ffac,2261,2260,1790073104273.149,43.127716
1ac2ffac,2262,2261,1790073104316.03,42.881064
1ac2ffac,2263,2262,1790073104350.122,34.091782
1ac2ffac,2264,2263,1790073104392.76,42.638565
1ac2ffac,2265,2264,1790073104428.258,35.497835
1ac2ffac,2266,2265,1790073104463.988,35.729824
1ac2ffac,2267,2266,1790073104513.815,49.827176
1ac2ffac,2268,2267,1790073104554.718,40.902414
1ac2ffac,2269,2268,1790073104584.752,30.034268
1ac2ffac,2270,2269,1790073104629.059,44.306857
1ac2ffac,2271,2270,1790073104666.182,37.123116
1ac2ffac,2272,2271,1790073104704.25,38.067648
1ac2ffac,2273,2272,1790073104750.872,46.622536
1ac2ffac,2274,2273,1790073104789.021,38.148493
1ac2ffac,2275,2274,1790073104829.997,40.97695
1ac2ffac,2276,2275,1790073104864.896,34.898088
1ac2ffac,2277,2276,1790073104905.122,40.226142
1ac2ffac,2278,2277,1790073104943.865,38.743383
1ac2ffac,2279,2278,1790073104996.849,52.983676
1ac2ffac,2280,2279,1790073105036.421,39.572443
1ac2ffac,2281,2280,1790073105066.964,30.542521
1ac2ffac,2282,2281,1790073105105.866,38.902664
1ac2ffac,2283,2282,1790073105145.352,39.485163
1ac2ffac,2284,2283,1790073105187.815,42.46321
1ac2ffac,2285,2284,1790073105229.742,41.927516
1ac2ffac,2286,2285,1790073105282.398,52.656036
1ac2ffac,2287,2286,1790073105310.693,28.294756
1ac2ffac,2288,2287,1790073105346.5,35.806455
1ac2ffac,2289,2288,1790073105400.219,53.719873
1ac2ffac,2290,2289,1790073105428.692,28.472217
1ac2ffac,2291,2290,1790073105467.828,39.136631
1ac2ffac,2292,2291,1790073105507.681,39.852828
1ac2ffac,2293,2292,1790073105545.9,38.218854
1ac2ffac,2294,2293,1790073105586.102,40.20188
1ac2ffac,2295,2294,1790073105633.75,47.648052
1ac2ffac,2296,2295,1790073105663.675,29.925104
1ac2ffac,2297,2296,1790073105710.612,46.937027
1ac2ffac,2298,2297,1790073105832.059,121.446948
1ac2ffac,2299,2298,1790073105833.676,1.616699
1ac2ffac,2300,2299,1790073105835.225,1.549298
1ac2ffac,2301,2300,1790073105865.465,30.240594
1ac2ffac,2302,2301,1790073105909.241,43.775623
1ac2ffac,2303,2302,1790073105965.233,55.991502
1ac2ffac,2304,2303,1790073105991.084,25.851603
1ac2ffac,2305,2304,1790073106025.95,34.866068
1ac2ffac,2306,2305,1790073106065.366,39.416226
1ac2ffac,2307,2306,1790073106111.045,45.67872
1ac2ffac,2308,2307,1790073106152.748,41.703012
1ac2ffac,2309,2308,1790073106192.837,40.088508
1ac2ffac,2310,2309,1790073106226.406,33.569081
1ac2ffac,2311,2310,1790073106267.802,41.396077
1ac2ffac,2312,2311,1790073106301.787,33.985507
1ac2ffac,2313,2312,1790073106352.635,50.848056
1ac2ffac,2314,2313,1790073106381.079,28.443967
1ac2ffac,2315,2314,1790073106428.761,47.681628
1ac2ffac,2316,2315,1790073106465.175,36.414085
1ac2ffac,2317,2316,1790073106504.703,39.528242
1ac2ffac,2318,2317,1790073106539.965,35.261819
1ac2ffac,2319,2318,1790073106579.392,39.426978
1ac2ffac,2320,2319,1790073106630.062,50.669318
1ac2ffac,2321,2320,1790073106659.9,29.839036
1ac2ffac,2322,2321,1790073106698.337,38.436801
1ac2ffac,2323,2322,1790073106740.206,41.868305
1ac2ffac,2324,2323,1790073106781.156,40.95031
1ac2ffac,2325,2324,1790073106825.844,44.687916
1ac2ffac,2326,2325,1790073106865.899,40.055512
1ac2ffac,2327,2326,1790073106912.813,46.914251
1ac2ffac,2328,2327,1790073106939.775,26.961637
1ac2ffac,2329,2328,1790073106985.034,45.259289
1ac2ffac,2330,2329,1790073107036.991,51.956283
1ac2ffac,2331,2330,1790073107065.714,28.723665
1ac2ffac,2332,2331,1790073107100.861,35.146048
1ac2ffac,2333,2332,1790073107143.424,42.563311
1ac2ffac,2334,2333,1790073107189.041,45.61665
1ac2ffac,2335,2334,1790073107224.498,35.457103
1ac2ffac,2336,2335,1790073107269.312,44.814422
1ac2ffac,2337,2336,1790073107304.818,35.506446
1ac2ffac,2338,2337,1790073107341.292,36.474066
1ac2ffac,2339,2338,1790073107393.128,51.835436
1ac2ffac,2340,2339,1790073107418.709,25.580771
1ac2ffac,2341,2340,1790073107463.874,45.165307
1ac2ffac,2342,2341,1790073107501.269,37.395053
1ac2ffac,2343,2342,1790073107540.712,39.443266
1ac2ffac,2344,2343,1790073107580.265,39.552218
1ac2ffac,2345,2344,1790073107622.0,41.735071
1ac2ffac,2346,2345,1790073107659.265,37.265801
1ac2ffac,2347,2346,1790073107702.125,42.85987
1ac2ffac,2348,2347,1790073107814.887,112.76166
1ac2ffac,2349,2348,1790073107821.165,6.278406
1ac2ffac,2350,2349,1790073107824.159,2.993895
1ac2ffac,2351,2350,1790073107864.602,40.442737
1ac2ffac,2352,2351,1790073107900.379,35.777104
1ac2ffac,2353,2352,1790073107941.166,40.786853
1ac2ffac,2354,2353,1790073107988.893,47.727428
1ac2ffac,2355,2354,1790073108025.064,36.170603
1ac2ffac,2356,2355,1790073108060.238,35.173838
1ac2ffac,2357,2356,1790073108100.562,40.324476
1ac2ffac,2358,2357,1790073108140.208,39.645709
1ac2ffac,2359,2358,1790073108181.827,41.618892
1ac2ffac,2360,2359,1790073108219.711,37.883839
1ac2ffac,2361,2360,1790073108262.049,42.337791
1ac2ffac,2362,2361,1790073108300.339,38.290786
1ac2ffac,2363,2362,1790073108345.414,45.074542
1ac2ffac,2364,2363,1790073108383.093,37.678846
1ac2ffac,2365,2364,1790073108426.476,43.383307
1ac2ffac,2366,2365,1790073108459.333,32.857318
1ac2ffac,2367,2366,1790073108506.999,47.665534
1ac2ffac,2368,2367,1790073108546.39,39.390969
1ac2ffac,2369,2368,1790073108580.332,33.941947
1ac2ffac,2370,2369,1790073108619.987,39.655619
1ac2ffac,2371,2370,1790073108670.679,50.691222
1ac2ffac,2372,2371,1790073108701.29,30.611616
1ac2ffac,2373,2372,1790073108744.861,43.570289
1ac2ffac,2374,2373,1790073108781.672,36.811285
1ac2ffac,2375,2374,1790073108836.961,55.288938
1ac2ffac,2376,2375,1790073108868.628,31.667435
1ac2ffac,2377,2376,1790073108901.648,33.019678
1ac2ffac,2378,2377,1790073108944.072,42.423708
1ac2ffac,2379,2378,1790073108995.1,51.028117
1ac2ffac,2380,2379,1790073109025.2,30.099964
1ac2ffac,2381,2380,1790073109059.389,34.189588
1ac2ffac,2382,2381,1790073109104.475,45.085963
1ac2ffac,2383,2382,1790073109146.743,42.267926
1ac2ffac,2384,2383,1790073109179.247,32.503902
1ac2ffac,2385,2384,1790073109225.649,46.401598
1ac2ffac,2386,2385,1790073109260.612,34.963213
1ac2ffac,2387,2386,1790073109312.597,51.985584
1ac2ffac,2388,2387,1790073109347.85,35.252194
1ac2ffac,2389,2388,1790073109382.128,34.278087
1ac2ffac,2390,2389,1790073109419.362,37.2347
1ac2ffac,2391,2390,1790073109464.111,44.748169
1ac2ffac,2392,2391,1790073109504.908,40.797291
1ac2ffac,2393,2392,1790073109560.595,55.687181
1ac2ffac,2394,2393,1790073109580.014,19.419293
1ac2ffac,2395,2394,1790073109625.66,45.645252
1ac2ffac,2396,2395,1790073109663.462,37.802643
1ac2ffac,2397,2396,1790073109705.848,42.385665
1ac2ffac,2398,2397,1790073109801.754,95.906474
1ac2ffac,2399,2398,1790073109816.057,14.302651
1ac2ffac,2400,2399,1790073109819.024,2.966871
1ac2ffac,2401,2400,1790073109865.034,46.009739
1ac2ffac,2402,2401,1790073109905.782,40.748809
1ac2ffac,2403,2402,1790073109948.841,43.058022
1ac2ffac,2404,2403,1790073109980.136,31.295734
1ac2ffac,2405,2404,1790073110020.741,40.605259
1ac2ffac,2406,2405,1790073110068.947,48.205513
1ac2ffac,2407,2406,1790073110100.695,31.74786
1ac2ffac,2408,2407,1790073110142.792,42.097749
1ac2ffac,2409,2408,1790073110181.029,38.236568
1ac2ffac,2410,2409,1790073110225.651,44.621841
1ac2ffac,2411,2410,1790073110264.319,38.668327
1ac2ffac,2412,2411,1790073110300.744,36.424459
1ac2ffac,2413,2412,1790073110349.744,48.999816
1ac2ffac,2414,2413,1790073110379.896,30.152033
1ac2ffac,2415,2414,1790073110435.328,55.432639
1ac2ffac,2416,2415,1790073110462.874,27.545571
1ac2ffac,2417,2416,1790073110504.97,42.09617
1ac2ffac,2418,2417,1790073110544.29,39.320037
1ac2ffac,2419,2418,1790073110578.272,33.982294
1ac2ffac,2420,2419,1790073110631.686,53.413649
1ac2ffac,2421,2420,1790073110672.183,40.497292
1ac2ffac,2422,2421,1790073110699.356,27.172774
1ac2ffac,2423,2422,1790073110746.581,47.224499
1ac2ffac,2424,2423,1790073110779.785,33.204401
1ac2ffac,2425,2424,1790073110820.801,41.016243
1ac2ffac,2426,2425,1790073110863.441,42.640047
1ac2ffac,2427,2426,1790073110903.237,39.795375
1ac2ffac,2428,2427,1790073110942.977,39.740594
1ac2ffac,2429,2428,1790073110982.398,39.420721
1ac2ffac,2430,2429,1790073111020.925,38.526753
1ac2ffac,2431,2430,1790073111060.787,39.862524
1ac2ffac,2432,2431,1790073111103.691,42.904154
1ac2ffac,2433,2432,1790073111149.446,45.754115
1ac2ffac,2434,2433,1790073111181.44,31.994901
1ac2ffac,2435,2434,1790073111222.426,40.985033
1ac2ffac,2436,2435,1790073111265.327,42.901758
1ac2ffac,2437,2436,1790073111300.869,35.541583
1ac2ffac,2438,2437,1790073111347.719,46.8504
1ac2ffac,2439,2438,1790073111386.524,38.805034
1ac2ffac,2440,2439,1790073111425.247,38.72253
1ac2ffac,2441,2440,1790073111462.576,37.329629
1ac2ffac,2442,2441,1790073111506.234,43.657672
1ac2ffac,2443,2442,1790073111547.051,40.816592
1ac2ffac,2444,2443,1790073111583.045,35.994013
1ac2ffac,2445,2444,1790073111627.545,44.500665
1ac2ffac,2446,2445,1790073111661.138,33.592959
1ac2ffac,2447,2446,1790073111700.985,39.846916
1ac2ffac,2448,2447,1790073111816.044,115.059123
1ac2ffac,2449,2448,1790073111817.864,1.819143
1ac2ffac,2450,2449,1790073111824.667,6.8038
1ac2ffac,2451,2450,1790073111886.905,62.237381
1ac2ffac,2452,2451,1790073111914.915,28.010361
1ac2ffac,2453,2452,1790073111950.886,35.971214
1ac2ffac,2454,2453,1790073111993.465,42.578473
1ac2ffac,2455,2454,1790073112023.52,30.055446
1ac2ffac,2456,2455,1790073112064.713,41.193111
1ac2ffac,2457,2456,1790073112112.454,47.741189
1ac2ffac,2458,2457,1790073112151.754,39.299706
1ac2ffac,2459,2458,1790073112190.086,38.332407
1ac2ffac,2460,2459,1790073112229.185,39.098598
1ac2ffac,2461,2460,1790073112268.814,39.62857
1ac2ffac,2462,2461,1790073112311.147,42.333048
1ac2ffac,2463,2462,1790073112347.785,36.638288
1ac2ffac,2464,2463,1790073112385.734,37.948903
1ac2ffac,2465,2464,1790073112430.428,44.694385
1ac2ffac,2466,2465,1790073112469.772,39.343692
1ac2ffac,2467,2466,1790073112514.492,44.720045
1ac2ffac,2468,2467,1790073112547.232,32.740454
1ac2ffac,2469,2468,1790073112588.348,41.115777
1ac2ffac,2470,2469,1790073112631.596,43.24732
1ac2ffac,2471,2470,1790073112668.366,36.770423
1ac2ffac,2472,2471,1790073112705.934,37.568224
1ac2ffac,2473,2472,1790073112751.048,45.114117
1ac2ffac,2474,2473,1790073112790.189,39.140555
1ac2ffac,2475,2474,1790073112825.247,35.058219
1ac2ffac,2476,2475,1790073112867.014,41.767363
1ac2ffac,2477,2476,1790073112906.563,39.548759
1ac2ffac,2478,2477,1790073112961.824,55.260399
1ac2ffac,2479,2478,1790073112987.94,26.116207
1ac2ffac,2480,2479,1790073113036.393,48.453465
1ac2ffac,2481,2480,1790073113069.157,32.763507
1ac2ffac,2482,2481,1790073113121.689,52.532287
1ac2ffac,2483,2482,1790073113146.951,25.261828
1ac2ffac,2484,2483,1790073113200.273,53.322382
1ac2ffac,2485,2484,1790073113240.655,40.381635
1ac2ffac,2486,2485,1790073113281.479,40.8243
1ac2ffac,2487,2486,1790073113305.984,24.505001
1ac2ffac,2488,2487,1790073113345.866,39.881842
1ac2ffac,2489,2488,1790073113391.868,46.001462
1ac2ffac,2490,2489,1790073113424.908,33.040518
1ac2ffac,2491,2490,1790073113465.603,40.694711
1ac2ffac,2492,2491,1790073113506.943,41.340311
1ac2ffac,2493,2492,1790073113547.383,40.439524
1ac2ffac,2494,2493,1790073113591.829,44.446676
1ac2ffac,2495,2494,1790073113637.722,45.892927
1ac2ffac,2496,2495,1790073113666.366,28.644157
1ac2ffac,2497,2496,1790073113705.224,38.857947
1ac2ffac,2498,2497,1790073113805.107,99.88296
1ac2ffac,2499,2498,1790073113809.353,4.245739
1ac2ffac,2500,2499,1790073113844.025,34.671905
1ac2ffac,2501,2500,1790073113867.729,23.704402
1ac2ffac,2502,2501,1790073113905.944,38.215052
1ac2ffac,2503,2502,1790073113963.783,57.839054
1ac2ffac,2504,2503,1790073113993.633,29.849063
1ac2ffac,2505,2504,1790073114041.593,47.960513
1ac2ffac,2506,2505,1790073114084.901,43.307881
1ac2ffac,2507,2506,1790073114108.426,23.525451
1ac2ffac,2508,2507,1790073114147.483,39.056865
1ac2ffac,2509,2508,1790073114186.677,39.193627
1ac2ffac,2510,2509,1790073114229.592,42.914688
1ac2ffac,2511,2510,1790073114273.987,44.395498
1ac2ffac,2512,2511,1790073114306.608,32.621393
1ac2ffac,2513,2512,1790073114358.554,51.945588
1ac2ffac,2514,2513,1790073114389.189,30.635267
1ac2ffac,2515,2514,1790073114429.463,40.273408
1ac2ffac,2516,2515,1790073114467.491,38.028792
1ac2ffac,2517,2516,1790073114506.442,38.950403
1ac2ffac,2518,2517,1790073114549.039,42.597369
1ac2ffac,2519,2518,1790073114588.825,39.785771
1ac2ffac,2520,2519,1790073114634.468,45.642776
1ac2ffac,2521,2520,1790073114676.038,41.570159
1ac2ffac,2522,2521,1790073114710.416,34.37828
1ac2ffac,2523,2522,1790073114750.321,39.904785
1ac2ffac,2524,2523,1790073114792.724,42.402996
1ac2ffac,2525,2524,1790073114826.008,33.284029
1ac2ffac,2526,2525,1790073114877.266,51.258152
1ac2ffac,2527,2526,1790073114916.0,38.733894
1ac2ffac,2528,2527,1790073114948.809,32.808875
1ac2ffac,2529,2528,1790073114986.1,37.291073
1ac2ffac,2530,2529,1790073115035.674,49.573551
1ac2ffac,2531,2530,1790073115078.891,43.217057
1ac2ffac,2532,2531,1790073115106.603,27.712044
1ac2ffac,2533,2532,1790073115152.831,46.228388
1ac2ffac,2534,2533,1790073115187.612,34.780899
1ac2ffac,2535,2534,1790073115229.396,41.784505
1ac2ffac,2536,2535,1790073115268.646,39.249361
1ac2ffac,2537,2536,1790073115309.886,41.240592
1ac2ffac,2538,2537,1790073115346.843,36.956046
1ac2ffac,2539,2538,1790073115390.264,43.421088
1ac2ffac,2540,2539,1790073115429.939,39.67539
1ac2ffac,2541,2540,1790073115475.495,45.555925
1ac2ffac,2542,2541,1790073115521.835,46.340352
1ac2ffac,2543,2542,1790073115553.473,31.637916
1ac2ffac,2544,2543,1790073115593.524,40.050446
1ac2ffac,2545,2544,1790073115625.832,32.307871
1ac2ffac,2546,2545,1790073115673.495,47.66379
1ac2ffac,2547,2546,1790073115710.807,37.312144
1ac2ffac,2548,2547,1790073115829.364,118.5567
1ac2ffac,2549,2548,1790073115830.31,0.945939
1ac2ffac,2550,2549,1790073115833.428,3.11832
1ac2ffac,2551,2550,1790073115879.444,46.015898
1ac2ffac,2552,2551,1790073115919.853,40.408848
1ac2ffac,2553,2552,1790073115948.281,28.42779
1ac2ffac,2554,2553,1790073115986.505,38.224043
1ac2ffac,2555,2554,1790073116040.9,54.394848
1ac2ffac,2556,2555,1790073116075.884,34.983959
1ac2ffac,2557,2556,1790073116114.491,38.607357
1ac2ffac,2558,2557,1790073116146.943,32.451533
1ac2ffac,2559,2558,1790073116188.025,41.082342
1ac2ffac,2560,2559,1790073116238.941,50.916205
1ac2ffac,2561,2560,1790073116275.108,36.166409
1ac2ffac,2562,2561,1790073116306.833,31.725034
1ac2ffac,2563,2562,1790073116347.094,40.261533
1ac2ffac,2564,2563,1790073116397.358,50.263981
1ac2ffac,2565,2564,1790073116429.447,32.088866
1ac2ffac,2566,2565,1790073116470.15,40.702922
1ac2ffac,2567,2566,1790073116510.802,40.651452
1ac2ffac,2568,2567,1790073116557.099,46.297125
1ac2ffac,2569,2568,1790073116597.42,40.321622
1ac2ffac,2570,2569,1790073116627.587,30.167222
1ac2ffac,2571,2570,1790073116665.521,37.933107
1ac2ffac,2572,2571,1790073116706.675,41.154886
1ac2ffac,2573,2572,1790073116747.735,41.059243
1ac2ffac,2574,2573,1790073116787.847,40.112399
1ac2ffac,2575,2574,1790073116832.887,45.040545
1ac2ffac,2576,2575,1790073116867.148,34.260901
1ac2ffac,2577,2576,1790073116907.227,40.07813
1ac2ffac,2578,2577,1790073116957.111,49.884124
1ac2ffac,2579,2578,1790073117002.382,45.270854
1ac2ffac,2580,2579,1790073117028.803,26.421211
1ac2ffac,2581,2580,1790073117064.81,36.007524
1ac2ffac,2582,2581,1790073117105.973,41.16234
1ac2ffac,2583,2582,1790073117155.731,49.75832
1ac2ffac,2584,2583,1790073117198.945,43.214416
1ac2ffac,2585,2584,1790073117230.678,31.732896
1ac2ffac,2586,2585,1790073117267.024,36.345437
1ac2ffac,2587,2586,1790073117308.087,41.063161
1ac2ffac,2588,2587,1790073117354.549,46.462242
1ac2ffac,2589,2588,1790073117382.678,28.129402
1ac2ffac,2590,2589,1790073117426.967,44.2887
1ac2ffac,2591,2590,1790073117463.719,36.751209
1ac2ffac,2592,2591,1790073117503.679,39.960946
1ac2ffac,2593,2592,1790073117543.602,39.922512
1ac2ffac,2594,2593,1790073117585.104,41.501874
1ac2ffac,2595,2594,1790073117630.483,45.378928
1ac2ffac,2596,2595,1790073117668.876,38.393532
1ac2ffac,2597,2596,1790073117705.061,36.184978
1ac2ffac,2598,2597,1790073117827.336,122.275307
1ac2ffac,2599,2598,1790073117848.622,21.28554
1ac2ffac,2600,2599,1790073117852.73,4.107848
1ac2ffac,2601,2600,1790073117859.45,6.720196
1ac2ffac,2602,2601,1790073117902.252,42.802202
1ac2ffac,2603,2602,1790073117945.948,43.695359
1ac2ffac,2604,2603,1790073117983.563,37.615412
1ac2ffac,2605,2604,1790073118025.782,42.219067
1ac2ffac,2606,2605,1790073118060.069,34.287092
1ac2ffac,2607,2606,1790073118106.008,45.938462
1ac2ffac,2608,2607,1790073118146.8,40.792023
1ac2ffac,2609,2608,1790073118191.38,44.580591
1ac2ffac,2610,2609,1790073118223.845,32.464717
1ac2ffac,2611,2610,1790073118264.562,40.717221
1ac2ffac,2612,2611,1790073118306.348,41.785351
1ac2ffac,2613,2612,1790073118345.659,39.311505
1ac2ffac,2614,2613,1790073118383.214,37.555072
1ac2ffac,2615,2614,1790073118420.689,37.474691
1ac2ffac,2616,2615,1790073118460.42,39.731601
1ac2ffac,2617,2616,1790073118516.069,55.648101
1ac2ffac,2618,2617,1790073118541.13,25.061832
1ac2ffac,2619,2618,1790073118579.72,38.590187
1ac2ffac,2620,2619,1790073118621.782,42.061959
1ac2ffac,2621,2620,1790073118664.962,43.179862
1ac2ffac,2622,2621,1790073118704.39,39.427373
1ac2ffac,2623,2622,1790073118833.054,128.664473
1ac2ffac,2624,2623,1790073118836.448,3.393801
1ac2ffac,2625,2624,1790073118845.911,9.462791
1ac2ffac,2626,2625,1790073118861.81,15.899128
1ac2ffac,2627,2626,1790073118910.635,48.825381
1ac2ffac,2628,2627,1790073118954.082,43.446206
1ac2ffac,2629,2628,1790073118990.429,36.348015
1ac2ffac,2630,2629,1790073119032.613,42.183472
1ac2ffac,2631,2630,1790073119065.76,33.14752
1ac2ffac,2632,2631,1790073119104.286,38.525069
1ac2ffac,2633,2632,1790073119140.673,36.38732
1ac2ffac,2634,2633,1790073119185.931,45.258502
1ac2ffac,2635,2634,1790073119228.121,42.189743
1ac2ffac,2636,2635,1790073119261.883,33.762027
1ac2ffac,2637,2636,1790073119298.604,36.721
1ac2ffac,2638,2637,1790073119343.216,44.612105
1ac2ffac,2639,2638,1790073119379.655,36.438687
1ac2ffac,2640,2639,1790073119429.802,50.147103
1ac2ffac,2641,2640,1790073119459.028,29.225499
1ac2ffac,2642,2641,1790073119508.843,49.815098
1ac2ffac,2643,2642,1790073119541.828,32.984913
1ac2ffac,2644,2643,1790073119580.68,38.852644
1ac2ffac,2645,2644,1790073119636.223,55.542311
1ac2ffac,2646,2645,1790073119667.72,31.497311
1ac2ffac,2647,2646,1790073119707.786,40.066333
1ac2ffac,2648,2647,1790073119820.164,112.378145
1ac2ffac,2649,2648,1790073119822.343,2.178413
1ac2ffac,2650,2649,1790073119823.933,1.590252
1ac2ffac,2651,2650,1790073119860.327,36.393749
1ac2ffac,2652,2651,1790073119910.468,50.141224
1ac2ffac,2653,2652,1790073119950.285,39.81661
1ac2ffac,2654,2653,1790073119987.575,37.290252
1ac2ffac,2655,2654,1790073120021.208,33.632646
1ac2ffac,2656,2655,1790073120060.115,38.907576
1ac2ffac,2657,2656,1790073120100.663,40.548203
1ac2ffac,2658,2657,1790073120141.485,40.821727
1ac2ffac,2659,2658,1790073120181.607,40.122108
1ac2ffac,2660,2659,1790073120227.764,46.15706
1ac2ffac,2661,2660,1790073120261.297,33.532361
1ac2ffac,2662,2661,1790073120307.432,46.13549
1ac2ffac,2663,2662,1790073120353.487,46.055057
1ac2ffac,2664,2663,1790073120385.477,31.989567
1ac2ffac,2665,2664,1790073120420.143,34.666558
1ac2ffac,2666,2665,1790073120459.605,39.462264
1ac2ffac,2667,2666,1790073120505.825,46.219638
1ac2ffac,2668,2667,1790073120540.404,34.578506
1ac2ffac,2669,2668,1790073120580.531,40.127747
1ac2ffac,2670,2669,1790073120624.66,44.128251
1ac2ffac,2671,2670,1790073120667.396,42.736573
1ac2ffac,2672,2671,1790073120701.853,34.457056
1ac2ffac,2673,2672,1790073120744.088,42.234939
1ac2ffac,2674,2673,1790073120787.144,43.056117
1ac2ffac,2675,2674,1790073120825.111,37.966865
1ac2ffac,2676,2675,1790073120861.832,36.720539
1ac2ffac,2677,2676,1790073120904.514,42.681958
1ac2ffac,2678,2677,1790073120942.278,37.764217
1ac2ffac,2679,2678,1790073120990.428,48.149853
1ac2ffac,2680,2679,1790073121036.734,46.305858
1ac2ffac,2681,2680,1790073121060.883,24.149539
1ac2ffac,2682,2681,1790073121105.604,44.721454
1ac2ffac,2683,2682,1790073121149.277,43.67233
1ac2ffac,2684,2683,1790073121188.493,39.216245
1ac2ffac,2685,2684,1790073121220.641,32.147659
1ac2ffac,2686,2685,1790073121263.756,43.115068
1ac2ffac,2687,2686,1790073121299.646,35.88975
1ac2ffac,2688,2687,1790073121349.223,49.577259
1ac2ffac,2689,2688,1790073121390.343,41.119571
1ac2ffac,2690,2689,1790073121426.23,35.888076
1ac2ffac,2691,2690,1790073121465.305,39.07467
1ac2ffac,2692,2691,1790073121507.736,42.430368
1ac2ffac,2693,2692,1790073121546.979,39.243024
1ac2ffac,2694,2693,1790073121586.955,39.976651
1ac2ffac,2695,2694,1790073121622.563,35.607589
1ac2ffac,2696,2695,1790073121661.58,39.017045
1ac2ffac,2697,2696,1790073121708.605,47.024802
1ac2ffac,2698,2697,1790073121822.878,114.27296
1ac2ffac,2699,2698,1790073121824.29,1.412619
1ac2ffac,2700,2699,1790073121827.327,3.03682
1ac2ffac,2701,2700,1790073121862.799,35.471885
1ac2ffac,2702,2701,1790073121902.913,40.113973
1ac2ffac,2703,2702,1790073121945.578,42.664796
1ac2ffac,2704,2703,1790073121986.063,40.485021
1ac2ffac,2705,2704,1790073122041.019,54.955734
1ac2ffac,2706,2705,1790073122062.38,21.361951
1ac2ffac,2707,2706,1790073122115.572,53.191421
1ac2ffac,2708,2707,1790073122141.876,26.304067
1ac2ffac,2709,2708,1790073122182.601,40.725135
1ac2ffac,2710,2709,1790073122239.372,56.771331
1ac2ffac,2711,2710,1790073122272.506,33.133708
1ac2ffac,2712,2711,1790073122309.999,37.493101
1ac2ffac,2713,2712,1790073122346.257,36.258223
1ac2ffac,2714,2713,1790073122391.98,45.722527
1ac2ffac,2715,2714,1790073122421.203,29.2232
1ac2ffac,2716,2715,1790073122461.345,40.141718
1ac2ffac,2717,2716,1790073122502.971,41.626552
1ac2ffac,2718,2717,1790073122548.045,45.073865
1ac2ffac,2719,2718,1790073122580.962,32.916825
1ac2ffac,2720,2719,1790073122633.454,52.491945
1ac2ffac,2721,2720,1790073122679.951,46.496747
1ac2ffac,2722,2721,1790073122709.157,29.20588
1ac2ffac,2723,2722,1790073122749.266,40.108961
1ac2ffac,2724,2723,1790073122780.112,30.846473
1ac2ffac,2725,2724,1790073122833.906,53.794449
1ac2ffac,2726,2725,1790073122863.507,29.600698
1ac2ffac,2727,2726,1790073122905.344,41.836336
1ac2ffac,2728,2727,1790073122943.413,38.069156
1ac2ffac,2729,2728,1790073122986.106,42.693146
1ac2ffac,2730,2729,1790073123026.695,40.589182
1ac2ffac,2731,2730,1790073123062.958,36.263408
1ac2ffac,2732,2731,1790073123107.808,44.849474
1ac2ffac,2733,2732,1790073123140.674,32.866046
1ac2ffac,2734,2733,1790073123180.358,39.684283
1ac2ffac,2735,2734,1790073123243.001,62.642741
1ac2ffac,2736,2735,1790073123266.887,23.886358
1ac2ffac,2737,2736,1790073123301.168,34.281113
1ac2ffac,2738,2737,1790073123342.067,40.898565
1ac2ffac,2739,2738,1790073123380.801,38.73427
1ac2ffac,2740,2739,1790073123421.187,40.385755
1ac2ffac,2741,2740,1790073123459.974,38.786773
1ac2ffac,2742,2741,1790073123504.718,44.743998
1ac2ffac,2743,2742,1790073123549.019,44.301069
1ac2ffac,2744,2743,1790073123580.286,31.267154
1ac2ffac,2745,2744,1790073123623.043,42.75681
1ac2ffac,2746,2745,1790073123664.513,41.470173
1ac2ffac,2747,2746,1790073123699.715,35.201873
1ac2ffac,2748,2747,1790073123813.126,113.411588
1ac2ffac,2749,2748,1790073123823.72,10.593244
1ac2ffac,2750,2749,1790073123829.031,5.311151
1ac2ffac,2751,2750,1790073123861.48,32.449291
1ac2ffac,2752,2751,1790073123899.237,37.756506
1ac2ffac,2753,2752,1790073123940.703,41.466122
1ac2ffac,2754,2753,1790073123979.959,39.256554
1ac2ffac,2755,2754,1790073124024.276,44.31674
1ac2ffac,2756,2755,1790073124065.695,41.418855
1ac2ffac,2757,2756,1790073124100.542,34.847255
1ac2ffac,2758,2757,1790073124142.678,42.135872
1ac2ffac,2759,2758,1790073124180.057,37.378445
1ac2ffac,2760,2759,1790073124229.183,49.126465
1ac2ffac,2761,2760,1790073124262.799,33.616096
1ac2ffac,2762,2761,1790073124300.674,37.874657
1ac2ffac,2763,2762,1790073124350.761,50.087048
1ac2ffac,2764,2763,1790073124382.349,31.588163
1ac2ffac,2765,2764,1790073124420.719,38.369883
1ac2ffac,2766,2765,1790073124461.817,41.098464
1ac2ffac,2767,2766,1790073124503.566,41.748351
1ac2ffac,2768,2767,1790073124543.133,39.567124
1ac2ffac,2769,2768,1790073124581.005,37.87251
1ac2ffac,2770,2769,1790073124620.962,39.956749
1ac2ffac,2771,2770,1790073124664.183,43.221196
1ac2ffac,2772,2771,1790073124705.583,41.39952
1ac2ffac,2773,2772,1790073124747.055,41.472212
1ac2ffac,2774,2773,1790073124781.319,34.263884
1ac2ffac,2775,2774,1790073124819.516,38.197395
1ac2ffac,2776,2775,1790073124862.584,43.067596
1ac2ffac,2777,2776,1790073124915.85,53.266444
1ac2ffac,2778,2777,1790073124943.575,27.724369
1ac2ffac,2779,2778,1790073124984.609,41.033944
1ac2ffac,2780,2779,1790073125022.373,37.764086
1ac2ffac,2781,2780,1790073125065.745,43.372071
1ac2ffac,2782,2781,1790073125107.454,41.709422
1ac2ffac,2783,2782,1790073125141.309,33.854594
1ac2ffac,2784,2783,1790073125180.629,39.319738
1ac2ffac,2785,2784,1790073125226.981,46.352876
1ac2ffac,2786,2785,1790073125268.203,41.221743
1ac2ffac,2787,2786,1790073125298.782,30.578756
1ac2ffac,2788,2787,1790073125343.751,44.968689
1ac2ffac,2789,2788,1790073125380.976,37.225092
1ac2ffac,2790,2789,1790073125428.571,47.595125
1ac2ffac,2791,2790,1790073125460.664,32.092954
1ac2ffac,2792,2791,1790073125506.823,46.159594
1ac2ffac,2793,2792,1790073125546.254,39.430878
1ac2ffac,2794,2793,1790073125581.204,34.949949
1ac2ffac,2795,2794,1790073125622.316,41.111594
1ac2ffac,2796,2795,1790073125659.858,37.542418
1ac2ffac,2797,2796,1790073125705.674,45.816085
1ac2ffac,2798,2797,1790073125825.111,119.436275
1ac2ffac,2799,2798,1790073125827.354,2.243724
1ac2ffac,2800,2799,1790073125830.9,3.545716
1ac2ffac,2801,2800,1790073125863.325,32.425057
1ac2ffac,2802,2801,1790073125900.274,36.949348
1ac2ffac,2803,2802,1790073125961.677,61.402222
1ac2ffac,2804,2803,1790073125982.176,20.498959
1ac2ffac,2805,2804,1790073126026.098,43.922344
1ac2ffac,2806,2805,1790073126063.536,37.437909
1ac2ffac,2807,2806,1790073126109.399,45.863047
1ac2ffac,2808,2807,1790073126144.725,35.325696
1ac2ffac,2809,2808,1790073126185.206,40.481487
1ac2ffac,2810,2809,1790073126223.031,37.825107
1ac2ffac,2811,2810,1790073126263.184,40.152866
1ac2ffac,2812,2811,1790073126303.259,40.074378
1ac2ffac,2813,2812,1790073126349.127,45.868503
1ac2ffac,2814,2813,1790073126381.613,32.486058
1ac2ffac,2815,2814,1790073126419.83,38.21653
1ac2ffac,2816,2815,1790073126460.256,40.426662
1ac2ffac,2817,2816,1790073126507.043,46.787161
1ac2ffac,2818,2817,1790073126540.521,33.477332
1ac2ffac,2819,2818,1790073126584.561,44.040043
1ac2ffac,2820,2819,1790073126621.68,37.119315
1ac2ffac,2821,2820,1790073126663.837,42.156718
1ac2ffac,2822,2821,1790073126707.257,43.420012
1ac2ffac,2823,2822,1790073126747.555,40.298111
1ac2ffac,2824,2823,1790073126787.567,40.012491
1ac2ffac,2825,2824,1790073126821.835,34.267228
1ac2ffac,2826,2825,1790073126860.866,39.031665
1ac2ffac,2827,2826,1790073126902.518,41.651354
1ac2ffac,2828,2827,1790073126940.843,38.325372
1ac2ffac,2829,2828,1790073126991.765,50.922107
1ac2ffac,2830,2829,1790073127022.972,31.206845
1ac2ffac,2831,2830,1790073127059.84,36.867995
1ac2ffac,2832,2831,1790073127107.09,47.250095
1ac2ffac,2833,2832,1790073127143.526,36.436143
1ac2ffac,2834,2833,1790073127181.957,38.430901
1ac2ffac,2835,2834,1790073127221.615,39.658127
1ac2ffac,2836,2835,1790073127276.017,54.401305
1ac2ffac,2837,2836,1790073127321.172,45.155334
1ac2ffac,2838,2837,1790073127354.975,33.803359
1ac2ffac,2839,2838,1790073127391.953,36.977354
1ac2ffac,2840,2839,1790073127422.979,31.025993
1ac2ffac,2841,2840,1790073127475.997,53.018274
1ac2ffac,2842,2841,1790073127514.692,38.695146
1ac2ffac,2843,2842,1790073127540.756,26.064393
1ac2ffac,2844,2843,1790073127590.673,49.917015
1ac2ffac,2845,2844,1790073127624.554,33.880351
1ac2ffac,2846,2845,1790073127667.585,43.030903
1ac2ffac,2847,2846,1790073127701.066,33.481424
1ac2ffac,2848,2847,1790073127803.866,102.799882
1ac2ffac,2849,2848,1790073127811.45,7.583767
1ac2ffac,2850,2849,1790073127824.872,13.422229
1ac2ffac,2851,2850,1790073127874.711,49.838936
1ac2ffac,2852,2851,1790073127901.587,26.875776
1ac2ffac,2853,2852,1790073127948.169,46.581942
1ac2ffac,2854,2853,1790073127986.685,38.516155
1ac2ffac,2855,2854,1790073128025.389,38.704609
1ac2ffac,2856,2855,1790073128064.562,39.172652
1ac2ffac,2857,2856,1790073128103.422,38.859885
1ac2ffac,2858,2857,1790073128141.723,38.301307
1ac2ffac,2859,2858,1790073128180.509,38.785233
1ac2ffac,2860,2859,1790073128225.531,45.022268
1ac2ffac,2861,2860,1790073128263.383,37.852656
1ac2ffac,2862,2861,1790073128305.349,41.965567
1ac2ffac,2863,2862,1790073128341.266,35.917039
1ac2ffac,2864,2863,1790073128386.527,45.260578
1ac2ffac,2865,2864,1790073128428.905,42.37808
1ac2ffac,2866,2865,1790073128460.799,31.894316
1ac2ffac,2867,2866,1790073128513.185,52.386102
1ac2ffac,2868,2867,1790073128545.545,32.359523
1ac2ffac,2869,2868,1790073128592.189,46.644107
1ac2ffac,2870,2869,1790073128626.492,34.303135
1ac2ffac,2871,2870,1790073128667.524,41.032065
1ac2ffac,2872,2871,1790073128702.752,35.228566
1ac2ffac,2873,2872,1790073128741.26,38.508152
1ac2ffac,2874,2873,1790073128790.962,49.701153
1ac2ffac,2875,2874,1790073128820.57,29.608275
1ac2ffac,2876,2875,1790073128861.689,41.119158
1ac2ffac,2877,2876,1790073128901.014,39.325083
1ac2ffac,2878,2877,1790073128940.873,39.858443
1ac2ffac,2879,2878,1790073128983.463,42.590757
1ac2ffac,2880,2879,1790073129021.756,38.292154
1ac2ffac,2881,2880,1790073129064.929,43.173387
1ac2ffac,2882,2881,1790073129107.171,42.24205
1ac2ffac,2883,2882,1790073129140.716,33.544597
1ac2ffac,2884,2883,1790073129185.395,44.679213
1ac2ffac,2885,2884,1790073129226.662,41.266936
1ac2ffac,2886,2885,1790073129265.108,38.446314
1ac2ffac,2887,2886,1790073129298.78,33.671997
1ac2ffac,2888,2887,1790073129340.129,41.348785
1ac2ffac,2889,2888,1790073129389.264,49.134891
1ac2ffac,2890,2889,1790073129420.375,31.110764
1ac2ffac,2891,2890,1790073129459.861,39.486343
1ac2ffac,2892,2891,1790073129507.643,47.781686
1ac2ffac,2893,2892,1790073129545.703,38.060833
1ac2ffac,2894,2893,1790073129581.038,35.334338
1ac2ffac,2895,2894,1790073129628.803,47.76519
1ac2ffac,2896,2895,1790073129661.573,32.770062
1ac2ffac,2897,2896,1790073129703.414,41.84104
1ac2ffac,2898,2897,1790073129835.179,131.764741
1ac2ffac,2899,2898,1790073129837.975,2.796015
1ac2ffac,2900,2899,1790073129845.958,7.983502
1ac2ffac,2901,2900,1790073129863.277,17.318479
1ac2ffac,2902,2901,1790073129903.071,39.794273
1ac2ffac,2903,2902,1790073129945.819,42.748107
1ac2ffac,2904,2903,1790073129988.855,43.036056
1ac2ffac,2905,2904,1790073130021.362,32.506915
1ac2ffac,2906,2905,1790073130060.674,39.311455
1ac2ffac,2907,2906,1790073130107.815,47.141589
1ac2ffac,2908,2907,1790073130142.448,34.632258
1ac2ffac,2909,2908,1790073130183.026,40.578406
1ac2ffac,2910,2909,1790073130225.882,42.856471
1ac2ffac,2911,2910,1790073130268.854,42.971216
1ac2ffac,2912,2911,1790073130302.426,33.572221
1ac2ffac,2913,2912,1790073130340.064,37.63824
1ac2ffac,2914,2913,1790073130381.759,41.695323
1ac2ffac,2915,2914,1790073130423.033,41.273887
1ac2ffac,2916,2915,1790073130460.609,37.575603
1ac2ffac,2917,2916,1790073130500.846,40.237048
1ac2ffac,2918,2917,1790073130539.859,39.012754
1ac2ffac,2919,2918,1790073130578.949,39.090308
1ac2ffac,2920,2919,1790073130632.709,53.760309
1ac2ffac,2921,2920,1790073130660.825,28.115808
1ac2ffac,2922,2921,1790073130699.527,38.701498
1ac2ffac,2923,2922,1790073130739.373,39.846815
1ac2ffac,2924,2923,1790073130781.362,41.988675
1ac2ffac,2925,2924,1790073130819.343,37.980487
1ac2ffac,2926,2925,1790073130865.559,46.216513
1ac2ffac,2927,2926,1790073130904.053,38.494492
1ac2ffac,2928,2927,1790073130944.485,40.431726
1ac2ffac,2929,2928,1790073130998.995,54.509354
1ac2ffac,2930,2929,1790073131021.855,22.860562
1ac2ffac,2931,2930,1790073131068.508,46.653264
1ac2ffac,2932,2931,1790073131105.528,37.02001
1ac2ffac,2933,2932,1790073131145.646,40.117144
1ac2ffac,2934,2933,1790073131193.57,47.924035
1ac2ffac,2935,2934,1790073131221.205,27.635823
1ac2ffac,2936,2935,1790073131261.692,40.4863
1ac2ffac,2937,2936,1790073131303.619,41.927165
1ac2ffac,2938,2937,1790073131344.551,40.931603
1ac2ffac,2939,2938,1790073131391.548,46.997912
1ac2ffac,2940,2939,1790073131420.882,29.333732
1ac2ffac,2941,2940,1790073131466.195,45.312424
1ac2ffac,2942,2941,1790073131502.592,36.397174
1ac2ffac,2943,2942,1790073131552.052,49.460544
1ac2ffac,2944,2943,1790073131586.814,34.762235
1ac2ffac,2945,2944,1790073131622.188,35.372958
1ac2ffac,2946,2945,1790073131665.666,43.47876
1ac2ffac,2947,2946,1790073131701.793,36.12699
1ac2ffac,2948,2947,1790073131811.733,109.939897
1ac2ffac,2949,2948,1790073131814.513,2.77992
1ac2ffac,2950,2949,1790073131821.946,7.433024
1ac2ffac,2951,2950,1790073131872.697,50.750434
1ac2ffac,2952,2951,1790073131900.673,27.97695
1ac2ffac,2953,2952,1790073131942.645,41.971742
1ac2ffac,2954,2953,1790073131986.381,43.736092
1ac2ffac,2955,2954,1790073132021.573,35.191635
1ac2ffac,2956,2955,1790073132063.39,41.816983
1ac2ffac,2957,2956,1790073132103.246,39.856352
1ac2ffac,2958,2957,1790073132140.781,37.534847
1ac2ffac,2959,2958,1790073132179.776,38.994989
1ac2ffac,2960,2959,1790073132226.682,46.905782
1ac2ffac,2961,2960,1790073132261.366,34.684615
1ac2ffac,2962,2961,1790073132301.355,39.988141
1ac2ffac,2963,2962,1790073132343.871,42.516194
1ac2ffac,2964,2963,1790073132393.387,49.516488
1ac2ffac,2965,2964,1790073132421.164,27.776508
1ac2ffac,2966,2965,1790073132472.008,50.844271
1ac2ffac,2967,2966,1790073132503.441,31.432461
1ac2ffac,2968,2967,1790073132545.51,42.069136
1ac2ffac,2969,2968,1790073132592.079,46.569726
1ac2ffac,2970,2969,1790073132631.733,39.653299
1ac2ffac,2971,2970,1790073132662.779,31.046544
1ac2ffac,2972,2971,1790073132699.442,36.663176
1ac2ffac,2973,2972,1790073132740.645,41.202353
1ac2ffac,2974,2973,1790073132782.696,42.051196
1ac2ffac,2975,2974,1790073132828.978,46.281855
1ac2ffac,2976,2975,1790073132863.218,34.240185
1ac2ffac,2977,2976,1790073132904.776,41.558163
1ac2ffac,2978,2977,1790073132940.493,35.717142
1ac2ffac,2979,2978,1790073132981.03,40.536666
1ac2ffac,2980,2979,1790073133022.608,41.578064
1ac2ffac,2981,2980,1790073133064.954,42.346258
1ac2ffac,2982,2981,1790073133099.251,34.297099
1ac2ffac,2983,2982,1790073133146.085,46.833995
1ac2ffac,2984,2983,1790073133179.658,33.572795
1ac2ffac,2985,2984,1790073133243.204,63.545617
1ac2ffac,2986,2985,1790073133266.249,23.045068
1ac2ffac,2987,2986,1790073133305.461,39.212421
1ac2ffac,2988,2987,1790073133353.799,48.337861
1ac2ffac,2989,2988,1790073133388.743,34.944068
1ac2ffac,2990,2989,1790073133422.03,33.286598
1ac2ffac,2991,2990,1790073133472.072,50.041581
1ac2ffac,2992,2991,1790073133501.475,29.404032
1ac2ffac,2993,2992,1790073133541.326,39.850347
1ac2ffac,2994,2993,1790073133586.001,44.674911
1ac2ffac,2995,2994,1790073133640.22,54.219737
1ac2ffac,2996,2995,1790073133660.058,19.837065
1ac2ffac,2997,2996,1790073133705.799,45.741617
1ac2ffac,2998,2997,1790073133823.739,117.940084
1ac2ffac,2999,2998,1790073133825.692,1.953258
1ac2ffac,3000,2999,1790073133843.565,17.872687
1ac2ffac,3001,3000,1790073133868.293,24.728153
1ac2ffac,3002,3001,1790073133916.956,48.66276
1ac2ffac,3003,3002,1790073133946.792,29.83603
1ac2ffac,3004,3003,1790073133986.611,39.818618
1ac2ffac,3005,3004,1790073134026.489,39.877867
1ac2ffac,3006,3005,1790073134065.146,38.657095
1ac2ffac,3007,3006,1790073134112.042,46.895821
1ac2ffac,3008,3007,1790073134146.053,34.011373
1ac2ffac,3009,3008,1790073134186.724,40.670665
1ac2ffac,3010,3009,1790073134225.906,39.182738
1ac2ffac,3011,3010,1790073134270.912,45.006136
1ac2ffac,3012,3011,1790073134307.527,36.614154
1ac2ffac,3013,3012,1790073134345.08,37.553541
1ac2ffac,3014,3013,1790073134388.83,43.749806
1ac2ffac,3015,3014,1790073134428.006,39.175628
1ac2ffac,3016,3015,1790073134474.034,46.028824
1ac2ffac,3017,3016,1790073134508.947,34.912089
1ac2ffac,3018,3017,1790073134556.449,47.502461
1ac2ffac,3019,3018,1790073134594.089,37.639679
1ac2ffac,3020,3019,1790073134640.436,46.346873
1ac2ffac,3021,3020,1790073134666.96,26.524363
1ac2ffac,3022,3021,1790073134706.974,40.014595
1ac2ffac,3023,3022,1790073134748.6,41.625591
1ac2ffac,3024,3023,1790073134791.729,43.129072
1ac2ffac,3025,3024,1790073134831.036,39.307004
1ac2ffac,3026,3025,1790073134880.0,48.964439
1ac2ffac,3027,3026,1790073134911.941,31.940415
1ac2ffac,3028,3027,1790073134947.338,35.397109
1ac2ffac,3029,3028,1790073134987.056,39.718351
1ac2ffac,3030,3029,1790073135033.887,46.830741
1ac2ffac,3031,3030,1790073135074.46,40.573139
1ac2ffac,3032,3031,1790073135105.816,31.356106
1ac2ffac,3033,3032,1790073135147.731,41.915143
1ac2ffac,3034,3033,1790073135191.067,43.335324
1ac2ffac,3035,3034,1790073135230.325,39.258194
1ac2ffac,3036,3035,1790073135270.611,40.286054
1ac2ffac,3037,3036,1790073135322.433,51.822206
1ac2ffac,3038,3037,1790073135347.476,25.042387
1ac2ffac,3039,3038,1790073135389.389,41.913332
1ac2ffac,3040,3039,1790073135427.105,37.716128
1ac2ffac,3041,3040,1790073135464.074,36.968549
1ac2ffac,3042,3041,1790073135510.335,46.261585
1ac2ffac,3043,3042,1790073135550.29,39.954392
1ac2ffac,3044,3043,1790073135586.5,36.20975
1ac2ffac,3045,3044,1790073135626.854,40.355167
1ac2ffac,3046,3045,1790073135669.153,42.298514
1ac2ffac,3047,3046,1790073135711.98,42.826787
1ac2ffac,3048,3047,1790073135798.958,86.978616
1ac2ffac,3049,3048,1790073135805.911,6.952162
1ac2ffac,3050,3049,1790073135831.347,25.436775
1ac2ffac,3051,3050,1790073135872.532,41.184828
1ac2ffac,3052,3051,1790073135912.971,40.43886
1ac2ffac,3053,3052,1790073135957.547,44.576071
1ac2ffac,3054,3053,1790073135990.764,33.217104
1ac2ffac,3055,3054,1790073136030.466,39.70175
1ac2ffac,3056,3055,1790073136066.495,36.028938
1ac2ffac,3057,3056,1790073136113.225,46.729659
1ac2ffac,3058,3057,1790073136146.862,33.63759
1ac2ffac,3059,3058,1790073136186.972,40.109533
1ac2ffac,3060,3059,1790073136238.336,51.364478
1ac2ffac,3061,3060,1790073136273.635,35.299014
1ac2ffac,3062,3061,1790073136305.286,31.650415
1ac2ffac,3063,3062,1790073136345.904,40.617768
1ac2ffac,3064,3063,1790073136384.802,38.898946
1ac2ffac,3065,3064,1790073136419.552,34.749749
1ac2ffac,3066,3065,1790073136468.366,48.814314
1ac2ffac,3067,3066,1790073136513.263,44.896508
1ac2ffac,3068,3067,1790073136564.567,51.303648
1ac2ffac,3069,3068,1790073136584.119,19.551944
1ac2ffac,3070,3069,1790073136621.891,37.772849
1ac2ffac,3071,3070,1790073136661.377,39.485668
1ac2ffac,3072,3071,1790073136707.531,46.154
1ac2ffac,3073,3072,1790073136743.888,36.357019
1ac2ffac,3074,3073,1790073136782.828,38.940308
1ac2ffac,3075,3074,1790073136826.04,43.211636
1ac2ffac,3076,3075,1790073136866.795,40.754939
1ac2ffac,3077,3076,1790073136912.542,45.747303
1ac2ffac,3078,3077,1790073136940.311,27.768319
1ac2ffac,3079,3078,1790073136980.141,39.830573
1ac2ffac,3080,3079,1790073137036.566,56.425075
1ac2ffac,3081,3080,1790073137068.193,31.627065
1ac2ffac,3082,3081,1790073137103.498,35.305057
1ac2ffac,3083,3082,1790073137141.552,38.053413
1ac2ffac,3084,3083,1790073137182.723,41.171531
1ac2ffac,3085,3084,1790073137225.04,42.316454
1ac2ffac,3086,3085,1790073137265.357,40.317587
1ac2ffac,3087,3086,1790073137305.098,39.740517
1ac2ffac,3088,3087,1790073137340.818,35.720342
1ac2ffac,3089,3088,1790073137391.221,50.402585
1ac2ffac,3090,3089,1790073137426.128,34.907112
1ac2ffac,3091,3090,1790073137476.851,50.723211
1ac2ffac,3092,3091,1790073137510.23,33.378919
1ac2ffac,3093,3092,1790073137539.316,29.085898
1ac2ffac,3094,3093,1790073137579.59,40.273932
1ac2ffac,3095,3094,1790073137632.841,53.250589
1ac2ffac,3096,3095,1790073137664.835,31.994665
1ac2ffac,3097,3096,1790073137700.272,35.437423
1ac2ffac,3098,3097,1790073137881.132,180.859599
1ac2ffac,3099,3098,1790073137883.682,2.550027
1ac2ffac,3100,3099,1790073137885.668,1.986166
1ac2ffac,3101,3100,1790073137887.594,1.925976
1ac2ffac,3102,3101,1790073137903.067,15.472296
1ac2ffac,3103,3102,1790073137943.006,39.93921
1ac2ffac,3104,3103,1790073137980.194,37.188382
1ac2ffac,3105,3104,1790073138021.889,41.695152
1ac2ffac,3106,3105,1790073138062.49,40.600655
1ac2ffac,3107,3106,1790073138103.531,41.040633
1ac2ffac,3108,3107,1790073138157.422,53.891395
1ac2ffac,3109,3108,1790073138180.959,23.536662
1ac2ffac,3110,3109,1790073138222.862,41.903608
1ac2ffac,3111,3110,1790073138263.035,40.172334
1ac2ffac,3112,3111,1790073138303.838,40.803449
1ac2ffac,3113,3112,1790073138345.616,41.778275
1ac2ffac,3114,3113,1790073138381.639,36.022433
1ac2ffac,3115,3114,1790073138422.758,41.119489
1ac2ffac,3116,3115,1790073138471.396,48.638181
1ac2ffac,3117,3116,1790073138501.312,29.915119
1ac2ffac,3118,3117,1790073138546.896,45.584548
1ac2ffac,3119,3118,1790073138588.339,41.442526
1ac2ffac,3120,3119,1790073138628.625,40.286763
1ac2ffac,3121,3120,1790073138667.337,38.712066
1ac2ffac,3122,3121,1790073138701.283,33.9457
1ac2ffac,3123,3122,1790073138746.745,45.461685
1ac2ffac,3124,3123,1790073138781.996,35.251461
1ac2ffac,3125,3124,1790073138820.611,38.614548
1ac2ffac,3126,3125,1790073138871.039,50.427707
1ac2ffac,3127,3126,1790073138901.899,30.860045
1ac2ffac,3128,3127,1790073138943.38,41.481503
1ac2ffac,3129,3128,1790073138987.858,44.477931
1ac2ffac,3130,3129,1790073139024.823,36.965306
1ac2ffac,3131,3130,1790073139059.738,34.914469
1ac2ffac,3132,3131,1790073139106.21,46.472388
1ac2ffac,3133,3132,1790073139144.191,37.980866
1ac2ffac,3134,3133,1790073139184.538,40.347013
1ac2ffac,3135,3134,1790073139226.575,42.037013
1ac2ffac,3136,3135,1790073139275.87,49.29484
1ac2ffac,3137,3136,1790073139301.445,25.575133
1ac2ffac,3138,3137,1790073139342.416,40.97074
1ac2ffac,3139,3138,1790073139389.97,47.554711
1ac2ffac,3140,3139,1790073139426.21,36.239539
1ac2ffac,3141,3140,1790073139467.812,41.601773
1ac2ffac,3142,3141,1790073139508.439,40.627177
1ac2ffac,3143,3142,1790073139546.703,38.263576
1ac2ffac,3144,3143,1790073139586.24,39.536903
1ac2ffac,3145,3144,1790073139622.961,36.72144
1ac2ffac,3146,3145,1790073139667.179,44.2183
1ac2ffac,3147,3146,1790073139711.809,44.629208
1ac2ffac,3148,3147,1790073139820.766,108.957658
1ac2ffac,3149,3148,1790073139821.951,1.184545
1ac2ffac,3150,3149,1790073139824.296,2.34501
1ac2ffac,3151,3150,1790073139861.26,36.964135
1ac2ffac,3152,3151,1790073139910.103,48.842796
1ac2ffac,3153,3152,1790073139949.728,39.624944
1ac2ffac,3154,3153,1790073139985.705,35.976967
1ac2ffac,3155,3154,1790073140023.149,37.444526
1ac2ffac,3156,3155,1790073140066.223,43.073537
1ac2ffac,3157,3156,1790073140107.755,41.532745
1ac2ffac,3158,3157,1790073140143.77,36.014115
1ac2ffac,3159,3158,1790073140185.854,42.084822
1ac2ffac,3160,3159,1790073140223.45,37.595985
1ac2ffac,3161,3160,1790073140278.509,55.059104
1ac2ffac,3162,3161,1790073140312.298,33.788717
1ac2ffac,3163,3162,1790073140346.658,34.359861
1ac2ffac,3164,3163,1790073140384.504,37.846545
1ac2ffac,3165,3164,1790073140443.572,59.067113
1ac2ffac,3166,3165,1790073140464.048,20.476242
1ac2ffac,3167,3166,1790073140503.035,38.987226
1ac2ffac,3168,3167,1790073140546.524,43.488935
1ac2ffac,3169,3168,1790073140581.484,34.960112
1ac2ffac,3170,3169,1790073140637.217,55.732593
1ac2ffac,3171,3170,1790073140663.943,26.726066
1ac2ffac,3172,3171,1790073140707.619,43.675896
1ac2ffac,3173,3172,1790073140743.016,35.397518
1ac2ffac,3174,3173,1790073140785.239,42.222897
1ac2ffac,3175,3174,1790073140833.172,47.93309
1ac2ffac,3176,3175,1790073140866.281,33.108429
1ac2ffac,3177,3176,1790073140908.222,41.941903
1ac2ffac,3178,3177,1790073140944.189,35.966729
1ac2ffac,3179,3178,1790073140994.746,50.556914
1ac2ffac,3180,3179,1790073141023.63,28.883464
1ac2ffac,3181,3180,1790073141062.943,39.313539
1ac2ffac,3182,3181,1790073141116.059,53.115743
1ac2ffac,3183,3182,1790073141149.948,33.888983
1ac2ffac,3184,3183,1790073141188.177,38.228537
1ac2ffac,3185,3184,1790073141224.83,36.653245
1ac2ffac,3186,3185,1790073141267.54,42.710201
1ac2ffac,3187,3186,1790073141313.646,46.106432
1ac2ffac,3188,3187,1790073141345.754,32.107402
1ac2ffac,3189,3188,1790073141388.616,42.8628
1ac2ffac,3190,3189,1790073141431.099,42.482189
1ac2ffac,3191,3190,1790073141463.56,32.460867
1ac2ffac,3192,3191,1790073141508.628,45.068586
1ac2ffac,3193,3192,1790073141552.018,43.389773
1ac2ffac,3194,3193,1790073141583.255,31.237248
1ac2ffac,3195,3194,1790073141623.33,40.074318
1ac2ffac,3196,3195,1790073141673.907,50.577217
1ac2ffac,3197,3196,1790073141699.423,25.51622
1ac2ffac,3198,3197,1790073141821.685,122.262015
1ac2ffac,3199,3198,1790073141843.804,22.119255
1ac2ffac,3200,3199,1790073141848.203,4.398715
1ac2ffac,3201,3200,1790073141881.396,33.193631
1ac2ffac,3202,3201,1790073141905.751,24.354079
1ac2ffac,3203,3202,1790073141947.614,41.862985
1ac2ffac,3204,3203,1790073141984.377,36.763817
1ac2ffac,3205,3204,1790073142031.552,47.174008
1ac2ffac,3206,3205,1790073142063.905,32.35351
1ac2ffac,3207,3206,1790073142104.579,40.674204
1ac2ffac,3208,3207,1790073142152.287,47.708331
1ac2ffac,3209,3208,1790073142189.138,36.850164
1ac2ffac,3210,3209,1790073142245.946,56.808165
1ac2ffac,3211,3210,1790073142279.617,33.671227
1ac2ffac,3212,3211,1790073142306.815,27.197707
1ac2ffac,3213,3212,1790073142343.84,37.025249
1ac2ffac,3214,3213,1790073142381.572,37.7321
1ac2ffac,3215,3214,1790073142422.596,41.024154
1ac2ffac,3216,3215,1790073142466.399,43.803278
1ac2ffac,3217,3216,1790073142504.673,38.273572
1ac2ffac,3218,3217,1790073142540.593,35.919718
1ac2ffac,3219,3218,1790073142580.652,40.05883
1ac2ffac,3220,3219,1790073142637.905,57.253496
1ac2ffac,3221,3220,1790073142661.745,23.840042
1ac2ffac,3222,3221,1790073142702.308,40.562875
1ac2ffac,3223,3222,1790073142765.275,62.967165
1ac2ffac,3224,3223,1790073142780.264,14.988929
1ac2ffac,3225,3224,1790073142833.847,53.582605
1ac2ffac,3226,3225,1790073142868.985,35.137952
1ac2ffac,3227,3226,1790073142902.58,33.595069
1ac2ffac,3228,3227,1790073142941.519,38.9391
1ac2ffac,3229,3228,1790073142985.385,43.86674
1ac2ffac,3230,3229,1790073143025.204,39.81852
1ac2ffac,3231,3230,1790073143065.043,39.838857
1ac2ffac,3232,3231,1790073143115.781,50.738232
1ac2ffac,3233,3232,1790073143148.011,32.22978
1ac2ffac,3234,3233,1790073143194.131,46.119814
1ac2ffac,3235,3234,1790073143240.455,46.324593
1ac2ffac,3236,3235,1790073143263.735,23.279895
1ac2ffac,3237,3236,1790073143305.827,42.091259
1ac2ffac,3238,3237,1790073143344.013,38.186182
1ac2ffac,3239,3238,1790073143382.069,38.056444
1ac2ffac,3240,3239,1790073143426.45,44.381094
1ac2ffac,3241,3240,1790073143476.24,49.789918
1ac2ffac,3242,3241,1790073143501.793,25.553277
1ac2ffac,3243,3242,1790073143552.598,50.804209
1ac2ffac,3244,3243,1790073143585.204,32.606066
1ac2ffac,3245,3244,1790073143622.368,37.164014
1ac2ffac,3246,3245,1790073143663.937,41.568943
1ac2ffac,3247,3246,1790073143713.597,49.660531
1ac2ffac,3248,3247,1790073143813.249,99.651391
1ac2ffac,3249,3248,1790073143821.985,8.736411
1ac2ffac,3250,3249,1790073143825.741,3.755841
1ac2ffac,3251,3250,1790073143863.64,37.898972
1ac2ffac,3252,3251,1790073143904.479,40.838814
1ac2ffac,3253,3252,1790073143944.94,40.461615
1ac2ffac,3254,3253,1790073143992.14,47.200138
1ac2ffac,3255,3254,1790073144023.02,30.879665
1ac2ffac,3256,3255,1790073144068.546,45.525968
1ac2ffac,3257,3256,1790073144102.333,33.786618
1ac2ffac,3258,3257,1790073144155.175,52.842566
1ac2ffac,3259,3258,1790073144180.072,24.896909
1ac2ffac,3260,3259,1790073144233.25,53.177849
1ac2ffac,3261,3260,1790073144261.679,28.428802
1ac2ffac,3262,3261,1790073144311.576,49.897655
1ac2ffac,3263,3262,1790073144347.267,35.690239
1ac2ffac,3264,3263,1790073144390.819,43.552501
1ac2ffac,3265,3264,1790073144424.191,33.371562
1ac2ffac,3266,3265,1790073144464.397,40.206104
1ac2ffac,3267,3266,1790073144502.741,38.34451
1ac2ffac,3268,3267,1790073144544.919,42.177834
1ac2ffac,3269,3268,1790073144581.523,36.604047
1ac2ffac,3270,3269,1790073144625.48,43.957242
1ac2ffac,3271,3270,1790073144671.756,46.275538
1ac2ffac,3272,3271,1790073144699.407,27.650757
1ac2ffac,3273,3272,1790073144747.319,47.912566
1ac2ffac,3274,3273,1790073144780.42,33.101132
1ac2ffac,3275,3274,1790073144829.867,49.446377
1ac2ffac,3276,3275,1790073144875.233,45.366458
1ac2ffac,3277,3276,1790073144906.476,31.242611
1ac2ffac,3278,3277,1790073144940.538,34.061839
1ac2ffac,3279,3278,1790073144984.887,44.34934
1ac2ffac,3280,3279,1790073145028.226,43.3388
1ac2ffac,3281,3280,1790073145066.035,37.80926
1ac2ffac,3282,3281,1790073145106.982,40.946557
1ac2ffac,3283,3282,1790073145141.01,34.027695
1ac2ffac,3284,3283,1790073145181.084,40.074493
1ac2ffac,3285,3284,1790073145226.335,45.250897
1ac2ffac,3286,3285,1790073145262.73,36.395211
1ac2ffac,3287,3286,1790073145306.035,43.304832
1ac2ffac,3288,3287,1790073145345.835,39.80068
1ac2ffac,3289,3288,1790073145382.937,37.101815
1ac2ffac,3290,3289,1790073145420.995,38.057795
1ac2ffac,3291,3290,1790073145460.453,39.458118
1ac2ffac,3292,3291,1790073145514.193,53.740064
1ac2ffac,3293,3292,1790073145540.355,26.161914
1ac2ffac,3294,3293,1790073145596.066,55.711132
1ac2ffac,3295,3294,1790073145628.635,32.568601
1ac2ffac,3296,3295,1790073145665.407,36.772386
1ac2ffac,3297,3296,1790073145700.165,34.757277
1ac2ffac,3298,3297,1790073145819.152,118.986995
1ac2ffac,3299,3298,1790073145821.972,2.820046
1ac2ffac,3300,3299,1790073145826.483,4.510951
1ac2ffac,3301,3300,1790073145866.244,39.760946
1ac2ffac,3302,3301,1790073145907.385,41.142023
1ac2ffac,3303,3302,1790073145950.849,43.463706
1ac2ffac,3304,3303,1790073145985.58,34.730843
1ac2ffac,3305,3304,1790073146040.17,54.590043
1ac2ffac,3306,3305,1790073146075.753,35.582823
1ac2ffac,3307,3306,1790073146120.648,44.894684
1ac2ffac,3308,3307,1790073146141.118,20.470767
1ac2ffac,3309,3308,1790073146182.281,41.162801
1ac2ffac,3310,3309,1790073146223.888,41.606559
1ac2ffac,3311,3310,1790073146271.862,47.973751
1ac2ffac,3312,3311,1790073146307.658,35.796102
1ac2ffac,3313,3312,1790073146346.599,38.941755
1ac2ffac,3314,3313,1790073146389.754,43.154315
1ac2ffac,3315,3314,1790073146421.635,31.881022
1ac2ffac,3316,3315,1790073146473.143,51.507693
1ac2ffac,3317,3316,1790073146518.578,45.43571
1ac2ffac,3318,3317,1790073146548.46,29.882179
1ac2ffac,3319,3318,1790073146586.735,38.274569
1ac2ffac,3320,3319,1790073146634.706,47.971277
1ac2ffac,3321,3320,1790073146664.494,29.78747
1ac2ffac,3322,3321,1790073146699.971,35.477653
1ac2ffac,3323,3322,1790073146749.241,49.269852
1ac2ffac,3324,3323,1790073146781.747,32.50593
1ac2ffac,3325,3324,1790073146821.895,40.14752
1ac2ffac,3326,3325,1790073146869.669,47.774775
1ac2ffac,3327,3326,1790073146909.54,39.870442
1ac2ffac,3328,3327,1790073146941.773,32.233574
1ac2ffac,3329,3328,1790073146985.063,43.290148
1ac2ffac,3330,3329,1790073147028.226,43.161998
1ac2ffac,3331,3330,1790073147067.697,39.471405
1ac2ffac,3332,3331,1790073147099.144,31.447433
1ac2ffac,3333,3332,1790073147146.771,47.626536
1ac2ffac,3334,3333,1790073147197.201,50.430231
1ac2ffac,3335,3334,1790073147231.22,34.019407
1ac2ffac,3336,3335,1790073147285.834,54.613547
1ac2ffac,3337,3336,1790073147304.533,18.699436
1ac2ffac,3338,3337,1790073147342.239,37.705654
1ac2ffac,3339,3338,1790073147381.434,39.194723
1ac2ffac,3340,3339,1790073147429.87,48.436138
1ac2ffac,3341,3340,1790073147461.043,31.172689
1ac2ffac,3342,3341,1790073147499.866,38.822976
1ac2ffac,3343,3342,1790073147542.844,42.978783
1ac2ffac,3344,3343,1790073147579.695,36.850171
1ac2ffac,3345,3344,1790073147622.942,43.247283
1ac2ffac,3346,3345,1790073147669.315,46.373077
1ac2ffac,3347,3346,1790073147701.462,32.146686
1ac2ffac,3348,3347,1790073147811.615,110.153466
1ac2ffac,3349,3348,1790073147821.396,9.780285
1ac2ffac,3350,3349,1790073147828.483,7.087997
1ac2ffac,3351,3350,1790073147863.861,35.377885
1ac2ffac,3352,3351,1790073147902.825,38.963689
1ac2ffac,3353,3352,1790073147946.056,43.230637
1ac2ffac,3354,3353,1790073147990.386,44.330256
1ac2ffac,3355,3354,1790073148028.42,38.034182
1ac2ffac,3356,3355,1790073148061.036,32.615563
1ac2ffac,3357,3356,1790073148112.566,51.530267
1ac2ffac,3358,3357,1790073148145.298,32.731545
1ac2ffac,3359,3358,1790073148185.534,40.236197
1ac2ffac,3360,3359,1790073148224.956,39.421786
1ac2ffac,3361,3360,1790073148264.276,39.320643
1ac2ffac,3362,3361,1790073148305.547,41.270709
1ac2ffac,3363,3362,1790073148346.176,40.629464
1ac2ffac,3364,3363,1790073148380.583,34.406309
1ac2ffac,3365,3364,1790073148426.833,46.250041
1ac2ffac,3366,3365,1790073148460.1,33.267669
1ac2ffac,3367,3366,1790073148505.967,45.866455
1ac2ffac,3368,3367,1790073148540.204,34.236909
1ac2ffac,3369,3368,1790073148581.003,40.799094
1ac2ffac,3370,3369,1790073148628.472,47.469285
1ac2ffac,3371,3370,1790073148659.589,31.116901
1ac2ffac,3372,3371,1790073148699.29,39.701286
1ac2ffac,3373,3372,1790073148745.357,46.066343
1ac2ffac,3374,3373,1790073148783.138,37.781022
1ac2ffac,3375,3374,1790073148826.156,43.018349
1ac2ffac,3376,3375,1790073148864.178,38.022488
1ac2ffac,3377,3376,1790073148902.391,38.213004
1ac2ffac,3378,3377,1790073148945.901,43.509828
1ac2ffac,3379,3378,1790073148986.549,40.64757
1ac2ffac,3380,3379,1790073149034.428,47.87913
1ac2ffac,3381,3380,1790073149064.195,29.766699
1ac2ffac,3382,3381,1790073149111.434,47.239045
1ac2ffac,3383,3382,1790073149146.024,34.590323
1ac2ffac,3384,3383,1790073149179.764,33.74017
1ac2ffac,3385,3384,1790073149224.768,45.003705
1ac2ffac,3386,3385,1790073149271.233,46.464621
1ac2ffac,3387,3386,1790073149301.547,30.31403
1ac2ffac,3388,3387,1790073149346.356,44.809326
1ac2ffac,3389,3388,1790073149391.585,45.229462
1ac2ffac,3390,3389,1790073149424.234,32.648175
1ac2ffac,3391,3390,1790073149466.31,42.076061
1ac2ffac,3392,3391,1790073149515.875,49.565647
1ac2ffac,3393,3392,1790073149542.557,26.681299
1ac2ffac,3394,3393,1790073149582.811,40.253912
1ac2ffac,3395,3394,1790073149628.066,45.255281
1ac2ffac,3396,3395,1790073149671.53,43.463999
1ac2ffac,3397,3396,1790073149705.383,33.853315
1ac2ffac,3398,3397,1790073149814.433,109.049541
1ac2ffac,3399,3398,1790073149821.312,6.879464
1ac2ffac,3400,3399,1790073149829.797,8.48496
1ac2ffac,3401,3400,1790073149878.238,48.440871
1ac2ffac,3402,3401,1790073149907.479,29.240823
1ac2ffac,3403,3402,1790073149942.304,34.825516
1ac2ffac,3404,3403,1790073149985.082,42.77811
1ac2ffac,3405,3404,1790073150023.018,37.935715
1ac2ffac,3406,3405,1790073150063.485,40.466544
1ac2ffac,3407,3406,1790073150106.15,42.665641
1ac2ffac,3408,3407,1790073150143.243,37.092573
1ac2ffac,3409,3408,1790073150187.016,43.772708
1ac2ffac,3410,3409,1790073150223.45,36.434596
1ac2ffac,3411,3410,1790073150263.576,40.126253
1ac2ffac,3412,3411,1790073150319.17,55.593348
1ac2ffac,3413,3412,1790073150344.801,25.631184
1ac2ffac,3414,3413,1790073150404.5,59.699333
1ac2ffac,3415,3414,1790073150423.708,19.208069
1ac2ffac,3416,3415,1790073150461.623,37.914202
1ac2ffac,3417,3416,1790073150508.153,46.530453
1ac2ffac,3418,3417,1790073150546.299,38.145777
1ac2ffac,3419,3418,1790073150586.62,40.320875
1ac2ffac,3420,3419,1790073150622.096,35.476542
1ac2ffac,3421,3420,1790073150667.613,45.517114
1ac2ffac,3422,3421,1790073150705.357,37.743385
1ac2ffac,3423,3422,1790073150758.995,53.638154
1ac2ffac,3424,3423,1790073150797.985,38.990116
1ac2ffac,3425,3424,1790073150832.799,34.814463
1ac2ffac,3426,3425,1790073150865.517,32.717221
1ac2ffac,3427,3426,1790073150904.571,39.054003
1ac2ffac,3428,3427,1790073150940.729,36.158685
1ac2ffac,3429,3428,1790073150979.246,38.51676
1ac2ffac,3430,3429,1790073151026.823,47.576683
1ac2ffac,3431,3430,1790073151067.729,40.906301
1ac2ffac,3432,3431,1790073151101.635,33.905768
1ac2ffac,3433,3432,1790073151153.36,51.725599
1ac2ffac,3434,3433,1790073151184.541,31.180107
1ac2ffac,3435,3434,1790073151230.317,45.776107
1ac2ffac,3436,3435,1790073151266.721,36.404097
1ac2ffac,3437,3436,1790073151311.712,44.991164
1ac2ffac,3438,3437,1790073151347.814,36.102629
1ac2ffac,3439,3438,1790073151396.123,48.308778
1ac2ffac,3440,3439,1790073151429.162,33.039076
1ac2ffac,3441,3440,1790073151461.304,32.141887
1ac2ffac,3442,3441,1790073151499.899,38.595007
1ac2ffac,3443,3442,1790073151540.938,41.038998
1ac2ffac,3444,3443,1790073151582.964,42.02601
1ac2ffac,3445,3444,1790073151621.604,38.640117
1ac2ffac,3446,3445,1790073151665.197,43.592302
1ac2ffac,3447,3446,1790073151703.679,38.482633
1ac2ffac,3448,3447,1790073151807.239,103.559592
1ac2ffac,3449,3448,1790073151808.3,1.061056
1ac2ffac,3450,3449,1790073151831.294,22.993944
1ac2ffac,3451,3450,1790073151864.365,33.070654
1ac2ffac,3452,3451,1790073151905.394,41.029406
1ac2ffac,3453,3452,1790073151946.74,41.346286
1ac2ffac,3454,3453,1790073151987.439,40.698994
1ac2ffac,3455,3454,1790073152030.658,43.219239
1ac2ffac,3456,3455,1790073152060.562,29.903482
1ac2ffac,3457,3456,1790073152117.795,57.233526
1ac2ffac,3458,3457,1790073152141.563,23.767156
1ac2ffac,3459,3458,1790073152180.063,38.500735
1ac2ffac,3460,3459,1790073152220.54,40.476835
1ac2ffac,3461,3460,1790073152261.093,40.552403
1ac2ffac,3462,3461,1790073152309.16,48.067086
1ac2ffac,3463,3462,1790073152340.759,31.599621
1ac2ffac,3464,3463,1790073152388.125,47.365329
1ac2ffac,3465,3464,1790073152425.984,37.859445
1ac2ffac,3466,3465,1790073152464.441,38.457365
1ac2ffac,3467,3466,1790073152520.748,56.306676
1ac2ffac,3468,3467,1790073152550.809,30.06085
1ac2ffac,3469,3468,1790073152580.126,29.317044
1ac2ffac,3470,3469,1790073152627.6,47.473674
1ac2ffac,3471,3470,1790073152661.701,34.101678
1ac2ffac,3472,3471,1790073152703.42,41.719113
1ac2ffac,3473,3472,1790073152758.577,55.156371
1ac2ffac,3474,3473,1790073152787.03,28.452964
1ac2ffac,3475,3474,1790073152822.118,35.088577
1ac2ffac,3476,3475,1790073152863.045,40.927023
1ac2ffac,3477,3476,1790073152908.946,45.900669
1ac2ffac,3478,3477,1790073152941.333,32.386694
1ac2ffac,3479,3478,1790073152988.124,46.791178
1ac2ffac,3480,3479,1790073153021.935,33.810825
1ac2ffac,3481,3480,1790073153069.401,47.465897
1ac2ffac,3482,3481,1790073153106.131,36.730037
1ac2ffac,3483,3482,1790073153143.553,37.422429
1ac2ffac,3484,3483,1790073153187.823,44.270365
1ac2ffac,3485,3484,1790073153228.279,40.455102
1ac2ffac,3486,3485,1790073153274.122,45.843649
1ac2ffac,3487,3486,1790073153310.063,35.940734
1ac2ffac,3488,3487,1790073153345.05,34.986642
1ac2ffac,3489,3488,1790073153401.632,56.582454
1ac2ffac,3490,3489,1790073153431.104,29.472388
1ac2ffac,3491,3490,1790073153466.95,35.845236
1ac2ffac,3492,3491,1790073153509.054,42.104664
1ac2ffac,3493,3492,1790073153539.561,30.506514
1ac2ffac,3494,3493,1790073153591.696,52.135123
1ac2ffac,3495,3494,1790073153621.683,29.987358
1ac2ffac,3496,3495,1790073153660.426,38.742552
1ac2ffac,3497,3496,1790073153711.881,51.454745
1ac2ffac,3498,3497,1790073153821.851,109.970387
1ac2ffac,3499,3498,1790073153825.158,3.307244
1ac2ffac,3500,3499,1790073153826.221,1.06284
1ac2ffac,3501,3500,1790073153865.677,39.455557
1ac2ffac,3502,3501,1790073153905.433,39.756147
1ac2ffac,3503,3502,1790073153941.978,36.545143
1ac2ffac,3504,3503,1790073153985.76,43.782215
1ac2ffac,3505,3504,1790073154028.096,42.335998
1ac2ffac,3506,3505,1790073154065.192,37.095447
1ac2ffac,3507,3506,1790073154106.729,41.536746
1ac2ffac,3508,3507,1790073154140.9,34.171457
1ac2ffac,3509,3508,1790073154180.896,39.996274
1ac2ffac,3510,3509,1790073154224.96,44.063509
1ac2ffac,3511,3510,1790073154260.353,35.392932
1ac2ffac,3512,3511,1790073154304.352,43.999121
1ac2ffac,3513,3512,1790073154349.281,44.928841
1ac2ffac,3514,3513,1790073154386.386,37.105116
1ac2ffac,3515,3514,1790073154444.079,57.693068
1ac2ffac,3516,3515,1790073154465.31,21.230719
1ac2ffac,3517,3516,1790073154507.416,42.106373
1ac2ffac,3518,3517,1790073154541.089,33.673274
1ac2ffac,3519,3518,1790073154582.54,41.450628
1ac2ffac,3520,3519,1790073154630.239,47.699434
1ac2ffac,3521,3520,1790073154667.198,36.958277
1ac2ffac,3522,3521,1790073154703.186,35.988328
1ac2ffac,3523,3522,1790073154755.663,52.476999
1ac2ffac,3524,3523,1790073154785.837,30.174049
1ac2ffac,3525,3524,1790073154844.873,59.036515
1ac2ffac,3526,3525,1790073154865.839,20.965437
1ac2ffac,3527,3526,1790073154910.671,44.832192
1ac2ffac,3528,3527,1790073154944.663,33.992036
1ac2ffac,3529,3528,1790073154986.533,41.870145
1ac2ffac,3530,3529,1790073155027.154,40.620844
1ac2ffac,3531,3530,1790073155062.295,35.14121
1ac2ffac,3532,3531,1790073155101.049,38.754198
1ac2ffac,3533,3532,1790073155141.306,40.256731
1ac2ffac,3534,3533,1790073155182.69,41.384158
1ac2ffac,3535,3534,1790073155226.827,44.136411
1ac2ffac,3536,3535,1790073155262.283,35.456015
1ac2ffac,3537,3536,1790073155307.993,45.710696
1ac2ffac,3538,3537,1790073155341.119,33.125393
1ac2ffac,3539,3538,1790073155381.588,40.469503
1ac2ffac,3540,3539,1790073155420.42,38.831923
1ac2ffac,3541,3540,1790073155463.989,43.568377
1ac2ffac,3542,3541,1790073155505.017,41.028348
1ac2ffac,3543,3542,1790073155540.254,35.237171
1ac2ffac,3544,3543,1790073155588.061,47.806707
1ac2ffac,3545,3544,1790073155621.731,33.670602
1ac2ffac,3546,3545,1790073155668.828,47.09633
1ac2ffac,3547,3546,1790073155718.541,49.712817
1ac2ffac,3548,3547,1790073155837.374,118.833533
1ac2ffac,3549,3548,1790073155840.608,3.233503
1ac2ffac,3550,3549,1790073155844.792,4.183832
1ac2ffac,3551,3550,1790073155861.452,16.660228
1ac2ffac,3552,3551,1790073155906.518,45.066388
1ac2ffac,3553,3552,1790073155945.547,39.028901
1ac2ffac,3554,3553,1790073155981.882,36.335455
1ac2ffac,3555,3554,1790073156032.779,50.896619
1ac2ffac,3556,3555,1790073156061.267,28.488386
1ac2ffac,3557,3556,1790073156103.059,41.791374
1ac2ffac,3558,3557,1790073156141.423,38.363857
1ac2ffac,3559,3558,1790073156180.124,38.701018
1ac2ffac,3560,3559,1790073156222.632,42.507842
1ac2ffac,3561,3560,1790073156262.656,40.024505
1ac2ffac,3562,3561,1790073156306.455,43.798511
1ac2ffac,3563,3562,1790073156340.361,33.906615
1ac2ffac,3564,3563,1790073156392.394,52.03285
1ac2ffac,3565,3564,1790073156420.277,27.88321
1ac2ffac,3566,3565,1790073156461.005,40.727544
1ac2ffac,3567,3566,1790073156501.356,40.351521
1ac2ffac,3568,3567,1790073156546.315,44.958545
1ac2ffac,3569,3568,1790073156584.419,38.104268
1ac2ffac,3570,3569,1790073156627.85,43.431028
1ac2ffac,3571,3570,1790073156668.898,41.047529
1ac2ffac,3572,3571,1790073156711.002,42.104911
1ac2ffac,3573,3572,1790073156740.502,29.499899
1ac2ffac,3574,3573,1790073156785.014,44.511711
1ac2ffac,3575,3574,1790073156833.172,48.157589
1ac2ffac,3576,3575,1790073156866.124,32.952547
1ac2ffac,3577,3576,1790073156902.265,36.140945
1ac2ffac,3578,3577,1790073156942.287,40.022203
1ac2ffac,3579,3578,1790073156989.106,46.8182
1ac2ffac,3580,3579,1790073157026.863,37.757555
1ac2ffac,3581,3580,1790073157061.41,34.546433
1ac2ffac,3582,3581,1790073157108.157,46.747795
1ac2ffac,3583,3582,1790073157141.386,33.22839
1ac2ffac,3584,3583,1790073157185.607,44.221304
1ac2ffac,3585,3584,1790073157229.436,43.828778
1ac2ffac,3586,3585,1790073157270.171,40.735334
1ac2ffac,3587,3586,1790073157298.649,28.478077
1ac2ffac,3588,3587,1790073157349.429,50.779595
1ac2ffac,3589,3588,1790073157385.558,36.129382
1ac2ffac,3590,3589,1790073157421.048,35.489486
1ac2ffac,3591,3590,1790073157460.654,39.606561
1ac2ffac,3592,3591,1790073157526.149,65.49458
1ac2ffac,3593,3592,1790073157545.044,18.895241
1ac2ffac,3594,3593,1790073157586.586,41.541636
1ac2ffac,3595,3594,1790073157634.893,48.306956
1ac2ffac,3596,3595,1790073157662.727,27.833735
1ac2ffac,3597,3596,1790073157702.567,39.840738
1ac2ffac,3598,3597,1790073157843.096,140.528617
1ac2ffac,3599,3598,1790073157846.487,3.391485
1ac2ffac,3600,3599,1790073157848.596,2.109107
1ac2ffac,3601,3600,1790073157862.356,13.759859
1ac2ffac,3602,3601,1790073157907.458,45.102306
1ac2ffac,3603,3602,1790073157942.808,35.3498
1ac2ffac,3604,3603,1790073157996.829,54.020387
1ac2ffac,3605,3604,1790073158023.081,26.25247
1ac2ffac,3606,3605,1790073158073.054,49.972736
1ac2ffac,3607,3606,1790073158107.772,34.718087
1ac2ffac,3608,3607,1790073158142.829,35.057085
1ac2ffac,3609,3608,1790073158180.094,37.26506
1ac2ffac,3610,3609,1790073158222.269,42.174968
1ac2ffac,3611,3610,1790073158261.841,39.571275
1ac2ffac,3612,3611,1790073158305.04,43.199759
1ac2ffac,3613,3612,1790073158350.783,45.743057
1ac2ffac,3614,3613,1790073158386.494,35.710873
1ac2ffac,3615,3614,1790073158421.316,34.822278
1ac2ffac,3616,3615,1790073158464.494,43.177475
1ac2ffac,3617,3616,1790073158513.516,49.021746
1ac2ffac,3618,3617,1790073158552.542,39.026736
1ac2ffac,3619,3618,1790073158584.942,32.399842
1ac2ffac,3620,3619,1790073158639.469,54.526862
1ac2ffac,3621,3620,1790073158664.577,25.108266
1ac2ffac,3622,3621,1790073158701.7,37.122627
1ac2ffac,3623,3622,1790073158747.827,46.127072
1ac2ffac,3624,3623,1790073158781.343,33.516202
1ac2ffac,3625,3624,1790073158821.798,40.454551
1ac2ffac,3626,3625,1790073158868.216,46.4178
1ac2ffac,3627,3626,1790073158902.083,33.867229
1ac2ffac,3628,3627,1790073158943.868,41.785482
1ac2ffac,3629,3628,1790073158988.369,44.500566
1ac2ffac,3630,3629,1790073159027.391,39.021759
1ac2ffac,3631,3630,1790073159067.395,40.004025
1ac2ffac,3632,3631,1790073159109.105,41.710108
1ac2ffac,3633,3632,1790073159141.815,32.710232
1ac2ffac,3634,3633,1790073159186.56,44.744931
1ac2ffac,3635,3634,1790073159237.5,50.940012
1ac2ffac,3636,3635,1790073159274.643,37.143092
1ac2ffac,3637,3636,1790073159302.653,28.010243
1ac2ffac,3638,3637,1790073159342.444,39.790452
1ac2ffac,3639,3638,1790073159385.565,43.120893
1ac2ffac,3640,3639,1790073159422.362,36.797666
1ac2ffac,3641,3640,1790073159464.142,41.779732
1ac2ffac,3642,3641,1790073159507.133,42.990617
1ac2ffac,3643,3642,1790073159546.44,39.307566
1ac2ffac,3644,3643,1790073159581.717,35.276817
1ac2ffac,3645,3644,1790073159629.892,48.174893
1ac2ffac,3646,3645,1790073159660.454,30.562403
1ac2ffac,3647,3646,1790073159709.999,49.544376
1ac2ffac,3648,3647,1790073159814.037,104.038163
1ac2ffac,3649,3648,1790073159818.974,4.936926
1ac2ffac,3650,3649,1790073159822.889,3.915202
1ac2ffac,3651,3650,1790073159861.557,38.668165
1ac2ffac,3652,3651,1790073159904.494,42.936886
1ac2ffac,3653,3652,1790073159944.202,39.708178
d1f37ed1,250,249,1790073024794.868,39.681901
d1f37ed1,251,250,1790073024836.432,41.564609
d1f37ed1,252,251,1790073024866.95,30.517423
d1f37ed1,253,252,1790073024909.212,42.262339
d1f37ed1,254,253,1790073024952.017,42.804712
d1f37ed1,255,254,1790073024998.177,46.159491
d1f37ed1,256,255,1790073025038.77,40.593325
d1f37ed1,257,256,1790073025068.183,29.412791
d1f37ed1,258,257,1790073025111.477,43.293928
d1f37ed1,259,258,1790073025157.868,46.391585
d1f37ed1,260,259,1790073025196.332,38.463548
d1f37ed1,261,260,1790073025229.594,33.261921
d1f37ed1,262,261,1790073025272.378,42.784281
d1f37ed1,263,262,1790073025317.797,45.419605
d1f37ed1,264,263,1790073025353.917,36.119264
d1f37ed1,265,264,1790073025408.114,54.197606
d1f37ed1,266,265,1790073025426.623,18.508305
d1f37ed1,267,266,1790073025468.671,42.048717
d1f37ed1,268,267,1790073025511.113,42.441195
d1f37ed1,269,268,1790073025547.163,36.050276
d1f37ed1,270,269,1790073025587.933,40.770002
d1f37ed1,271,270,1790073025633.296,45.363655
d1f37ed1,272,271,1790073025677.068,43.771953
d1f37ed1,273,272,1790073025678.269,1.200288
d1f37ed1,274,273,1790073025679.804,1.535077
d1f37ed1,275,274,1790073025750.622,70.817788
d1f37ed1,276,275,1790073026025.305,274.683218
d1f37ed1,277,276,1790073026068.333,43.028522
d1f37ed1,278,277,1790073026111.28,42.946653
d1f37ed1,279,278,1790073026152.865,41.584839
d1f37ed1,280,279,1790073026184.742,31.876938
d1f37ed1,281,280,1790073026240.068,55.326036
d1f37ed1,282,281,1790073026284.826,44.758443
d1f37ed1,283,282,1790073026305.958,21.131408
d1f37ed1,284,283,1790073026348.818,42.860887
d1f37ed1,285,284,1790073026391.899,43.080286
d1f37ed1,286,285,1790073026432.862,40.963286
d1f37ed1,287,286,1790073026475.332,42.469731
d1f37ed1,288,287,1790073026507.792,32.459854
d1f37ed1,289,288,1790073026553.77,45.978667
d1f37ed1,290,289,1790073026592.472,38.701697
d1f37ed1,291,290,1790073026639.117,46.644842
d1f37ed1,292,291,1790073026677.25,38.133565
d1f37ed1,293,292,1790073026712.577,35.326174
d1f37ed1,294,293,1790073026752.807,40.230177
d1f37ed1,295,294,1790073026788.75,35.943476
d1f37ed1,296,295,1790073026838.019,49.268345
d1f37ed1,297,296,1790073026869.328,31.309142
d1f37ed1,298,297,1790073026911.321,41.993205
d1f37ed1,299,298,1790073026960.842,49.520652
d1f37ed1,300,299,1790073026993.014,32.172585
d1f37ed1,301,300,1790073027039.353,46.338789
d1f37ed1,302,301,1790073027068.876,29.522691
d1f37ed1,303,302,1790073027116.466,47.590428
d1f37ed1,304,303,1790073027150.443,33.977023
d1f37ed1,305,304,1790073027191.631,41.188228
d1f37ed1,306,305,1790073027232.359,40.727304
d1f37ed1,307,306,1790073027291.061,58.702096
d1f37ed1,308,307,1790073027313.019,21.9586
d1f37ed1,309,308,1790073027351.125,38.105164
d1f37ed1,310,309,1790073027395.452,44.327597
d1f37ed1,311,310,1790073027438.103,42.650386
d1f37ed1,312,311,1790073027473.669,35.566579
d1f37ed1,313,312,1790073027514.082,40.413234
d1f37ed1,314,313,1790073027555.876,41.793699
d1f37ed1,315,314,1790073027601.945,46.069401
d1f37ed1,316,315,1790073027626.285,24.340133
d1f37ed1,317,316,1790073027670.067,43.781325
d1f37ed1,318,317,1790073027671.317,1.249858
d1f37ed1,319,318,1790073027674.761,3.444397
d1f37ed1,320,319,1790073027677.574,2.813392
d1f37ed1,321,320,1790073027678.502,0.92723
d1f37ed1,322,321,1790073027679.951,1.448933
d1f37ed1,323,322,1790073027755.126,75.175462
d1f37ed1,324,323,1790073028034.811,279.68481
d1f37ed1,325,324,1790073028076.575,41.764492
d1f37ed1,326,325,1790073028112.718,36.142689
d1f37ed1,327,326,1790073028159.561,46.842898
d1f37ed1,328,327,1790073028193.869,34.307651
d1f37ed1,329,328,1790073028228.709,34.840334
d1f37ed1,330,329,1790073028273.134,44.424616
d1f37ed1,331,330,1790073028313.165,40.030835
d1f37ed1,332,331,1790073028354.459,41.294914
d1f37ed1,333,332,1790073028392.781,38.322162
d1f37ed1,334,333,1790073028433.056,40.274786
d1f37ed1,335,334,1790073028470.586,37.529964
d1f37ed1,336,335,1790073028519.819,49.233184
d1f37ed1,337,336,1790073028564.313,44.49337
d1f37ed1,338,337,1790073028591.511,27.198585
d1f37ed1,339,338,1790073028633.849,42.337941
d1f37ed1,340,339,1790073028673.36,39.510933
d1f37ed1,341,340,1790073028720.944,47.583764
d1f37ed1,342,341,1790073028762.213,41.269277
d1f37ed1,343,342,1790073028794.029,31.815529
d1f37ed1,344,343,1790073028832.562,38.533695
d1f37ed1,345,344,1790073028877.004,44.441524
d1f37ed1,346,345,1790073028914.25,37.246096
d1f37ed1,347,346,1790073028967.949,53.699295
d1f37ed1,348,347,1790073028995.865,27.915076
d1f37ed1,349,348,1790073029038.38,42.515863
d1f37ed1,350,349,1790073029080.254,41.873766
d1f37ed1,351,350,1790073029114.619,34.364584
d1f37ed1,352,351,1790073029149.221,34.602643
d1f37ed1,353,352,1790073029201.813,52.591626
d1f37ed1,354,353,1790073029231.749,29.936185
d1f37ed1,355,354,1790073029275.657,43.908216
d1f37ed1,356,355,1790073029317.564,41.906292
d1f37ed1,357,356,1790073029357.316,39.752717
d1f37ed1,358,357,1790073029393.0,35.683884
d1f37ed1,359,358,1790073029433.446,40.445583
d1f37ed1,360,359,1790073029467.994,34.548051
d1f37ed1,361,360,1790073029509.555,41.561063
d1f37ed1,362,361,1790073029566.845,57.290102
d1f37ed1,363,362,1790073029597.398,30.552703
d1f37ed1,364,363,1790073029647.342,49.944543
d1f37ed1,365,364,1790073029678.448,31.105906
d1f37ed1,366,365,1790073029679.332,0.883938
d1f37ed1,367,366,1790073029683.955,4.622726
d1f37ed1,368,367,1790073029686.478,2.522897
d1f37ed1,369,368,1790073029689.348,2.870029
d1f37ed1,370,369,1790073029692.541,3.193116
d1f37ed1,371,370,1790073029755.349,62.808264
d1f37ed1,372,371,1790073030036.027,280.677859
d1f37ed1,373,372,1790073030074.865,38.838466
d1f37ed1,374,373,1790073030110.403,35.537673
d1f37ed1,375,374,1790073030153.016,42.612488
d1f37ed1,376,375,1790073030203.02,50.004313
d1f37ed1,377,376,1790073030239.164,36.144105
d1f37ed1,378,377,1790073030281.103,41.938535
d1f37ed1,379,378,1790073030308.489,27.386549
d1f37ed1,380,379,1790073030350.057,41.56767
d1f37ed1,381,380,1790073030395.15,45.093131
d1f37ed1,382,381,1790073030438.081,42.931041
d1f37ed1,383,382,1790073030472.515,34.433836
d1f37ed1,384,383,1790073030512.957,40.44242
d1f37ed1,385,384,1790073030558.184,45.226594
d1f37ed1,386,385,1790073030604.781,46.597638
d1f37ed1,387,386,1790073030627.159,22.377724
d1f37ed1,388,387,1790073030673.675,46.515596
d1f37ed1,389,388,1790073030715.76,42.085415
d1f37ed1,390,389,1790073030749.737,33.976828
d1f37ed1,391,390,1790073030792.741,43.003531
d1f37ed1,392,391,1790073030832.006,39.265534
d1f37ed1,393,392,1790073030890.699,58.692659
d1f37ed1,394,393,1790073030915.531,24.832024
d1f37ed1,395,394,1790073030962.353,46.821671
d1f37ed1,396,395,1790073030998.174,35.821414
d1f37ed1,397,396,1790073031032.97,34.796076
d1f37ed1,398,397,1790073031074.823,41.853089
d1f37ed1,399,398,1790073031119.97,45.146801
d1f37ed1,400,399,1790073031156.478,36.508317
d1f37ed1,401,400,1790073031197.082,40.60364
d1f37ed1,402,401,1790073031228.575,31.493042
d1f37ed1,403,402,1790073031280.628,52.052868
d1f37ed1,404,403,1790073031305.993,25.365659
d1f37ed1,405,404,1790073031350.217,44.223858
d1f37ed1,406,405,1790073031392.348,42.130528
d1f37ed1,407,406,1790073031431.499,39.151154
d1f37ed1,408,407,1790073031472.402,40.902776
d1f37ed1,409,408,1790073031511.95,39.547883
d1f37ed1,410,409,1790073031552.697,40.747574
d1f37ed1,411,410,1790073031601.066,48.3684
d1f37ed1,412,411,1790073031642.158,41.092365
d1f37ed1,413,412,1790073031678.99,36.832257
d1f37ed1,414,413,1790073031680.255,1.26471
d1f37ed1,415,414,1790073031681.564,1.309059
d1f37ed1,416,415,1790073031683.799,2.234899
d1f37ed1,417,416,1790073031753.405,69.60606
d1f37ed1,418,417,1790073032031.345,277.940487
d1f37ed1,419,418,1790073032072.11,40.76502
d1f37ed1,420,419,1790073032137.582,65.471474
d1f37ed1,421,420,1790073032157.435,19.853104
d1f37ed1,422,421,1790073032187.937,30.502288
d1f37ed1,423,422,1790073032232.084,44.146863
d1f37ed1,424,423,1790073032281.703,49.618686
d1f37ed1,425,424,1790073032317.418,35.715122
d1f37ed1,426,425,1790073032346.125,28.706905
d1f37ed1,427,426,1790073032400.858,54.733052
d1f37ed1,428,427,1790073032434.963,34.104714
d1f37ed1,429,428,1790073032475.814,40.850993
d1f37ed1,430,429,1790073032516.99,41.176173
d1f37ed1,431,430,1790073032553.695,36.704869
d1f37ed1,432,431,1790073032591.805,38.110582
d1f37ed1,433,432,1790073032636.644,44.838874
d1f37ed1,434,433,1790073032674.644,37.999353
d1f37ed1,435,434,1790073032713.167,38.523824
d1f37ed1,436,435,1790073032753.751,40.583715
d1f37ed1,437,436,1790073032816.622,62.87116
d1f37ed1,438,437,1790073032828.586,11.963843
d1f37ed1,439,438,1790073032871.437,42.850819
d1f37ed1,440,439,1790073032913.014,41.577494
d1f37ed1,441,440,1790073032960.705,47.690862
d1f37ed1,442,441,1790073032997.773,37.068296
d1f37ed1,443,442,1790073033031.342,33.568128
d1f37ed1,444,443,1790073033072.143,40.801051
d1f37ed1,445,444,1790073033123.927,51.784394
d1f37ed1,446,445,1790073033157.106,33.178747
d1f37ed1,447,446,1790073033195.785,38.679327
d1f37ed1,448,447,1790073033237.292,41.506785
d1f37ed1,449,448,1790073033268.139,30.846686
d1f37ed1,450,449,1790073033315.905,47.766716
d1f37ed1,451,450,1790073033352.093,36.187887
d1f37ed1,452,451,1790073033394.345,42.251533
d1f37ed1,453,452,1790073033436.45,42.105085
d1f37ed1,454,453,1790073033474.871,38.420674
d1f37ed1,455,454,1790073033517.224,42.353431
d1f37ed1,456,455,1790073033564.013,46.788829
d1f37ed1,457,456,1790073033587.031,23.018402
d1f37ed1,458,457,1790073033629.706,42.674926
d1f37ed1,459,458,1790073033677.09,47.384083
d1f37ed1,460,459,1790073033678.081,0.990395
d1f37ed1,461,460,1790073033679.494,1.413553
d1f37ed1,462,461,1790073033680.716,1.221651
d1f37ed1,463,462,1790073033684.446,3.73057
d1f37ed1,464,463,1790073033687.188,2.742161
d1f37ed1,465,464,1790073033757.508,70.319554
d1f37ed1,466,465,1790073034028.407,270.899276
d1f37ed1,467,466,1790073034071.289,42.881132
d1f37ed1,468,467,1790073034113.947,42.657999
d1f37ed1,469,468,1790073034155.947,42.000503
d1f37ed1,470,469,1790073034208.304,52.357084
d1f37ed1,471,470,1790073034231.772,23.467875
d1f37ed1,472,471,1790073034277.152,45.380072
d1f37ed1,473,472,1790073034317.102,39.949591
d1f37ed1,474,473,1790073034348.062,30.960118
d1f37ed1,475,474,1790073034388.713,40.651142
d1f37ed1,476,475,1790073034433.055,44.342529
d1f37ed1,477,476,1790073034474.184,41.128094
d1f37ed1,478,477,1790073034520.549,46.365658
d1f37ed1,479,478,1790073034559.933,39.38397
d1f37ed1,480,479,1790073034587.819,27.885405
d1f37ed1,481,480,1790073034628.488,40.669249
d1f37ed1,482,481,1790073034671.561,43.072743
d1f37ed1,483,482,1790073034713.258,41.697834
d1f37ed1,484,483,1790073034756.184,42.926038
d1f37ed1,485,484,1790073034793.72,37.536176
d1f37ed1,486,485,1790073034833.761,40.040271
d1f37ed1,487,486,1790073034878.061,44.300513
d1f37ed1,488,487,1790073034913.413,35.351186
d1f37ed1,489,488,1790073034956.407,42.994858
d1f37ed1,490,489,1790073034997.025,40.61739
d1f37ed1,491,490,1790073035029.56,32.534917
d1f37ed1,492,491,1790073035069.681,40.121442
d1f37ed1,493,492,1790073035119.884,50.202922
d1f37ed1,494,493,1790073035153.821,33.936582
d1f37ed1,495,494,1790073035203.12,49.299124
d1f37ed1,496,495,1790073035230.522,27.402334
d1f37ed1,497,496,1790073035272.571,42.048912
d1f37ed1,498,497,1790073035308.272,35.701384
d1f37ed1,499,498,1790073035352.367,44.094604
d1f37ed1,500,499,1790073035406.705,54.33771
d1f37ed1,501,500,1790073035436.235,29.53045
d1f37ed1,502,501,1790073035490.326,54.090509
d1f37ed1,503,502,1790073035510.271,19.944846
d1f37ed1,504,503,1790073035557.554,47.283427
d1f37ed1,505,504,1790073035601.669,44.11549
d1f37ed1,506,505,1790073035632.563,30.893477
d1f37ed1,507,506,1790073035676.267,43.703684
d1f37ed1,508,507,1790073035677.866,1.599843
d1f37ed1,509,508,1790073035678.899,1.032343
d1f37ed1,510,509,1790073035680.634,1.734878
d1f37ed1,511,510,1790073035688.146,7.511851
d1f37ed1,512,511,1790073035749.803,61.6571
d1f37ed1,513,512,1790073036037.513,287.710264
d1f37ed1,514,513,1790073036071.861,34.347594
d1f37ed1,515,514,1790073036113.886,42.025805
d1f37ed1,516,515,1790073036154.873,40.986976
d1f37ed1,517,516,1790073036190.437,35.564
d1f37ed1,518,517,1790073036230.495,40.05813
d1f37ed1,519,518,1790073036270.974,40.479081
d1f37ed1,520,519,1790073036317.048,46.073158
d1f37ed1,521,520,1790073036352.588,35.540205
d1f37ed1,522,521,1790073036404.173,51.584682
d1f37ed1,523,522,1790073036440.655,36.482387
d1f37ed1,524,523,1790073036474.468,33.812525
d1f37ed1,525,524,1790073036505.214,30.746735
d1f37ed1,526,525,1790073036548.948,43.733863
d1f37ed1,527,526,1790073036598.07,49.121846
d1f37ed1,528,527,1790073036639.558,41.488333
d1f37ed1,529,528,1790073036674.399,34.840545
d1f37ed1,530,529,1790073036721.549,47.150645
d1f37ed1,531,530,1790073036761.304,39.754296
d1f37ed1,532,531,1790073036805.032,43.72807
d1f37ed1,533,532,1790073036834.017,28.985085
d1f37ed1,534,533,1790073036876.963,42.946556
d1f37ed1,535,534,1790073036926.737,49.773389
d1f37ed1,536,535,1790073036954.996,28.259483
d1f37ed1,537,536,1790073036995.358,40.36156
d1f37ed1,538,537,1790073037030.379,35.020907
d1f37ed1,539,538,1790073037084.619,54.239798
d1f37ed1,540,539,1790073037115.616,30.997306
d1f37ed1,541,540,1790073037155.452,39.835764
d1f37ed1,542,541,1790073037195.284,39.83253
d1f37ed1,543,542,1790073037298.198,102.913323
d1f37ed1,544,543,1790073037303.704,5.506557
d1f37ed1,545,544,1790073037314.517,10.812793
d1f37ed1,546,545,1790073037355.242,40.725027
d1f37ed1,547,546,1790073037393.562,38.320419
d1f37ed1,548,547,1790073037433.538,39.975635
d1f37ed1,549,548,1790073037476.619,43.081369
d1f37ed1,550,549,1790073037513.818,37.198323
d1f37ed1,551,550,1790073037556.425,42.607756
d1f37ed1,552,551,1790073037601.171,44.746127
d1f37ed1,553,552,1790073037638.027,36.855281
d1f37ed1,554,553,1790073037688.839,50.811884
d1f37ed1,555,554,1790073037694.695,5.856086
d1f37ed1,556,555,1790073037697.863,3.168557
d1f37ed1,557,556,1790073037699.692,1.82916
d1f37ed1,558,557,1790073037754.389,54.696352
d1f37ed1,559,558,1790073038027.98,273.591779
d1f37ed1,560,559,1790073038074.695,46.71458
d1f37ed1,561,560,1790073038111.944,37.248485
d1f37ed1,562,561,1790073038156.557,44.613801
d1f37ed1,563,562,1790073038197.549,40.991879
d1f37ed1,564,563,1790073038239.486,41.936266
d1f37ed1,565,564,1790073038272.968,33.482645
d1f37ed1,566,565,1790073038309.23,36.262262
d1f37ed1,567,566,1790073038355.361,46.130679
d1f37ed1,568,567,1790073038393.276,37.914731
d1f37ed1,569,568,1790073038438.377,45.100965
d1f37ed1,570,569,1790073038474.312,35.935008
d1f37ed1,571,570,1790073038514.585,40.273485
d1f37ed1,572,571,1790073038557.629,43.044022
d1f37ed1,573,572,1790073038591.936,34.306972
d1f37ed1,574,573,1790073038629.591,37.654147
d1f37ed1,575,574,1790073038672.803,43.21257
d1f37ed1,576,575,1790073038716.672,43.869186
d1f37ed1,577,576,1790073038753.344,36.671418
d1f37ed1,578,577,1790073038788.222,34.87825
d1f37ed1,579,578,1790073038832.64,44.417625
d1f37ed1,580,579,1790073038878.295,45.655009
d1f37ed1,581,580,1790073038917.268,38.973544
d1f37ed1,582,581,1790073038952.453,35.184475
d1f37ed1,583,582,1790073038991.842,39.38969
d1f37ed1,584,583,1790073039031.818,39.975317
d1f37ed1,585,584,1790073039075.182,43.36464
d1f37ed1,586,585,1790073039112.655,37.47277
d1f37ed1,587,586,1790073039153.601,40.945864
d1f37ed1,588,587,1790073039194.589,40.987696
d1f37ed1,589,588,1790073039236.474,41.885005
d1f37ed1,590,589,1790073039279.853,43.378871
d1f37ed1,591,590,1790073039323.231,43.378593
d1f37ed1,592,591,1790073039353.895,30.663877
d1f37ed1,593,592,1790073039402.683,48.788273
d1f37ed1,594,593,1790073039452.905,50.222183
d1f37ed1,595,594,1790073039474.615,21.709923
d1f37ed1,596,595,1790073039518.113,43.497868
d1f37ed1,597,596,1790073039560.307,42.194144
d1f37ed1,598,597,1790073039600.166,39.858193
d1f37ed1,599,598,1790073039635.87,35.70443
d1f37ed1,600,599,1790073039683.143,47.273306
d1f37ed1,601,600,1790073039685.78,2.636803
d1f37ed1,602,601,1790073039688.751,2.971376
d1f37ed1,603,602,1790073039690.194,1.442699
d1f37ed1,604,603,1790073039691.345,1.151023
d1f37ed1,605,604,1790073039693.569,2.224096
d1f37ed1,606,605,1790073039759.393,65.82326
d1f37ed1,607,606,1790073040029.872,270.479393
d1f37ed1,608,607,1790073040076.429,46.556921
d1f37ed1,609,608,1790073040115.58,39.150916
d1f37ed1,610,609,1790073040154.203,38.623468
d1f37ed1,611,610,1790073040196.475,42.271523
d1f37ed1,612,611,1790073040235.489,39.01449
d1f37ed1,613,612,1790073040269.495,34.005737
d1f37ed1,614,613,1790073040315.783,46.288524
d1f37ed1,615,614,1790073040353.309,37.525248
d1f37ed1,616,615,1790073040393.484,40.175694
d1f37ed1,617,616,1790073040434.482,40.998076
d1f37ed1,618,617,1790073040474.965,40.482784
d1f37ed1,619,618,1790073040508.638,33.673026
d1f37ed1,620,619,1790073040553.833,45.194994
d1f37ed1,621,620,1790073040600.034,46.200657
d1f37ed1,622,621,1790073040631.36,31.326314
d1f37ed1,623,622,1790073040672.662,41.301918
d1f37ed1,624,623,1790073040711.779,39.117086
d1f37ed1,625,624,1790073040752.412,40.632746
d1f37ed1,626,625,1790073040793.018,40.606439
d1f37ed1,627,626,1790073040835.698,42.67919
d1f37ed1,628,627,1790073040868.167,32.469093
d1f37ed1,629,628,1790073040912.434,44.267417
d1f37ed1,630,629,1790073040960.04,47.606006
d1f37ed1,631,630,1790073040995.187,35.146896
d1f37ed1,632,631,1790073041033.276,38.089435
d1f37ed1,633,632,1790073041074.393,41.116617
d1f37ed1,634,633,1790073041118.585,44.191866
d1f37ed1,635,634,1790073041162.108,43.523552
d1f37ed1,636,635,1790073041208.101,45.992402
d1f37ed1,637,636,1790073041231.274,23.173406
d1f37ed1,638,637,1790073041272.417,41.142539
d1f37ed1,639,638,1790073041328.694,56.276761
d1f37ed1,640,639,1790073041355.828,27.133906
d1f37ed1,641,640,1790073041393.422,37.594665
d1f37ed1,642,641,1790073041436.945,43.522517
d1f37ed1,643,642,1790073041480.319,43.373797
d1f37ed1,644,643,1790073041507.793,27.474147
d1f37ed1,645,644,1790073041551.88,44.087134
d1f37ed1,646,645,1790073041605.917,54.03739
d1f37ed1,647,646,1790073041634.279,28.362018
d1f37ed1,648,647,1790073041677.669,43.38964
d1f37ed1,649,648,1790073041678.857,1.18831
d1f37ed1,650,649,1790073041681.353,2.49598
d1f37ed1,651,650,1790073041684.352,2.998564
d1f37ed1,652,651,1790073041689.179,4.827509
d1f37ed1,653,652,1790073041747.278,58.0991
d1f37ed1,654,653,1790073042028.839,281.56112
d1f37ed1,655,654,1790073042076.542,47.703177
d1f37ed1,656,655,1790073042118.196,41.65325
d1f37ed1,657,656,1790073042149.287,31.091061
d1f37ed1,658,657,1790073042192.674,43.386736
d1f37ed1,659,658,1790073042241.795,49.121378
d1f37ed1,660,659,1790073042288.507,46.712121
d1f37ed1,661,660,1790073042313.334,24.82659
d1f37ed1,662,661,1790073042359.574,46.240843
d1f37ed1,663,662,1790073042399.096,39.521853
d1f37ed1,664,663,1790073042442.573,43.476015
d1f37ed1,665,664,1790073042477.344,34.771134
d1f37ed1,666,665,1790073042519.512,42.168355
d1f37ed1,667,666,1790073042557.825,38.313466
d1f37ed1,668,667,1790073042590.636,32.810839
d1f37ed1,669,668,1790073042635.901,45.264442
d1f37ed1,670,669,1790073042683.224,47.323668
d1f37ed1,671,670,1790073042714.111,30.886305
d1f37ed1,672,671,1790073042755.508,41.397012
d1f37ed1,673,672,1790073042790.013,34.505086
d1f37ed1,674,673,1790073042890.575,100.562766
d1f37ed1,675,674,1790073042893.035,2.459902
d1f37ed1,676,675,1790073042914.265,21.22985
d1f37ed1,677,676,1790073042955.934,41.668887
d1f37ed1,678,677,1790073043004.828,48.893918
d1f37ed1,679,678,1790073043028.689,23.861018
d1f37ed1,680,679,1790073043078.956,50.267123
d1f37ed1,681,680,1790073043113.637,34.680886
d1f37ed1,682,681,1790073043152.638,39.001179
d1f37ed1,683,682,1790073043202.588,49.949688
d1f37ed1,684,683,1790073043241.533,38.945569
d1f37ed1,685,684,1790073043274.573,33.039421
d1f37ed1,686,685,1790073043311.602,37.029173
d1f37ed1,687,686,1790073043352.461,40.858929
d1f37ed1,688,687,1790073043403.871,51.409783
d1f37ed1,689,688,1790073043440.668,36.796805
d1f37ed1,690,689,1790073043469.338,28.670192
d1f37ed1,691,690,1790073043510.569,41.23157
d1f37ed1,692,691,1790073043559.778,49.208397
d1f37ed1,693,692,1790073043595.152,35.374249
d1f37ed1,694,693,1790073043634.833,39.681011
d1f37ed1,695,694,1790073043680.72,45.887486
d1f37ed1,696,695,1790073043683.508,2.787664
d1f37ed1,697,696,1790073043687.073,3.565116
d1f37ed1,698,697,1790073043690.46,3.386822
d1f37ed1,699,698,1790073043754.441,63.981292
d1f37ed1,700,699,1790073044035.339,280.897785
d1f37ed1,701,700,1790073044070.23,34.890922
d1f37ed1,702,701,1790073044121.298,51.06759
d1f37ed1,703,702,1790073044152.608,31.31016
d1f37ed1,704,703,1790073044194.576,41.968321
d1f37ed1,705,704,1790073044237.361,42.784625
d1f37ed1,706,705,1790073044277.714,40.35298
d1f37ed1,707,706,1790073044311.911,34.196882
d1f37ed1,708,707,1790073044356.66,44.749777
d1f37ed1,709,708,1790073044393.434,36.773419
d1f37ed1,710,709,1790073044433.729,40.295126
d1f37ed1,711,710,1790073044475.404,41.675356
d1f37ed1,712,711,1790073044522.144,46.739149
d1f37ed1,713,712,1790073044550.336,28.192207
d1f37ed1,714,713,1790073044590.763,40.427278
d1f37ed1,715,714,1790073044637.583,46.819603
d1f37ed1,716,715,1790073044675.087,37.504847
d1f37ed1,717,716,1790073044711.285,36.198049
d1f37ed1,718,717,1790073044752.109,40.823908
d1f37ed1,719,718,1790073044792.896,40.786821
d1f37ed1,720,719,1790073044834.281,41.384589
d1f37ed1,721,720,1790073044866.577,32.296372
d1f37ed1,722,721,1790073044923.381,56.803572
d1f37ed1,723,722,1790073044950.009,26.627744
d1f37ed1,724,723,1790073044993.397,43.388273
d1f37ed1,725,724,1790073045032.845,39.447865
d1f37ed1,726,725,1790073045074.615,41.7698
d1f37ed1,727,726,1790073045114.693,40.078424
d1f37ed1,728,727,1790073045147.78,33.087468
d1f37ed1,729,728,1790073045196.962,49.181228
d1f37ed1,730,729,1790073045228.258,31.296748
d1f37ed1,731,730,1790073045273.106,44.847686
d1f37ed1,732,731,1790073045318.854,45.748242
d1f37ed1,733,732,1790073045351.622,32.76777
d1f37ed1,734,733,1790073045402.513,50.891372
d1f37ed1,735,734,1790073045434.667,32.153043
d1f37ed1,736,735,1790073045482.71,48.043407
d1f37ed1,737,736,1790073045512.008,29.297718
d1f37ed1,738,737,1790073045549.905,37.897082
d1f37ed1,739,738,1790073045592.722,42.817622
d1f37ed1,740,739,1790073045636.032,43.3096
d1f37ed1,741,740,1790073045673.442,37.409778
d1f37ed1,742,741,1790073045674.782,1.340248
d1f37ed1,743,742,1790073045676.753,1.970862
d1f37ed1,744,743,1790073045678.463,1.710121
d1f37ed1,745,744,1790073045755.11,76.647336
d1f37ed1,746,745,1790073046033.749,278.638623
d1f37ed1,747,746,1790073046079.782,46.033174
d1f37ed1,748,747,1790073046116.779,36.9967
d1f37ed1,749,748,1790073046164.384,47.604793
d1f37ed1,750,749,1790073046196.829,32.445669
d1f37ed1,751,750,1790073046234.326,37.497019
d1f37ed1,752,751,1790073046273.205,38.87913
d1f37ed1,753,752,1790073046311.988,38.782276
d1f37ed1,754,753,1790073046357.698,45.710758
d1f37ed1,755,754,1790073046393.177,35.478281
d1f37ed1,756,755,1790073046442.161,48.984036
d1f37ed1,757,756,1790073046468.847,26.686761
d1f37ed1,758,757,1790073046516.501,47.653405
d1f37ed1,759,758,1790073046557.567,41.066104
d1f37ed1,760,759,1790073046601.732,44.165235
d1f37ed1,761,760,1790073046633.065,31.332746
d1f37ed1,762,761,1790073046669.454,36.389374
d1f37ed1,763,762,1790073046712.419,42.964626
d1f37ed1,764,763,1790073046753.639,41.220438
d1f37ed1,765,764,1790073046788.248,34.608293
d1f37ed1,766,765,1790073046849.304,61.055999
d1f37ed1,767,766,1790073046877.718,28.414434
d1f37ed1,768,767,1790073046915.822,38.104251
d1f37ed1,769,768,1790073046954.216,38.393192
d1f37ed1,770,769,1790073046990.057,35.841532
d1f37ed1,771,770,1790073047036.752,46.695265
d1f37ed1,772,771,1790073047071.703,34.950767
d1f37ed1,773,772,1790073047113.53,41.826954
d1f37ed1,774,773,1790073047154.005,40.474801
d1f37ed1,775,774,1790073047196.702,42.697017
d1f37ed1,776,775,1790073047225.33,28.62818
d1f37ed1,777,776,1790073047275.51,50.179518
d1f37ed1,778,777,1790073047316.345,40.835376
d1f37ed1,779,778,1790073047358.172,41.82714
d1f37ed1,780,779,1790073047386.072,27.900176
d1f37ed1,781,780,1790073047428.688,42.615589
d1f37ed1,782,781,1790073047470.757,42.069153
d1f37ed1,783,782,1790073047514.057,43.299892
d1f37ed1,784,783,1790073047555.72,41.66352
d1f37ed1,785,784,1790073047593.321,37.600415
d1f37ed1,786,785,1790073047650.07,56.749135
d1f37ed1,787,786,1790073047679.493,29.422904
d1f37ed1,788,787,1790073047680.485,0.991809
d1f37ed1,789,788,1790073047683.604,3.119702
d1f37ed1,790,789,1790073047686.552,2.947521
d1f37ed1,791,790,1790073047689.641,3.088646
d1f37ed1,792,791,1790073047693.524,3.883635
d1f37ed1,793,792,1790073047752.628,59.103561
d1f37ed1,794,793,1790073048029.567,276.939072
d1f37ed1,795,794,1790073048082.086,52.519111
d1f37ed1,796,795,1790073048110.416,28.330173
d1f37ed1,797,796,1790073048151.729,41.312305
d1f37ed1,798,797,1790073048193.07,41.341462
d1f37ed1,799,798,1790073048235.165,42.095137
d1f37ed1,800,799,1790073048287.529,52.363949
d1f37ed1,801,800,1790073048313.394,25.865179
d1f37ed1,802,801,1790073048368.792,55.397869
d1f37ed1,803,802,1790073048393.535,24.743316
d1f37ed1,804,803,1790073048429.0,35.464387
d1f37ed1,805,804,1790073048472.87,43.870595
d1f37ed1,806,805,1790073048514.943,42.072334
d1f37ed1,807,806,1790073048552.306,37.36376
d1f37ed1,808,807,1790073048591.953,39.64639
d1f37ed1,809,808,1790073048633.227,41.273809
d1f37ed1,810,809,1790073048673.281,40.0546
d1f37ed1,811,810,1790073048726.653,53.37188
d1f37ed1,812,811,1790073048749.817,23.164206
d1f37ed1,813,812,1790073048794.914,45.097051
d1f37ed1,814,813,1790073048834.239,39.324159
d1f37ed1,815,814,1790073048884.571,50.332508
d1f37ed1,816,815,1790073048913.423,28.851717
d1f37ed1,817,816,1790073048950.848,37.424848
d1f37ed1,818,817,1790073049008.424,57.576705
d1f37ed1,819,818,1790073049032.621,24.19684
d1f37ed1,820,819,1790073049076.54,43.918475
d1f37ed1,821,820,1790073049114.608,38.068652
d1f37ed1,822,821,1790073049155.886,41.27819
d1f37ed1,823,822,1790073049202.097,46.211096
d1f37ed1,824,823,1790073049229.112,27.014796
d1f37ed1,825,824,1790073049273.071,43.958411
d1f37ed1,826,825,1790073049316.581,43.509825
d1f37ed1,827,826,1790073049356.736,40.154954
d1f37ed1,828,827,1790073049388.994,32.258945
d1f37ed1,829,828,1790073049430.852,41.857167
d1f37ed1,830,829,1790073049482.544,51.692209
d1f37ed1,831,830,1790073049509.434,26.88983
d1f37ed1,832,831,1790073049556.36,46.92637
d1f37ed1,833,832,1790073049594.68,38.320321
d1f37ed1,834,833,1790073049642.064,47.38332
d1f37ed1,835,834,1790073049676.893,34.829318
d1f37ed1,836,835,1790073049677.975,1.082379
d1f37ed1,837,836,1790073049679.882,1.90654
d1f37ed1,838,837,1790073049680.781,0.899454
d1f37ed1,839,838,1790073049681.901,1.119686
d1f37ed1,840,839,1790073049683.316,1.414987
d1f37ed1,841,840,1790073049755.288,71.972016
d1f37ed1,842,841,1790073050027.924,272.635832
d1f37ed1,843,842,1790073050069.322,41.398036
d1f37ed1,844,843,1790073050110.806,41.483726
d1f37ed1,845,844,1790073050151.753,40.947737
d1f37ed1,846,845,1790073050192.681,40.927242
d1f37ed1,847,846,1790073050237.943,45.262071
d1f37ed1,848,847,1790073050273.859,35.915998
d1f37ed1,849,848,1790073050325.357,51.498564
d1f37ed1,850,849,1790073050348.7,23.342902
d1f37ed1,851,850,1790073050391.302,42.601926
d1f37ed1,852,851,1790073050439.55,48.247933
d1f37ed1,853,852,1790073050474.029,34.478456
d1f37ed1,854,853,1790073050514.237,40.20852
d1f37ed1,855,854,1790073050546.108,31.871354
d1f37ed1,856,855,1790073050591.424,45.315651
d1f37ed1,857,856,1790073050634.945,43.520604
d1f37ed1,858,857,1790073050676.053,41.108332
d1f37ed1,859,858,1790073050715.429,39.37588
d1f37ed1,860,859,1790073050753.317,37.888378
d1f37ed1,861,860,1790073050789.821,36.503884
d1f37ed1,862,861,1790073050830.607,40.786064
d1f37ed1,863,862,1790073050869.811,39.203388
d1f37ed1,864,863,1790073050914.307,44.496941
d1f37ed1,865,864,1790073050962.876,48.56879
d1f37ed1,866,865,1790073050993.671,30.795057
d1f37ed1,867,866,1790073051037.147,43.476095
d1f37ed1,868,867,1790073051066.039,28.891243
d1f37ed1,869,868,1790073051112.515,46.476704
d1f37ed1,870,869,1790073051152.286,39.770349
d1f37ed1,871,870,1790073051197.099,44.81341
d1f37ed1,872,871,1790073051231.907,34.807893
d1f37ed1,873,872,1790073051273.287,41.380416
d1f37ed1,874,873,1790073051318.498,45.210761
d1f37ed1,875,874,1790073051351.451,32.952957
d1f37ed1,876,875,1790073051396.226,44.775006
d1f37ed1,877,876,1790073051432.447,36.220866
d1f37ed1,878,877,1790073051472.902,40.454542
d1f37ed1,879,878,1790073051513.719,40.817637
d1f37ed1,880,879,1790073051558.645,44.926046
d1f37ed1,881,880,1790073051599.781,41.136138
d1f37ed1,882,881,1790073051629.082,29.300579
d1f37ed1,883,882,1790073051673.305,44.222939
d1f37ed1,884,883,1790073051675.01,1.7053
d1f37ed1,885,884,1790073051677.062,2.051464
d1f37ed1,886,885,1790073051753.6,76.537944
d1f37ed1,887,886,1790073052041.551,287.950834
d1f37ed1,888,887,1790073052077.516,35.965378
d1f37ed1,889,888,1790073052120.895,43.378667
d1f37ed1,890,889,1790073052149.566,28.671792
d1f37ed1,891,890,1790073052208.469,58.902957
d1f37ed1,892,891,1790073052232.772,24.302652
d1f37ed1,893,892,1790073052273.611,40.839212
d1f37ed1,894,893,1790073052313.55,39.938679
d1f37ed1,895,894,1790073052355.112,41.56186
d1f37ed1,896,895,1790073052390.992,35.880531
d1f37ed1,897,896,1790073052431.613,40.621169
d1f37ed1,898,897,1790073052473.704,42.090554
d1f37ed1,899,898,1790073052513.304,39.599809
d1f37ed1,900,899,1790073052553.298,39.994039
d1f37ed1,901,900,1790073052601.952,48.653975
d1f37ed1,902,901,1790073052636.458,34.505945
d1f37ed1,903,902,1790073052670.558,34.100692
d1f37ed1,904,903,1790073052711.563,41.004488
d1f37ed1,905,904,1790073052754.097,42.534118
d1f37ed1,906,905,1790073052796.224,42.127296
d1f37ed1,907,906,1790073052835.415,39.190668
d1f37ed1,908,907,1790073052879.314,43.899342
d1f37ed1,909,908,1790073052915.981,36.666996
d1f37ed1,910,909,1790073052952.694,36.712283
d1f37ed1,911,910,1790073052997.967,45.273074
d1f37ed1,912,911,1790073053037.078,39.111436
d1f37ed1,913,912,1790073053080.174,43.095712
d1f37ed1,914,913,1790073053109.173,28.999326
d1f37ed1,915,914,1790073053156.167,46.993491
d1f37ed1,916,915,1790073053194.003,37.836299
d1f37ed1,917,916,1790073053239.098,45.095122
d1f37ed1,918,917,1790073053276.321,37.223175
d1f37ed1,919,918,1790073053306.449,30.12779
d1f37ed1,920,919,1790073053349.289,42.840364
d1f37ed1,921,920,1790073053400.246,50.956974
d1f37ed1,922,921,1790073053434.444,34.197537
d1f37ed1,923,922,1790073053487.626,53.181853
d1f37ed1,924,923,1790073053515.593,27.967435
d1f37ed1,925,924,1790073053546.665,31.071568
d1f37ed1,926,925,1790073053590.235,43.569966
d1f37ed1,927,926,1790073053631.635,41.399759
d1f37ed1,928,927,1790073053681.825,50.190308
d1f37ed1,929,928,1790073053683.6,1.775147
d1f37ed1,930,929,1790073053686.789,3.18874
d1f37ed1,931,930,1790073053692.187,5.397964
d1f37ed1,932,931,1790073053695.265,3.078731
d1f37ed1,933,932,1790073053697.608,2.342925
d1f37ed1,934,933,1790073053750.098,52.489394
d1f37ed1,935,934,1790073054026.313,276.215405
d1f37ed1,936,935,1790073054068.44,42.127061
d1f37ed1,937,936,1790073054110.238,41.797903
d1f37ed1,938,937,1790073054154.74,44.5022
d1f37ed1,939,938,1790073054203.067,48.326491
d1f37ed1,940,939,1790073054239.932,36.865285
d1f37ed1,941,940,1790073054276.826,36.894143
d1f37ed1,942,941,1790073054309.669,32.842548
d1f37ed1,943,942,1790073054351.592,41.922866
d1f37ed1,944,943,1790073054398.697,47.1055
d1f37ed1,945,944,1790073054437.99,39.292793
d1f37ed1,946,945,1790073054659.158,221.168135
d1f37ed1,947,946,1790073054665.112,5.953587
d1f37ed1,948,947,1790073054684.277,19.165343
d1f37ed1,949,948,1790073054692.644,8.367275
d1f37ed1,950,949,1790073054709.883,17.238863
d1f37ed1,951,950,1790073054715.852,5.968681
d1f37ed1,952,951,1790073054722.655,6.803027
d1f37ed1,953,952,1790073054753.909,31.254662
d1f37ed1,954,953,1790073054792.663,38.753863
d1f37ed1,955,954,1790073054832.988,40.324886
d1f37ed1,956,955,1790073054878.767,45.778434
d1f37ed1,957,956,1790073054916.847,38.08078
d1f37ed1,958,957,1790073054948.942,32.095048
d1f37ed1,959,958,1790073054995.9,46.957931
d1f37ed1,960,959,1790073055034.056,38.155504
d1f37ed1,961,960,1790073055076.08,42.024302
d1f37ed1,962,961,1790073055118.196,42.115833
d1f37ed1,963,962,1790073055156.407,38.210883
d1f37ed1,964,963,1790073055200.797,44.390236
d1f37ed1,965,964,1790073055236.456,35.65887
d1f37ed1,966,965,1790073055282.423,45.966699
d1f37ed1,967,966,1790073055315.177,32.754143
d1f37ed1,968,967,1790073055360.524,45.347003
d1f37ed1,969,968,1790073055394.46,33.935808
d1f37ed1,970,969,1790073055438.281,43.821413
d1f37ed1,971,970,1790073055467.751,29.470362
d1f37ed1,972,971,1790073055509.2,41.44908
d1f37ed1,973,972,1790073055551.129,41.928167
d1f37ed1,974,973,1790073055593.43,42.301136
d1f37ed1,975,974,1790073055633.428,39.998349
d1f37ed1,976,975,1790073055676.341,42.912693
d1f37ed1,977,976,1790073055677.416,1.075548
d1f37ed1,978,977,1790073055678.738,1.321677
d1f37ed1,979,978,1790073055682.112,3.37427
d1f37ed1,980,979,1790073055686.408,4.295497
d1f37ed1,981,980,1790073055691.725,5.316722
d1f37ed1,982,981,1790073055758.376,66.651734
d1f37ed1,983,982,1790073056026.8,268.4235
d1f37ed1,984,983,1790073056068.4,41.600424
d1f37ed1,985,984,1790073056114.622,46.222224
d1f37ed1,986,985,1790073056149.645,35.022513
d1f37ed1,987,986,1790073056205.39,55.745442
d1f37ed1,988,987,1790073056232.409,27.018662
d1f37ed1,989,988,1790073056272.815,40.405814
d1f37ed1,990,989,1790073056318.194,45.379205
d1f37ed1,991,990,1790073056358.306,40.111515
d1f37ed1,992,991,1790073056388.959,30.653457
d1f37ed1,993,992,1790073056430.684,41.724719
d1f37ed1,994,993,1790073056472.25,41.566353
d1f37ed1,995,994,1790073056514.625,42.375406
d1f37ed1,996,995,1790073056554.337,39.71178
d1f37ed1,997,996,1790073056585.994,31.657158
d1f37ed1,998,997,1790073056631.804,45.809667
d1f37ed1,999,998,1790073056686.288,54.484079
d1f37ed1,1000,999,1790073056712.287,25.999096
d1f37ed1,1001,1000,1790073056754.404,42.116501
d1f37ed1,1002,1001,1790073056794.717,40.312687
d1f37ed1,1003,1002,1790073056829.884,35.16724
d1f37ed1,1004,1003,1790073056876.525,46.641415
d1f37ed1,1005,1004,1790073056915.035,38.509763
d1f37ed1,1006,1005,1790073056966.071,51.035583
d1f37ed1,1007,1006,1790073056993.469,27.398165
d1f37ed1,1008,1007,1790073057036.726,43.257248
d1f37ed1,1009,1008,1790073057074.882,38.156241
d1f37ed1,1010,1009,1790073057116.636,41.754427
d1f37ed1,1011,1010,1790073057156.363,39.726479
d1f37ed1,1012,1011,1790073057190.565,34.202339
d1f37ed1,1013,1012,1790073057243.065,52.499632
d1f37ed1,1014,1013,1790073057273.086,30.021045
d1f37ed1,1015,1014,1790073057317.247,44.161075
d1f37ed1,1016,1015,1790073057354.25,37.002411
d1f37ed1,1017,1016,1790073057400.25,45.999986
d1f37ed1,1018,1017,1790073057436.331,36.081262
d1f37ed1,1019,1018,1790073057473.328,36.99699
d1f37ed1,1020,1019,1790073057510.085,36.757655
d1f37ed1,1021,1020,1790073057557.214,47.128523
d1f37ed1,1022,1021,1790073057591.281,34.066801
d1f37ed1,1023,1022,1790073057643.282,52.001835
d1f37ed1,1024,1023,1790073057678.344,35.060958
d1f37ed1,1025,1024,1790073057679.46,1.116589
d1f37ed1,1026,1025,1790073057680.501,1.040969
d1f37ed1,1027,1026,1790073057683.687,3.185506
d1f37ed1,1028,1027,1790073057686.438,2.751518
d1f37ed1,1029,1028,1790073057689.64,3.201412
d1f37ed1,1030,1029,1790073057754.897,65.257424
d1f37ed1,1031,1030,1790073058037.315,282.41855
d1f37ed1,1032,1031,1790073058065.564,28.248502
d1f37ed1,1033,1032,1790073058109.888,44.324144
d1f37ed1,1034,1033,1790073058149.749,39.861058
d1f37ed1,1035,1034,1790073058198.711,48.961779
d1f37ed1,1036,1035,1790073058234.171,35.460018
d1f37ed1,1037,1036,1790073058265.05,30.879182
d1f37ed1,1038,1037,1790073058318.144,53.093449
d1f37ed1,1039,1038,1790073058349.556,31.412534
d1f37ed1,1040,1039,1790073058398.765,49.208435
d1f37ed1,1041,1040,1790073058435.233,36.468785
d1f37ed1,1042,1041,1790073058477.304,42.070886
d1f37ed1,1043,1042,1790073058513.709,36.404815
d1f37ed1,1044,1043,1790073058549.558,35.849072
d1f37ed1,1045,1044,1790073058590.761,41.203304
d1f37ed1,1046,1045,1790073058630.414,39.652499
d1f37ed1,1047,1046,1790073058679.139,48.725505
d1f37ed1,1048,1047,1790073058709.841,30.701536
d1f37ed1,1049,1048,1790073058755.858,46.017289
d1f37ed1,1050,1049,1790073058793.251,37.392545
d1f37ed1,1051,1050,1790073058845.89,52.639468
d1f37ed1,1052,1051,1790073058881.793,35.902835
d1f37ed1,1053,1052,1790073058915.279,33.485446
d1f37ed1,1054,1053,1790073058949.26,33.981202
d1f37ed1,1055,1054,1790073058991.701,42.441107
d1f37ed1,1056,1055,1790073059032.747,41.046204
d1f37ed1,1057,1056,1790073059074.44,41.693215
d1f37ed1,1058,1057,1790073059113.961,39.521218
d1f37ed1,1059,1058,1790073059157.971,44.009325
d1f37ed1,1060,1059,1790073059194.875,36.903593
d1f37ed1,1061,1060,1790073059228.857,33.982994
d1f37ed1,1062,1061,1790073059274.35,45.492923
d1f37ed1,1063,1062,1790073059314.663,40.312327
d1f37ed1,1064,1063,1790073059365.438,50.77571
d1f37ed1,1065,1064,1790073059393.626,28.187377
d1f37ed1,1066,1065,1790073059429.886,36.260701
d1f37ed1,1067,1066,1790073059477.87,47.98363
d1f37ed1,1068,1067,1790073059521.402,43.532032
d1f37ed1,1069,1068,1790073059553.872,32.469671
d1f37ed1,1070,1069,1790073059597.396,43.524023
d1f37ed1,1071,1070,1790073059632.57,35.174486
d1f37ed1,1072,1071,1790073059671.722,39.151481
d1f37ed1,1073,1072,1790073059673.559,1.837638
d1f37ed1,1074,1073,1790073059674.558,0.998514
d1f37ed1,1075,1074,1790073059676.846,2.288287
d1f37ed1,1076,1075,1790073059680.046,3.199738
d1f37ed1,1077,1076,1790073059681.636,1.590216
d1f37ed1,1078,1077,1790073059754.738,73.101541
d1f37ed1,1079,1078,1790073060027.279,272.54136
d1f37ed1,1080,1079,1790073060070.05,42.771026
d1f37ed1,1081,1080,1790073060119.393,49.342568
d1f37ed1,1082,1081,1790073060153.478,34.085403
d1f37ed1,1083,1082,1790073060193.547,40.068737
d1f37ed1,1084,1083,1790073060236.675,43.127973
d1f37ed1,1085,1084,1790073060272.609,35.934046
d1f37ed1,1086,1085,1790073060308.665,36.056109
d1f37ed1,1087,1086,1790073060355.887,47.221953
d1f37ed1,1088,1087,1790073060402.418,46.530982
d1f37ed1,1089,1088,1790073060432.178,29.759961
d1f37ed1,1090,1089,1790073060474.289,42.111226
d1f37ed1,1091,1090,1790073060516.203,41.91376
d1f37ed1,1092,1091,1790073060549.803,33.600076
d1f37ed1,1093,1092,1790073060594.34,44.536944
d1f37ed1,1094,1093,1790073060635.833,41.49312
d1f37ed1,1095,1094,1790073060675.847,40.013729
d1f37ed1,1096,1095,1790073060714.825,38.978232
d1f37ed1,1097,1096,1790073060755.267,40.442429
d1f37ed1,1098,1097,1790073060786.685,31.417673
d1f37ed1,1099,1098,1790073060829.04,42.354882
d1f37ed1,1100,1099,1790073060873.898,44.858033
d1f37ed1,1101,1100,1790073060917.023,43.125334
d1f37ed1,1102,1101,1790073060955.511,38.487453
d1f37ed1,1103,1102,1790073060994.265,38.754475
d1f37ed1,1104,1103,1790073061033.538,39.272786
d1f37ed1,1105,1104,1790073061073.765,40.2272
d1f37ed1,1106,1105,1790073061118.036,44.271262
d1f37ed1,1107,1106,1790073061156.904,38.867178
d1f37ed1,1108,1107,1790073061189.134,32.229806
d1f37ed1,1109,1108,1790073061234.611,45.477096
d1f37ed1,1110,1109,1790073061276.826,42.215953
d1f37ed1,1111,1110,1790073061310.052,33.225558
d1f37ed1,1112,1111,1790073061352.21,42.157633
d1f37ed1,1113,1112,1790073061397.061,44.850867
d1f37ed1,1114,1113,1790073061435.849,38.788587
d1f37ed1,1115,1114,1790073061473.662,37.813
d1f37ed1,1116,1115,1790073061514.196,40.534198
d1f37ed1,1117,1116,1790073061560.025,45.829143
d1f37ed1,1118,1117,1790073061596.28,36.254892
d1f37ed1,1119,1118,1790073061634.606,38.326041
d1f37ed1,1120,1119,1790073061677.674,43.067869
d1f37ed1,1121,1120,1790073061679.041,1.366406
d1f37ed1,1122,1121,1790073061680.505,1.463944
d1f37ed1,1123,1122,1790073061682.093,1.588562
d1f37ed1,1124,1123,1790073061683.681,1.587847
d1f37ed1,1125,1124,1790073061686.321,2.639918
d1f37ed1,1126,1125,1790073061752.217,65.896013
d1f37ed1,1127,1126,1790073062042.524,290.306934
d1f37ed1,1128,1127,1790073062081.98,39.455845
d1f37ed1,1129,1128,1790073062114.772,32.791966
d1f37ed1,1130,1129,1790073062167.425,52.653338
d1f37ed1,1131,1130,1790073062190.664,23.238445
d1f37ed1,1132,1131,1790073062233.112,42.448075
d1f37ed1,1133,1132,1790073062277.054,43.942215
d1f37ed1,1134,1133,1790073062321.944,44.890119
d1f37ed1,1135,1134,1790073062353.96,32.015943
d1f37ed1,1136,1135,1790073062399.586,45.625797
d1f37ed1,1137,1136,1790073062438.561,38.975491
d1f37ed1,1138,1137,1790073062473.265,34.703823
d1f37ed1,1139,1138,1790073062511.702,38.436948
d1f37ed1,1140,1139,1790073062555.038,43.336399
d1f37ed1,1141,1140,1790073062587.271,32.233008
d1f37ed1,1142,1141,1790073062629.644,42.372885
d1f37ed1,1143,1142,1790073062673.719,44.074849
d1f37ed1,1144,1143,1790073062717.152,43.432661
d1f37ed1,1145,1144,1790073062755.105,37.953363
d1f37ed1,1146,1145,1790073062805.213,50.10797
d1f37ed1,1147,1146,1790073062828.506,23.292539
d1f37ed1,1148,1147,1790073062873.111,44.604955
d1f37ed1,1149,1148,1790073062923.711,50.600979
d1f37ed1,1150,1149,1790073062953.211,29.499051
d1f37ed1,1151,1150,1790073062997.041,43.830233
d1f37ed1,1152,1151,1790073063035.305,38.264533
d1f37ed1,1153,1152,1790073063075.803,40.497783
d1f37ed1,1154,1153,1790073063113.661,37.85797
d1f37ed1,1155,1154,1790073063152.072,38.410617
d1f37ed1,1156,1155,1790073063188.767,36.695678
d1f37ed1,1157,1156,1790073063239.235,50.468004
d1f37ed1,1158,1157,1790073063277.137,37.901456
d1f37ed1,1159,1158,1790073063309.937,32.799764
d1f37ed1,1160,1159,1790073063352.31,42.373659
d1f37ed1,1161,1160,1790073063394.096,41.785377
d1f37ed1,1162,1161,1790073063444.29,50.19465
d1f37ed1,1163,1162,1790073063483.604,39.314101
d1f37ed1,1164,1163,1790073063511.138,27.533895
d1f37ed1,1165,1164,1790073063561.251,50.113047
d1f37ed1,1166,1165,1790073063610.201,48.949314
d1f37ed1,1167,1166,1790073063631.587,21.385908
d1f37ed1,1168,1167,1790073063676.859,45.272565
d1f37ed1,1169,1168,1790073063678.011,1.152281
d1f37ed1,1170,1169,1790073063678.941,0.929878
d1f37ed1,1171,1170,1790073063680.377,1.43597
d1f37ed1,1172,1171,1790073063683.356,2.978494
d1f37ed1,1173,1172,1790073063756.619,73.262867
d1f37ed1,1174,1173,1790073064039.624,283.005211
d1f37ed1,1175,1174,1790073064081.621,41.99722
d1f37ed1,1176,1175,1790073064113.3,31.679037
d1f37ed1,1177,1176,1790073064159.428,46.127987
d1f37ed1,1178,1177,1790073064198.265,38.837081
d1f37ed1,1179,1178,1790073064244.22,45.955351
d1f37ed1,1180,1179,1790073064281.287,37.066283
d1f37ed1,1181,1180,1790073064311.569,30.281792
d1f37ed1,1182,1181,1790073064362.316,50.747325
d1f37ed1,1183,1182,1790073064396.559,34.243363
d1f37ed1,1184,1183,1790073064438.085,41.525461
d1f37ed1,1185,1184,1790073064474.825,36.740337
d1f37ed1,1186,1185,1790073064515.84,41.014587
d1f37ed1,1187,1186,1790073064559.219,43.378845
d1f37ed1,1188,1187,1790073064594.898,35.679096
d1f37ed1,1189,1188,1790073064631.639,36.741631
d1f37ed1,1190,1189,1790073064672.648,41.00844
d1f37ed1,1191,1190,1790073064717.72,45.072465
d1f37ed1,1192,1191,1790073064753.644,35.923738
d1f37ed1,1193,1192,1790073064798.361,44.716873
d1f37ed1,1194,1193,1790073064835.78,37.419572
d1f37ed1,1195,1194,1790073064869.054,33.273925
d1f37ed1,1196,1195,1790073064912.872,43.817403
d1f37ed1,1197,1196,1790073064949.226,36.354326
d1f37ed1,1198,1197,1790073064994.343,45.117098
d1f37ed1,1199,1198,1790073065036.312,41.969302
d1f37ed1,1200,1199,1790073065074.955,38.642291
d1f37ed1,1201,1200,1790073065111.453,36.498345
d1f37ed1,1202,1201,1790073065151.313,39.860568
d1f37ed1,1203,1202,1790073065193.123,41.808987
d1f37ed1,1204,1203,1790073065233.892,40.769183
d1f37ed1,1205,1204,1790073065275.179,41.287693
d1f37ed1,1206,1205,1790073065322.841,47.661294
d1f37ed1,1207,1206,1790073065350.171,27.330553
d1f37ed1,1208,1207,1790073065396.057,45.885313
d1f37ed1,1209,1208,1790073065434.093,38.036241
d1f37ed1,1210,1209,1790073065473.96,39.867183
d1f37ed1,1211,1210,1790073065517.546,43.585953
d1f37ed1,1212,1211,1790073065557.032,39.486392
d1f37ed1,1213,1212,1790073065587.454,30.421259
d1f37ed1,1214,1213,1790073065639.708,52.254831
d1f37ed1,1215,1214,1790073065671.915,32.206541
d1f37ed1,1216,1215,1790073065673.989,2.073633
d1f37ed1,1217,1216,1790073065674.61,0.621526
d1f37ed1,1218,1217,1790073065675.66,1.050136
d1f37ed1,1219,1218,1790073065680.046,4.386031
d1f37ed1,1220,1219,1790073065752.23,72.184069
d1f37ed1,1221,1220,1790073066028.628,276.397505
d1f37ed1,1222,1221,1790073066080.086,51.457803
d1f37ed1,1223,1222,1790073066114.747,34.661365
d1f37ed1,1224,1223,1790073066155.607,40.860123
d1f37ed1,1225,1224,1790073066200.598,44.990574
d1f37ed1,1226,1225,1790073066249.459,48.861037
d1f37ed1,1227,1226,1790073066277.501,28.0424
d1f37ed1,1228,1227,1790073066318.115,40.613723
d1f37ed1,1229,1228,1790073066351.359,33.244338
d1f37ed1,1230,1229,1790073066400.872,49.51227
d1f37ed1,1231,1230,1790073066432.025,31.153005
d1f37ed1,1232,1231,1790073066481.428,49.4033
d1f37ed1,1233,1232,1790073066515.688,34.259574
d1f37ed1,1234,1233,1790073066559.519,43.831647
d1f37ed1,1235,1234,1790073066588.678,29.158895
d1f37ed1,1236,1235,1790073066633.033,44.354812
d1f37ed1,1237,1236,1790073066676.979,43.945999
d1f37ed1,1238,1237,1790073066714.677,37.698698
d1f37ed1,1239,1238,1790073066755.613,40.935174
d1f37ed1,1240,1239,1790073066792.252,36.639902
d1f37ed1,1241,1240,1790073066846.686,54.4329
d1f37ed1,1242,1241,1790073066870.207,23.521112
d1f37ed1,1243,1242,1790073066920.847,50.640567
d1f37ed1,1244,1243,1790073066952.829,31.982344
d1f37ed1,1245,1244,1790073066995.01,42.180663
d1f37ed1,1246,1245,1790073067034.175,39.164342
d1f37ed1,1247,1246,1790073067074.958,40.783624
d1f37ed1,1248,1247,1790073067108.689,33.730625
d1f37ed1,1249,1248,1790073067161.511,52.822596
d1f37ed1,1250,1249,1790073067193.292,31.78048
d1f37ed1,1251,1250,1790073067237.637,44.345514
d1f37ed1,1252,1251,1790073067291.247,53.609361
d1f37ed1,1253,1252,1790073067325.221,33.974825
d1f37ed1,1254,1253,1790073067354.869,29.647591
d1f37ed1,1255,1254,1790073067395.267,40.39795
d1f37ed1,1256,1255,1790073067438.41,43.143421
d1f37ed1,1257,1256,1790073067482.513,44.102506
d1f37ed1,1258,1257,1790073067513.768,31.255243
d1f37ed1,1259,1258,1790073067554.271,40.502253
d1f37ed1,1260,1259,1790073067607.956,53.685719
d1f37ed1,1261,1260,1790073067642.768,34.811629
d1f37ed1,1262,1261,1790073067671.382,28.61404
d1f37ed1,1263,1262,1790073067672.853,1.471403
d1f37ed1,1264,1263,1790073067674.103,1.250014
d1f37ed1,1265,1264,1790073067752.892,78.788286
d1f37ed1,1266,1265,1790073068037.361,284.469335
d1f37ed1,1267,1266,1790073068075.233,37.872615
d1f37ed1,1268,1267,1790073068119.907,44.673732
d1f37ed1,1269,1268,1790073068157.098,37.190379
d1f37ed1,1270,1269,1790073068206.791,49.692858
d1f37ed1,1271,1270,1790073068238.816,32.025387
d1f37ed1,1272,1271,1790073068275.356,36.540053
d1f37ed1,1273,1272,1790073068315.086,39.730216
d1f37ed1,1274,1273,1790073068347.42,32.33431
d1f37ed1,1275,1274,1790073068400.769,53.34885
d1f37ed1,1276,1275,1790073068442.319,41.54981
d1f37ed1,1277,1276,1790073068471.719,29.400128
d1f37ed1,1278,1277,1790073068525.207,53.487664
d1f37ed1,1279,1278,1790073068555.829,30.622288
d1f37ed1,1280,1279,1790073068602.8,46.970644
d1f37ed1,1281,1280,1790073068637.554,34.754337
d1f37ed1,1282,1281,1790073068677.154,39.599696
d1f37ed1,1283,1282,1790073068711.719,34.565087
d1f37ed1,1284,1283,1790073068752.017,40.298462
d1f37ed1,1285,1284,1790073068791.659,39.641434
d1f37ed1,1286,1285,1790073068833.511,41.85189
d1f37ed1,1287,1286,1790073068875.875,42.364145
d1f37ed1,1288,1287,1790073068915.236,39.360671
d1f37ed1,1289,1288,1790073068958.356,43.120236
d1f37ed1,1290,1289,1790073068997.972,39.616084
d1f37ed1,1291,1290,1790073069031.802,33.829876
d1f37ed1,1292,1291,1790073069071.873,40.071161
d1f37ed1,1293,1292,1790073069129.933,58.060363
d1f37ed1,1294,1293,1790073069158.874,28.940777
d1f37ed1,1295,1294,1790073069195.068,36.194146
d1f37ed1,1296,1295,1790073069229.166,34.097646
d1f37ed1,1297,1296,1790073069282.409,53.243331
d1f37ed1,1298,1297,1790073069315.155,32.745741
d1f37ed1,1299,1298,1790073069354.392,39.236996
d1f37ed1,1300,1299,1790073069405.502,51.110347
d1f37ed1,1301,1300,1790073069443.398,37.896278
d1f37ed1,1302,1301,1790073069474.634,31.235218
d1f37ed1,1303,1302,1790073069508.493,33.859074
d1f37ed1,1304,1303,1790073069553.893,45.399793
d1f37ed1,1305,1304,1790073069594.142,40.249351
d1f37ed1,1306,1305,1790073069632.907,38.765097
d1f37ed1,1307,1306,1790073069674.056,41.148585
d1f37ed1,1308,1307,1790073069675.148,1.092405
d1f37ed1,1309,1308,1790073069676.088,0.939722
d1f37ed1,1310,1309,1790073069681.712,5.624154
d1f37ed1,1311,1310,1790073069684.094,2.381974
d1f37ed1,1312,1311,1790073069688.663,4.569487
d1f37ed1,1313,1312,1790073069750.555,61.891905
d1f37ed1,1314,1313,1790073070030.771,280.216022
d1f37ed1,1315,1314,1790073070073.014,42.242436
d1f37ed1,1316,1315,1790073070119.959,46.945406
d1f37ed1,1317,1316,1790073070148.414,28.455273
d1f37ed1,1318,1317,1790073070189.972,41.557533
d1f37ed1,1319,1318,1790073070230.69,40.718177
d1f37ed1,1320,1319,1790073070340.107,109.416824
d1f37ed1,1321,1320,1790073070345.499,5.392203
d1f37ed1,1322,1321,1790073070355.87,10.37124
d1f37ed1,1323,1322,1790073070394.061,38.190631
d1f37ed1,1324,1323,1790073070434.458,40.39743
d1f37ed1,1325,1324,1790073070466.129,31.670321
d1f37ed1,1326,1325,1790073070523.852,57.722858
d1f37ed1,1327,1326,1790073070551.084,27.232152
d1f37ed1,1328,1327,1790073070593.844,42.760007
d1f37ed1,1329,1328,1790073070633.396,39.552488
d1f37ed1,1330,1329,1790073070676.415,43.018684
d1f37ed1,1331,1330,1790073070708.172,31.756637
d1f37ed1,1332,1331,1790073070758.869,50.697373
d1f37ed1,1333,1332,1790073070792.221,33.352379
d1f37ed1,1334,1333,1790073070832.771,40.550127
d1f37ed1,1335,1334,1790073070875.145,42.373161
d1f37ed1,1336,1335,1790073070907.17,32.025363
d1f37ed1,1337,1336,1790073070948.923,41.752918
d1f37ed1,1338,1337,1790073070996.766,47.84298
d1f37ed1,1339,1338,1790073071030.544,33.778599
d1f37ed1,1340,1339,1790073071072.586,42.041426
d1f37ed1,1341,1340,1790073071112.876,40.2898
d1f37ed1,1342,1341,1790073071154.977,42.101338
d1f37ed1,1343,1342,1790073071200.816,45.838687
d1f37ed1,1344,1343,1790073071235.651,34.835699
d1f37ed1,1345,1344,1790073071271.948,36.296297
d1f37ed1,1346,1345,1790073071309.914,37.966117
d1f37ed1,1347,1346,1790073071351.203,41.289592
d1f37ed1,1348,1347,1790073071385.406,34.20292
d1f37ed1,1349,1348,1790073071429.508,44.101225
d1f37ed1,1350,1349,1790073071470.77,41.262032
d1f37ed1,1351,1350,1790073071515.466,44.696502
d1f37ed1,1352,1351,1790073071558.318,42.851847
d1f37ed1,1353,1352,1790073071593.248,34.929884
d1f37ed1,1354,1353,1790073071632.592,39.34369
d1f37ed1,1355,1354,1790073071683.604,51.012432
d1f37ed1,1356,1355,1790073071684.905,1.301009
d1f37ed1,1357,1356,1790073071686.51,1.605585
d1f37ed1,1358,1357,1790073071689.363,2.852118
d1f37ed1,1359,1358,1790073071692.137,2.774036
d1f37ed1,1360,1359,1790073071695.248,3.111624
d1f37ed1,1361,1360,1790073071751.864,56.615539
d1f37ed1,1362,1361,1790073072032.185,280.321505
d1f37ed1,1363,1362,1790073072076.575,44.389882
d1f37ed1,1364,1363,1790073072113.495,36.919659
d1f37ed1,1365,1364,1790073072160.049,46.554271
d1f37ed1,1366,1365,1790073072194.419,34.369388
d1f37ed1,1367,1366,1790073072227.537,33.118371
d1f37ed1,1368,1367,1790073072268.339,40.802064
d1f37ed1,1369,1368,1790073072320.005,51.665474
d1f37ed1,1370,1369,1790073072352.023,32.018259
d1f37ed1,1371,1370,1790073072392.386,40.363676
d1f37ed1,1372,1371,1790073072439.035,46.648559
d1f37ed1,1373,1372,1790073072471.957,32.922371
d1f37ed1,1374,1373,1790073072516.142,44.184128
d1f37ed1,1375,1374,1790073072556.585,40.443105
d1f37ed1,1376,1375,1790073072595.755,39.170212
d1f37ed1,1377,1376,1790073072628.886,33.131344
d1f37ed1,1378,1377,1790073072673.786,44.899387
d1f37ed1,1379,1378,1790073072711.728,37.941897
d1f37ed1,1380,1379,1790073072755.955,44.227141
d1f37ed1,1381,1380,1790073072805.282,49.327231
d1f37ed1,1382,1381,1790073072839.319,34.036843
d1f37ed1,1383,1382,1790073072869.299,29.980689
d1f37ed1,1384,1383,1790073072909.499,40.199985
d1f37ed1,1385,1384,1790073072951.783,42.283402
d1f37ed1,1386,1385,1790073072994.735,42.952186
d1f37ed1,1387,1386,1790073073032.47,37.734672
d1f37ed1,1388,1387,1790073073074.688,42.218722
d1f37ed1,1389,1388,1790073073108.934,34.245429
d1f37ed1,1390,1389,1790073073151.673,42.738932
d1f37ed1,1391,1390,1790073073192.817,41.143952
d1f37ed1,1392,1391,1790073073233.804,40.987757
d1f37ed1,1393,1392,1790073073285.01,51.205155
d1f37ed1,1394,1393,1790073073318.468,33.457936
d1f37ed1,1395,1394,1790073073354.583,36.115279
d1f37ed1,1396,1395,1790073073395.996,41.413274
d1f37ed1,1397,1396,1790073073445.124,49.128155
d1f37ed1,1398,1397,1790073073466.09,20.965298
d1f37ed1,1399,1398,1790073073523.738,57.648299
d1f37ed1,1400,1399,1790073073551.28,27.542468
d1f37ed1,1401,1400,1790073073591.702,40.421475
d1f37ed1,1402,1401,1790073073640.506,48.804622
d1f37ed1,1403,1402,1790073073679.717,39.210244
d1f37ed1,1404,1403,1790073073681.25,1.533564
d1f37ed1,1405,1404,1790073073682.432,1.182264
d1f37ed1,1406,1405,1790073073685.446,3.013004
d1f37ed1,1407,1406,1790073073688.698,3.252181
d1f37ed1,1408,1407,1790073073700.08,11.382527
d1f37ed1,1409,1408,1790073073756.706,56.626076
d1f37ed1,1410,1409,1790073074045.115,288.409219
d1f37ed1,1411,1410,1790073074076.696,31.580586
d1f37ed1,1412,1411,1790073074120.687,43.990494
d1f37ed1,1413,1412,1790073074149.679,28.993026
d1f37ed1,1414,1413,1790073074191.973,42.293812
d1f37ed1,1415,1414,1790073074243.987,52.013162
d1f37ed1,1416,1415,1790073074275.149,31.162336
d1f37ed1,1417,1416,1790073074312.199,37.050383
d1f37ed1,1418,1417,1790073074351.899,39.699544
d1f37ed1,1419,1418,1790073074395.5,43.601516
d1f37ed1,1420,1419,1790073074429.52,34.019446
d1f37ed1,1421,1420,1790073074471.107,41.587065
d1f37ed1,1422,1421,1790073074514.194,43.087589
d1f37ed1,1423,1422,1790073074553.756,39.561328
d1f37ed1,1424,1423,1790073074595.853,42.097229
d1f37ed1,1425,1424,1790073074630.227,34.373536
d1f37ed1,1426,1425,1790073074671.412,41.185799
d1f37ed1,1427,1426,1790073074713.347,41.934272
d1f37ed1,1428,1427,1790073074754.966,41.619262
d1f37ed1,1429,1428,1790073074796.782,41.816421
d1f37ed1,1430,1429,1790073074840.469,43.686839
d1f37ed1,1431,1430,1790073074878.637,38.168322
d1f37ed1,1432,1431,1790073074916.08,37.442879
d1f37ed1,1433,1432,1790073074953.975,37.894489
d1f37ed1,1434,1433,1790073074991.264,37.289097
d1f37ed1,1435,1434,1790073075030.581,39.31748
d1f37ed1,1436,1435,1790073075071.356,40.77448
d1f37ed1,1437,1436,1790073075111.841,40.484742
d1f37ed1,1438,1437,1790073075161.21,49.369157
d1f37ed1,1439,1438,1790073075199.611,38.401166
d1f37ed1,1440,1439,1790073075242.628,43.016913
d1f37ed1,1441,1440,1790073075276.157,33.529265
d1f37ed1,1442,1441,1790073075308.711,32.554135
d1f37ed1,1443,1442,1790073075352.091,43.379355
d1f37ed1,1444,1443,1790073075392.661,40.570454
d1f37ed1,1445,1444,1790073075427.54,34.879064
d1f37ed1,1446,1445,1790073075468.806,41.265679
d1f37ed1,1447,1446,1790073075520.805,51.999528
d1f37ed1,1448,1447,1790073075561.138,40.332594
d1f37ed1,1449,1448,1790073075600.548,39.409815
d1f37ed1,1450,1449,1790073075627.864,27.316431
d1f37ed1,1451,1450,1790073075674.66,46.795765
d1f37ed1,1452,1451,1790073075675.843,1.183311
d1f37ed1,1453,1452,1790073075676.621,0.777569
d1f37ed1,1454,1453,1790073075679.103,2.481645
d1f37ed1,1455,1454,1790073075680.339,1.236889
d1f37ed1,1456,1455,1790073075681.401,1.06209
d1f37ed1,1457,1456,1790073075747.589,66.188059
d1f37ed1,1458,1457,1790073076027.475,279.885229
d1f37ed1,1459,1458,1790073076068.977,41.501889
d1f37ed1,1460,1459,1790073076111.521,42.544084
d1f37ed1,1461,1460,1790073076153.023,41.501983
d1f37ed1,1462,1461,1790073076200.668,47.645647
d1f37ed1,1463,1462,1790073076234.161,33.492673
d1f37ed1,1464,1463,1790073076271.376,37.215218
d1f37ed1,1465,1464,1790073076309.385,38.009253
d1f37ed1,1466,1465,1790073076348.669,39.28341
d1f37ed1,1467,1466,1790073076393.78,45.110744
d1f37ed1,1468,1467,1790073076435.148,41.368063
d1f37ed1,1469,1468,1790073076474.919,39.77093
d1f37ed1,1470,1469,1790073076508.396,33.477949
d1f37ed1,1471,1470,1790073076550.274,41.87719
d1f37ed1,1472,1471,1790073076590.56,40.286447
d1f37ed1,1473,1472,1790073076633.627,43.066905
d1f37ed1,1474,1473,1790073076674.284,40.656674
d1f37ed1,1475,1474,1790073076720.43,46.146665
d1f37ed1,1476,1475,1790073076749.737,29.306232
d1f37ed1,1477,1476,1790073076794.197,44.460671
d1f37ed1,1478,1477,1790073076834.436,40.23845
d1f37ed1,1479,1478,1790073076873.122,38.685709
d1f37ed1,1480,1479,1790073076910.106,36.984467
d1f37ed1,1481,1480,1790073076951.692,41.586098
d1f37ed1,1482,1481,1790073076993.668,41.975626
d1f37ed1,1483,1482,1790073077027.395,33.727595
d1f37ed1,1484,1483,1790073077068.764,41.368476
d1f37ed1,1485,1484,1790073077119.579,50.815706
d1f37ed1,1486,1485,1790073077147.832,28.252155
d1f37ed1,1487,1486,1790073077192.764,44.932866
d1f37ed1,1488,1487,1790073077234.447,41.681954
d1f37ed1,1489,1488,1790073077284.051,49.604322
d1f37ed1,1490,1489,1790073077305.649,21.597882
d1f37ed1,1491,1490,1790073077357.245,51.596314
d1f37ed1,1492,1491,1790073077395.21,37.965356
d1f37ed1,1493,1492,1790073077434.39,39.179756
d1f37ed1,1494,1493,1790073077479.334,44.944175
d1f37ed1,1495,1494,1790073077514.972,35.637981
d1f37ed1,1496,1495,1790073077560.452,45.479886
d1f37ed1,1497,1496,1790073077592.529,32.076387
d1f37ed1,1498,1497,1790073077633.517,40.988471
d1f37ed1,1499,1498,1790073077683.074,49.556814
d1f37ed1,1500,1499,1790073077685.748,2.674021
d1f37ed1,1501,1500,1790073077688.78,3.03182
d1f37ed1,1502,1501,1790073077691.512,2.732046
d1f37ed1,1503,1502,1790073077693.844,2.33293
d1f37ed1,1504,1503,1790073077695.221,1.376649
d1f37ed1,1505,1504,1790073077762.016,66.795146
d1f37ed1,1506,1505,1790073078029.653,267.636932
d1f37ed1,1507,1506,1790073078076.475,46.821519
d1f37ed1,1508,1507,1790073078111.574,35.098978
d1f37ed1,1509,1508,1790073078160.812,49.238757
d1f37ed1,1510,1509,1790073078189.708,28.895852
d1f37ed1,1511,1510,1790073078249.435,59.726382
d1f37ed1,1512,1511,1790073078277.465,28.030623
d1f37ed1,1513,1512,1790073078317.178,39.712966
d1f37ed1,1514,1513,1790073078354.673,37.494699
d1f37ed1,1515,1514,1790073078396.615,41.942226
d1f37ed1,1516,1515,1790073078439.465,42.849223
d1f37ed1,1517,1516,1790073078477.604,38.13985
d1f37ed1,1518,1517,1790073078510.139,32.534777
d1f37ed1,1519,1518,1790073078556.019,45.879302
d1f37ed1,1520,1519,1790073078600.1,44.081165
d1f37ed1,1521,1520,1790073078633.819,33.719307
d1f37ed1,1522,1521,1790073078681.057,47.238137
d1f37ed1,1523,1522,1790073078710.481,29.423576
d1f37ed1,1524,1523,1790073078758.527,48.046548
d1f37ed1,1525,1524,1790073078794.031,35.504263
d1f37ed1,1526,1525,1790073078833.835,39.803485
d1f37ed1,1527,1526,1790073078882.467,48.632128
d1f37ed1,1528,1527,1790073078907.115,24.647537
d1f37ed1,1529,1528,1790073078950.145,43.030193
d1f37ed1,1530,1529,1790073078994.968,44.823052
d1f37ed1,1531,1530,1790073079037.403,42.434821
d1f37ed1,1532,1531,1790073079074.272,36.868952
d1f37ed1,1533,1532,1790073079114.319,40.047174
d1f37ed1,1534,1533,1790073079158.829,44.509878
d1f37ed1,1535,1534,1790073079194.038,35.209459
d1f37ed1,1536,1535,1790073079234.44,40.401501
d1f37ed1,1537,1536,1790073079276.447,42.006914
d1f37ed1,1538,1537,1790073079313.291,36.844712
d1f37ed1,1539,1538,1790073079351.309,38.017554
d1f37ed1,1540,1539,1790073079394.002,42.693074
d1f37ed1,1541,1540,1790073079433.896,39.894127
d1f37ed1,1542,1541,1790073079482.235,48.338704
d1f37ed1,1543,1542,1790073079516.404,34.168902
d1f37ed1,1544,1543,1790073079570.496,54.092503
d1f37ed1,1545,1544,1790073079594.102,23.605824
d1f37ed1,1546,1545,1790073079627.196,33.094294
d1f37ed1,1547,1546,1790073079682.707,55.510234
d1f37ed1,1548,1547,1790073079684.312,1.606144
d1f37ed1,1549,1548,1790073079687.213,2.900618
d1f37ed1,1550,1549,1790073079690.144,2.930323
d1f37ed1,1551,1550,1790073079693.216,3.072009
d1f37ed1,1552,1551,1790073079695.455,2.239003
d1f37ed1,1553,1552,1790073079756.579,61.124565
d1f37ed1,1554,1553,1790073080028.584,272.004664
d1f37ed1,1555,1554,1790073080078.098,49.514494
d1f37ed1,1556,1555,1790073080113.902,35.803757
d1f37ed1,1557,1556,1790073080155.537,41.635277
d1f37ed1,1558,1557,1790073080193.97,38.432473
d1f37ed1,1559,1558,1790073080241.341,47.370732
d1f37ed1,1560,1559,1790073080266.822,25.481597
d1f37ed1,1561,1560,1790073080309.452,42.629963
d1f37ed1,1562,1561,1790073080356.982,47.530442
d1f37ed1,1563,1562,1790073080392.979,35.996015
d1f37ed1,1564,1563,1790073080434.05,41.071567
d1f37ed1,1565,1564,1790073080477.885,43.835293
d1f37ed1,1566,1565,1790073080508.788,30.90232
d1f37ed1,1567,1566,1790073080553.012,44.224592
d1f37ed1,1568,1567,1790073080594.603,41.590931
d1f37ed1,1569,1568,1790073080641.512,46.908484
d1f37ed1,1570,1569,1790073080681.799,40.287264
d1f37ed1,1571,1570,1790073080722.514,40.714793
d1f37ed1,1572,1571,1790073080750.225,27.711357
d1f37ed1,1573,1572,1790073080790.796,40.570888
d1f37ed1,1574,1573,1790073080825.353,34.55687
d1f37ed1,1575,1574,1790073080876.749,51.395913
d1f37ed1,1576,1575,1790073080909.484,32.734925
d1f37ed1,1577,1576,1790073080960.814,51.330523
d1f37ed1,1578,1577,1790073080994.512,33.698185
d1f37ed1,1579,1578,1790073081027.648,33.13603
d1f37ed1,1580,1579,1790073081074.008,46.359611
d1f37ed1,1581,1580,1790073081113.229,39.220639
d1f37ed1,1582,1581,1790073081154.051,40.821998
d1f37ed1,1583,1582,1790073081186.62,32.569271
d1f37ed1,1584,1583,1790073081243.042,56.422522
d1f37ed1,1585,1584,1790073081269.626,26.58383
d1f37ed1,1586,1585,1790073081313.379,43.752471
d1f37ed1,1587,1586,1790073081354.66,41.281141
d1f37ed1,1588,1587,1790073081393.438,38.777538
d1f37ed1,1589,1588,1790073081433.36,39.922664
d1f37ed1,1590,1589,1790073081472.846,39.486217
d1f37ed1,1591,1590,1790073081517.951,45.104541
d1f37ed1,1592,1591,1790073081559.098,41.14725
d1f37ed1,1593,1592,1790073081589.751,30.652845
d1f37ed1,1594,1593,1790073081635.667,45.916124
d1f37ed1,1595,1594,1790073081678.426,42.758426
d1f37ed1,1596,1595,1790073081680.992,2.56642
d1f37ed1,1597,1596,1790073081683.906,2.91363
d1f37ed1,1598,1597,1790073081686.388,2.482513
d1f37ed1,1599,1598,1790073081689.518,3.130067
d1f37ed1,1600,1599,1790073081692.423,2.904287
d1f37ed1,1601,1600,1790073081751.454,59.031077
d1f37ed1,1602,1601,1790073082031.069,279.614981
d1f37ed1,1603,1602,1790073082076.508,45.43949
d1f37ed1,1604,1603,1790073082122.409,45.900794
d1f37ed1,1605,1604,1790073082153.805,31.39592
d1f37ed1,1606,1605,1790073082194.114,40.309237
d1f37ed1,1607,1606,1790073082241.382,47.267563
d1f37ed1,1608,1607,1790073082269.679,28.297051
d1f37ed1,1609,1608,1790073082323.228,53.549318
d1f37ed1,1610,1609,1790073082353.225,29.996668
d1f37ed1,1611,1610,1790073082393.438,40.21314
d1f37ed1,1612,1611,1790073082434.618,41.180649
d1f37ed1,1613,1612,1790073082471.983,37.364756
d1f37ed1,1614,1613,1790073082508.786,36.80307
d1f37ed1,1615,1614,1790073082552.661,43.875281
d1f37ed1,1616,1615,1790073082593.21,40.548718
d1f37ed1,1617,1616,1790073082644.127,50.916486
d1f37ed1,1618,1617,1790073082676.849,32.722427
d1f37ed1,1619,1618,1790073082708.524,31.675103
d1f37ed1,1620,1619,1790073082751.134,42.609361
d1f37ed1,1621,1620,1790073082791.486,40.352466
d1f37ed1,1622,1621,1790073082835.879,44.392614
d1f37ed1,1623,1622,1790073082883.553,47.674091
d1f37ed1,1624,1623,1790073082921.02,37.467136
d1f37ed1,1625,1624,1790073082950.042,29.022273
d1f37ed1,1626,1625,1790073083001.591,51.548974
d1f37ed1,1627,1626,1790073083034.194,32.60284
d1f37ed1,1628,1627,1790073083073.178,38.983703
d1f37ed1,1629,1628,1790073083113.451,40.273598
d1f37ed1,1630,1629,1790073083156.326,42.875247
d1f37ed1,1631,1630,1790073083204.447,48.120138
d1f37ed1,1632,1631,1790073083228.19,23.742947
d1f37ed1,1633,1632,1790073083291.733,63.543785
d1f37ed1,1634,1633,1790073083314.124,22.39012
d1f37ed1,1635,1634,1790073083350.306,36.182069
d1f37ed1,1636,1635,1790073083400.738,50.431935
d1f37ed1,1637,1636,1790073083435.762,35.02408
d1f37ed1,1638,1637,1790073083482.635,46.873789
d1f37ed1,1639,1638,1790073083522.089,39.453266
d1f37ed1,1640,1639,1790073083553.149,31.060094
d1f37ed1,1641,1640,1790073083588.35,35.201288
d1f37ed1,1642,1641,1790073083636.811,48.461274
d1f37ed1,1643,1642,1790073083677.939,41.127688
d1f37ed1,1644,1643,1790073083678.898,0.959181
d1f37ed1,1645,1644,1790073083681.596,2.697767
d1f37ed1,1646,1645,1790073083685.16,3.563638
d1f37ed1,1647,1646,1790073083751.9,66.740655
d1f37ed1,1648,1647,1790073084037.562,285.662192
d1f37ed1,1649,1648,1790073084071.83,34.267892
d1f37ed1,1650,1649,1790073084112.693,40.862375
d1f37ed1,1651,1650,1790073084155.432,42.738837
d1f37ed1,1652,1651,1790073084200.102,44.670296
d1f37ed1,1653,1652,1790073084235.632,35.530581
d1f37ed1,1654,1653,1790073084276.44,40.807652
d1f37ed1,1655,1654,1790073084316.452,40.012235
d1f37ed1,1656,1655,1790073084352.287,35.834642
d1f37ed1,1657,1656,1790073084394.592,42.305415
d1f37ed1,1658,1657,1790073084436.193,41.600187
d1f37ed1,1659,1658,1790073084486.06,49.867306
d1f37ed1,1660,1659,1790073084513.603,27.543098
d1f37ed1,1661,1660,1790073084562.044,48.441386
d1f37ed1,1662,1661,1790073084605.603,43.558132
d1f37ed1,1663,1662,1790073084636.293,30.690319
d1f37ed1,1664,1663,1790073084681.824,45.531077
d1f37ed1,1665,1664,1790073084713.08,31.255917
d1f37ed1,1666,1665,1790073084751.395,38.315468
d1f37ed1,1667,1666,1790073084791.893,40.49729
d1f37ed1,1668,1667,1790073084834.135,42.242981
d1f37ed1,1669,1668,1790073084875.215,41.079172
d1f37ed1,1670,1669,1790073084915.656,40.441491
d1f37ed1,1671,1670,1790073084947.266,31.609343
d1f37ed1,1672,1671,1790073084991.107,43.841898
d1f37ed1,1673,1672,1790073085030.233,39.125578
d1f37ed1,1674,1673,1790073085078.209,47.976015
d1f37ed1,1675,1674,1790073085111.927,33.718247
d1f37ed1,1676,1675,1790073085152.926,40.999067
d1f37ed1,1677,1676,1790073085201.883,48.956729
d1f37ed1,1678,1677,1790073085247.671,45.788061
d1f37ed1,1679,1678,1790073085286.89,39.218522
d1f37ed1,1680,1679,1790073085319.374,32.484161
d1f37ed1,1681,1680,1790073085354.071,34.696985
d1f37ed1,1682,1681,1790073085396.706,42.635075
d1f37ed1,1683,1682,1790073085446.841,50.135103
d1f37ed1,1684,1683,1790073085474.536,27.695203
d1f37ed1,1685,1684,1790073085521.195,46.659046
d1f37ed1,1686,1685,1790073085564.469,43.273866
d1f37ed1,1687,1686,1790073085597.076,32.606847
d1f37ed1,1688,1687,1790073085626.343,29.267252
d1f37ed1,1689,1688,1790073085677.049,50.705686
d1f37ed1,1690,1689,1790073085678.686,1.637487
d1f37ed1,1691,1690,1790073085680.46,1.773662
d1f37ed1,1692,1691,1790073085682.716,2.255606
d1f37ed1,1693,1692,1790073085685.819,3.103011
d1f37ed1,1694,1693,1790073085687.443,1.623956
d1f37ed1,1695,1694,1790073085759.524,72.081275
d1f37ed1,1696,1695,1790073086024.731,265.207301
d1f37ed1,1697,1696,1790073086067.628,42.896607
d1f37ed1,1698,1697,1790073086112.574,44.946235
d1f37ed1,1699,1698,1790073086154.911,42.336687
d1f37ed1,1700,1699,1790073086211.386,56.475353
d1f37ed1,1701,1700,1790073086238.936,27.549911
d1f37ed1,1702,1701,1790073086274.32,35.383788
d1f37ed1,1703,1702,1790073086321.515,47.195606
d1f37ed1,1704,1703,1790073086352.091,30.575844
d1f37ed1,1705,1704,1790073086396.65,44.558474
d1f37ed1,1706,1705,1790073086433.841,37.191024
d1f37ed1,1707,1706,1790073086474.208,40.367862
d1f37ed1,1708,1707,1790073086508.399,34.190926
d1f37ed1,1709,1708,1790073086548.863,40.463347
d1f37ed1,1710,1709,1790073086590.771,41.9086
d1f37ed1,1711,1710,1790073086647.259,56.487904
d1f37ed1,1712,1711,1790073086675.525,28.265814
d1f37ed1,1713,1712,1790073086708.625,33.100374
d1f37ed1,1714,1713,1790073086752.518,43.892878
d1f37ed1,1715,1714,1790073086808.639,56.120334
d1f37ed1,1716,1715,1790073086839.56,30.921006
d1f37ed1,1717,1716,1790073086877.026,37.466146
d1f37ed1,1718,1717,1790073086929.117,52.091403
d1f37ed1,1719,1718,1790073086956.226,27.109053
d1f37ed1,1720,1719,1790073086996.52,40.29362
d1f37ed1,1721,1720,1790073087032.229,35.709407
d1f37ed1,1722,1721,1790073087077.713,45.484112
d1f37ed1,1723,1722,1790073087123.206,45.492118
d1f37ed1,1724,1723,1790073087160.472,37.266046
d1f37ed1,1725,1724,1790073087207.783,47.311047
d1f37ed1,1726,1725,1790073087238.974,31.19084
d1f37ed1,1727,1726,1790073087277.013,38.039423
d1f37ed1,1728,1727,1790073087316.648,39.63505
d1f37ed1,1729,1728,1790073087348.316,31.667641
d1f37ed1,1730,1729,1790073087389.979,41.662824
d1f37ed1,1731,1730,1790073087433.26,43.282035
d1f37ed1,1732,1731,1790073087479.995,46.734877
d1f37ed1,1733,1732,1790073087520.176,40.180218
d1f37ed1,1734,1733,1790073087549.222,29.046401
d1f37ed1,1735,1734,1790073087598.158,48.935799
d1f37ed1,1736,1735,1790073087637.561,39.403156
d1f37ed1,1737,1736,1790073087689.378,51.817518
d1f37ed1,1738,1737,1790073087692.275,2.896137
d1f37ed1,1739,1738,1790073087695.13,2.855791
d1f37ed1,1740,1739,1790073087710.283,15.152394
d1f37ed1,1741,1740,1790073087714.694,4.410932
d1f37ed1,1742,1741,1790073087719.562,4.867881
d1f37ed1,1743,1742,1790073087755.647,36.08554
d1f37ed1,1744,1743,1790073088033.907,278.260036
d1f37ed1,1745,1744,1790073088071.157,37.250177
d1f37ed1,1746,1745,1790073088112.224,41.06616
d1f37ed1,1747,1746,1790073088155.282,43.058876
d1f37ed1,1748,1747,1790073088215.287,60.004882
d1f37ed1,1749,1748,1790073088238.382,23.094465
d1f37ed1,1750,1749,1790073088268.807,30.425171
d1f37ed1,1751,1750,1790073088312.087,43.279828
d1f37ed1,1752,1751,1790073088357.163,45.076547
d1f37ed1,1753,1752,1790073088402.062,44.899037
d1f37ed1,1754,1753,1790073088437.476,35.413815
d1f37ed1,1755,1754,1790073088480.245,42.768891
d1f37ed1,1756,1755,1790073088516.042,35.796374
d1f37ed1,1757,1756,1790073088557.916,41.874386
d1f37ed1,1758,1757,1790073088590.275,32.359672
d1f37ed1,1759,1758,1790073088634.958,44.682437
d1f37ed1,1760,1759,1790073088678.476,43.518161
d1f37ed1,1761,1760,1790073088719.801,41.325213
d1f37ed1,1762,1761,1790073088758.032,38.230616
d1f37ed1,1763,1762,1790073088792.962,34.92991
d1f37ed1,1764,1763,1790073088837.606,44.644154
d1f37ed1,1765,1764,1790073088877.894,40.287599
d1f37ed1,1766,1765,1790073088919.327,41.433296
d1f37ed1,1767,1766,1790073088949.155,29.828166
d1f37ed1,1768,1767,1790073089002.983,53.827985
d1f37ed1,1769,1768,1790073089039.097,36.114319
d1f37ed1,1770,1769,1790073089078.53,39.432869
d1f37ed1,1771,1770,1790073089111.496,32.965573
d1f37ed1,1772,1771,1790073089150.64,39.144734
d1f37ed1,1773,1772,1790073089191.838,41.197752
d1f37ed1,1774,1773,1790073089235.379,43.540631
d1f37ed1,1775,1774,1790073089274.877,39.497957
d1f37ed1,1776,1775,1790073089309.532,34.654845
d1f37ed1,1777,1776,1790073089355.493,45.96123
d1f37ed1,1778,1777,1790073089400.511,45.018366
d1f37ed1,1779,1778,1790073089436.632,36.120626
d1f37ed1,1780,1779,1790073089480.669,44.037474
d1f37ed1,1781,1780,1790073089506.465,25.795588
d1f37ed1,1782,1781,1790073089565.632,59.167434
d1f37ed1,1783,1782,1790073089601.657,36.024741
d1f37ed1,1784,1783,1790073089637.806,36.148616
d1f37ed1,1785,1784,1790073089680.056,42.250741
d1f37ed1,1786,1785,1790073089681.326,1.269544
d1f37ed1,1787,1786,1790073089682.929,1.603443
d1f37ed1,1788,1787,1790073089684.414,1.484154
d1f37ed1,1789,1788,1790073089690.239,5.825647
d1f37ed1,1790,1789,1790073089753.409,63.169505
d1f37ed1,1791,1790,1790073090036.083,282.674757
d1f37ed1,1792,1791,1790073090069.53,33.446093
d1f37ed1,1793,1792,1790073090110.321,40.790892
d1f37ed1,1794,1793,1790073090155.679,45.358378
d1f37ed1,1795,1794,1790073090204.604,48.925549
d1f37ed1,1796,1795,1790073090241.599,36.994452
d1f37ed1,1797,1796,1790073090279.76,38.161534
d1f37ed1,1798,1797,1790073090316.661,36.900551
d1f37ed1,1799,1798,1790073090356.512,39.851199
d1f37ed1,1800,1799,1790073090406.427,49.915074
d1f37ed1,1801,1800,1790073090435.85,29.422497
d1f37ed1,1802,1801,1790073090475.258,39.408646
d1f37ed1,1803,1802,1790073090519.145,43.886297
d1f37ed1,1804,1803,1790073090557.008,37.863351
d1f37ed1,1805,1804,1790073090603.18,46.171945
d1f37ed1,1806,1805,1790073090641.575,38.395524
d1f37ed1,1807,1806,1790073090674.841,33.265034
d1f37ed1,1808,1807,1790073090723.945,49.104583
d1f37ed1,1809,1808,1790073090764.056,40.111262
d1f37ed1,1810,1809,1790073090789.871,25.814867
d1f37ed1,1811,1810,1790073090835.229,45.358152
d1f37ed1,1812,1811,1790073090884.575,49.345725
d1f37ed1,1813,1812,1790073090920.629,36.054183
d1f37ed1,1814,1813,1790073090954.969,34.340245
d1f37ed1,1815,1814,1790073090996.08,41.110019
d1f37ed1,1816,1815,1790073091029.605,33.525041
d1f37ed1,1817,1816,1790073091070.441,40.836405
d1f37ed1,1818,1817,1790073091121.61,51.168938
d1f37ed1,1819,1818,1790073091156.625,35.014547
d1f37ed1,1820,1819,1790073091187.468,30.843111
d1f37ed1,1821,1820,1790073091229.232,41.764479
d1f37ed1,1822,1821,1790073091280.087,50.854645
d1f37ed1,1823,1822,1790073091313.061,32.973843
d1f37ed1,1824,1823,1790073091353.892,40.831062
d1f37ed1,1825,1824,1790073091396.964,43.071993
d1f37ed1,1826,1825,1790073091436.723,39.759257
d1f37ed1,1827,1826,1790073091475.177,38.454296
d1f37ed1,1828,1827,1790073091515.581,40.403513
d1f37ed1,1829,1828,1790073091559.386,43.805631
d1f37ed1,1830,1829,1790073091603.092,43.705576
d1f37ed1,1831,1830,1790073091632.958,29.865804
d1f37ed1,1832,1831,1790073091672.428,39.470773
d1f37ed1,1833,1832,1790073091674.18,1.751256
d1f37ed1,1834,1833,1790073091676.674,2.494206
d1f37ed1,1835,1834,1790073091677.642,0.968237
d1f37ed1,1836,1835,1790073091679.848,2.205728
d1f37ed1,1837,1836,1790073091757.698,77.85018
d1f37ed1,1838,1837,1790073092040.697,282.998358
d1f37ed1,1839,1838,1790073092070.872,30.175722
d1f37ed1,1840,1839,1790073092122.739,51.866244
d1f37ed1,1841,1840,1790073092155.369,32.630559
d1f37ed1,1842,1841,1790073092187.307,31.937904
d1f37ed1,1843,1842,1790073092232.879,45.572466
d1f37ed1,1844,1843,1790073092278.871,45.99166
d1f37ed1,1845,1844,1790073092310.29,31.418576
d1f37ed1,1846,1845,1790073092360.78,50.490537
d1f37ed1,1847,1846,1790073092396.508,35.727526
d1f37ed1,1848,1847,1790073092438.303,41.795442
d1f37ed1,1849,1848,1790073092476.817,38.513431
d1f37ed1,1850,1849,1790073092523.841,47.02417
d1f37ed1,1851,1850,1790073092556.336,32.495144
d1f37ed1,1852,1851,1790073092598.063,41.727024
d1f37ed1,1853,1852,1790073092637.203,39.140535
d1f37ed1,1854,1853,1790073092679.703,42.499347
d1f37ed1,1855,1854,1790073092713.075,33.372152
d1f37ed1,1856,1855,1790073092757.28,44.204898
d1f37ed1,1857,1856,1790073092793.089,35.809509
d1f37ed1,1858,1857,1790073092837.72,44.6307
d1f37ed1,1859,1858,1790073092883.277,45.55697
d1f37ed1,1860,1859,1790073092916.696,33.419227
d1f37ed1,1861,1860,1790073092954.871,38.17443
d1f37ed1,1862,1861,1790073093002.987,48.116347
d1f37ed1,1863,1862,1790073093031.688,28.701398
d1f37ed1,1864,1863,1790073093073.259,41.570795
d1f37ed1,1865,1864,1790073093113.506,40.246946
d1f37ed1,1866,1865,1790073093155.581,42.074337
d1f37ed1,1867,1866,1790073093198.778,43.197424
d1f37ed1,1868,1867,1790073093235.694,36.915643
d1f37ed1,1869,1868,1790073093268.301,32.607453
d1f37ed1,1870,1869,1790073093325.869,57.568022
d1f37ed1,1871,1870,1790073093353.572,27.703287
d1f37ed1,1872,1871,1790073093398.545,44.973117
d1f37ed1,1873,1872,1790073093438.042,39.497149
d1f37ed1,1874,1873,1790073093471.883,33.840283
d1f37ed1,1875,1874,1790073093523.575,51.691789
d1f37ed1,1876,1875,1790073093559.057,35.48239
d1f37ed1,1877,1876,1790073093595.445,36.387543
d1f37ed1,1878,1877,1790073093633.369,37.924505
d1f37ed1,1879,1878,1790073093685.482,52.112633
d1f37ed1,1880,1879,1790073093687.009,1.527169
d1f37ed1,1881,1880,1790073093689.663,2.654283
d1f37ed1,1882,1881,1790073093692.562,2.898716
d1f37ed1,1883,1882,1790073093695.002,2.440454
d1f37ed1,1884,1883,1790073093697.945,2.943062
d1f37ed1,1885,1884,1790073093760.258,62.312526
d1f37ed1,1886,1885,1790073094043.803,283.545112
d1f37ed1,1887,1886,1790073094072.52,28.716436
d1f37ed1,1888,1887,1790073094113.123,40.603376
d1f37ed1,1889,1888,1790073094162.031,48.90844
d1f37ed1,1890,1889,1790073094200.044,38.013194
d1f37ed1,1891,1890,1790073094227.983,27.938463
d1f37ed1,1892,1891,1790073094282.466,54.482687
d1f37ed1,1893,1892,1790073094311.845,29.379657
d1f37ed1,1894,1893,1790073094352.08,40.234774
d1f37ed1,1895,1894,1790073094395.678,43.598169
d1f37ed1,1896,1895,1790073094432.871,37.19266
d1f37ed1,1897,1896,1790073094474.51,41.639386
d1f37ed1,1898,1897,1790073094507.339,32.828798
d1f37ed1,1899,1898,1790073094548.603,41.263936
d1f37ed1,1900,1899,1790073094593.508,44.904765
d1f37ed1,1901,1900,1790073094636.14,42.632699
d1f37ed1,1902,1901,1790073094672.778,36.637049
d1f37ed1,1903,1902,1790073094715.802,43.024079
d1f37ed1,1904,1903,1790073094758.877,43.075301
d1f37ed1,1905,1904,1790073094785.799,26.922205
d1f37ed1,1906,1905,1790073094835.625,49.825566
d1f37ed1,1907,1906,1790073094867.85,32.225413
d1f37ed1,1908,1907,1790073094916.577,48.726799
d1f37ed1,1909,1908,1790073094961.408,44.831012
d1f37ed1,1910,1909,1790073094996.121,34.713313
d1f37ed1,1911,1910,1790073095029.046,32.92478
d1f37ed1,1912,1911,1790073095078.41,49.364435
d1f37ed1,1913,1912,1790073095123.707,45.29654
d1f37ed1,1914,1913,1790073095148.211,24.504143
d1f37ed1,1915,1914,1790073095208.194,59.983227
d1f37ed1,1916,1915,1790073095246.711,38.516806
d1f37ed1,1917,1916,1790073095277.372,30.661276
d1f37ed1,1918,1917,1790073095306.453,29.080326
d1f37ed1,1919,1918,1790073095354.024,47.570858
d1f37ed1,1920,1919,1790073095391.937,37.913277
d1f37ed1,1921,1920,1790073095443.447,51.510076
d1f37ed1,1922,1921,1790073095473.807,30.360404
d1f37ed1,1923,1922,1790073095537.518,63.710396
d1f37ed1,1924,1923,1790073095545.815,8.297653
d1f37ed1,1925,1924,1790073095588.626,42.811105
d1f37ed1,1926,1925,1790073095643.382,54.755083
d1f37ed1,1927,1926,1790073095682.104,38.722442
d1f37ed1,1928,1927,1790073095683.324,1.219983
d1f37ed1,1929,1928,1790073095684.471,1.146576
d1f37ed1,1930,1929,1790073095686.407,1.936563
d1f37ed1,1931,1930,1790073095689.191,2.783588
d1f37ed1,1932,1931,1790073095692.317,3.126311
d1f37ed1,1933,1932,1790073095762.945,70.628369
d1f37ed1,1934,1933,1790073096031.75,268.804384
d1f37ed1,1935,1934,1790073096072.95,41.19982
d1f37ed1,1936,1935,1790073096113.835,40.885942
d1f37ed1,1937,1936,1790073096149.326,35.490808
d1f37ed1,1938,1937,1790073096197.446,48.119786
d1f37ed1,1939,1938,1790073096230.25,32.803295
d1f37ed1,1940,1939,1790073096272.306,42.056398
d1f37ed1,1941,1940,1790073096314.06,41.754413
d1f37ed1,1942,1941,1790073096355.464,41.404205
d1f37ed1,1943,1942,1790073096394.47,39.005645
d1f37ed1,1944,1943,1790073096431.991,37.520918
d1f37ed1,1945,1944,1790073096474.944,42.953331
d1f37ed1,1946,1945,1790073096515.249,40.304676
d1f37ed1,1947,1946,1790073096549.579,34.33003
d1f37ed1,1948,1947,1790073096590.306,40.727184
d1f37ed1,1949,1948,1790073096632.639,42.333228
d1f37ed1,1950,1949,1790073096675.575,42.936052
d1f37ed1,1951,1950,1790073096719.635,44.059183
d1f37ed1,1952,1951,1790073096765.342,45.70675
d1f37ed1,1953,1952,1790073096794.181,28.839826
d1f37ed1,1954,1953,1790073096842.562,48.380696
d1f37ed1,1955,1954,1790073096879.377,36.815115
d1f37ed1,1956,1955,1790073096910.29,30.912407
d1f37ed1,1957,1956,1790073096952.513,42.224005
d1f37ed1,1958,1957,1790073097003.486,50.972384
d1f37ed1,1959,1958,1790073097029.879,26.393331
d1f37ed1,1960,1959,1790073097069.06,39.180772
d1f37ed1,1961,1960,1790073097116.412,47.35209
d1f37ed1,1962,1961,1790073097153.322,36.909636
d1f37ed1,1963,1962,1790073097209.224,55.901784
d1f37ed1,1964,1963,1790073097235.419,26.195219
d1f37ed1,1965,1964,1790073097268.123,32.704258
d1f37ed1,1966,1965,1790073097315.059,46.935811
d1f37ed1,1967,1966,1790073097350.958,35.899647
d1f37ed1,1968,1967,1790073097393.73,42.771481
d1f37ed1,1969,1968,1790073097431.771,38.04154
d1f37ed1,1970,1969,1790073097472.814,41.043064
d1f37ed1,1971,1970,1790073097513.379,40.5643
d1f37ed1,1972,1971,1790073097545.626,32.247236
d1f37ed1,1973,1972,1790073097592.03,46.403649
d1f37ed1,1974,1973,1790073097629.761,37.731164
d1f37ed1,1975,1974,1790073097666.104,36.343456
d1f37ed1,1976,1975,1790073097667.188,1.083616
d1f37ed1,1977,1976,1790073097670.542,3.354259
d1f37ed1,1978,1977,1790073097673.644,3.101754
d1f37ed1,1979,1978,1790073097675.054,1.409798
d1f37ed1,1980,1979,1790073097751.575,76.5213
d1f37ed1,1981,1980,1790073098025.272,273.696656
d1f37ed1,1982,1981,1790073098080.429,55.157076
d1f37ed1,1983,1982,1790073098114.029,33.599878
d1f37ed1,1984,1983,1790073098151.671,37.641981
d1f37ed1,1985,1984,1790073098208.162,56.491106
d1f37ed1,1986,1985,1790073098232.783,24.621454
d1f37ed1,1987,1986,1790073098267.183,34.399935
d1f37ed1,1988,1987,1790073098309.842,42.658369
d1f37ed1,1989,1988,1790073098356.668,46.82635
d1f37ed1,1990,1989,1790073098394.697,38.029414
d1f37ed1,1991,1990,1790073098433.238,38.540778
d1f37ed1,1992,1991,1790073098474.898,41.659713
d1f37ed1,1993,1992,1790073098508.396,33.498119
d1f37ed1,1994,1993,1790073098548.252,39.856147
d1f37ed1,1995,1994,1790073098590.451,42.199263
d1f37ed1,1996,1995,1790073098632.933,42.481491
d1f37ed1,1997,1996,1790073098677.938,45.005162
d1f37ed1,1998,1997,1790073098708.148,30.210561
d1f37ed1,1999,1998,1790073098754.85,46.701665
d1f37ed1,2000,1999,1790073098802.4,47.54957
d1f37ed1,2001,2000,1790073098838.655,36.255031
d1f37ed1,2002,2001,1790073098888.051,49.396303
d1f37ed1,2003,2002,1790073098916.568,28.516571
d1f37ed1,2004,2003,1790073098947.734,31.166432
d1f37ed1,2005,2004,1790073098992.731,44.997234
d1f37ed1,2006,2005,1790073099037.512,44.780594
d1f37ed1,2007,2006,1790073099064.193,26.681337
d1f37ed1,2008,2007,1790073099107.904,43.710427
d1f37ed1,2009,2008,1790073099149.443,41.539302
d1f37ed1,2010,2009,1790073099186.592,37.148627
d1f37ed1,2011,2010,1790073099228.376,41.784954
d1f37ed1,2012,2011,1790073099273.848,45.471323
d1f37ed1,2013,2012,1790073099320.955,47.107044
d1f37ed1,2014,2013,1790073099354.966,34.011113
d1f37ed1,2015,2014,1790073099389.661,34.69492
d1f37ed1,2016,2015,1790073099436.144,46.482474
d1f37ed1,2017,2016,1790073099474.195,38.051022
d1f37ed1,2018,2017,1790073099513.277,39.082716
d1f37ed1,2019,2018,1790073099549.062,35.784415
d1f37ed1,2020,2019,1790073099590.332,41.270051
d1f37ed1,2021,2020,1790073099633.468,43.136421
d1f37ed1,2022,2021,1790073099686.524,53.056381
d1f37ed1,2023,2022,1790073099688.423,1.898275
d1f37ed1,2024,2023,1790073099689.648,1.225202
d1f37ed1,2025,2024,1790073099753.866,64.217686
d1f37ed1,2026,2025,1790073100027.881,274.015796
d1f37ed1,2027,2026,1790073100067.556,39.674273
d1f37ed1,2028,2027,1790073100115.213,47.657551
d1f37ed1,2029,2028,1790073100156.359,41.145832
d1f37ed1,2030,2029,1790073100197.573,41.213541
d1f37ed1,2031,2030,1790073100243.748,46.174973
d1f37ed1,2032,2031,1790073100278.168,34.420677
d1f37ed1,2033,2032,1790073100323.518,45.350156
d1f37ed1,2034,2033,1790073100358.217,34.698317
d1f37ed1,2035,2034,1790073100387.863,29.645851
d1f37ed1,2036,2035,1790073100433.428,45.565679
d1f37ed1,2037,2036,1790073100476.614,43.185248
d1f37ed1,2038,2037,1790073100519.308,42.694867
d1f37ed1,2039,2038,1790073100547.864,28.55551
d1f37ed1,2040,2039,1790073100598.171,50.306847
d1f37ed1,2041,2040,1790073100631.407,33.236211
d1f37ed1,2042,2041,1790073100686.437,55.029774
d1f37ed1,2043,2042,1790073100714.94,28.503622
d1f37ed1,2044,2043,1790073100763.143,48.202985
d1f37ed1,2045,2044,1790073100796.962,33.818914
d1f37ed1,2046,2045,1790073100833.49,36.528135
d1f37ed1,2047,2046,1790073100876.604,43.113531
d1f37ed1,2048,2047,1790073100913.174,36.570208
d1f37ed1,2049,2048,1790073100958.843,45.668375
d1f37ed1,2050,2049,1790073100994.286,35.443281
d1f37ed1,2051,2050,1790073101038.667,44.381489
d1f37ed1,2052,2051,1790073101064.977,26.309707
d1f37ed1,2053,2052,1790073101120.76,55.782731
d1f37ed1,2054,2053,1790073101164.866,44.106766
d1f37ed1,2055,2054,1790073101198.148,33.281166
d1f37ed1,2056,2055,1790073101232.919,34.771812
d1f37ed1,2057,2056,1790073101276.033,43.113252
d1f37ed1,2058,2057,1790073101308.467,32.434452
d1f37ed1,2059,2058,1790073101350.841,42.374022
d1f37ed1,2060,2059,1790073101400.039,49.198061
d1f37ed1,2061,2060,1790073101441.768,41.728717
d1f37ed1,2062,2061,1790073101474.281,32.512984
d1f37ed1,2063,2062,1790073101532.215,57.934304
d1f37ed1,2064,2063,1790073101547.836,15.62103
d1f37ed1,2065,2064,1790073101591.35,43.513323
d1f37ed1,2066,2065,1790073101636.722,45.372546
d1f37ed1,2067,2066,1790073101673.835,37.112825
d1f37ed1,2068,2067,1790073101675.25,1.41449
d1f37ed1,2069,2068,1790073101676.088,0.838246
d1f37ed1,2070,2069,1790073101677.588,1.500598
d1f37ed1,2071,2070,1790073101752.818,75.230101
d1f37ed1,2072,2071,1790073102040.193,287.374993
d1f37ed1,2073,2072,1790073102071.428,31.235112
d1f37ed1,2074,2073,1790073102108.972,37.543198
d1f37ed1,2075,2074,1790073102154.26,45.288483
d1f37ed1,2076,2075,1790073102196.816,42.555927
d1f37ed1,2077,2076,1790073102227.448,30.632307
d1f37ed1,2078,2077,1790073102269.617,42.168262
d1f37ed1,2079,2078,1790073102321.984,52.367235
d1f37ed1,2080,2079,1790073102352.946,30.96236
d1f37ed1,2081,2080,1790073102395.506,42.559515
d1f37ed1,2082,2081,1790073102434.641,39.13549
d1f37ed1,2083,2082,1790073102466.301,31.65944
d1f37ed1,2084,2083,1790073102519.376,53.075173
d1f37ed1,2085,2084,1790073102556.569,37.192673
d1f37ed1,2086,2085,1790073102596.719,40.1499
d1f37ed1,2087,2086,1790073102638.508,41.789694
d1f37ed1,2088,2087,1790073102672.97,34.462151
d1f37ed1,2089,2088,1790073102712.163,39.192304
d1f37ed1,2090,2089,1790073102750.988,38.825326
d1f37ed1,2091,2090,1790073102794.742,43.753881
d1f37ed1,2092,2091,1790073102826.234,31.492603
d1f37ed1,2093,2092,1790073102878.807,52.572634
d1f37ed1,2094,2093,1790073102914.271,35.463661
d1f37ed1,2095,2094,1790073102952.7,38.429185
d1f37ed1,2096,2095,1790073102994.286,41.58574
d1f37ed1,2097,2096,1790073103031.075,36.789342
d1f37ed1,2098,2097,1790073103072.487,41.411505
d1f37ed1,2099,2098,1790073103112.228,39.741534
d1f37ed1,2100,2099,1790073103153.189,40.961393
d1f37ed1,2101,2100,1790073103193.875,40.685699
d1f37ed1,2102,2101,1790073103237.564,43.689272
d1f37ed1,2103,2102,1790073103277.72,40.155812
d1f37ed1,2104,2103,1790073103327.117,49.396593
d1f37ed1,2105,2104,1790073103359.625,32.508151
d1f37ed1,2106,2105,1790073103392.885,33.25983
d1f37ed1,2107,2106,1790073103432.445,39.560262
d1f37ed1,2108,2107,1790073103475.814,43.369101
d1f37ed1,2109,2108,1790073103514.917,39.102277
d1f37ed1,2110,2109,1790073103566.45,51.533739
d1f37ed1,2111,2110,1790073103597.274,30.823555
d1f37ed1,2112,2111,1790073103633.261,35.987652
d1f37ed1,2113,2112,1790073103678.45,45.188548
d1f37ed1,2114,2113,1790073103680.937,2.486712
d1f37ed1,2115,2114,1790073103682.037,1.099991
d1f37ed1,2116,2115,1790073103683.645,1.608478
d1f37ed1,2117,2116,1790073103685.111,1.465439
d1f37ed1,2118,2117,1790073103755.331,70.220737
d1f37ed1,2119,2118,1790073104032.352,277.020768
d1f37ed1,2120,2119,1790073104080.462,48.110359
d1f37ed1,2121,2120,1790073104116.026,35.563304
d1f37ed1,2122,2121,1790073104159.772,43.746337
d1f37ed1,2123,2122,1790073104196.123,36.350567
d1f37ed1,2124,2123,1790073104232.898,36.775381
d1f37ed1,2125,2124,1790073104277.519,44.620643
d1f37ed1,2126,2125,1790073104313.74,36.221195
d1f37ed1,2127,2126,1790073104357.798,44.057768
d1f37ed1,2128,2127,1790073104394.759,36.961162
d1f37ed1,2129,2128,1790073104438.149,43.390716
d1f37ed1,2130,2129,1790073104468.543,30.39401
d1f37ed1,2131,2130,1790073104517.165,48.621061
d1f37ed1,2132,2131,1790073104559.105,41.940086
d1f37ed1,2133,2132,1790073104601.827,42.721988
d1f37ed1,2134,2133,1790073104633.487,31.660558
d1f37ed1,2135,2134,1790073104669.456,35.968745
d1f37ed1,2136,2135,1790073104725.374,55.918069
d1f37ed1,2137,2136,1790073104754.442,29.068168
d1f37ed1,2138,2137,1790073104797.78,43.337394
d1f37ed1,2139,2138,1790073104831.695,33.915662
d1f37ed1,2140,2139,1790073104876.086,44.391
d1f37ed1,2141,2140,1790073104923.551,47.464735
d1f37ed1,2142,2141,1790073104948.455,24.903814
d1f37ed1,2143,2142,1790073104998.18,49.725441
d1f37ed1,2144,2143,1790073105040.274,42.094155
d1f37ed1,2145,2144,1790073105073.236,32.96146
d1f37ed1,2146,2145,1790073105121.094,47.858655
d1f37ed1,2147,2146,1790073105160.267,39.172932
d1f37ed1,2148,2147,1790073105197.794,37.527061
d1f37ed1,2149,2148,1790073105226.76,28.965725
d1f37ed1,2150,2149,1790073105275.585,48.825257
d1f37ed1,2151,2150,1790073105314.768,39.182128
d1f37ed1,2152,2151,1790073105361.007,46.239836
d1f37ed1,2153,2152,1790073105397.929,36.92196
d1f37ed1,2154,2153,1790073105436.585,38.65548
d1f37ed1,2155,2154,1790073105469.623,33.038431
d1f37ed1,2156,2155,1790073105512.917,43.293622
d1f37ed1,2157,2156,1790073105557.297,44.379883
d1f37ed1,2158,2157,1790073105588.551,31.254421
d1f37ed1,2159,2158,1790073105635.306,46.754958
d1f37ed1,2160,2159,1790073105680.288,44.981608
d1f37ed1,2161,2160,1790073105681.706,1.417788
d1f37ed1,2162,2161,1790073105682.883,1.177015
d1f37ed1,2163,2162,1790073105686.586,3.703151
d1f37ed1,2164,2163,1790073105689.178,2.592658
d1f37ed1,2165,2164,1790073105691.965,2.786783
d1f37ed1,2166,2165,1790073105755.438,63.472545
d1f37ed1,2167,2166,1790073106030.982,275.544759
d1f37ed1,2168,2167,1790073106075.669,44.686594
d1f37ed1,2169,2168,1790073106113.977,38.307838
d1f37ed1,2170,2169,1790073106148.475,34.497607
d1f37ed1,2171,2170,1790073106200.226,51.751134
d1f37ed1,2172,2171,1790073106240.968,40.742049
d1f37ed1,2173,2172,1790073106277.527,36.55912
d1f37ed1,2174,2173,1790073106324.327,46.800566
d1f37ed1,2175,2174,1790073106358.021,33.69302
d1f37ed1,2176,2175,1790073106397.75,39.729167
d1f37ed1,2177,2176,1790073106430.226,32.476839
d1f37ed1,2178,2177,1790073106469.616,39.389625
d1f37ed1,2179,2178,1790073106511.952,42.336238
d1f37ed1,2180,2179,1790073106567.954,56.002207
d1f37ed1,2181,2180,1790073106597.648,29.69409
d1f37ed1,2182,2181,1790073106634.267,36.61851
d1f37ed1,2183,2182,1790073106676.34,42.073289
d1f37ed1,2184,2183,1790073106732.022,55.681867
d1f37ed1,2185,2184,1790073106749.852,17.829961
d1f37ed1,2186,2185,1790073106793.198,43.34595
d1f37ed1,2187,2186,1790073106833.885,40.686947
d1f37ed1,2188,2187,1790073106876.173,42.287974
d1f37ed1,2189,2188,1790073106919.806,43.633356
d1f37ed1,2190,2189,1790073106956.363,36.556628
d1f37ed1,2191,2190,1790073106990.255,33.891749
d1f37ed1,2192,2191,1790073107040.975,50.719782
d1f37ed1,2193,2192,1790073107075.099,34.124008
d1f37ed1,2194,2193,1790073107117.933,42.834169
d1f37ed1,2195,2194,1790073107161.298,43.365419
d1f37ed1,2196,2195,1790073107187.622,26.324215
d1f37ed1,2197,2196,1790073107229.726,42.103539
d1f37ed1,2198,2197,1790073107273.747,44.021452
d1f37ed1,2199,2198,1790073107313.109,39.361338
d1f37ed1,2200,2199,1790073107356.607,43.498298
d1f37ed1,2201,2200,1790073107398.973,42.366274
d1f37ed1,2202,2201,1790073107429.205,30.231809
d1f37ed1,2203,2202,1790073107472.629,43.424171
d1f37ed1,2204,2203,1790073107516.141,43.511955
d1f37ed1,2205,2204,1790073107567.687,51.545848
d1f37ed1,2206,2205,1790073107603.138,35.451422
d1f37ed1,2207,2206,1790073107627.819,24.680205
d1f37ed1,2208,2207,1790073107673.594,45.775404
d1f37ed1,2209,2208,1790073107674.619,1.024452
d1f37ed1,2210,2209,1790073107676.39,1.771332
d1f37ed1,2211,2210,1790073107677.186,0.796398
d1f37ed1,2212,2211,1790073107760.493,83.30723
d1f37ed1,2213,2212,1790073108028.832,268.338394
d1f37ed1,2214,2213,1790073108080.299,51.467396
d1f37ed1,2215,2214,1790073108116.346,36.046828
d1f37ed1,2216,2215,1790073108147.77,31.423359
d1f37ed1,2217,2216,1790073108193.608,45.838292
d1f37ed1,2218,2217,1790073108234.575,40.967752
d1f37ed1,2219,2218,1790073108277.496,42.920271
d1f37ed1,2220,2219,1790073108315.03,37.5338
d1f37ed1,2221,2220,1790073108362.548,47.518261
d1f37ed1,2222,2221,1790073108407.258,44.710072
d1f37ed1,2223,2222,1790073108446.085,38.827397
d1f37ed1,2224,2223,1790073108476.078,29.992633
d1f37ed1,2225,2224,1790073108513.358,37.279932
d1f37ed1,2226,2225,1790073108556.654,43.296192
d1f37ed1,2227,2226,1790073108591.13,34.475738
d1f37ed1,2228,2227,1790073108634.11,42.980578
d1f37ed1,2229,2228,1790073108677.276,43.165758
d1f37ed1,2230,2229,1790073108721.681,44.404746
d1f37ed1,2231,2230,1790073108772.178,50.497428
d1f37ed1,2232,2231,1790073108806.524,34.346165
d1f37ed1,2233,2232,1790073108843.178,36.653688
d1f37ed1,2234,2233,1790073108870.61,27.431474
d1f37ed1,2235,2234,1790073108909.391,38.780861
d1f37ed1,2236,2235,1790073108951.137,41.746522
d1f37ed1,2237,2236,1790073108997.503,46.365665
d1f37ed1,2238,2237,1790073109032.259,34.756202
d1f37ed1,2239,2238,1790073109075.93,43.671098
d1f37ed1,2240,2239,1790073109115.985,40.055425
d1f37ed1,2241,2240,1790073109169.043,53.057636
d1f37ed1,2242,2241,1790073109205.268,36.224663
d1f37ed1,2243,2242,1790073109231.207,25.939572
d1f37ed1,2244,2243,1790073109273.953,42.745231
d1f37ed1,2245,2244,1790073109318.582,44.629165
d1f37ed1,2246,2245,1790073109361.753,43.17114
d1f37ed1,2247,2246,1790073109395.759,34.005772
d1f37ed1,2248,2247,1790073109440.934,45.175632
d1f37ed1,2249,2248,1790073109480.903,39.968512
d1f37ed1,2250,2249,1790073109514.626,33.723543
d1f37ed1,2251,2250,1790073109569.147,54.520446
d1f37ed1,2252,2251,1790073109592.35,23.203587
d1f37ed1,2253,2252,1790073109629.442,37.091472
d1f37ed1,2254,2253,1790073109676.278,46.835907
d1f37ed1,2255,2254,1790073109678.595,2.317487
d1f37ed1,2256,2255,1790073109679.471,0.875582
d1f37ed1,2257,2256,1790073109680.639,1.168651
d1f37ed1,2258,2257,1790073109755.743,75.103467
d1f37ed1,2259,2258,1790073110039.048,283.304981
d1f37ed1,2260,2259,1790073110082.443,43.394843
d1f37ed1,2261,2260,1790073110108.815,26.372183
d1f37ed1,2262,2261,1790073110151.335,42.520012
d1f37ed1,2263,2262,1790073110191.43,40.095284
d1f37ed1,2264,2263,1790073110234.084,42.654046
d1f37ed1,2265,2264,1790073110271.67,37.586152
d1f37ed1,2266,2265,1790073110318.287,46.616168
d1f37ed1,2267,2266,1790073110353.471,35.184124
d1f37ed1,2268,2267,1790073110390.286,36.815306
d1f37ed1,2269,2268,1790073110442.289,52.002699
d1f37ed1,2270,2269,1790073110488.838,46.549285
d1f37ed1,2271,2270,1790073110525.383,36.545346
d1f37ed1,2272,2271,1790073110554.294,28.910673
d1f37ed1,2273,2272,1790073110600.913,46.619338
d1f37ed1,2274,2273,1790073110629.564,28.650765
d1f37ed1,2275,2274,1790073110682.644,53.08029
d1f37ed1,2276,2275,1790073110716.492,33.84766
d1f37ed1,2277,2276,1790073110753.944,37.451967
d1f37ed1,2278,2277,1790073110804.676,50.73179
d1f37ed1,2279,2278,1790073110825.019,20.343033
d1f37ed1,2280,2279,1790073110868.697,43.677994
d1f37ed1,2281,2280,1790073110910.793,42.09671
d1f37ed1,2282,2281,1790073110951.313,40.519231
d1f37ed1,2283,2282,1790073111002.221,50.908349
d1f37ed1,2284,2283,1790073111043.205,40.983863
d1f37ed1,2285,2284,1790073111080.771,37.565986
d1f37ed1,2286,2285,1790073111124.286,43.514659
d1f37ed1,2287,2286,1790073111152.294,28.008463
d1f37ed1,2288,2287,1790073111192.683,40.389088
d1f37ed1,2289,2288,1790073111250.511,57.827962
d1f37ed1,2290,2289,1790073111278.673,28.161656
d1f37ed1,2291,2290,1790073111323.149,44.475787
d1f37ed1,2292,2291,1790073111356.323,33.174387
d1f37ed1,2293,2292,1790073111390.014,33.690644
d1f37ed1,2294,2293,1790073111432.675,42.661334
d1f37ed1,2295,2294,1790073111475.973,43.298193
d1f37ed1,2296,2295,1790073111516.968,40.994604
d1f37ed1,2297,2296,1790073111550.264,33.296648
d1f37ed1,2298,2297,1790073111589.009,38.744166
d1f37ed1,2299,2298,1790073111638.355,49.346491
d1f37ed1,2300,2299,1790073111675.607,37.251917
d1f37ed1,2301,2300,1790073111676.825,1.217762
d1f37ed1,2302,2301,1790073111677.795,0.969893
d1f37ed1,2303,2302,1790073111679.023,1.22804
d1f37ed1,2304,2303,1790073111681.708,2.685615
d1f37ed1,2305,2304,1790073111684.745,3.036959
d1f37ed1,2306,2305,1790073111755.99,71.244987
d1f37ed1,2307,2306,1790073112029.439,273.448575
d1f37ed1,2308,2307,1790073112071.069,41.630183
d1f37ed1,2309,2308,1790073112115.85,44.780865
d1f37ed1,2310,2309,1790073112148.786,32.936589
d1f37ed1,2311,2310,1790073112192.737,43.950467
d1f37ed1,2312,2311,1790073112234.108,41.371238
d1f37ed1,2313,2312,1790073112276.298,42.189845
d1f37ed1,2314,2313,1790073112308.299,32.000488
d1f37ed1,2315,2314,1790073112351.962,43.663896
d1f37ed1,2316,2315,1790073112399.248,47.285458
d1f37ed1,2317,2316,1790073112445.351,46.102904
d1f37ed1,2318,2317,1790073112474.934,29.582999
d1f37ed1,2319,2318,1790073112519.465,44.530765
d1f37ed1,2320,2319,1790073112551.72,32.256075
d1f37ed1,2321,2320,1790073112593.416,41.695085
d1f37ed1,2322,2321,1790073112632.971,39.555312
d1f37ed1,2323,2322,1790073112682.716,49.744518
d1f37ed1,2324,2323,1790073112724.492,41.776957
d1f37ed1,2325,2324,1790073112755.23,30.737297
d1f37ed1,2326,2325,1790073112793.877,38.646997
d1f37ed1,2327,2326,1790073112839.851,45.97388
d1f37ed1,2328,2327,1790073112873.441,33.590259
d1f37ed1,2329,2328,1790073112916.34,42.898901
d1f37ed1,2330,2329,1790073112962.958,46.618118
d1f37ed1,2331,2330,1790073112989.635,26.677151
d1f37ed1,2332,2331,1790073113039.979,50.343395
d1f37ed1,2333,2332,1790073113072.218,32.23966
d1f37ed1,2334,2333,1790073113119.053,46.83483
d1f37ed1,2335,2334,1790073113149.716,30.662967
d1f37ed1,2336,2335,1790073113210.641,60.925201
d1f37ed1,2337,2336,1790073113245.688,35.046698
d1f37ed1,2338,2337,1790073113283.221,37.533344
d1f37ed1,2339,2338,1790073113316.011,32.789763
d1f37ed1,2340,2339,1790073113358.522,42.511406
d1f37ed1,2341,2340,1790073113389.575,31.05271
d1f37ed1,2342,2341,1790073113431.646,42.070852
d1f37ed1,2343,2342,1790073113484.744,53.097788
d1f37ed1,2344,2343,1790073113514.574,29.830264
d1f37ed1,2345,2344,1790073113550.287,35.71343
d1f37ed1,2346,2345,1790073113611.291,61.003643
d1f37ed1,2347,2346,1790073113635.845,24.554506
d1f37ed1,2348,2347,1790073113672.514,36.668136
d1f37ed1,2349,2348,1790073113673.827,1.313201
d1f37ed1,2350,2349,1790073113674.955,1.1277
d1f37ed1,2351,2350,1790073113676.167,1.211902
d1f37ed1,2352,2351,1790073113678.871,2.704806
d1f37ed1,2353,2352,1790073113681.248,2.376352
d1f37ed1,2354,2353,1790073113753.824,72.576853
d1f37ed1,2355,2354,1790073114045.022,291.197378
d1f37ed1,2356,2355,1790073114089.692,44.67052
d1f37ed1,2357,2356,1790073114113.414,23.721132
d1f37ed1,2358,2357,1790073114154.49,41.077007
d1f37ed1,2359,2358,1790073114199.481,44.99072
d1f37ed1,2360,2359,1790073114233.459,33.977518
d1f37ed1,2361,2360,1790073114270.599,37.139777
d1f37ed1,2362,2361,1790073114313.007,42.40891
d1f37ed1,2363,2362,1790073114363.558,50.550635
d1f37ed1,2364,2363,1790073114396.25,32.691557
d1f37ed1,2365,2364,1790073114436.108,39.858682
d1f37ed1,2366,2365,1790073114476.113,40.004132
d1f37ed1,2367,2366,1790073114508.027,31.914103
d1f37ed1,2368,2367,1790073114570.398,62.371164
d1f37ed1,2369,2368,1790073114593.126,22.728698
d1f37ed1,2370,2369,1790073114636.625,43.498236
d1f37ed1,2371,2370,1790073114683.272,46.647862
d1f37ed1,2372,2371,1790073114715.93,32.658011
d1f37ed1,2373,2372,1790073114756.811,40.880642
d1f37ed1,2374,2373,1790073114789.721,32.910108
d1f37ed1,2375,2374,1790073114837.913,48.191979
d1f37ed1,2376,2375,1790073114881.447,43.534091
d1f37ed1,2377,2376,1790073114936.792,55.34431
d1f37ed1,2378,2377,1790073114953.214,16.422718
d1f37ed1,2379,2378,1790073114999.246,46.03152
d1f37ed1,2380,2379,1790073115039.714,40.468276
d1f37ed1,2381,2380,1790073115080.887,41.172693
d1f37ed1,2382,2381,1790073115117.129,36.242627
d1f37ed1,2383,2382,1790073115160.585,43.455607
d1f37ed1,2384,2383,1790073115190.708,30.122452
d1f37ed1,2385,2384,1790073115233.383,42.675211
d1f37ed1,2386,2385,1790073115277.574,44.191205
d1f37ed1,2387,2386,1790073115317.641,40.066763
d1f37ed1,2388,2387,1790073115350.661,33.019846
d1f37ed1,2389,2388,1790073115391.589,40.928037
d1f37ed1,2390,2389,1790073115434.964,43.37555
d1f37ed1,2391,2390,1790073115481.338,46.374222
d1f37ed1,2392,2391,1790073115514.863,33.524575
d1f37ed1,2393,2392,1790073115557.452,42.589064
d1f37ed1,2394,2393,1790073115595.567,38.115035
d1f37ed1,2395,2394,1790073115633.555,37.987936
d1f37ed1,2396,2395,1790073115683.106,49.55152
d1f37ed1,2397,2396,1790073115691.479,8.372368
d1f37ed1,2398,2397,1790073115697.098,5.619648
d1f37ed1,2399,2398,1790073115700.368,3.269083
d1f37ed1,2400,2399,1790073115704.399,4.030983
d1f37ed1,2401,2400,1790073115708.347,3.948275
d1f37ed1,2402,2401,1790073115748.868,40.521639
d1f37ed1,2403,2402,1790073116044.343,295.474159
d1f37ed1,2404,2403,1790073116081.656,37.312885
d1f37ed1,2405,2404,1790073116117.909,36.253141
d1f37ed1,2406,2405,1790073116161.115,43.206342
d1f37ed1,2407,2406,1790073116194.565,33.449695
d1f37ed1,2408,2407,1790073116230.353,35.788244
d1f37ed1,2409,2408,1790073116273.715,43.36217
d1f37ed1,2410,2409,1790073116314.18,40.464852
d1f37ed1,2411,2410,1790073116356.638,42.457969
d1f37ed1,2412,2411,1790073116400.566,43.928113
d1f37ed1,2413,2412,1790073116438.355,37.788937
d1f37ed1,2414,2413,1790073116472.521,34.166356
d1f37ed1,2415,2414,1790073116518.63,46.108175
d1f37ed1,2416,2415,1790073116562.553,43.923158
d1f37ed1,2417,2416,1790073116599.943,37.390592
d1f37ed1,2418,2417,1790073116635.949,36.005693
d1f37ed1,2419,2418,1790073116678.433,42.483663
d1f37ed1,2420,2419,1790073116715.057,36.624194
d1f37ed1,2421,2420,1790073116752.5,37.443586
d1f37ed1,2422,2421,1790073116795.003,42.502305
d1f37ed1,2423,2422,1790073116834.435,39.43185
d1f37ed1,2424,2423,1790073116873.261,38.826486
d1f37ed1,2425,2424,1790073116922.989,49.72784
d1f37ed1,2426,2425,1790073116965.247,42.258026
d1f37ed1,2427,2426,1790073117006.573,41.325978
d1f37ed1,2428,2427,1790073117030.075,23.502257
d1f37ed1,2429,2428,1790073117077.155,47.080031
d1f37ed1,2430,2429,1790073117113.563,36.408327
d1f37ed1,2431,2430,1790073117160.246,46.682218
d1f37ed1,2432,2431,1790073117202.486,42.240271
d1f37ed1,2433,2432,1790073117240.435,37.949296
d1f37ed1,2434,2433,1790073117269.305,28.869974
d1f37ed1,2435,2434,1790073117311.722,42.416957
d1f37ed1,2436,2435,1790073117358.437,46.714265
d1f37ed1,2437,2436,1790073117394.043,35.606338
d1f37ed1,2438,2437,1790073117442.542,48.499226
d1f37ed1,2439,2438,1790073117468.719,26.177037
d1f37ed1,2440,2439,1790073117523.695,54.975424
d1f37ed1,2441,2440,1790073117558.698,35.003215
d1f37ed1,2442,2441,1790073117601.153,42.455204
d1f37ed1,2443,2442,1790073117635.85,34.696845
d1f37ed1,2444,2443,1790073117683.91,48.060523
d1f37ed1,2445,2444,1790073117685.766,1.856079
d1f37ed1,2446,2445,1790073117686.935,1.168544
d1f37ed1,2447,2446,1790073117766.952,80.016839
d1f37ed1,2448,2447,1790073118032.601,265.648816
d1f37ed1,2449,2448,1790073118073.774,41.173078
d1f37ed1,2450,2449,1790073118115.622,41.848433
d1f37ed1,2451,2450,1790073118152.23,36.607838
d1f37ed1,2452,2451,1790073118200.468,48.237562
d1f37ed1,2453,2452,1790073118233.31,32.84201
d1f37ed1,2454,2453,1790073118275.985,42.675079
d1f37ed1,2455,2454,1790073118315.537,39.552114
d1f37ed1,2456,2455,1790073118347.387,31.850546
d1f37ed1,2457,2456,1790073118393.032,45.645136
d1f37ed1,2458,2457,1790073118436.752,43.720016
d1f37ed1,2459,2458,1790073118482.232,45.479451
d1f37ed1,2460,2459,1790073118512.481,30.249365
d1f37ed1,2461,2460,1790073118562.657,50.175982
d1f37ed1,2462,2461,1790073118595.584,32.926949
d1f37ed1,2463,2462,1790073118633.564,37.980267
d1f37ed1,2464,2463,1790073118681.786,48.221764
d1f37ed1,2465,2464,1790073118718.401,36.615239
d1f37ed1,2466,2465,1790073118833.531,115.12968
d1f37ed1,2467,2466,1790073118843.459,9.927711
d1f37ed1,2468,2467,1790073118849.8,6.340809
d1f37ed1,2469,2468,1790073118875.938,26.137838
d1f37ed1,2470,2469,1790073118909.514,33.576871
d1f37ed1,2471,2470,1790073118956.724,47.209849
d1f37ed1,2472,2471,1790073118993.206,36.481283
d1f37ed1,2473,2472,1790073119036.047,42.84185
d1f37ed1,2474,2473,1790073119074.901,38.853599
d1f37ed1,2475,2474,1790073119109.266,34.365309
d1f37ed1,2476,2475,1790073119156.474,47.207865
d1f37ed1,2477,2476,1790073119200.82,44.345513
d1f37ed1,2478,2477,1790073119229.981,29.161939
d1f37ed1,2479,2478,1790073119283.856,53.874454
d1f37ed1,2480,2479,1790073119313.931,30.074964
d1f37ed1,2481,2480,1790073119357.944,44.013303
d1f37ed1,2482,2481,1790073119392.902,34.957839
d1f37ed1,2483,2482,1790073119443.614,50.711789
d1f37ed1,2484,2483,1790073119475.918,32.30446
d1f37ed1,2485,2484,1790073119515.844,39.925094
d1f37ed1,2486,2485,1790073119549.369,33.525723
d1f37ed1,2487,2486,1790073119592.166,42.796388
d1f37ed1,2488,2487,1790073119639.235,47.069054
d1f37ed1,2489,2488,1790073119676.895,37.660183
d1f37ed1,2490,2489,1790073119679.2,2.305029
d1f37ed1,2491,2490,1790073119680.441,1.2416
d1f37ed1,2492,2491,1790073119684.091,3.649862
d1f37ed1,2493,2492,1790073119701.327,17.235317
d1f37ed1,2494,2493,1790073119762.176,60.849733
d1f37ed1,2495,2494,1790073120033.828,271.652051
d1f37ed1,2496,2495,1790073120080.995,47.166184
d1f37ed1,2497,2496,1790073120115.188,34.193712
d1f37ed1,2498,2497,1790073120148.748,33.559252
d1f37ed1,2499,2498,1790073120189.931,41.183475
d1f37ed1,2500,2499,1790073120231.186,41.255256
d1f37ed1,2501,2500,1790073120279.297,48.110806
d1f37ed1,2502,2501,1790073120315.802,36.505508
d1f37ed1,2503,2502,1790073120356.374,40.571764
d1f37ed1,2504,2503,1790073120393.029,36.654454
d1f37ed1,2505,2504,1790073120430.525,37.496332
d1f37ed1,2506,2505,1790073120474.137,43.612205
d1f37ed1,2507,2506,1790073120530.776,56.638403
d1f37ed1,2508,2507,1790073120557.582,26.806076
d1f37ed1,2509,2508,1790073120606.231,48.649437
d1f37ed1,2510,2509,1790073120634.75,28.518334
d1f37ed1,2511,2510,1790073120678.858,44.108953
d1f37ed1,2512,2511,1790073120709.628,30.769144
d1f37ed1,2513,2512,1790073120753.977,44.349083
d1f37ed1,2514,2513,1790073120796.276,42.299503
d1f37ed1,2515,2514,1790073120839.051,42.77449
d1f37ed1,2516,2515,1790073120878.221,39.170521
d1f37ed1,2517,2516,1790073120926.263,48.041352
d1f37ed1,2518,2517,1790073120948.478,22.215679
d1f37ed1,2519,2518,1790073120993.458,44.980217
d1f37ed1,2520,2519,1790073121038.454,44.995413
d1f37ed1,2521,2520,1790073121073.946,35.49217
d1f37ed1,2522,2521,1790073121117.234,43.288085
d1f37ed1,2523,2522,1790073121157.751,40.517276
d1f37ed1,2524,2523,1790073121189.992,32.240417
d1f37ed1,2525,2524,1790073121231.043,41.050923
d1f37ed1,2526,2525,1790073121281.682,50.639414
d1f37ed1,2527,2526,1790073121323.621,41.938897
d1f37ed1,2528,2527,1790073121353.991,30.369591
d1f37ed1,2529,2528,1790073121388.813,34.822473
d1f37ed1,2530,2529,1790073121431.34,42.52704
d1f37ed1,2531,2530,1790073121473.772,42.431974
d1f37ed1,2532,2531,1790073121514.693,40.920402
d1f37ed1,2533,2532,1790073121551.003,36.310731
d1f37ed1,2534,2533,1790073121598.105,47.101343
d1f37ed1,2535,2534,1790073121636.029,37.924486
d1f37ed1,2536,2535,1790073121687.201,51.172026
d1f37ed1,2537,2536,1790073121688.711,1.509874
d1f37ed1,2538,2537,1790073121691.588,2.876744
d1f37ed1,2539,2538,1790073121694.695,3.107495
d1f37ed1,2540,2539,1790073121698.295,3.600004
d1f37ed1,2541,2540,1790073121705.386,7.09061
d1f37ed1,2542,2541,1790073121755.096,49.71061
d1f37ed1,2543,2542,1790073122037.827,282.730725
d1f37ed1,2544,2543,1790073122075.68,37.852692
d1f37ed1,2545,2544,1790073122119.174,43.493597
d1f37ed1,2546,2545,1790073122154.685,35.511427
d1f37ed1,2547,2546,1790073122207.813,53.128345
d1f37ed1,2548,2547,1790073122247.78,39.966242
d1f37ed1,2549,2548,1790073122269.988,22.208253
d1f37ed1,2550,2549,1790073122313.947,43.958697
d1f37ed1,2551,2550,1790073122352.562,38.615306
d1f37ed1,2552,2551,1790073122395.129,42.566945
d1f37ed1,2553,2552,1790073122434.458,39.329165
d1f37ed1,2554,2553,1790073122480.012,45.554438
d1f37ed1,2555,2554,1790073122517.414,37.401515
d1f37ed1,2556,2555,1790073122550.442,33.028616
d1f37ed1,2557,2556,1790073122596.118,45.675347
d1f37ed1,2558,2557,1790073122641.947,45.828643
d1f37ed1,2559,2558,1790073122682.716,40.769058
d1f37ed1,2560,2559,1790073122711.955,29.239311
d1f37ed1,2561,2560,1790073122755.708,43.752856
d1f37ed1,2562,2561,1790073122795.359,39.65107
d1f37ed1,2563,2562,1790073122838.746,43.387531
d1f37ed1,2564,2563,1790073122872.41,33.663906
d1f37ed1,2565,2564,1790073122912.486,40.075545
d1f37ed1,2566,2565,1790073122953.423,40.937136
d1f37ed1,2567,2566,1790073122999.593,46.17038
d1f37ed1,2568,2567,1790073123036.021,36.427816
d1f37ed1,2569,2568,1790073123078.354,42.332984
d1f37ed1,2570,2569,1790073123117.06,38.706344
d1f37ed1,2571,2570,1790073123156.877,39.816778
d1f37ed1,2572,2571,1790073123201.101,44.224188
d1f37ed1,2573,2572,1790073123243.781,42.680092
d1f37ed1,2574,2573,1790073123273.45,29.668137
d1f37ed1,2575,2574,1790073123314.337,40.887288
d1f37ed1,2576,2575,1790073123362.984,48.64705
d1f37ed1,2577,2576,1790073123407.214,44.229795
d1f37ed1,2578,2577,1790073123435.939,28.724983
d1f37ed1,2579,2578,1790073123483.469,47.530884
d1f37ed1,2580,2579,1790073123515.396,31.925819
d1f37ed1,2581,2580,1790073123556.446,41.050654
d1f37ed1,2582,2581,1790073123589.18,32.73415
d1f37ed1,2583,2582,1790073123631.15,41.96938
d1f37ed1,2584,2583,1790073123677.381,46.231017
d1f37ed1,2585,2584,1790073123681.419,4.038045
d1f37ed1,2586,2585,1790073123683.154,1.73517
d1f37ed1,2587,2586,1790073123686.205,3.050991
d1f37ed1,2588,2587,1790073123689.715,3.510517
d1f37ed1,2589,2588,1790073123756.443,66.727337
d1f37ed1,2590,2589,1790073124033.072,276.629609
d1f37ed1,2591,2590,1790073124072.635,39.562671
d1f37ed1,2592,2591,1790073124105.223,32.587792
d1f37ed1,2593,2592,1790073124148.979,43.755863
d1f37ed1,2594,2593,1790073124202.482,53.503179
d1f37ed1,2595,2594,1790073124233.004,30.522526
d1f37ed1,2596,2595,1790073124267.185,34.180576
d1f37ed1,2597,2596,1790073124309.408,42.223243
d1f37ed1,2598,2597,1790073124354.992,45.583734
d1f37ed1,2599,2598,1790073124393.76,38.76766
d1f37ed1,2600,2599,1790073124434.657,40.897954
d1f37ed1,2601,2600,1790073124476.486,41.828689
d1f37ed1,2602,2601,1790073124519.919,43.4327
d1f37ed1,2603,2602,1790073124549.821,29.901865
d1f37ed1,2604,2603,1790073124590.441,40.620758
d1f37ed1,2605,2604,1790073124631.809,41.367566
d1f37ed1,2606,2605,1790073124674.823,43.013417
d1f37ed1,2607,2606,1790073124712.941,38.119006
d1f37ed1,2608,2607,1790073124753.657,40.715563
d1f37ed1,2609,2608,1790073124795.852,42.194591
d1f37ed1,2610,2609,1790073124837.07,41.218615
d1f37ed1,2611,2610,1790073124867.905,30.834327
d1f37ed1,2612,2611,1790073124910.145,42.240082
d1f37ed1,2613,2612,1790073124952.353,42.20821
d1f37ed1,2614,2613,1790073124996.843,44.490067
d1f37ed1,2615,2614,1790073125036.105,39.262431
d1f37ed1,2616,2615,1790073125075.055,38.950087
d1f37ed1,2617,2616,1790073125110.411,35.355199
d1f37ed1,2618,2617,1790073125151.491,41.080617
d1f37ed1,2619,2618,1790073125185.084,33.592867
d1f37ed1,2620,2619,1790073125228.496,43.412167
d1f37ed1,2621,2620,1790073125274.149,45.652287
d1f37ed1,2622,2621,1790073125322.059,47.910779
d1f37ed1,2623,2622,1790073125355.971,33.912142
d1f37ed1,2624,2623,1790073125398.497,42.525757
d1f37ed1,2625,2624,1790073125436.726,38.22903
d1f37ed1,2626,2625,1790073125473.697,36.970806
d1f37ed1,2627,2626,1790073125519.318,45.620908
d1f37ed1,2628,2627,1790073125554.227,34.909086
d1f37ed1,2629,2628,1790073125592.678,38.450752
d1f37ed1,2630,2629,1790073125625.121,32.443464
d1f37ed1,2631,2630,1790073125680.773,55.651733
d1f37ed1,2632,2631,1790073125683.415,2.642174
d1f37ed1,2633,2632,1790073125685.645,2.230154
d1f37ed1,2634,2633,1790073125687.452,1.806661
d1f37ed1,2635,2634,1790073125690.523,3.071055
d1f37ed1,2636,2635,1790073125693.414,2.890973
d1f37ed1,2637,2636,1790073125756.203,62.78922
d1f37ed1,2638,2637,1790073126035.236,279.032714
d1f37ed1,2639,2638,1790073126081.488,46.252171
d1f37ed1,2640,2639,1790073126120.042,38.554434
d1f37ed1,2641,2640,1790073126153.192,33.149403
d1f37ed1,2642,2641,1790073126195.469,42.277434
d1f37ed1,2643,2642,1790073126229.875,34.405599
d1f37ed1,2644,2643,1790073126274.144,44.26884
d1f37ed1,2645,2644,1790073126312.771,38.627518
d1f37ed1,2646,2645,1790073126355.086,42.315041
d1f37ed1,2647,2646,1790073126396.002,40.915906
d1f37ed1,2648,2647,1790073126428.26,32.257937
d1f37ed1,2649,2648,1790073126470.907,42.647133
d1f37ed1,2650,2649,1790073126513.065,42.158017
d1f37ed1,2651,2650,1790073126557.059,43.993602
d1f37ed1,2652,2651,1790073126595.587,38.52815
d1f37ed1,2653,2652,1790073126639.265,43.677826
d1f37ed1,2654,2653,1790073126675.647,36.382472
d1f37ed1,2655,2654,1790073126718.111,42.46323
d1f37ed1,2656,2655,1790073126755.296,37.184894
d1f37ed1,2657,2656,1790073126794.17,38.874668
d1f37ed1,2658,2657,1790073126832.304,38.133551
d1f37ed1,2659,2658,1790073126871.344,39.040636
d1f37ed1,2660,2659,1790073126925.503,54.158348
d1f37ed1,2661,2660,1790073126965.374,39.871033
d1f37ed1,2662,2661,1790073126996.896,31.522267
d1f37ed1,2663,2662,1790073127035.277,38.381193
d1f37ed1,2664,2663,1790073127076.384,41.106541
d1f37ed1,2665,2664,1790073127108.447,32.062862
d1f37ed1,2666,2665,1790073127149.847,41.400361
d1f37ed1,2667,2666,1790073127195.968,46.120994
d1f37ed1,2668,2667,1790073127235.609,39.641342
d1f37ed1,2669,2668,1790073127279.388,43.779008
d1f37ed1,2670,2669,1790073127322.242,42.8538
d1f37ed1,2671,2670,1790073127359.175,36.932298
d1f37ed1,2672,2671,1790073127399.117,39.942221
d1f37ed1,2673,2672,1790073127433.507,34.390538
d1f37ed1,2674,2673,1790073127497.89,64.383165
d1f37ed1,2675,2674,1790073127518.127,20.23683
d1f37ed1,2676,2675,1790073127559.007,40.879387
d1f37ed1,2677,2676,1790073127593.61,34.60317
d1f37ed1,2678,2677,1790073127632.909,39.299597
d1f37ed1,2679,2678,1790073127676.096,43.186434
d1f37ed1,2680,2679,1790073127678.098,2.001934
d1f37ed1,2681,2680,1790073127678.932,0.834232
d1f37ed1,2682,2681,1790073127679.967,1.035303
d1f37ed1,2683,2682,1790073127681.833,1.865834
d1f37ed1,2684,2683,1790073127685.672,3.838461
d1f37ed1,2685,2684,1790073127759.837,74.165054
d1f37ed1,2686,2685,1790073128030.169,270.332384
d1f37ed1,2687,2686,1790073128075.954,45.785221
d1f37ed1,2688,2687,1790073128121.246,45.291217
d1f37ed1,2689,2688,1790073128164.725,43.479494
d1f37ed1,2690,2689,1790073128198.845,34.120349
d1f37ed1,2691,2690,1790073128237.986,39.140367
d1f37ed1,2692,2691,1790073128275.041,37.055582
d1f37ed1,2693,2692,1790073128318.838,43.796917
d1f37ed1,2694,2693,1790073128354.639,35.80129
d1f37ed1,2695,2694,1790073128401.225,46.585627
d1f37ed1,2696,2695,1790073128436.423,35.197418
d1f37ed1,2697,2696,1790073128468.283,31.860784
d1f37ed1,2698,2697,1790073128514.48,46.197104
d1f37ed1,2699,2698,1790073128546.898,32.417588
d1f37ed1,2700,2699,1790073128596.477,49.578562
d1f37ed1,2701,2700,1790073128635.385,38.908929
d1f37ed1,2702,2701,1790073128675.383,39.997719
d1f37ed1,2703,2702,1790073128716.593,41.209958
d1f37ed1,2704,2703,1790073128749.406,32.812738
d1f37ed1,2705,2704,1790073128792.249,42.842681
d1f37ed1,2706,2705,1790073128831.863,39.613989
d1f37ed1,2707,2706,1790073128877.604,45.741349
d1f37ed1,2708,2707,1790073128914.079,36.475191
d1f37ed1,2709,2708,1790073128957.346,43.266719
d1f37ed1,2710,2709,1790073128996.476,39.12999
d1f37ed1,2711,2710,1790073129036.077,39.601048
d1f37ed1,2712,2711,1790073129070.166,34.089364
d1f37ed1,2713,2712,1790073129111.206,41.039856
d1f37ed1,2714,2713,1790073129157.861,46.655231
d1f37ed1,2715,2714,1790073129202.271,44.409841
d1f37ed1,2716,2715,1790073129235.179,32.907885
d1f37ed1,2717,2716,1790073129277.031,41.851393
d1f37ed1,2718,2717,1790073129309.473,32.442887
d1f37ed1,2719,2718,1790073129352.312,42.838803
d1f37ed1,2720,2719,1790073129394.635,42.323077
d1f37ed1,2721,2720,1790073129437.647,43.011453
d1f37ed1,2722,2721,1790073129476.236,38.588983
d1f37ed1,2723,2722,1790073129508.608,32.37207
d1f37ed1,2724,2723,1790073129549.98,41.372268
d1f37ed1,2725,2724,1790073129595.863,45.882867
d1f37ed1,2726,2725,1790073129632.756,36.893558
d1f37ed1,2727,2726,1790073129669.278,36.521442
d1f37ed1,2728,2727,1790073129671.186,1.907754
d1f37ed1,2729,2728,1790073129672.102,0.916002
d1f37ed1,2730,2729,1790073129673.294,1.19247
d1f37ed1,2731,2730,1790073129677.202,3.90827
d1f37ed1,2732,2731,1790073129679.302,2.099343
d1f37ed1,2733,2732,1790073129753.588,74.286116
d1f37ed1,2734,2733,1790073130031.428,277.839837
d1f37ed1,2735,2734,1790073130073.309,41.881036
d1f37ed1,2736,2735,1790073130114.304,40.995393
d1f37ed1,2737,2736,1790073130163.286,48.981941
d1f37ed1,2738,2737,1790073130189.936,26.649893
d1f37ed1,2739,2738,1790073130231.62,41.684506
d1f37ed1,2740,2739,1790073130276.434,44.813347
d1f37ed1,2741,2740,1790073130309.377,32.943171
d1f37ed1,2742,2741,1790073130350.709,41.332264
d1f37ed1,2743,2742,1790073130399.869,49.159648
d1f37ed1,2744,2743,1790073130429.267,29.398349
d1f37ed1,2745,2744,1790073130478.417,49.149535
d1f37ed1,2746,2745,1790073130516.595,38.178188
d1f37ed1,2747,2746,1790073130574.427,57.832634
d1f37ed1,2748,2747,1790073130590.968,16.540704
d1f37ed1,2749,2748,1790073130640.295,49.326975
d1f37ed1,2750,2749,1790073130677.437,37.141945
d1f37ed1,2751,2750,1790073130713.118,35.680389
d1f37ed1,2752,2751,1790073130758.448,45.330832
d1f37ed1,2753,2752,1790073130792.789,34.340646
d1f37ed1,2754,2753,1790073130835.851,43.061591
d1f37ed1,2755,2754,1790073130873.06,37.20972
d1f37ed1,2756,2755,1790073130924.628,51.567426
d1f37ed1,2757,2756,1790073130957.633,33.005374
d1f37ed1,2758,2757,1790073131013.172,55.538812
d1f37ed1,2759,2758,1790073131037.477,24.30455
d1f37ed1,2760,2759,1790073131078.842,41.365393
d1f37ed1,2761,2760,1790073131123.434,44.592254
d1f37ed1,2762,2761,1790073131163.578,40.143796
d1f37ed1,2763,2762,1790073131201.26,37.682203
d1f37ed1,2764,2763,1790073131250.191,48.930398
d1f37ed1,2765,2764,1790073131277.178,26.987465
d1f37ed1,2766,2765,1790073131319.622,42.443937
d1f37ed1,2767,2766,1790073131365.823,46.201625
d1f37ed1,2768,2767,1790073131395.718,29.894297
d1f37ed1,2769,2768,1790073131432.757,37.03859
d1f37ed1,2770,2769,1790073131474.455,41.698274
d1f37ed1,2771,2770,1790073131522.643,48.188193
d1f37ed1,2772,2771,1790073131558.91,36.267553
d1f37ed1,2773,2772,1790073131591.416,32.505533
d1f37ed1,2774,2773,1790073131629.491,38.074602
d1f37ed1,2775,2774,1790073131679.291,49.799901
d1f37ed1,2776,2775,1790073131680.531,1.239862
d1f37ed1,2777,2776,1790073131684.952,4.422092
d1f37ed1,2778,2777,1790073131688.394,3.441756
d1f37ed1,2779,2778,1790073131690.702,2.308198
d1f37ed1,2780,2779,1790073131693.315,2.613061
d1f37ed1,2781,2780,1790073131757.664,64.348278
d1f37ed1,2782,2781,1790073132047.056,289.392396
d1f37ed1,2783,2782,1790073132086.081,39.025132
d1f37ed1,2784,2783,1790073132113.535,27.453275
d1f37ed1,2785,2784,1790073132146.349,32.814083
d1f37ed1,2786,2785,1790073132188.571,42.222539
d1f37ed1,2787,2786,1790073132244.635,56.063251
d1f37ed1,2788,2787,1790073132275.256,30.621445
d1f37ed1,2789,2788,1790073132316.787,41.531384
d1f37ed1,2790,2789,1790073132354.966,38.17831
d1f37ed1,2791,2790,1790073132390.439,35.473291
d1f37ed1,2792,2791,1790073132433.561,43.121981
d1f37ed1,2793,2792,1790073132478.471,44.91046
d1f37ed1,2794,2793,1790073132516.021,37.549513
d1f37ed1,2795,2794,1790073132556.381,40.360627
d1f37ed1,2796,2795,1790073132596.157,39.776052
d1f37ed1,2797,2796,1790073132637.484,41.326217
d1f37ed1,2798,2797,1790073132675.319,37.835028
d1f37ed1,2799,2798,1790073132714.876,39.557011
d1f37ed1,2800,2799,1790073132756.894,42.018406
d1f37ed1,2801,2800,1790073132797.0,40.106033
d1f37ed1,2802,2801,1790073132833.526,36.526163
d1f37ed1,2803,2802,1790073132874.871,41.344795
d1f37ed1,2804,2803,1790073132914.761,39.889983
d1f37ed1,2805,2804,1790073132948.544,33.782844
d1f37ed1,2806,2805,1790073133007.555,59.010862
d1f37ed1,2807,2806,1790073133037.456,29.900819
d1f37ed1,2808,2807,1790073133073.128,35.672779
d1f37ed1,2809,2808,1790073133117.857,44.728334
d1f37ed1,2810,2809,1790073133154.819,36.962358
d1f37ed1,2811,2810,1790073133198.945,44.12578
d1f37ed1,2812,2811,1790073133246.259,47.313839
d1f37ed1,2813,2812,1790073133273.447,27.188404
d1f37ed1,2814,2813,1790073133315.092,41.644391
d1f37ed1,2815,2814,1790073133361.362,46.269926
d1f37ed1,2816,2815,1790073133395.492,34.130712
d1f37ed1,2817,2816,1790073133439.905,44.412604
d1f37ed1,2818,2817,1790073133475.36,35.45542
d1f37ed1,2819,2818,1790073133511.582,36.221392
d1f37ed1,2820,2819,1790073133555.175,43.593752
d1f37ed1,2821,2820,1790073133609.65,54.474452
d1f37ed1,2822,2821,1790073133644.438,34.78825
d1f37ed1,2823,2822,1790073133673.991,29.55343
d1f37ed1,2824,2823,1790073133676.116,2.124975
d1f37ed1,2825,2824,1790073133677.79,1.673465
d1f37ed1,2826,2825,1790073133679.14,1.350141
d1f37ed1,2827,2826,1790073133681.773,2.632795
d1f37ed1,2828,2827,1790073133685.16,3.38701
d1f37ed1,2829,2828,1790073133754.492,69.332191
d1f37ed1,2830,2829,1790073134042.987,288.494798
d1f37ed1,2831,2830,1790073134078.03,35.043034
d1f37ed1,2832,2831,1790073134114.781,36.75074
d1f37ed1,2833,2832,1790073134147.516,32.735511
d1f37ed1,2834,2833,1790073134205.308,57.791407
d1f37ed1,2835,2834,1790073134235.995,30.687442
d1f37ed1,2836,2835,1790073134273.805,37.810274
d1f37ed1,2837,2836,1790073134310.543,36.738231
d1f37ed1,2838,2837,1790073134351.153,40.609437
d1f37ed1,2839,2838,1790073134409.176,58.023206
d1f37ed1,2840,2839,1790073134437.428,28.251877
d1f37ed1,2841,2840,1790073134475.738,38.309973
d1f37ed1,2842,2841,1790073134514.026,38.2881
d1f37ed1,2843,2842,1790073134557.325,43.298651
d1f37ed1,2844,2843,1790073134598.924,41.599155
d1f37ed1,2845,2844,1790073134639.333,40.409407
d1f37ed1,2846,2845,1790073134670.608,31.27468
d1f37ed1,2847,2846,1790073134727.689,57.080688
d1f37ed1,2848,2847,1790073134759.201,31.512239
d1f37ed1,2849,2848,1790073134797.301,38.100342
d1f37ed1,2850,2849,1790073134837.084,39.782745
d1f37ed1,2851,2850,1790073134889.155,52.071013
d1f37ed1,2852,2851,1790073134910.214,21.059335
d1f37ed1,2853,2852,1790073134964.702,54.487749
d1f37ed1,2854,2853,1790073134996.484,31.781503
d1f37ed1,2855,2854,1790073135035.433,38.949232
d1f37ed1,2856,2855,1790073135077.76,42.327754
d1f37ed1,2857,2856,1790073135117.097,39.336533
d1f37ed1,2858,2857,1790073135158.306,41.209078
d1f37ed1,2859,2858,1790073135188.49,30.183941
d1f37ed1,2860,2859,1790073135233.069,44.578778
d1f37ed1,2861,2860,1790073135279.178,46.108992
d1f37ed1,2862,2861,1790073135324.14,44.961965
d1f37ed1,2863,2862,1790073135356.001,31.861665
d1f37ed1,2864,2863,1790073135407.014,51.012369
d1f37ed1,2865,2864,1790073135436.851,29.837089
d1f37ed1,2866,2865,1790073135489.075,52.223599
d1f37ed1,2867,2866,1790073135514.854,25.778796
d1f37ed1,2868,2867,1790073135565.989,51.135124
d1f37ed1,2869,2868,1790073135608.112,42.123305
d1f37ed1,2870,2869,1790073135635.429,27.317329
d1f37ed1,2871,2870,1790073135680.281,44.85177
d1f37ed1,2872,2871,1790073135681.871,1.589911
d1f37ed1,2873,2872,1790073135682.989,1.118422
d1f37ed1,2874,2873,1790073135687.213,4.223723
d1f37ed1,2875,2874,1790073135690.252,3.039361
d1f37ed1,2876,2875,1790073135754.208,63.955535
d1f37ed1,2877,2876,1790073136029.114,274.9059
d1f37ed1,2878,2877,1790073136071.532,42.418306
d1f37ed1,2879,2878,1790073136124.763,53.230578
d1f37ed1,2880,2879,1790073136149.344,24.581862
d1f37ed1,2881,2880,1790073136191.475,42.130277
d1f37ed1,2882,2881,1790073136242.618,51.143106
d1f37ed1,2883,2882,1790073136279.029,36.411439
d1f37ed1,2884,2883,1790073136313.901,34.871422
d1f37ed1,2885,2884,1790073136355.566,41.664908
d1f37ed1,2886,2885,1790073136389.647,34.081583
d1f37ed1,2887,2886,1790073136432.158,42.511255
d1f37ed1,2888,2887,1790073136477.334,45.175693
d1f37ed1,2889,2888,1790073136520.343,43.008905
d1f37ed1,2890,2889,1790073136572.568,52.224937
d1f37ed1,2891,2890,1790073136600.76,28.191731
d1f37ed1,2892,2891,1790073136633.09,32.330158
d1f37ed1,2893,2892,1790073136676.36,43.269651
d1f37ed1,2894,2893,1790073136719.389,43.029516
d1f37ed1,2895,2894,1790073136754.486,35.096653
d1f37ed1,2896,2895,1790073136796.258,41.772325
d1f37ed1,2897,2896,1790073136839.423,43.165058
d1f37ed1,2898,2897,1790073136870.504,31.081011
d1f37ed1,2899,2898,1790073136923.5,52.996217
d1f37ed1,2900,2899,1790073136955.498,31.99718
d1f37ed1,2901,2900,1790073136999.316,43.818276
d1f37ed1,2902,2901,1790073137030.368,31.051993
d1f37ed1,2903,2902,1790073137069.844,39.476004
d1f37ed1,2904,2903,1790073137112.524,42.680395
d1f37ed1,2905,2904,1790073137151.568,39.043321
d1f37ed1,2906,2905,1790073137194.43,42.862101
d1f37ed1,2907,2906,1790073137233.613,39.18343
d1f37ed1,2908,2907,1790073137276.799,43.185964
d1f37ed1,2909,2908,1790073137319.449,42.650366
d1f37ed1,2910,2909,1790073137351.808,32.358509
d1f37ed1,2911,2910,1790073137395.084,43.276333
d1f37ed1,2912,2911,1790073137437.133,42.048497
d1f37ed1,2913,2912,1790073137482.087,44.954463
d1f37ed1,2914,2913,1790073137515.304,33.216979
d1f37ed1,2915,2914,1790073137550.183,34.878603
d1f37ed1,2916,2915,1790073137610.499,60.316271
d1f37ed1,2917,2916,1790073137637.964,27.465236
d1f37ed1,2918,2917,1790073137680.206,42.241355
d1f37ed1,2919,2918,1790073137682.352,2.146005
d1f37ed1,2920,2919,1790073137685.599,3.247114
d1f37ed1,2921,2920,1790073137690.626,5.027022
d1f37ed1,2922,2921,1790073137693.02,2.394372
d1f37ed1,2923,2922,1790073137694.987,1.966741
d1f37ed1,2924,2923,1790073137749.805,54.817878
d1f37ed1,2925,2924,1790073138042.039,292.234289
d1f37ed1,2926,2925,1790073138082.062,40.023136
d1f37ed1,2927,2926,1790073138120.891,38.829227
d1f37ed1,2928,2927,1790073138167.678,46.786911
d1f37ed1,2929,2928,1790073138198.325,30.646622
d1f37ed1,2930,2929,1790073138237.797,39.471577
d1f37ed1,2931,2930,1790073138278.86,41.06334
d1f37ed1,2932,2931,1790073138320.333,41.472666
d1f37ed1,2933,2932,1790073138358.087,37.754218
d1f37ed1,2934,2933,1790073138403.353,45.265865
d1f37ed1,2935,2934,1790073138437.792,34.439896
d1f37ed1,2936,2935,1790073138475.146,37.35382
d1f37ed1,2937,2936,1790073138520.509,45.362559
d1f37ed1,2938,2937,1790073138550.537,30.028287
d1f37ed1,2939,2938,1790073138595.317,44.7794
d1f37ed1,2940,2939,1790073138635.902,40.585701
d1f37ed1,2941,2940,1790073138679.822,43.919686
d1f37ed1,2942,2941,1790073138725.675,45.852798
d1f37ed1,2943,2942,1790073138748.289,22.614086
d1f37ed1,2944,2943,1790073138800.851,52.562141
d1f37ed1,2945,2944,1790073138839.841,38.989841
d1f37ed1,2946,2945,1790073138881.18,41.33949
d1f37ed1,2947,2946,1790073138914.377,33.196283
d1f37ed1,2948,2947,1790073138961.336,46.959813
d1f37ed1,2949,2948,1790073138999.151,37.814405
d1f37ed1,2950,2949,1790073139036.993,37.842428
d1f37ed1,2951,2950,1790073139077.915,40.921538
d1f37ed1,2952,2951,1790073139108.954,31.039466
d1f37ed1,2953,2952,1790073139153.835,44.881259
d1f37ed1,2954,2953,1790073139193.881,40.044979
d1f37ed1,2955,2954,1790073139233.365,39.484162
d1f37ed1,2956,2955,1790073139288.902,55.537308
d1f37ed1,2957,2956,1790073139319.85,30.94832
d1f37ed1,2958,2957,1790073139356.67,36.819324
d1f37ed1,2959,2958,1790073139393.788,37.118084
d1f37ed1,2960,2959,1790073139431.657,37.868978
d1f37ed1,2961,2960,1790073139474.295,42.638051
d1f37ed1,2962,2961,1790073139515.202,40.907516
d1f37ed1,2963,2962,1790073139555.524,40.321428
d1f37ed1,2964,2963,1790073139598.996,43.47257
d1f37ed1,2965,2964,1790073139638.78,39.783835
d1f37ed1,2966,2965,1790073139670.721,31.940564
d1f37ed1,2967,2966,1790073139688.102,17.381636
d1f37ed1,2968,2967,1790073139697.54,9.437248
d1f37ed1,2969,2968,1790073139756.156,58.616186
d1f37ed1,2970,2969,1790073140032.149,275.993395
d1f37ed1,2971,2970,1790073140072.698,40.54858
d1f37ed1,2972,2971,1790073140124.427,51.728946
d1f37ed1,2973,2972,1790073140161.297,36.870744
d1f37ed1,2974,2973,1790073140197.267,35.96965
d1f37ed1,2975,2974,1790073140229.642,32.374526
d1f37ed1,2976,2975,1790073140280.492,50.850783
d1f37ed1,2977,2976,1790073140315.595,35.102788
d1f37ed1,2978,2977,1790073140356.195,40.599963
d1f37ed1,2979,2978,1790073140393.131,36.936011
d1f37ed1,2980,2979,1790073140446.533,53.401641
d1f37ed1,2981,2980,1790073140476.559,30.025854
d1f37ed1,2982,2981,1790073140517.061,40.502513
d1f37ed1,2983,2982,1790073140549.281,32.219619
d1f37ed1,2984,2983,1790073140609.138,59.857332
d1f37ed1,2985,2984,1790073140632.308,23.169921
d1f37ed1,2986,2985,1790073140675.505,43.197472
d1f37ed1,2987,2986,1790073140713.864,38.357984
d1f37ed1,2988,2987,1790073140757.995,44.131913
d1f37ed1,2989,2988,1790073140802.094,44.098677
d1f37ed1,2990,2989,1790073140838.458,36.364209
d1f37ed1,2991,2990,1790073140878.923,40.465186
d1f37ed1,2992,2991,1790073140911.542,32.617984
d1f37ed1,2993,2992,1790073140955.8,44.258469
d1f37ed1,2994,2993,1790073141002.294,46.493747
d1f37ed1,2995,2994,1790073141036.103,33.809336
d1f37ed1,2996,2995,1790073141086.124,50.020459
d1f37ed1,2997,2996,1790073141135.319,49.195632
d1f37ed1,2998,2997,1790073141151.64,16.320897
d1f37ed1,2999,2998,1790073141193.617,41.977543
d1f37ed1,3000,2999,1790073141237.929,44.311846
d1f37ed1,3001,3000,1790073141285.315,47.385703
d1f37ed1,3002,3001,1790073141315.038,29.72263
d1f37ed1,3003,3002,1790073141366.141,51.103415
d1f37ed1,3004,3003,1790073141400.004,33.863156
d1f37ed1,3005,3004,1790073141440.44,40.43607
d1f37ed1,3006,3005,1790073141478.517,38.076746
d1f37ed1,3007,3006,1790073141516.248,37.731322
d1f37ed1,3008,3007,1790073141559.884,43.63537
d1f37ed1,3009,3008,1790073141588.512,28.62801
d1f37ed1,3010,3009,1790073141633.821,45.309301
d1f37ed1,3011,3010,1790073141680.254,46.433069
d1f37ed1,3012,3011,1790073141684.766,4.512067
d1f37ed1,3013,3012,1790073141687.607,2.840486
d1f37ed1,3014,3013,1790073141690.44,2.833014
d1f37ed1,3015,3014,1790073141694.619,4.179041
d1f37ed1,3016,3015,1790073141760.043,65.424437
d1f37ed1,3017,3016,1790073142036.93,276.886435
d1f37ed1,3018,3017,1790073142085.765,48.835019
d1f37ed1,3019,3018,1790073142138.856,53.091068
d1f37ed1,3020,3019,1790073142164.645,25.789142
d1f37ed1,3021,3020,1790073142190.58,25.934861
d1f37ed1,3022,3021,1790073142255.66,65.080226
d1f37ed1,3023,3022,1790073142281.84,26.180063
d1f37ed1,3024,3023,1790073142320.851,39.011006
d1f37ed1,3025,3024,1790073142364.514,43.662998
d1f37ed1,3026,3025,1790073142393.821,29.307096
d1f37ed1,3027,3026,1790073142441.817,47.995739
d1f37ed1,3028,3027,1790073142478.427,36.609662
d1f37ed1,3029,3028,1790073142512.686,34.259459
d1f37ed1,3030,3029,1790073142554.276,41.589607
d1f37ed1,3031,3030,1790073142606.703,52.427066
d1f37ed1,3032,3031,1790073142640.323,33.62075
d1f37ed1,3033,3032,1790073142674.311,33.987532
d1f37ed1,3034,3033,1790073142716.588,42.277182
d1f37ed1,3035,3034,1790073142768.02,51.431319
d1f37ed1,3036,3035,1790073142796.84,28.820328
d1f37ed1,3037,3036,1790073142838.567,41.727462
d1f37ed1,3038,3037,1790073142872.155,33.587449
d1f37ed1,3039,3038,1790073142912.522,40.367006
d1f37ed1,3040,3039,1790073142954.592,42.070535
d1f37ed1,3041,3040,1790073143005.54,50.947551
d1f37ed1,3042,3041,1790073143028.97,23.430724
d1f37ed1,3043,3042,1790073143085.548,56.577944
d1f37ed1,3044,3043,1790073143122.589,37.040449
d1f37ed1,3045,3044,1790073143156.673,34.083917
d1f37ed1,3046,3045,1790073143198.795,42.122165
d1f37ed1,3047,3046,1790073143245.326,46.531072
d1f37ed1,3048,3047,1790073143270.459,25.132929
d1f37ed1,3049,3048,1790073143310.863,40.403562
d1f37ed1,3050,3049,1790073143352.424,41.561437
d1f37ed1,3051,3050,1790073143397.076,44.652048
d1f37ed1,3052,3051,1790073143445.285,48.208971
d1f37ed1,3053,3052,1790073143481.094,35.808587
d1f37ed1,3054,3053,1790073143507.624,26.530136
d1f37ed1,3055,3054,1790073143558.731,51.107738
d1f37ed1,3056,3055,1790073143598.968,40.236767
d1f37ed1,3057,3056,1790073143631.452,32.48363
d1f37ed1,3058,3057,1790073143687.808,56.355955
d1f37ed1,3059,3058,1790073143693.429,5.621222
d1f37ed1,3060,3059,1790073143696.245,2.815802
d1f37ed1,3061,3060,1790073143699.273,3.028285
d1f37ed1,3062,3061,1790073143702.894,3.620432
d1f37ed1,3063,3062,1790073143705.036,2.142035
d1f37ed1,3064,3063,1790073143757.362,52.326818
d1f37ed1,3065,3064,1790073144045.223,287.860288
d1f37ed1,3066,3065,1790073144080.255,35.032137
d1f37ed1,3067,3066,1790073144111.166,30.910774
d1f37ed1,3068,3067,1790073144156.259,45.093539
d1f37ed1,3069,3068,1790073144192.091,35.831551
d1f37ed1,3070,3069,1790073144237.038,44.947683
d1f37ed1,3071,3070,1790073144271.413,34.374495
d1f37ed1,3072,3071,1790073144316.263,44.850322
d1f37ed1,3073,3072,1790073144348.761,32.498435
d1f37ed1,3074,3073,1790073144412.468,63.706282
d1f37ed1,3075,3074,1790073144434.986,22.518078
d1f37ed1,3076,3075,1790073144475.899,40.912925
d1f37ed1,3077,3076,1790073144513.724,37.825212
d1f37ed1,3078,3077,1790073144549.352,35.627666
d1f37ed1,3079,3078,1790073144590.797,41.445393
d1f37ed1,3080,3079,1790073144627.227,36.429524
d1f37ed1,3081,3080,1790073144672.676,45.448975
d1f37ed1,3082,3081,1790073144712.535,39.859732
d1f37ed1,3083,3082,1790073144753.482,40.946275
d1f37ed1,3084,3083,1790073144793.846,40.364048
d1f37ed1,3085,3084,1790073144834.917,41.070905
d1f37ed1,3086,3085,1790073144883.949,49.032264
d1f37ed1,3087,3086,1790073144907.844,23.895151
d1f37ed1,3088,3087,1790073144952.985,45.141067
d1f37ed1,3089,3088,1790073144986.198,33.213421
d1f37ed1,3090,3089,1790073145031.344,45.145784
d1f37ed1,3091,3090,1790073145076.813,45.468968
d1f37ed1,3092,3091,1790073145114.616,37.802688
d1f37ed1,3093,3092,1790073145158.166,43.550169
d1f37ed1,3094,3093,1790073145202.859,44.692565
d1f37ed1,3095,3094,1790073145236.318,33.458833
d1f37ed1,3096,3095,1790073145268.352,32.034776
d1f37ed1,3097,3096,1790073145310.659,42.306968
d1f37ed1,3098,3097,1790073145362.488,51.828946
d1f37ed1,3099,3098,1790073145408.015,45.526997
d1f37ed1,3100,3099,1790073145440.462,32.446983
d1f37ed1,3101,3100,1790073145482.542,42.08015
d1f37ed1,3102,3101,1790073145529.58,47.037783
d1f37ed1,3103,3102,1790073145551.81,22.229494
d1f37ed1,3104,3103,1790073145603.136,51.326869
d1f37ed1,3105,3104,1790073145634.935,31.798388
d1f37ed1,3106,3105,1790073145677.483,42.548477
d1f37ed1,3107,3106,1790073145678.294,0.810492
d1f37ed1,3108,3107,1790073145681.054,2.759992
d1f37ed1,3109,3108,1790073145684.04,2.986416
d1f37ed1,3110,3109,1790073145686.901,2.860771
d1f37ed1,3111,3110,1790073145761.881,74.979789
d1f37ed1,3112,3111,1790073146044.808,282.927418
d1f37ed1,3113,3112,1790073146082.744,37.935411
d1f37ed1,3114,3113,1790073146121.777,39.033214
d1f37ed1,3115,3114,1790073146150.403,28.62654
d1f37ed1,3116,3115,1790073146197.816,47.412698
d1f37ed1,3117,3116,1790073146237.567,39.750849
d1f37ed1,3118,3117,1790073146275.582,38.015093
d1f37ed1,3119,3118,1790073146310.783,35.200963
d1f37ed1,3120,3119,1790073146349.266,38.483127
d1f37ed1,3121,3120,1790073146395.06,45.793766
d1f37ed1,3122,3121,1790073146432.419,37.359502
d1f37ed1,3123,3122,1790073146476.01,43.590975
d1f37ed1,3124,3123,1790073146523.069,47.058717
d1f37ed1,3125,3124,1790073146546.185,23.115517
d1f37ed1,3126,3125,1790073146599.843,53.658115
d1f37ed1,3127,3126,1790073146633.121,33.27829
d1f37ed1,3128,3127,1790073146670.468,37.346908
d1f37ed1,3129,3128,1790073146712.472,42.004289
d1f37ed1,3130,3129,1790073146759.306,46.833777
d1f37ed1,3131,3130,1790073146797.683,38.376646
d1f37ed1,3132,3131,1790073146850.698,53.015575
d1f37ed1,3133,3132,1790073146875.843,25.144563
d1f37ed1,3134,3133,1790073146918.456,42.613549
d1f37ed1,3135,3134,1790073146956.513,38.057211
d1f37ed1,3136,3135,1790073146991.336,34.822745
d1f37ed1,3137,3136,1790073147031.1,39.76372
d1f37ed1,3138,3137,1790073147073.337,42.236903
d1f37ed1,3139,3138,1790073147115.897,42.560572
d1f37ed1,3140,3139,1790073147154.535,38.637162
d1f37ed1,3141,3140,1790073147200.088,45.553206
d1f37ed1,3142,3141,1790073147232.788,32.700573
d1f37ed1,3143,3142,1790073147283.932,51.143307
d1f37ed1,3144,3143,1790073147319.497,35.565308
d1f37ed1,3145,3144,1790073147352.626,33.129448
d1f37ed1,3146,3145,1790073147403.384,50.757274
d1f37ed1,3147,3146,1790073147433.338,29.954397
d1f37ed1,3148,3147,1790073147478.044,44.706224
d1f37ed1,3149,3148,1790073147506.869,28.82445
d1f37ed1,3150,3149,1790073147548.76,41.891145
d1f37ed1,3151,3150,1790073147595.773,47.013223
d1f37ed1,3152,3151,1790073147638.276,42.502978
d1f37ed1,3153,3152,1790073147679.456,41.179739
d1f37ed1,3154,3153,1790073147680.614,1.157529
d1f37ed1,3155,3154,1790073147683.685,3.071515
d1f37ed1,3156,3155,1790073147687.501,3.816466
d1f37ed1,3157,3156,1790073147691.777,4.275351
d1f37ed1,3158,3157,1790073147694.894,3.117372
d1f37ed1,3159,3158,1790073147756.613,61.718461
d1f37ed1,3160,3159,1790073148034.102,277.489553
d1f37ed1,3161,3160,1790073148072.996,38.893846
d1f37ed1,3162,3161,1790073148115.879,42.88309
d1f37ed1,3163,3162,1790073148154.532,38.652857
d1f37ed1,3164,3163,1790073148196.679,42.147357
d1f37ed1,3165,3164,1790073148230.366,33.687113
d1f37ed1,3166,3165,1790073148270.07,39.703914
d1f37ed1,3167,3166,1790073148321.368,51.297911
d1f37ed1,3168,3167,1790073148354.931,33.562794
d1f37ed1,3169,3168,1790073148387.036,32.105009
d1f37ed1,3170,3169,1790073148431.905,44.869078
d1f37ed1,3171,3170,1790073148475.136,43.231264
d1f37ed1,3172,3171,1790073148519.857,44.721014
d1f37ed1,3173,3172,1790073148557.632,37.774301
d1f37ed1,3174,3173,1790073148597.261,39.629319
d1f37ed1,3175,3174,1790073148631.696,34.435173
d1f37ed1,3176,3175,1790073148672.852,41.155716
d1f37ed1,3177,3176,1790073148717.387,44.535333
d1f37ed1,3178,3177,1790073148752.517,35.129993
d1f37ed1,3179,3178,1790073148795.655,43.137263
d1f37ed1,3180,3179,1790073148833.295,37.640154
d1f37ed1,3181,3180,1790073148884.935,51.640745
d1f37ed1,3182,3181,1790073148909.042,24.107138
d1f37ed1,3183,3182,1790073148949.079,40.036932
d1f37ed1,3184,3183,1790073148992.036,42.956829
d1f37ed1,3185,3184,1790073149037.74,45.703746
d1f37ed1,3186,3185,1790073149075.973,38.233077
d1f37ed1,3187,3186,1790073149115.813,39.840054
d1f37ed1,3188,3187,1790073149157.194,41.381124
d1f37ed1,3189,3188,1790073149201.673,44.47902
d1f37ed1,3190,3189,1790073149227.24,25.566931
d1f37ed1,3191,3190,1790073149286.004,58.763618
d1f37ed1,3192,3191,1790073149315.463,29.45923
d1f37ed1,3193,3192,1790073149354.02,38.556912
d1f37ed1,3194,3193,1790073149397.1,43.0804
d1f37ed1,3195,3194,1790073149444.547,47.446654
d1f37ed1,3196,3195,1790073149467.722,23.175377
d1f37ed1,3197,3196,1790073149517.424,49.701945
d1f37ed1,3198,3197,1790073149554.516,37.091883
d1f37ed1,3199,3198,1790073149587.576,33.060232
d1f37ed1,3200,3199,1790073149630.357,42.781
d1f37ed1,3201,3200,1790073149680.085,49.727517
d1f37ed1,3202,3201,1790073149681.694,1.60852
d1f37ed1,3203,3202,1790073149683.07,1.376701
d1f37ed1,3204,3203,1790073149685.324,2.253847
d1f37ed1,3205,3204,1790073149692.651,7.327192
d1f37ed1,3206,3205,1790073149695.44,2.788824
d1f37ed1,3207,3206,1790073149750.292,54.852241
d1f37ed1,3208,3207,1790073150042.116,291.823375
d1f37ed1,3209,3208,1790073150074.197,32.081481
d1f37ed1,3210,3209,1790073150116.606,42.409271
d1f37ed1,3211,3210,1790073150156.586,39.979999
d1f37ed1,3212,3211,1790073150196.258,39.671183
d1f37ed1,3213,3212,1790073150235.792,39.534442
d1f37ed1,3214,3213,1790073150285.005,49.213172
d1f37ed1,3215,3214,1790073150328.972,43.966644
d1f37ed1,3216,3215,1790073150360.054,31.081835
d1f37ed1,3217,3216,1790073150398.033,37.979101
d1f37ed1,3218,3217,1790073150426.505,28.472292
d1f37ed1,3219,3218,1790073150469.968,43.462442
d1f37ed1,3220,3219,1790073150517.342,47.37477
d1f37ed1,3221,3220,1790073150555.845,38.503179
d1f37ed1,3222,3221,1790073150600.008,44.162661
d1f37ed1,3223,3222,1790073150635.929,35.921334
d1f37ed1,3224,3223,1790073150670.266,34.336778
d1f37ed1,3225,3224,1790073150712.308,42.041399
d1f37ed1,3226,3225,1790073150761.328,49.020279
d1f37ed1,3227,3226,1790073150803.511,42.182932
d1f37ed1,3228,3227,1790073150846.609,43.098368
d1f37ed1,3229,3228,1790073150873.874,27.264914
d1f37ed1,3230,3229,1790073150910.193,36.319139
d1f37ed1,3231,3230,1790073150950.131,39.937698
d1f37ed1,3232,3231,1790073150990.688,40.557004
d1f37ed1,3233,3232,1790073151036.573,45.884435
d1f37ed1,3234,3233,1790073151091.415,54.841977
d1f37ed1,3235,3234,1790073151122.918,31.503663
d1f37ed1,3236,3235,1790073151157.988,35.069911
d1f37ed1,3237,3236,1790073151189.822,31.833504
d1f37ed1,3238,3237,1790073151231.769,41.946979
d1f37ed1,3239,3238,1790073151282.475,50.70656
d1f37ed1,3240,3239,1790073151317.008,34.533135
d1f37ed1,3241,3240,1790073151350.376,33.368354
d1f37ed1,3242,3241,1790073151392.565,42.188166
d1f37ed1,3243,3242,1790073151433.489,40.924607
d1f37ed1,3244,3243,1790073151473.867,40.377609
d1f37ed1,3245,3244,1790073151512.722,38.855004
d1f37ed1,3246,3245,1790073151551.667,38.945547
d1f37ed1,3247,3246,1790073151597.277,45.60971
d1f37ed1,3248,3247,1790073151641.892,44.614665
d1f37ed1,3249,3248,1790073151689.132,47.240338
d1f37ed1,3250,3249,1790073151691.801,2.668241
d1f37ed1,3251,3250,1790073151694.844,3.043811
d1f37ed1,3252,3251,1790073151697.573,2.728473
d1f37ed1,3253,3252,1790073151700.558,2.985639
d1f37ed1,3254,3253,1790073151704.688,4.130235
d1f37ed1,3255,3254,1790073151755.772,51.083976
d1f37ed1,3256,3255,1790073152033.588,277.815473
d1f37ed1,3257,3256,1790073152071.941,38.352739
d1f37ed1,3258,3257,1790073152120.212,48.271553
d1f37ed1,3259,3258,1790073152156.96,36.747943
d1f37ed1,3260,3259,1790073152199.846,42.886014
d1f37ed1,3261,3260,1790073152233.286,33.439702
d1f37ed1,3262,3261,1790073152274.955,41.668784
d1f37ed1,3263,3262,1790073152314.273,39.318099
d1f37ed1,3264,3263,1790073152356.999,42.726084
d1f37ed1,3265,3264,1790073152395.443,38.443971
d1f37ed1,3266,3265,1790073152434.646,39.203262
d1f37ed1,3267,3266,1790073152479.141,44.494988
d1f37ed1,3268,3267,1790073152518.064,38.922508
d1f37ed1,3269,3268,1790073152553.61,35.545964
d1f37ed1,3270,3269,1790073152593.765,40.155601
d1f37ed1,3271,3270,1790073152633.811,40.045246
d1f37ed1,3272,3271,1790073152675.917,42.106673
d1f37ed1,3273,3272,1790073152705.973,30.055703
d1f37ed1,3274,3273,1790073152760.17,54.197266
d1f37ed1,3275,3274,1790073152796.104,35.933633
d1f37ed1,3276,3275,1790073152825.893,29.788847
d1f37ed1,3277,3276,1790073152881.561,55.668196
d1f37ed1,3278,3277,1790073152910.33,28.769043
d1f37ed1,3279,3278,1790073152951.514,41.184167
d1f37ed1,3280,3279,1790073152990.776,39.26237
d1f37ed1,3281,3280,1790073153033.656,42.879367
d1f37ed1,3282,3281,1790073153075.061,41.405566
d1f37ed1,3283,3282,1790073153116.357,41.296102
d1f37ed1,3284,3283,1790073153148.252,31.894864
d1f37ed1,3285,3284,1790073153192.339,44.08668
d1f37ed1,3286,3285,1790073153237.425,45.086145
d1f37ed1,3287,3286,1790073153277.538,40.112428
d1f37ed1,3288,3287,1790073153314.621,37.083837
d1f37ed1,3289,3288,1790073153349.774,35.152788
d1f37ed1,3290,3289,1790073153403.572,53.798023
d1f37ed1,3291,3290,1790073153429.515,25.942797
d1f37ed1,3292,3291,1790073153481.392,51.876617
d1f37ed1,3293,3292,1790073153514.735,33.342988
d1f37ed1,3294,3293,1790073153558.65,43.915591
d1f37ed1,3295,3294,1790073153596.681,38.030783
d1f37ed1,3296,3295,1790073153624.292,27.611044
d1f37ed1,3297,3296,1790073153675.821,51.52849
d1f37ed1,3298,3297,1790073153677.477,1.656361
d1f37ed1,3299,3298,1790073153678.103,0.626151
d1f37ed1,3300,3299,1790073153679.114,1.01088
d1f37ed1,3301,3300,1790073153681.664,2.550272
d1f37ed1,3302,3301,1790073153758.11,76.445765
d1f37ed1,3303,3302,1790073154030.169,272.05921
d1f37ed1,3304,3303,1790073154089.268,59.099012
d1f37ed1,3305,3304,1790073154115.928,26.659584
d1f37ed1,3306,3305,1790073154156.548,40.619861
d1f37ed1,3307,3306,1790073154199.369,42.821857
d1f37ed1,3308,3307,1790073154239.984,40.614946
d1f37ed1,3309,3308,1790073154268.179,28.194563
d1f37ed1,3310,3309,1790073154309.948,41.768542
d1f37ed1,3311,3310,1790073154357.458,47.510092
d1f37ed1,3312,3311,1790073154393.687,36.228881
d1f37ed1,3313,3312,1790073154447.415,53.72845
d1f37ed1,3314,3313,1790073154477.578,30.162629
d1f37ed1,3315,3314,1790073154514.788,37.210854
d1f37ed1,3316,3315,1790073154547.732,32.943984
d1f37ed1,3317,3316,1790073154594.36,46.627111
d1f37ed1,3318,3317,1790073154636.791,42.431794
d1f37ed1,3319,3318,1790073154677.572,40.780148
d1f37ed1,3320,3319,1790073154706.108,28.536778
d1f37ed1,3321,3320,1790073154764.667,58.558517
d1f37ed1,3322,3321,1790073154792.53,27.863284
d1f37ed1,3323,3322,1790073154828.312,35.782003
d1f37ed1,3324,3323,1790073154870.333,42.02046
d1f37ed1,3325,3324,1790073154914.962,44.629773
d1f37ed1,3326,3325,1790073154956.058,41.096047
d1f37ed1,3327,3326,1790073154995.743,39.684961
d1f37ed1,3328,3327,1790073155030.158,34.415125
d1f37ed1,3329,3328,1790073155072.8,42.641969
d1f37ed1,3330,3329,1790073155107.22,34.419773
d1f37ed1,3331,3330,1790073155164.835,57.614792
d1f37ed1,3332,3331,1790073155193.402,28.566903
d1f37ed1,3333,3332,1790073155235.76,42.35808
d1f37ed1,3334,3333,1790073155274.083,38.323111
d1f37ed1,3335,3334,1790073155324.529,50.446252
d1f37ed1,3336,3335,1790073155346.297,21.767484
d1f37ed1,3337,3336,1790073155387.847,41.549932
d1f37ed1,3338,3337,1790073155438.125,50.277952
d1f37ed1,3339,3338,1790073155473.69,35.565621
d1f37ed1,3340,3339,1790073155513.487,39.796778
d1f37ed1,3341,3340,1790073155554.412,40.925261
d1f37ed1,3342,3341,1790073155590.598,36.185779
d1f37ed1,3343,3342,1790073155631.138,40.539938
d1f37ed1,3344,3343,1790073155681.598,50.459532
d1f37ed1,3345,3344,1790073155682.69,1.092304
d1f37ed1,3346,3345,1790073155683.667,0.977724
d1f37ed1,3347,3346,1790073155685.406,1.738784
d1f37ed1,3348,3347,1790073155687.912,2.505233
d1f37ed1,3349,3348,1790073155691.571,3.658903
d1f37ed1,3350,3349,1790073155754.449,62.87834
d1f37ed1,3351,3350,1790073156035.891,281.442431
d1f37ed1,3352,3351,1790073156096.414,60.523008
d1f37ed1,3353,3352,1790073156114.621,18.206363
d1f37ed1,3354,3353,1790073156157.77,43.149322
d1f37ed1,3355,3354,1790073156211.898,54.127648
d1f37ed1,3356,3355,1790073156230.1,18.202318
d1f37ed1,3357,3356,1790073156273.324,43.224465
d1f37ed1,3358,3357,1790073156312.765,39.440417
d1f37ed1,3359,3358,1790073156354.902,42.13753
d1f37ed1,3360,3359,1790073156397.696,42.793457
d1f37ed1,3361,3360,1790073156435.117,37.42097
d1f37ed1,3362,3361,1790073156477.593,42.475644
d1f37ed1,3363,3362,1790073156524.237,46.645007
d1f37ed1,3364,3363,1790073156550.699,26.461822
d1f37ed1,3365,3364,1790073156593.677,42.978204
d1f37ed1,3366,3365,1790073156632.495,38.817499
d1f37ed1,3367,3366,1790073156673.733,41.23809
d1f37ed1,3368,3367,1790073156715.942,42.208662
d1f37ed1,3369,3368,1790073156773.729,57.787036
d1f37ed1,3370,3369,1790073156798.969,25.240355
d1f37ed1,3371,3370,1790073156835.66,36.690635
d1f37ed1,3372,3371,1790073156883.106,47.446214
d1f37ed1,3373,3372,1790073156917.673,34.566717
d1f37ed1,3374,3373,1790073156955.259,37.58651
d1f37ed1,3375,3374,1790073156997.115,41.855336
d1f37ed1,3376,3375,1790073157038.35,41.235097
d1f37ed1,3377,3376,1790073157069.359,31.009354
d1f37ed1,3378,3377,1790073157121.377,52.018393
d1f37ed1,3379,3378,1790073157153.387,32.009769
d1f37ed1,3380,3379,1790073157193.399,40.011907
d1f37ed1,3381,3380,1790073157225.72,32.320674
d1f37ed1,3382,3381,1790073157272.214,46.493846
d1f37ed1,3383,3382,1790073157312.815,40.60148
d1f37ed1,3384,3383,1790073157352.671,39.856353
d1f37ed1,3385,3384,1790073157393.012,40.340433
d1f37ed1,3386,3385,1790073157443.452,50.439916
d1f37ed1,3387,3386,1790073157474.638,31.186272
d1f37ed1,3388,3387,1790073157544.367,69.729393
d1f37ed1,3389,3388,1790073157549.006,4.638717
d1f37ed1,3390,3389,1790073157592.499,43.49235
d1f37ed1,3391,3390,1790073157636.465,43.966873
d1f37ed1,3392,3391,1790073157676.415,39.949122
d1f37ed1,3393,3392,1790073157677.771,1.356198
d1f37ed1,3394,3393,1790073157678.82,1.048949
d1f37ed1,3395,3394,1790073157680.029,1.20898
d1f37ed1,3396,3395,1790073157681.326,1.297235
d1f37ed1,3397,3396,1790073157751.906,70.579773
d1f37ed1,3398,3397,1790073158027.194,275.287944
d1f37ed1,3399,3398,1790073158074.401,47.207582
d1f37ed1,3400,3399,1790073158117.477,43.076086
d1f37ed1,3401,3400,1790073158157.365,39.887535
d1f37ed1,3402,3401,1790073158205.221,47.85655
d1f37ed1,3403,3402,1790073158231.716,26.49435
d1f37ed1,3404,3403,1790073158270.873,39.156844
d1f37ed1,3405,3404,1790073158318.167,47.294667
d1f37ed1,3406,3405,1790073158355.614,37.446846
d1f37ed1,3407,3406,1790073158392.916,37.302049
d1f37ed1,3408,3407,1790073158436.118,43.202478
d1f37ed1,3409,3408,1790073158474.123,38.004145
d1f37ed1,3410,3409,1790073158517.07,42.947326
d1f37ed1,3411,3410,1790073158559.559,42.48873
d1f37ed1,3412,3411,1790073158596.788,37.229483
d1f37ed1,3413,3412,1790073158636.774,39.985748
d1f37ed1,3414,3413,1790073158685.86,49.085581
d1f37ed1,3415,3414,1790073158721.705,35.845713
d1f37ed1,3416,3415,1790073158751.727,30.021502
d1f37ed1,3417,3416,1790073158790.307,38.580471
d1f37ed1,3418,3417,1790073158833.448,43.140512
d1f37ed1,3419,3418,1790073158874.094,40.646617
d1f37ed1,3420,3419,1790073158920.151,46.056875
d1f37ed1,3421,3420,1790073158960.358,40.207147
d1f37ed1,3422,3421,1790073158989.668,29.309293
d1f37ed1,3423,3422,1790073159031.787,42.119144
d1f37ed1,3424,3423,1790073159083.438,51.650793
d1f37ed1,3425,3424,1790073159116.156,32.718638
d1f37ed1,3426,3425,1790073159155.431,39.27482
d1f37ed1,3427,3426,1790073159195.003,39.571849
d1f37ed1,3428,3427,1790073159243.722,48.719627
d1f37ed1,3429,3428,1790073159291.456,47.733605
d1f37ed1,3430,3429,1790073159311.976,20.519957
d1f37ed1,3431,3430,1790073159352.366,40.389824
d1f37ed1,3432,3431,1790073159395.279,42.912588
d1f37ed1,3433,3432,1790073159436.065,40.786385
d1f37ed1,3434,3433,1790073159474.31,38.244705
d1f37ed1,3435,3434,1790073159516.826,42.516623
d1f37ed1,3436,3435,1790073159552.235,35.409007
d1f37ed1,3437,3436,1790073159592.061,39.825312
d1f37ed1,3438,3437,1790073159637.224,45.163703
d1f37ed1,3439,3438,1790073159677.151,39.926607
d1f37ed1,3440,3439,1790073159680.646,3.495498
d1f37ed1,3441,3440,1790073159682.547,1.900187
d1f37ed1,3442,3441,1790073159684.03,1.483461
d1f37ed1,3443,3442,1790073159687.042,3.012222
d1f37ed1,3444,3443,1790073159690.424,3.382105
d1f37ed1,3445,3444,1790073159749.46,59.035336
06e9e5b9,250,249,1790073024840.293,49.108407
06e9e5b9,251,250,1790073024868.26,27.966625
06e9e5b9,252,251,1790073024910.2,41.940236
06e9e5b9,253,252,1790073024954.782,44.581799
06e9e5b9,254,253,1790073025009.7,54.918236
06e9e5b9,255,254,1790073025041.989,32.289107
06e9e5b9,256,255,1790073025069.44,27.450729
06e9e5b9,257,256,1790073025112.609,43.16895
06e9e5b9,258,257,1790073025156.003,43.394109
06e9e5b9,259,258,1790073025195.264,39.260946
06e9e5b9,260,259,1790073025228.13,32.86642
06e9e5b9,261,260,1790073025269.997,41.866802
06e9e5b9,262,261,1790073025319.472,49.475318
06e9e5b9,263,262,1790073025352.145,32.672458
06e9e5b9,264,263,1790073025414.171,62.026364
06e9e5b9,265,264,1790073025436.467,22.29524
06e9e5b9,266,265,1790073025470.181,33.71493
06e9e5b9,267,266,1790073025512.295,42.113645
06e9e5b9,268,267,1790073025545.337,33.041573
06e9e5b9,269,268,1790073025589.219,43.88221
06e9e5b9,270,269,1790073025634.851,45.632131
06e9e5b9,271,270,1790073025681.499,46.647699
06e9e5b9,272,271,1790073025682.663,1.163827
06e9e5b9,273,272,1790073025684.212,1.5496
06e9e5b9,274,273,1790073025690.593,6.380474
06e9e5b9,275,274,1790073025692.158,1.565725
06e9e5b9,276,275,1790073025693.349,1.19026
06e9e5b9,277,276,1790073025752.764,59.414958
06e9e5b9,278,277,1790073026026.635,273.871526
06e9e5b9,279,278,1790073026083.499,56.863555
06e9e5b9,280,279,1790073026112.463,28.964245
06e9e5b9,281,280,1790073026155.719,43.256652
06e9e5b9,282,281,1790073026205.237,49.517828
06e9e5b9,283,282,1790073026227.842,22.604572
06e9e5b9,284,283,1790073026282.828,54.986463
06e9e5b9,285,284,1790073026319.367,36.538952
06e9e5b9,286,285,1790073026353.674,34.306246
06e9e5b9,287,286,1790073026388.307,34.633714
06e9e5b9,288,287,1790073026428.89,40.582815
06e9e5b9,289,288,1790073026471.591,42.701276
06e9e5b9,290,289,1790073026514.239,42.647347
06e9e5b9,291,290,1790073026560.003,45.764615
06e9e5b9,292,291,1790073026593.699,33.69533
06e9e5b9,293,292,1790073026641.49,47.791327
06e9e5b9,294,293,1790073026673.623,32.132798
06e9e5b9,295,294,1790073026708.564,34.940956
06e9e5b9,296,295,1790073026750.649,42.08482
06e9e5b9,297,296,1790073026791.877,41.228039
06e9e5b9,298,297,1790073026836.981,45.104481
06e9e5b9,299,298,1790073026871.852,34.870442
06e9e5b9,300,299,1790073026910.243,38.391925
06e9e5b9,301,300,1790073026969.479,59.235495
06e9e5b9,302,301,1790073026991.669,22.190308
06e9e5b9,303,302,1790073027038.21,46.540469
06e9e5b9,304,303,1790073027073.573,35.363725
06e9e5b9,305,304,1790073027117.795,44.221821
06e9e5b9,306,305,1790073027149.172,31.376696
06e9e5b9,307,306,1790073027188.798,39.626273
06e9e5b9,308,307,1790073027235.313,46.514913
06e9e5b9,309,308,1790073027285.278,49.964582
06e9e5b9,310,309,1790073027317.185,31.907227
06e9e5b9,311,310,1790073027353.729,36.543988
06e9e5b9,312,311,1790073027392.022,38.29275
06e9e5b9,313,312,1790073027428.091,36.069169
06e9e5b9,314,313,1790073027472.372,44.280905
06e9e5b9,315,314,1790073027512.629,40.257387
06e9e5b9,316,315,1790073027553.726,41.097056
06e9e5b9,317,316,1790073027600.4,46.673562
06e9e5b9,318,317,1790073027627.824,27.423871
06e9e5b9,319,318,1790073027682.615,54.79097
06e9e5b9,320,319,1790073027684.28,1.665308
06e9e5b9,321,320,1790073027688.924,4.644458
06e9e5b9,322,321,1790073027691.618,2.694006
06e9e5b9,323,322,1790073027756.575,64.956332
06e9e5b9,324,323,1790073028033.429,276.854195
06e9e5b9,325,324,1790073028077.86,44.430697
06e9e5b9,326,325,1790073028111.528,33.66825
06e9e5b9,327,326,1790073028158.269,46.741396
06e9e5b9,328,327,1790073028194.882,36.61306
06e9e5b9,329,328,1790073028227.417,32.534262
06e9e5b9,330,329,1790073028271.556,44.139492
06e9e5b9,331,330,1790073028311.715,40.158973
06e9e5b9,332,331,1790073028352.185,40.469925
06e9e5b9,333,332,1790073028394.568,42.382629
06e9e5b9,334,333,1790073028428.432,33.864733
06e9e5b9,335,334,1790073028476.093,47.660736
06e9e5b9,336,335,1790073028523.075,46.981838
06e9e5b9,337,336,1790073028565.685,42.609786
06e9e5b9,338,337,1790073028604.416,38.730993
06e9e5b9,339,338,1790073028643.294,38.878263
06e9e5b9,340,339,1790073028675.156,31.862134
06e9e5b9,341,340,1790073028725.449,50.292708
06e9e5b9,342,341,1790073028761.013,35.564381
06e9e5b9,343,342,1790073028797.182,36.169189
06e9e5b9,344,343,1790073028831.408,34.225786
06e9e5b9,345,344,1790073028875.688,44.280383
06e9e5b9,346,345,1790073028913.091,37.402396
06e9e5b9,347,346,1790073028966.645,53.554067
06e9e5b9,348,347,1790073028994.579,27.933993
06e9e5b9,349,348,1790073029039.942,45.363373
06e9e5b9,350,349,1790073029082.678,42.735735
06e9e5b9,351,350,1790073029115.856,33.17754
06e9e5b9,352,351,1790073029147.772,31.916102
06e9e5b9,353,352,1790073029200.7,52.928491
06e9e5b9,354,353,1790073029229.142,28.441443
06e9e5b9,355,354,1790073029271.035,41.893635
06e9e5b9,356,355,1790073029320.098,49.062371
06e9e5b9,357,356,1790073029359.62,39.52272
06e9e5b9,358,357,1790073029394.265,34.644284
06e9e5b9,359,358,1790073029428.44,34.174911
06e9e5b9,360,359,1790073029472.138,43.698465
06e9e5b9,361,360,1790073029512.659,40.521195
06e9e5b9,362,361,1790073029568.124,55.465004
06e9e5b9,363,362,1790073029586.97,18.846263
06e9e5b9,364,363,1790073029629.472,42.501976
06e9e5b9,365,364,1790073029682.201,52.728987
06e9e5b9,366,365,1790073029684.618,2.416471
06e9e5b9,367,366,1790073029687.93,3.312078
06e9e5b9,368,367,1790073029690.946,3.015911
06e9e5b9,369,368,1790073029695.125,4.1786
06e9e5b9,370,369,1790073029704.35,9.225671
06e9e5b9,371,370,1790073029756.374,52.023332
06e9e5b9,372,371,1790073030033.747,277.37316
06e9e5b9,373,372,1790073030073.468,39.720773
06e9e5b9,374,373,1790073030109.104,35.636659
06e9e5b9,375,374,1790073030150.626,41.522124
06e9e5b9,376,375,1790073030200.857,50.230352
06e9e5b9,377,376,1790073030237.996,37.139555
06e9e5b9,378,377,1790073030278.906,40.909751
06e9e5b9,379,378,1790073030313.183,34.276795
06e9e5b9,380,379,1790073030364.674,51.491279
06e9e5b9,381,380,1790073030394.031,29.357347
06e9e5b9,382,381,1790073030436.768,42.736962
06e9e5b9,383,382,1790073030473.931,37.163159
06e9e5b9,384,383,1790073030527.648,53.71698
06e9e5b9,385,384,1790073030556.124,28.474963
06e9e5b9,386,385,1790073030610.407,54.284104
06e9e5b9,387,386,1790073030637.652,27.244115
06e9e5b9,388,387,1790073030675.095,37.443729
06e9e5b9,389,388,1790073030718.714,43.618748
06e9e5b9,390,389,1790073030756.644,37.92957
06e9e5b9,391,390,1790073030800.102,43.458342
06e9e5b9,392,391,1790073030835.479,35.377278
06e9e5b9,393,392,1790073030883.612,48.132927
06e9e5b9,394,393,1790073030914.202,30.589302
06e9e5b9,395,394,1790073030959.583,45.381253
06e9e5b9,396,395,1790073030996.948,37.364688
06e9e5b9,397,396,1790073031031.72,34.772559
06e9e5b9,398,397,1790073031076.088,44.368202
06e9e5b9,399,398,1790073031121.008,44.919198
06e9e5b9,400,399,1790073031157.912,36.904317
06e9e5b9,401,400,1790073031195.754,37.842414
06e9e5b9,402,401,1790073031229.956,34.201457
06e9e5b9,403,402,1790073031281.777,51.821755
06e9e5b9,404,403,1790073031314.363,32.585404
06e9e5b9,405,404,1790073031348.012,33.649015
06e9e5b9,406,405,1790073031393.609,45.596918
06e9e5b9,407,406,1790073031435.518,41.908965
06e9e5b9,408,407,1790073031473.979,38.460964
06e9e5b9,409,408,1790073031513.069,39.090179
06e9e5b9,410,409,1790073031554.677,41.607707
06e9e5b9,411,410,1790073031599.942,45.265455
06e9e5b9,412,411,1790073031643.371,43.428597
06e9e5b9,413,412,1790073031670.628,27.257609
06e9e5b9,414,413,1790073031672.326,1.697371
06e9e5b9,415,414,1790073031673.706,1.380029
06e9e5b9,416,415,1790073031677.184,3.478168
06e9e5b9,417,416,1790073031751.778,74.594216
06e9e5b9,418,417,1790073032036.991,285.212723
06e9e5b9,419,418,1790073032073.486,36.495492
06e9e5b9,420,419,1790073032134.703,61.216466
06e9e5b9,421,420,1790073032155.771,21.06783
06e9e5b9,422,421,1790073032189.515,33.744662
06e9e5b9,423,422,1790073032233.149,43.634149
06e9e5b9,424,423,1790073032283.293,50.143306
06e9e5b9,425,424,1790073032308.878,25.584965
06e9e5b9,426,425,1790073032350.809,41.931213
06e9e5b9,427,426,1790073032397.671,46.861957
06e9e5b9,428,427,1790073032433.259,35.587714
06e9e5b9,429,428,1790073032476.711,43.452581
06e9e5b9,430,429,1790073032515.463,38.751635
06e9e5b9,431,430,1790073032555.03,39.567526
06e9e5b9,432,431,1790073032604.213,49.182375
06e9e5b9,433,432,1790073032635.384,31.170935
06e9e5b9,434,433,1790073032677.767,42.38351
06e9e5b9,435,434,1790073032711.686,33.919039
06e9e5b9,436,435,1790073032751.318,39.631455
06e9e5b9,437,436,1790073032809.483,58.165702
06e9e5b9,438,437,1790073032832.708,23.22509
06e9e5b9,439,438,1790073032873.022,40.314202
06e9e5b9,440,439,1790073032914.479,41.456358
06e9e5b9,441,440,1790073032963.32,48.84063
06e9e5b9,442,441,1790073032991.107,27.78751
06e9e5b9,443,442,1790073033032.654,41.546886
06e9e5b9,444,443,1790073033070.526,37.87228
06e9e5b9,445,444,1790073033122.814,52.287528
06e9e5b9,446,445,1790073033158.438,35.623671
06e9e5b9,447,446,1790073033194.194,35.756703
06e9e5b9,448,447,1790073033234.575,40.380503
06e9e5b9,449,448,1790073033281.545,46.970815
06e9e5b9,450,449,1790073033307.183,25.63761
06e9e5b9,451,450,1790073033349.914,42.730696
06e9e5b9,452,451,1790073033391.984,42.070632
06e9e5b9,453,452,1790073033438.055,46.071046
06e9e5b9,454,453,1790073033476.22,38.164674
06e9e5b9,455,454,1790073033516.047,39.826472
06e9e5b9,456,455,1790073033560.046,43.999703
06e9e5b9,457,456,1790073033602.105,42.058645
06e9e5b9,458,457,1790073033632.312,30.207276
06e9e5b9,459,458,1790073033682.499,50.187074
06e9e5b9,460,459,1790073033685.717,3.21771
06e9e5b9,461,460,1790073033689.144,3.427156
06e9e5b9,462,461,1790073033691.445,2.300453
06e9e5b9,463,462,1790073033772.213,80.768384
06e9e5b9,464,463,1790073034033.734,261.520904
06e9e5b9,465,464,1790073034066.713,32.978818
06e9e5b9,466,465,1790073034118.883,52.170699
06e9e5b9,467,466,1790073034149.301,30.417749
06e9e5b9,468,467,1790073034209.149,59.847998
06e9e5b9,469,468,1790073034235.837,26.687857
06e9e5b9,470,469,1790073034273.496,37.658667
06e9e5b9,471,470,1790073034313.893,40.397096
06e9e5b9,472,471,1790073034359.827,45.934094
06e9e5b9,473,472,1790073034392.151,32.324571
06e9e5b9,474,473,1790073034435.166,43.01423
06e9e5b9,475,474,1790073034472.781,37.615883
06e9e5b9,476,475,1790073034521.644,48.862567
06e9e5b9,477,476,1790073034550.261,28.616875
06e9e5b9,478,477,1790073034590.5,40.238513
06e9e5b9,479,478,1790073034631.425,40.925583
06e9e5b9,480,479,1790073034673.02,41.594987
06e9e5b9,481,480,1790073034714.682,41.662288
06e9e5b9,482,481,1790073034754.566,39.883892
06e9e5b9,483,482,1790073034795.342,40.775669
06e9e5b9,484,483,1790073034834.909,39.567231
06e9e5b9,485,484,1790073034875.715,40.806053
06e9e5b9,486,485,1790073034914.722,39.006985
06e9e5b9,487,486,1790073034957.798,43.075474
06e9e5b9,488,487,1790073034995.833,38.034849
06e9e5b9,489,488,1790073035028.382,32.549771
06e9e5b9,490,489,1790073035071.762,43.37963
06e9e5b9,491,490,1790073035117.359,45.597226
06e9e5b9,492,491,1790073035152.374,35.015008
06e9e5b9,493,492,1790073035204.457,52.082446
06e9e5b9,494,493,1790073035232.382,27.925058
06e9e5b9,495,494,1790073035273.699,41.317978
06e9e5b9,496,495,1790073035309.62,35.920179
06e9e5b9,497,496,1790073035353.666,44.046566
06e9e5b9,498,497,1790073035408.347,54.680472
06e9e5b9,499,498,1790073035433.788,25.441642
06e9e5b9,500,499,1790073035491.63,57.841516
06e9e5b9,501,500,1790073035511.671,20.041185
06e9e5b9,502,501,1790073035556.061,44.390149
06e9e5b9,503,502,1790073035600.18,44.118281
06e9e5b9,504,503,1790073035631.032,30.852178
06e9e5b9,505,504,1790073035682.098,51.065976
06e9e5b9,506,505,1790073035690.386,8.288079
06e9e5b9,507,506,1790073035692.009,1.623129
06e9e5b9,508,507,1790073035693.123,1.11424
06e9e5b9,509,508,1790073035694.425,1.302118
06e9e5b9,510,509,1790073035695.83,1.404429
06e9e5b9,511,510,1790073035751.469,55.63872
06e9e5b9,512,511,1790073036035.171,283.70228
06e9e5b9,513,512,1790073036070.573,35.40196
06e9e5b9,514,513,1790073036111.385,40.811872
06e9e5b9,515,514,1790073036152.767,41.382417
06e9e5b9,516,515,1790073036198.715,45.947809
06e9e5b9,517,516,1790073036233.602,34.887435
06e9e5b9,518,517,1790073036274.933,41.330384
06e9e5b9,519,518,1790073036319.772,44.839065
06e9e5b9,520,519,1790073036348.374,28.601876
06e9e5b9,521,520,1790073036400.094,51.720943
06e9e5b9,522,521,1790073036434.876,34.781938
06e9e5b9,523,522,1790073036472.065,37.188525
06e9e5b9,524,523,1790073036512.725,40.660009
06e9e5b9,525,524,1790073036555.513,42.78822
06e9e5b9,526,525,1790073036601.819,46.306191
06e9e5b9,527,526,1790073036640.956,39.136222
06e9e5b9,528,527,1790073036672.267,31.311399
06e9e5b9,529,528,1790073036720.074,47.80759
06e9e5b9,530,529,1790073036759.613,39.538547
06e9e5b9,531,530,1790073036803.191,43.57758
06e9e5b9,532,531,1790073036835.087,31.896117
06e9e5b9,533,532,1790073036875.287,40.200302
06e9e5b9,534,533,1790073036928.191,52.90373
06e9e5b9,535,534,1790073036952.168,23.977113
06e9e5b9,536,535,1790073036994.015,41.847045
06e9e5b9,537,536,1790073037032.374,38.359073
06e9e5b9,538,537,1790073037085.698,53.323663
06e9e5b9,539,538,1790073037121.946,36.247942
06e9e5b9,540,539,1790073037154.034,32.088584
06e9e5b9,541,540,1790073037194.151,40.117174
06e9e5b9,542,541,1790073037297.048,102.896841
06e9e5b9,543,542,1790073037299.539,2.490469
06e9e5b9,544,543,1790073037316.531,16.992251
06e9e5b9,545,544,1790073037365.47,48.939527
06e9e5b9,546,545,1790073037394.812,29.341246
06e9e5b9,547,546,1790073037426.503,31.691204
06e9e5b9,548,547,1790073037480.384,53.881375
06e9e5b9,549,548,1790073037521.053,40.669064
06e9e5b9,550,549,1790073037553.948,32.894497
06e9e5b9,551,550,1790073037598.387,44.439183
06e9e5b9,552,551,1790073037636.034,37.647105
06e9e5b9,553,552,1790073037701.488,65.453597
06e9e5b9,554,553,1790073037702.67,1.182109
06e9e5b9,555,554,1790073037708.017,5.347168
06e9e5b9,556,555,1790073037709.283,1.266429
06e9e5b9,557,556,1790073037710.228,0.944301
06e9e5b9,558,557,1790073037712.19,1.962501
06e9e5b9,559,558,1790073037755.532,43.341702
06e9e5b9,560,559,1790073038031.886,276.354081
06e9e5b9,561,560,1790073038073.449,41.562592
06e9e5b9,562,561,1790073038109.947,36.498038
06e9e5b9,563,562,1790073038155.197,45.250112
06e9e5b9,564,563,1790073038199.049,43.85234
06e9e5b9,565,564,1790073038245.825,46.776305
06e9e5b9,566,565,1790073038275.111,29.28522
06e9e5b9,567,566,1790073038310.375,35.264154
06e9e5b9,568,567,1790073038359.276,48.901249
06e9e5b9,569,568,1790073038395.093,35.816907
06e9e5b9,570,569,1790073038440.775,45.681814
06e9e5b9,571,570,1790073038476.074,35.298864
06e9e5b9,572,571,1790073038517.166,41.092188
06e9e5b9,573,572,1790073038550.926,33.760214
06e9e5b9,574,573,1790073038606.766,55.839452
06e9e5b9,575,574,1790073038632.26,25.495042
06e9e5b9,576,575,1790073038674.711,42.450077
06e9e5b9,577,576,1790073038718.368,43.657815
06e9e5b9,578,577,1790073038754.67,36.301084
06e9e5b9,579,578,1790073038789.677,35.007093
06e9e5b9,580,579,1790073038834.072,44.39529
06e9e5b9,581,580,1790073038876.905,42.832509
06e9e5b9,582,581,1790073038909.656,32.751366
06e9e5b9,583,582,1790073038953.803,44.147703
06e9e5b9,584,583,1790073038993.842,40.038759
06e9e5b9,585,584,1790073039033.293,39.451031
06e9e5b9,586,585,1790073039076.587,43.293417
06e9e5b9,587,586,1790073039109.63,33.043065
06e9e5b9,588,587,1790073039151.93,42.300609
06e9e5b9,589,588,1790073039196.156,44.226166
06e9e5b9,590,589,1790073039235.104,38.947233
06e9e5b9,591,590,1790073039268.504,33.400459
06e9e5b9,592,591,1790073039321.946,53.441786
06e9e5b9,593,592,1790073039352.033,30.086681
06e9e5b9,594,593,1790073039400.483,48.450238
06e9e5b9,595,594,1790073039444.586,44.103418
06e9e5b9,596,595,1790073039476.577,31.990811
06e9e5b9,597,596,1790073039516.878,40.300513
06e9e5b9,598,597,1790073039549.497,32.619237
06e9e5b9,599,598,1790073039598.847,49.350066
06e9e5b9,600,599,1790073039634.255,35.408189
06e9e5b9,601,600,1790073039676.337,42.081673
06e9e5b9,602,601,1790073039678.975,2.638112
06e9e5b9,603,602,1790073039680.485,1.510123
06e9e5b9,604,603,1790073039681.653,1.167389
06e9e5b9,605,604,1790073039684.646,2.993878
06e9e5b9,606,605,1790073039687.64,2.993967
06e9e5b9,607,606,1790073039753.188,65.547689
06e9e5b9,608,607,1790073040034.359,281.171302
06e9e5b9,609,608,1790073040077.972,43.613062
06e9e5b9,610,609,1790073040116.87,38.898082
06e9e5b9,611,610,1790073040148.917,32.046957
06e9e5b9,612,611,1790073040193.552,44.635174
06e9e5b9,613,612,1790073040232.874,39.321523
06e9e5b9,614,613,1790073040284.327,51.452842
06e9e5b9,615,614,1790073040318.59,34.263404
06e9e5b9,616,615,1790073040356.084,37.493757
06e9e5b9,617,616,1790073040397.398,41.31362
06e9e5b9,618,617,1790073040426.685,29.287014
06e9e5b9,619,618,1790073040490.333,63.647913
06e9e5b9,620,619,1790073040511.995,21.662041
06e9e5b9,621,620,1790073040552.508,40.512848
06e9e5b9,622,621,1790073040598.713,46.205032
06e9e5b9,623,622,1790073040637.043,38.330623
06e9e5b9,624,623,1790073040671.446,34.402945
06e9e5b9,625,624,1790073040718.412,46.965667
06e9e5b9,626,625,1790073040754.609,36.197204
06e9e5b9,627,626,1790073040794.797,40.188094
06e9e5b9,628,627,1790073040830.016,35.218592
06e9e5b9,629,628,1790073040871.226,41.20974
06e9e5b9,630,629,1790073040916.195,44.969695
06e9e5b9,631,630,1790073040964.053,47.858034
06e9e5b9,632,631,1790073041000.062,36.00882
06e9e5b9,633,632,1790073041030.24,30.178151
06e9e5b9,634,633,1790073041072.314,42.073772
06e9e5b9,635,634,1790073041117.402,45.088411
06e9e5b9,636,635,1790073041160.433,43.030162
06e9e5b9,637,636,1790073041206.404,45.97098
06e9e5b9,638,637,1790073041229.678,23.274233
06e9e5b9,639,638,1790073041282.213,52.535369
06e9e5b9,640,639,1790073041327.329,45.115906
06e9e5b9,641,640,1790073041354.011,26.681636
06e9e5b9,642,641,1790073041395.375,41.364253
06e9e5b9,643,642,1790073041434.21,38.835029
06e9e5b9,644,643,1790073041477.882,43.671889
06e9e5b9,645,644,1790073041520.68,42.798452
06e9e5b9,646,645,1790073041550.471,29.790357
06e9e5b9,647,646,1790073041604.229,53.758075
06e9e5b9,648,647,1790073041632.636,28.407511
06e9e5b9,649,648,1790073041682.961,50.324477
06e9e5b9,650,649,1790073041686.344,3.383069
06e9e5b9,651,650,1790073041690.875,4.531579
06e9e5b9,652,651,1790073041692.421,1.546053
06e9e5b9,653,652,1790073041694.24,1.81875
06e9e5b9,654,653,1790073041696.7,2.460111
06e9e5b9,655,654,1790073041748.962,52.262274
06e9e5b9,656,655,1790073042030.22,281.257488
06e9e5b9,657,656,1790073042077.734,47.51358
06e9e5b9,658,657,1790073042119.309,41.575702
06e9e5b9,659,658,1790073042147.721,28.411959
06e9e5b9,660,659,1790073042195.458,47.736337
06e9e5b9,661,660,1790073042240.585,45.127558
06e9e5b9,662,661,1790073042286.767,46.181473
06e9e5b9,663,662,1790073042316.084,29.317692
06e9e5b9,664,663,1790073042373.964,57.879781
06e9e5b9,665,664,1790073042396.279,22.314708
06e9e5b9,666,665,1790073042427.988,31.708673
06e9e5b9,667,666,1790073042475.342,47.354774
06e9e5b9,668,667,1790073042523.308,47.965859
06e9e5b9,669,668,1790073042555.775,32.466795
06e9e5b9,670,669,1790073042603.995,48.22018
06e9e5b9,671,670,1790073042634.297,30.302059
06e9e5b9,672,671,1790073042684.501,50.204084
06e9e5b9,673,672,1790073042715.565,31.063702
06e9e5b9,674,673,1790073042754.169,38.603911
06e9e5b9,675,674,1790073042788.145,33.975582
06e9e5b9,676,675,1790073042889.059,100.914481
06e9e5b9,677,676,1790073042895.558,6.498675
06e9e5b9,678,677,1790073042912.989,17.431504
06e9e5b9,679,678,1790073042954.538,41.549205
06e9e5b9,680,679,1790073043003.294,48.756196
06e9e5b9,681,680,1790073043035.115,31.820954
06e9e5b9,682,681,1790073043067.156,32.040762
06e9e5b9,683,682,1790073043112.229,45.073372
06e9e5b9,684,683,1790073043151.613,39.3834
06e9e5b9,685,684,1790073043200.602,48.989377
06e9e5b9,686,685,1790073043242.801,42.198469
06e9e5b9,687,686,1790073043273.046,30.245095
06e9e5b9,688,687,1790073043315.845,42.799046
06e9e5b9,689,688,1790073043362.04,46.194589
06e9e5b9,690,689,1790073043400.212,38.172803
06e9e5b9,691,690,1790073043435.053,34.841176
06e9e5b9,692,691,1790073043473.361,38.307654
06e9e5b9,693,692,1790073043513.596,40.234601
06e9e5b9,694,693,1790073043574.521,60.924647
06e9e5b9,695,694,1790073043589.154,14.633042
06e9e5b9,696,695,1790073043633.245,44.091438
06e9e5b9,697,696,1790073043682.116,48.871658
06e9e5b9,698,697,1790073043685.289,3.172418
06e9e5b9,699,698,1790073043688.288,2.998601
06e9e5b9,700,699,1790073043756.1,67.81208
06e9e5b9,701,700,1790073044036.557,280.456901
06e9e5b9,702,701,1790073044071.281,34.723984
06e9e5b9,703,702,1790073044123.76,52.479338
06e9e5b9,704,703,1790073044153.828,30.06776
06e9e5b9,705,704,1790073044193.287,39.4592
06e9e5b9,706,705,1790073044232.645,39.357852
06e9e5b9,707,706,1790073044279.825,47.180851
06e9e5b9,708,707,1790073044314.611,34.785634
06e9e5b9,709,708,1790073044355.504,40.892983
06e9e5b9,710,709,1790073044395.383,39.878559
06e9e5b9,711,710,1790073044435.246,39.862788
06e9e5b9,712,711,1790073044476.574,41.328235
06e9e5b9,713,712,1790073044518.01,41.435901
06e9e5b9,714,713,1790073044555.573,37.563316
06e9e5b9,715,714,1790073044588.721,33.148101
06e9e5b9,716,715,1790073044636.132,47.41077
06e9e5b9,717,716,1790073044676.767,40.635021
06e9e5b9,718,717,1790073044713.417,36.650731
06e9e5b9,719,718,1790073044753.701,40.283141
06e9e5b9,720,719,1790073044794.246,40.544975
06e9e5b9,721,720,1790073044835.826,41.580216
06e9e5b9,722,721,1790073044867.944,32.118252
06e9e5b9,723,722,1790073044921.335,53.391209
06e9e5b9,724,723,1790073044948.057,26.721219
06e9e5b9,725,724,1790073044992.079,44.022002
06e9e5b9,726,725,1790073045034.928,42.84947
06e9e5b9,727,726,1790073045072.844,37.915569
06e9e5b9,728,727,1790073045113.178,40.334277
06e9e5b9,729,728,1790073045154.844,41.666503
06e9e5b9,730,729,1790073045194.856,40.01144
06e9e5b9,731,730,1790073045230.031,35.174684
06e9e5b9,732,731,1790073045279.97,49.939315
06e9e5b9,733,732,1790073045317.334,37.363868
06e9e5b9,734,733,1790073045352.726,35.391794
06e9e5b9,735,734,1790073045400.857,48.131986
06e9e5b9,736,735,1790073045432.978,32.120094
06e9e5b9,737,736,1790073045481.424,48.446101
06e9e5b9,738,737,1790073045510.58,29.156312
06e9e5b9,739,738,1790073045568.98,58.399648
06e9e5b9,740,739,1790073045591.442,22.462681
06e9e5b9,741,740,1790073045631.728,40.285249
06e9e5b9,742,741,1790073045679.46,47.732076
06e9e5b9,743,742,1790073045680.834,1.374564
06e9e5b9,744,743,1790073045682.022,1.187714
06e9e5b9,745,744,1790073045683.56,1.538019
06e9e5b9,746,745,1790073045685.034,1.474091
06e9e5b9,747,746,1790073045686.468,1.433843
06e9e5b9,748,747,1790073045753.972,67.504159
06e9e5b9,749,748,1790073046037.387,283.414904
06e9e5b9,750,749,1790073046083.414,46.026513
06e9e5b9,751,750,1790073046120.188,36.775053
06e9e5b9,752,751,1790073046160.737,40.548532
06e9e5b9,753,752,1790073046195.235,34.497907
06e9e5b9,754,753,1790073046237.22,41.984925
06e9e5b9,755,754,1790073046277.395,40.175305
06e9e5b9,756,755,1790073046308.215,30.81985
06e9e5b9,757,756,1790073046352.01,43.795068
06e9e5b9,758,757,1790073046394.531,42.520854
06e9e5b9,759,758,1790073046443.666,49.135418
06e9e5b9,760,759,1790073046473.812,30.14505
06e9e5b9,761,760,1790073046512.628,38.816566
06e9e5b9,762,761,1790073046555.208,42.57999
06e9e5b9,763,762,1790073046594.983,39.77476
06e9e5b9,764,763,1790073046630.235,35.252141
06e9e5b9,765,764,1790073046668.196,37.960912
06e9e5b9,766,765,1790073046710.797,42.601472
06e9e5b9,767,766,1790073046752.334,41.537196
06e9e5b9,768,767,1790073046794.349,42.014286
06e9e5b9,769,768,1790073046850.228,55.879006
06e9e5b9,770,769,1790073046884.565,34.337535
06e9e5b9,771,770,1790073046917.4,32.835161
06e9e5b9,772,771,1790073046957.549,40.148872
06e9e5b9,773,772,1790073046992.557,35.007909
06e9e5b9,774,773,1790073047039.528,46.970712
06e9e5b9,775,774,1790073047072.784,33.256162
06e9e5b9,776,775,1790073047114.755,41.970842
06e9e5b9,777,776,1790073047155.894,41.139075
06e9e5b9,778,777,1790073047193.125,37.230875
06e9e5b9,779,778,1790073047231.459,38.334085
06e9e5b9,780,779,1790073047280.045,48.586046
06e9e5b9,781,780,1790073047313.157,33.111633
06e9e5b9,782,781,1790073047356.787,43.630526
06e9e5b9,783,782,1790073047401.882,45.094845
06e9e5b9,784,783,1790073047434.333,32.451566
06e9e5b9,785,784,1790073047469.26,34.92689
06e9e5b9,786,785,1790073047511.693,42.432509
06e9e5b9,787,786,1790073047554.361,42.66806
06e9e5b9,788,787,1790073047590.674,36.312663
06e9e5b9,789,788,1790073047648.356,57.682117
06e9e5b9,790,789,1790073047682.115,33.759282
06e9e5b9,791,790,1790073047684.989,2.873313
06e9e5b9,792,791,1790073047687.949,2.960243
06e9e5b9,793,792,1790073047692.033,4.084409
06e9e5b9,794,793,1790073047695.244,3.210546
06e9e5b9,795,794,1790073047696.972,1.728278
06e9e5b9,796,795,1790073047753.785,56.812887
06e9e5b9,797,796,1790073048036.421,282.636106
06e9e5b9,798,797,1790073048068.323,31.902226
06e9e5b9,799,798,1790073048109.019,40.695888
06e9e5b9,800,799,1790073048150.743,41.724197
06e9e5b9,801,800,1790073048191.782,41.038883
06e9e5b9,802,801,1790073048232.965,41.183064
06e9e5b9,803,802,1790073048279.472,46.506902
06e9e5b9,804,803,1790073048311.364,31.891566
06e9e5b9,805,804,1790073048370.346,58.982132
06e9e5b9,806,805,1790073048392.242,21.896211
06e9e5b9,807,806,1790073048434.255,42.012667
06e9e5b9,808,807,1790073048480.146,45.891875
06e9e5b9,809,808,1790073048512.402,32.255624
06e9e5b9,810,809,1790073048550.899,38.497138
06e9e5b9,811,810,1790073048593.408,42.508543
06e9e5b9,812,811,1790073048634.726,41.31781
06e9e5b9,813,812,1790073048674.671,39.945514
06e9e5b9,814,813,1790073048717.913,43.241369
06e9e5b9,815,814,1790073048748.502,30.589676
06e9e5b9,816,815,1790073048792.044,43.542129
06e9e5b9,817,816,1790073048832.24,40.195291
06e9e5b9,818,817,1790073048883.062,50.821992
06e9e5b9,819,818,1790073048914.658,31.596685
06e9e5b9,820,819,1790073048952.942,38.283327
06e9e5b9,821,820,1790073048997.238,44.296151
06e9e5b9,822,821,1790073049031.007,33.769447
06e9e5b9,823,822,1790073049075.256,44.248561
06e9e5b9,824,823,1790073049113.371,38.115628
06e9e5b9,825,824,1790073049163.008,49.63609
06e9e5b9,826,825,1790073049199.477,36.469247
06e9e5b9,827,826,1790073049227.981,28.504185
06e9e5b9,828,827,1790073049271.636,43.65555
06e9e5b9,829,828,1790073049320.296,48.659381
06e9e5b9,830,829,1790073049355.317,35.021628
06e9e5b9,831,830,1790073049387.503,32.185762
06e9e5b9,832,831,1790073049432.198,44.69519
06e9e5b9,833,832,1790073049481.018,48.81946
06e9e5b9,834,833,1790073049510.549,29.531264
06e9e5b9,835,834,1790073049555.221,44.671963
06e9e5b9,836,835,1790073049591.785,36.564193
06e9e5b9,837,836,1790073049635.238,43.452485
06e9e5b9,838,837,1790073049684.582,49.343797
06e9e5b9,839,838,1790073049685.951,1.36898
06e9e5b9,840,839,1790073049686.799,0.848735
06e9e5b9,841,840,1790073049754.094,67.294582
06e9e5b9,842,841,1790073050031.464,277.369759
06e9e5b9,843,842,1790073050071.269,39.805269
06e9e5b9,844,843,1790073050112.293,41.023885
06e9e5b9,845,844,1790073050153.912,41.619435
06e9e5b9,846,845,1790073050187.672,33.759982
06e9e5b9,847,846,1790073050234.985,47.312709
06e9e5b9,848,847,1790073050272.327,37.342174
06e9e5b9,849,848,1790073050324.233,51.906347
06e9e5b9,850,849,1790073050353.691,29.457863
06e9e5b9,851,850,1790073050394.108,40.416246
06e9e5b9,852,851,1790073050440.773,46.665711
06e9e5b9,853,852,1790073050467.876,27.102336
06e9e5b9,854,853,1790073050510.376,42.500427
06e9e5b9,855,854,1790073050552.241,41.865413
06e9e5b9,856,855,1790073050594.533,42.29158
06e9e5b9,857,856,1790073050637.466,42.932652
06e9e5b9,858,857,1790073050677.9,40.433999
06e9e5b9,859,858,1790073050718.601,40.70084
06e9e5b9,860,859,1790073050750.396,31.795418
06e9e5b9,861,860,1790073050800.123,49.727368
06e9e5b9,862,861,1790073050836.068,35.944476
06e9e5b9,863,862,1790073050878.999,42.930953
06e9e5b9,864,863,1790073050912.482,33.483251
06e9e5b9,865,864,1790073050956.174,43.692407
06e9e5b9,866,865,1790073050994.785,38.61093
06e9e5b9,867,866,1790073051030.131,35.345957
06e9e5b9,868,867,1790073051068.465,38.333354
06e9e5b9,869,868,1790073051115.313,46.848402
06e9e5b9,870,869,1790073051153.415,38.101713
06e9e5b9,871,870,1790073051199.815,46.40073
06e9e5b9,872,871,1790073051234.037,34.221502
06e9e5b9,873,872,1790073051267.586,33.549059
06e9e5b9,874,873,1790073051312.349,44.762567
06e9e5b9,875,874,1790073051352.801,40.452408
06e9e5b9,876,875,1790073051394.869,42.067529
06e9e5b9,877,876,1790073051430.958,36.089897
06e9e5b9,878,877,1790073051481.85,50.891268
06e9e5b9,879,878,1790073051512.114,30.264197
06e9e5b9,880,879,1790073051559.961,47.847435
06e9e5b9,881,880,1790073051598.144,38.182289
06e9e5b9,882,881,1790073051634.786,36.642455
06e9e5b9,883,882,1790073051678.33,43.544268
06e9e5b9,884,883,1790073051680.579,2.248445
06e9e5b9,885,884,1790073051681.564,0.985336
06e9e5b9,886,885,1790073051682.723,1.158918
06e9e5b9,887,886,1790073051684.213,1.489499
06e9e5b9,888,887,1790073051685.889,1.676912
06e9e5b9,889,888,1790073051756.721,70.831333
06e9e5b9,890,889,1790073052029.001,272.280167
06e9e5b9,891,890,1790073052073.503,44.501849
06e9e5b9,892,891,1790073052119.528,46.024798
06e9e5b9,893,892,1790073052154.747,35.219353
06e9e5b9,894,893,1790073052211.013,56.265865
06e9e5b9,895,894,1790073052235.584,24.570828
06e9e5b9,896,895,1790073052276.533,40.949736
06e9e5b9,897,896,1790073052307.344,30.81078
06e9e5b9,898,897,1790073052353.529,46.184665
06e9e5b9,899,898,1790073052395.129,41.600542
06e9e5b9,900,899,1790073052433.784,38.654215
06e9e5b9,901,900,1790073052469.768,35.984696
06e9e5b9,902,901,1790073052509.203,39.43493
06e9e5b9,903,902,1790073052550.397,41.193983
06e9e5b9,904,903,1790073052599.166,48.768972
06e9e5b9,905,904,1790073052635.229,36.062821
06e9e5b9,906,905,1790073052673.475,38.245537
06e9e5b9,907,906,1790073052713.607,40.132568
06e9e5b9,908,907,1790073052755.833,42.226475
06e9e5b9,909,908,1790073052797.874,42.040237
06e9e5b9,910,909,1790073052834.142,36.267961
06e9e5b9,911,910,1790073052877.735,43.593332
06e9e5b9,912,911,1790073052917.096,39.360839
06e9e5b9,913,912,1790073052953.909,36.812681
06e9e5b9,914,913,1790073052996.479,42.570306
06e9e5b9,915,914,1790073053043.057,46.57804
06e9e5b9,916,915,1790073053067.989,24.931582
06e9e5b9,917,916,1790073053120.491,52.502852
06e9e5b9,918,917,1790073053159.091,38.599607
06e9e5b9,919,918,1790073053192.204,33.112635
06e9e5b9,920,919,1790073053235.743,43.539287
06e9e5b9,921,920,1790073053275.17,39.42744
06e9e5b9,922,921,1790073053316.122,40.951218
06e9e5b9,923,922,1790073053350.444,34.322455
06e9e5b9,924,923,1790073053401.566,51.121794
06e9e5b9,925,924,1790073053435.896,34.33034
06e9e5b9,926,925,1790073053485.044,49.148159
06e9e5b9,927,926,1790073053514.164,29.119943
06e9e5b9,928,927,1790073053548.015,33.850921
06e9e5b9,929,928,1790073053591.509,43.493252
06e9e5b9,930,929,1790073053632.843,41.334067
06e9e5b9,931,930,1790073053689.36,56.517125
06e9e5b9,932,931,1790073053694.171,4.811346
06e9e5b9,933,932,1790073053696.42,2.248713
06e9e5b9,934,933,1790073053698.992,2.572672
06e9e5b9,935,934,1790073053700.338,1.345191
06e9e5b9,936,935,1790073053754.655,54.317263
06e9e5b9,937,936,1790073054027.456,272.801264
06e9e5b9,938,937,1790073054069.871,42.414646
06e9e5b9,939,938,1790073054112.048,42.177035
06e9e5b9,940,939,1790073054156.426,44.377867
06e9e5b9,941,940,1790073054206.774,50.34873
06e9e5b9,942,941,1790073054241.18,34.405407
06e9e5b9,943,942,1790073054278.128,36.948405
06e9e5b9,944,943,1790073054311.986,33.857336
06e9e5b9,945,944,1790073054353.246,41.260177
06e9e5b9,946,945,1790073054408.4,55.154055
06e9e5b9,947,946,1790073054442.028,33.628317
06e9e5b9,948,947,1790073054657.827,215.799318
06e9e5b9,949,948,1790073054660.707,2.879643
06e9e5b9,950,949,1790073054677.308,16.6012
06e9e5b9,951,950,1790073054687.4,10.091704
06e9e5b9,952,951,1790073054695.313,7.912696
06e9e5b9,953,952,1790073054711.973,16.660667
06e9e5b9,954,953,1790073054718.535,6.56149
06e9e5b9,955,954,1790073054752.659,34.124475
06e9e5b9,956,955,1790073054793.849,41.189683
06e9e5b9,957,956,1790073054835.021,41.171584
06e9e5b9,958,957,1790073054877.653,42.632141
06e9e5b9,959,958,1790073054915.806,38.153272
06e9e5b9,960,959,1790073054947.604,31.797638
06e9e5b9,961,960,1790073054993.627,46.023007
06e9e5b9,962,961,1790073055035.512,41.88505
06e9e5b9,963,962,1790073055074.815,39.303293
06e9e5b9,964,963,1790073055124.931,50.116116
06e9e5b9,965,964,1790073055154.909,29.978094
06e9e5b9,966,965,1790073055202.652,47.743183
06e9e5b9,967,966,1790073055238.025,35.37289
06e9e5b9,968,967,1790073055284.93,46.905056
06e9e5b9,969,968,1790073055313.48,28.549383
06e9e5b9,970,969,1790073055357.794,44.313978
06e9e5b9,971,970,1790073055396.868,39.074694
06e9e5b9,972,971,1790073055429.304,32.435748
06e9e5b9,973,972,1790073055486.858,57.553839
06e9e5b9,974,973,1790073055515.317,28.458829
06e9e5b9,975,974,1790073055555.123,39.806161
06e9e5b9,976,975,1790073055596.341,41.21824
06e9e5b9,977,976,1790073055627.918,31.577017
06e9e5b9,978,977,1790073055680.092,52.174153
06e9e5b9,979,978,1790073055684.032,3.940128
06e9e5b9,980,979,1790073055688.95,4.917303
06e9e5b9,981,980,1790073055692.356,3.406412
06e9e5b9,982,981,1790073055693.711,1.354878
06e9e5b9,983,982,1790073055695.32,1.608957
06e9e5b9,984,983,1790073055759.673,64.353277
06e9e5b9,985,984,1790073056031.032,271.35843
06e9e5b9,986,985,1790073056071.427,40.395036
06e9e5b9,987,986,1790073056116.024,44.596876
06e9e5b9,988,987,1790073056148.215,32.191536
06e9e5b9,989,988,1790073056208.979,60.764197
06e9e5b9,990,989,1790073056233.811,24.831556
06e9e5b9,991,990,1790073056274.287,40.476394
06e9e5b9,992,991,1790073056320.688,46.400888
06e9e5b9,993,992,1790073056355.943,35.254378
06e9e5b9,994,993,1790073056390.456,34.513317
06e9e5b9,995,994,1790073056431.948,41.491518
06e9e5b9,996,995,1790073056473.833,41.885348
06e9e5b9,997,996,1790073056516.119,42.286057
06e9e5b9,998,997,1790073056560.349,44.230665
06e9e5b9,999,998,1790073056589.351,29.001307
06e9e5b9,1000,999,1790073056633.21,43.859767
06e9e5b9,1001,1000,1790073056687.304,54.093564
06e9e5b9,1002,1001,1790073056713.413,26.108541
06e9e5b9,1003,1002,1790073056755.587,42.174042
06e9e5b9,1004,1003,1790073056790.64,35.053226
06e9e5b9,1005,1004,1790073056830.885,40.244959
06e9e5b9,1006,1005,1790073056877.872,46.986788
06e9e5b9,1007,1006,1790073056916.506,38.63388
06e9e5b9,1008,1007,1790073056954.305,37.799484
06e9e5b9,1009,1008,1790073056997.846,43.54104
06e9e5b9,1010,1009,1790073057043.519,45.672571
06e9e5b9,1011,1010,1790073057072.487,28.968696
06e9e5b9,1012,1011,1790073057114.516,42.028567
06e9e5b9,1013,1012,1790073057153.752,39.236086
06e9e5b9,1014,1013,1790073057197.747,43.995425
06e9e5b9,1015,1014,1790073057232.49,34.743053
06e9e5b9,1016,1015,1790073057270.223,37.732191
06e9e5b9,1017,1016,1790073057315.901,45.678283
06e9e5b9,1018,1017,1790073057355.56,39.659109
06e9e5b9,1019,1018,1790073057395.459,39.899542
06e9e5b9,1020,1019,1790073057443.487,48.027056
06e9e5b9,1021,1020,1790073057470.961,27.47432
06e9e5b9,1022,1021,1790073057522.444,51.483208
06e9e5b9,1023,1022,1790073057555.616,33.171984
06e9e5b9,1024,1023,1790073057588.027,32.410534
06e9e5b9,1025,1024,1790073057644.814,56.786938
06e9e5b9,1026,1025,1790073057682.346,37.532389
06e9e5b9,1027,1026,1790073057685.094,2.747638
06e9e5b9,1028,1027,1790073057688.069,2.975293
06e9e5b9,1029,1028,1790073057690.713,2.643909
06e9e5b9,1030,1029,1790073057691.988,1.275545
06e9e5b9,1031,1030,1790073057694.787,2.798373
06e9e5b9,1032,1031,1790073057760.016,65.228827
06e9e5b9,1033,1032,1790073058038.219,278.203926
06e9e5b9,1034,1033,1790073058075.136,36.916524
06e9e5b9,1035,1034,1790073058108.345,33.209417
06e9e5b9,1036,1035,1790073058151.229,42.883164
06e9e5b9,1037,1036,1790073058194.393,43.164252
06e9e5b9,1038,1037,1790073058233.073,38.679514
06e9e5b9,1039,1038,1790073058282.807,49.734566
06e9e5b9,1040,1039,1790073058316.756,33.94906
06e9e5b9,1041,1040,1790073058348.352,31.595805
06e9e5b9,1042,1041,1790073058395.575,47.222873
06e9e5b9,1043,1042,1790073058433.809,38.234717
06e9e5b9,1044,1043,1790073058475.052,41.243108
06e9e5b9,1045,1044,1790073058512.538,37.485318
06e9e5b9,1046,1045,1790073058550.991,38.453562
06e9e5b9,1047,1046,1790073058592.284,41.292744
06e9e5b9,1048,1047,1790073058632.635,40.351031
06e9e5b9,1049,1048,1790073058677.771,45.135873
06e9e5b9,1050,1049,1790073058708.66,30.889253
06e9e5b9,1051,1050,1790073058757.249,48.588137
06e9e5b9,1052,1051,1790073058792.088,34.839872
06e9e5b9,1053,1052,1790073058843.502,51.414161
06e9e5b9,1054,1053,1790073058880.526,37.023481
06e9e5b9,1055,1054,1790073058913.966,33.439696
06e9e5b9,1056,1055,1790073058947.973,34.007211
06e9e5b9,1057,1056,1790073059001.058,53.085402
06e9e5b9,1058,1057,1790073059031.271,30.213026
06e9e5b9,1059,1058,1790073059072.71,41.439082
06e9e5b9,1060,1059,1790073059112.448,39.737574
06e9e5b9,1061,1060,1790073059156.888,44.440524
06e9e5b9,1062,1061,1790073059193.738,36.849249
06e9e5b9,1063,1062,1790073059227.604,33.865974
06e9e5b9,1064,1063,1790073059273.108,45.50478
06e9e5b9,1065,1064,1790073059313.511,40.402468
06e9e5b9,1066,1065,1790073059363.942,50.430812
06e9e5b9,1067,1066,1790073059399.424,35.481902
06e9e5b9,1068,1067,1790073059431.571,32.147253
06e9e5b9,1069,1068,1790073059476.629,45.058311
06e9e5b9,1070,1069,1790073059518.444,41.814661
06e9e5b9,1071,1070,1790073059556.27,37.82626
06e9e5b9,1072,1071,1790073059588.268,31.9976
06e9e5b9,1073,1072,1790073059636.608,48.33981
06e9e5b9,1074,1073,1790073059678.508,41.899902
06e9e5b9,1075,1074,1790073059680.761,2.253217
06e9e5b9,1076,1075,1790073059682.911,2.15048
06e9e5b9,1077,1076,1790073059684.686,1.774866
06e9e5b9,1078,1077,1790073059686.02,1.333772
06e9e5b9,1079,1078,1790073059701.244,15.224429
06e9e5b9,1080,1079,1790073059756.141,54.89703
06e9e5b9,1081,1080,1790073060033.992,277.850567
06e9e5b9,1082,1081,1790073060079.862,45.870283
06e9e5b9,1083,1082,1790073060114.532,34.670043
06e9e5b9,1084,1083,1790073060161.553,47.021168
06e9e5b9,1085,1084,1790073060192.261,30.707853
06e9e5b9,1086,1085,1790073060235.394,43.132924
06e9e5b9,1087,1086,1790073060275.73,40.335903
06e9e5b9,1088,1087,1790073060315.505,39.775173
06e9e5b9,1089,1088,1790073060352.345,36.839726
06e9e5b9,1090,1089,1790073060403.842,51.497025
06e9e5b9,1091,1090,1790073060433.222,29.380559
06e9e5b9,1092,1091,1790073060476.912,43.68967
06e9e5b9,1093,1092,1790073060514.469,37.556323
06e9e5b9,1094,1093,1790073060551.379,36.910974
06e9e5b9,1095,1094,1790073060591.65,40.271061
06e9e5b9,1096,1095,1790073060634.612,42.961551
06e9e5b9,1097,1096,1790073060674.516,39.903487
06e9e5b9,1098,1097,1790073060713.749,39.233567
06e9e5b9,1099,1098,1790073060753.823,40.074256
06e9e5b9,1100,1099,1790073060787.96,34.136563
06e9e5b9,1101,1100,1790073060830.576,42.616269
06e9e5b9,1102,1101,1790073060875.114,44.537546
06e9e5b9,1103,1102,1790073060915.667,40.553617
06e9e5b9,1104,1103,1790073060953.104,37.436914
06e9e5b9,1105,1104,1790073060996.428,43.324207
06e9e5b9,1106,1105,1790073061030.456,34.027032
06e9e5b9,1107,1106,1790073061072.038,41.582818
06e9e5b9,1108,1107,1790073061116.882,44.843705
06e9e5b9,1109,1108,1790073061155.743,38.860549
06e9e5b9,1110,1109,1790073061187.67,31.927443
06e9e5b9,1111,1110,1790073061229.498,41.827665
06e9e5b9,1112,1111,1790073061275.658,46.160411
06e9e5b9,1113,1112,1790073061311.147,35.489247
06e9e5b9,1114,1113,1790073061351.2,40.05255
06e9e5b9,1115,1114,1790073061395.452,44.252545
06e9e5b9,1116,1115,1790073061434.36,38.90732
06e9e5b9,1117,1116,1790073061472.242,37.882411
06e9e5b9,1118,1117,1790073061512.677,40.434406
06e9e5b9,1119,1118,1790073061558.797,46.120403
06e9e5b9,1120,1119,1790073061593.623,34.826198
06e9e5b9,1121,1120,1790073061633.537,39.913732
06e9e5b9,1122,1121,1790073061684.932,51.395396
06e9e5b9,1123,1122,1790073061687.913,2.980862
06e9e5b9,1124,1123,1790073061689.038,1.124355
06e9e5b9,1125,1124,1790073061690.238,1.200537
06e9e5b9,1126,1125,1790073061691.987,1.748921
06e9e5b9,1127,1126,1790073061694.044,2.056892
06e9e5b9,1128,1127,1790073061751.338,57.293755
06e9e5b9,1129,1128,1790073062032.529,281.191425
06e9e5b9,1130,1129,1790073062085.405,52.875985
06e9e5b9,1131,1130,1790073062117.236,31.830723
06e9e5b9,1132,1131,1790073062168.993,51.757493
06e9e5b9,1133,1132,1790073062188.364,19.371082
06e9e5b9,1134,1133,1790073062231.169,42.804652
06e9e5b9,1135,1134,1790073062273.11,41.94062
06e9e5b9,1136,1135,1790073062316.416,43.305943
06e9e5b9,1137,1136,1790073062352.715,36.299836
06e9e5b9,1138,1137,1790073062398.488,45.772179
06e9e5b9,1139,1138,1790073062440.097,41.609025
06e9e5b9,1140,1139,1790073062470.711,30.614248
06e9e5b9,1141,1140,1790073062513.044,42.333429
06e9e5b9,1142,1141,1790073062553.465,40.420642
06e9e5b9,1143,1142,1790073062596.614,43.149112
06e9e5b9,1144,1143,1790073062628.365,31.750633
06e9e5b9,1145,1144,1790073062671.892,43.527783
06e9e5b9,1146,1145,1790073062715.682,43.789766
06e9e5b9,1147,1146,1790073062753.889,38.206449
06e9e5b9,1148,1147,1790073062806.567,52.678378
06e9e5b9,1149,1148,1790073062827.26,20.692713
06e9e5b9,1150,1149,1790073062871.684,44.424336
06e9e5b9,1151,1150,1790073062922.339,50.655256
06e9e5b9,1152,1151,1790073062954.447,32.107323
06e9e5b9,1153,1152,1790073062996.011,41.564363
06e9e5b9,1154,1153,1790073063034.12,38.109262
06e9e5b9,1155,1154,1790073063071.081,36.960678
06e9e5b9,1156,1155,1790073063121.035,49.954411
06e9e5b9,1157,1156,1790073063153.517,32.481183
06e9e5b9,1158,1157,1790073063194.625,41.108961
06e9e5b9,1159,1158,1790073063240.442,45.81626
06e9e5b9,1160,1159,1790073063278.359,37.917179
06e9e5b9,1161,1160,1790073063312.12,33.761028
06e9e5b9,1162,1161,1790073063353.537,41.417413
06e9e5b9,1163,1162,1790073063392.955,39.417686
06e9e5b9,1164,1163,1790073063443.22,50.264669
06e9e5b9,1165,1164,1790073063466.113,22.893636
06e9e5b9,1166,1165,1790073063508.557,42.444014
06e9e5b9,1167,1166,1790073063559.485,50.927437
06e9e5b9,1168,1167,1790073063612.258,52.772814
06e9e5b9,1169,1168,1790073063634.085,21.827765
06e9e5b9,1170,1169,1790073063682.092,48.006276
06e9e5b9,1171,1170,1790073063684.873,2.781676
06e9e5b9,1172,1171,1790073063686.14,1.266664
06e9e5b9,1173,1172,1790073063687.312,1.171485
06e9e5b9,1174,1173,1790073063688.778,1.466326
06e9e5b9,1175,1174,1790073063690.282,1.50377
06e9e5b9,1176,1175,1790073063757.854,67.572212
06e9e5b9,1177,1176,1790073064036.987,279.132724
06e9e5b9,1178,1177,1790073064079.411,42.424244
06e9e5b9,1179,1178,1790073064115.94,36.529199
06e9e5b9,1180,1179,1790073064154.491,38.55104
06e9e5b9,1181,1180,1790073064201.571,47.079671
06e9e5b9,1182,1181,1790073064245.446,43.875409
06e9e5b9,1183,1182,1790073064273.426,27.979423
06e9e5b9,1184,1183,1790073064321.321,47.895307
06e9e5b9,1185,1184,1790073064363.277,41.956262
06e9e5b9,1186,1185,1790073064398.216,34.939036
06e9e5b9,1187,1186,1790073064439.945,41.729098
06e9e5b9,1188,1187,1790073064476.769,36.823933
06e9e5b9,1189,1188,1790073064517.317,40.547603
06e9e5b9,1190,1189,1790073064556.595,39.277852
06e9e5b9,1191,1190,1790073064604.762,48.167246
06e9e5b9,1192,1191,1790073064634.183,29.420823
06e9e5b9,1193,1192,1790073064675.46,41.277452
06e9e5b9,1194,1193,1790073064719.365,43.904942
06e9e5b9,1195,1194,1790073064755.019,35.653849
06e9e5b9,1196,1195,1790073064801.26,46.241673
06e9e5b9,1197,1196,1790073064828.48,27.219198
06e9e5b9,1198,1197,1790073064872.231,43.75131
06e9e5b9,1199,1198,1790073064919.999,47.768209
06e9e5b9,1200,1199,1790073064953.97,33.97048
06e9e5b9,1201,1200,1790073064996.045,42.075633
06e9e5b9,1202,1201,1790073065039.095,43.049979
06e9e5b9,1203,1202,1790073065068.987,29.891544
06e9e5b9,1204,1203,1790073065115.168,46.181163
06e9e5b9,1205,1204,1790073065152.647,37.478892
06e9e5b9,1206,1205,1790073065194.627,41.980022
06e9e5b9,1207,1206,1790073065232.53,37.90249
06e9e5b9,1208,1207,1790073065273.618,41.088657
06e9e5b9,1209,1208,1790073065321.237,47.619031
06e9e5b9,1210,1209,1790073065351.23,29.993214
06e9e5b9,1211,1210,1790073065394.214,42.983344
06e9e5b9,1212,1211,1790073065432.623,38.409453
06e9e5b9,1213,1212,1790073065472.406,39.782696
06e9e5b9,1214,1213,1790073065515.972,43.565825
06e9e5b9,1215,1214,1790073065554.918,38.946013
06e9e5b9,1216,1215,1790073065608.715,53.79714
06e9e5b9,1217,1216,1790073065629.111,20.396414
06e9e5b9,1218,1217,1790073065677.004,47.893034
06e9e5b9,1219,1218,1790073065683.771,6.766509
06e9e5b9,1220,1219,1790073065686.136,2.365636
06e9e5b9,1221,1220,1790073065687.574,1.437658
06e9e5b9,1222,1221,1790073065688.99,1.41557
06e9e5b9,1223,1222,1790073065690.415,1.425218
06e9e5b9,1224,1223,1790073065753.609,63.194415
06e9e5b9,1225,1224,1790073066040.256,286.646156
06e9e5b9,1226,1225,1790073066083.202,42.946564
06e9e5b9,1227,1226,1790073066120.747,37.544397
06e9e5b9,1228,1227,1790073066151.713,30.966393
06e9e5b9,1229,1228,1790073066199.424,47.710926
06e9e5b9,1230,1229,1790073066243.038,43.613931
06e9e5b9,1231,1230,1790073066274.526,31.488112
06e9e5b9,1232,1231,1790073066311.552,37.025832
06e9e5b9,1233,1232,1790073066353.261,41.70934
06e9e5b9,1234,1233,1790073066402.08,48.818708
06e9e5b9,1235,1234,1790073066433.321,31.241624
06e9e5b9,1236,1235,1790073066475.132,41.810152
06e9e5b9,1237,1236,1790073066514.308,39.176703
06e9e5b9,1238,1237,1790073066555.69,41.381712
06e9e5b9,1239,1238,1790073066587.408,31.717723
06e9e5b9,1240,1239,1790073066631.841,44.433419
06e9e5b9,1241,1240,1790073066679.354,47.513024
06e9e5b9,1242,1241,1790073066712.85,33.495452
06e9e5b9,1243,1242,1790073066757.266,44.416009
06e9e5b9,1244,1243,1790073066794.939,37.673075
06e9e5b9,1245,1244,1790073066848.021,53.082306
06e9e5b9,1246,1245,1790073066867.712,19.690951
06e9e5b9,1247,1246,1790073066918.393,50.681208
06e9e5b9,1248,1247,1790073066951.442,33.04859
06e9e5b9,1249,1248,1790073066993.587,42.144944
06e9e5b9,1250,1249,1790073067032.871,39.283902
06e9e5b9,1251,1250,1790073067073.64,40.769913
06e9e5b9,1252,1251,1790073067118.815,45.174848
06e9e5b9,1253,1252,1790073067149.514,30.698556
06e9e5b9,1254,1253,1790073067191.977,42.462914
06e9e5b9,1255,1254,1790073067235.292,43.315314
06e9e5b9,1256,1255,1790073067289.629,54.336833
06e9e5b9,1257,1256,1790073067324.083,34.454512
06e9e5b9,1258,1257,1790073067359.214,35.13088
06e9e5b9,1259,1258,1790073067397.182,37.967393
06e9e5b9,1260,1259,1790073067435.424,38.242682
06e9e5b9,1261,1260,1790073067481.34,45.916087
06e9e5b9,1262,1261,1790073067515.337,33.996866
06e9e5b9,1263,1262,1790073067555.695,40.357145
06e9e5b9,1264,1263,1790073067610.056,54.361287
06e9e5b9,1265,1264,1790073067641.47,31.414172
06e9e5b9,1266,1265,1790073067676.9,35.43034
06e9e5b9,1267,1266,1790073067678.325,1.424558
06e9e5b9,1268,1267,1790073067679.519,1.194039
06e9e5b9,1269,1268,1790073067680.758,1.239315
06e9e5b9,1270,1269,1790073067682.595,1.836711
06e9e5b9,1271,1270,1790073067685.534,2.939645
06e9e5b9,1272,1271,1790073067751.645,66.110649
06e9e5b9,1273,1272,1790073068040.649,289.003442
06e9e5b9,1274,1273,1790073068073.944,33.295037
06e9e5b9,1275,1274,1790073068118.732,44.788735
06e9e5b9,1276,1275,1790073068156.021,37.289012
06e9e5b9,1277,1276,1790073068188.238,32.216236
06e9e5b9,1278,1277,1790073068241.817,53.579073
06e9e5b9,1279,1278,1790073068272.249,30.432151
06e9e5b9,1280,1279,1790073068312.572,40.322968
06e9e5b9,1281,1280,1790073068352.69,40.118239
06e9e5b9,1282,1281,1790073068402.267,49.576768
06e9e5b9,1283,1282,1790073068443.678,41.41153
06e9e5b9,1284,1283,1790073068467.005,23.327055
06e9e5b9,1285,1284,1790073068523.371,56.365913
06e9e5b9,1286,1285,1790073068558.149,34.778138
06e9e5b9,1287,1286,1790073068595.366,37.216907
06e9e5b9,1288,1287,1790073068627.053,31.686579
06e9e5b9,1289,1288,1790073068673.285,46.232126
06e9e5b9,1290,1289,1790073068713.042,39.756934
06e9e5b9,1291,1290,1790073068754.185,41.142579
06e9e5b9,1292,1291,1790073068793.331,39.146745
06e9e5b9,1293,1292,1790073068834.757,41.425239
06e9e5b9,1294,1293,1790073068873.319,38.562611
06e9e5b9,1295,1294,1790073068910.847,37.527464
06e9e5b9,1296,1295,1790073068955.801,44.953956
06e9e5b9,1297,1296,1790073068999.158,43.35771
06e9e5b9,1298,1297,1790073069033.088,33.929465
06e9e5b9,1299,1298,1790073069073.622,40.533912
06e9e5b9,1300,1299,1790073069127.815,54.193507
06e9e5b9,1301,1300,1790073069157.657,29.841457
06e9e5b9,1302,1301,1790073069196.223,38.566164
06e9e5b9,1303,1302,1790073069228.059,31.836356
06e9e5b9,1304,1303,1790073069281.132,53.072728
06e9e5b9,1305,1304,1790073069312.334,31.2018
06e9e5b9,1306,1305,1790073069352.934,40.600276
06e9e5b9,1307,1306,1790073069395.665,42.731364
06e9e5b9,1308,1307,1790073069444.386,48.720859
06e9e5b9,1309,1308,1790073069477.458,33.071243
06e9e5b9,1310,1309,1790073069511.651,34.193112
06e9e5b9,1311,1310,1790073069551.792,40.141464
06e9e5b9,1312,1311,1790073069595.479,43.687351
06e9e5b9,1313,1312,1790073069628.075,32.595809
06e9e5b9,1314,1313,1790073069679.126,51.050717
06e9e5b9,1315,1314,1790073069683.014,3.88789
06e9e5b9,1316,1315,1790073069686.037,3.02336
06e9e5b9,1317,1316,1790073069690.799,4.761387
06e9e5b9,1318,1317,1790073069691.96,1.161144
06e9e5b9,1319,1318,1790073069693.114,1.154164
06e9e5b9,1320,1319,1790073069756.567,63.453265
06e9e5b9,1321,1320,1790073070028.077,271.509713
06e9e5b9,1322,1321,1790073070071.488,43.411127
06e9e5b9,1323,1322,1790073070118.874,47.385536
06e9e5b9,1324,1323,1790073070154.879,36.005912
06e9e5b9,1325,1324,1790073070188.892,34.012493
06e9e5b9,1326,1325,1790073070229.604,40.712652
06e9e5b9,1327,1326,1790073070335.215,105.610901
06e9e5b9,1328,1327,1790073070342.598,7.382196
06e9e5b9,1329,1328,1790073070354.396,11.798691
06e9e5b9,1330,1329,1790073070392.548,38.151683
06e9e5b9,1331,1330,1790073070435.74,43.192078
06e9e5b9,1332,1331,1790073070464.565,28.824728
06e9e5b9,1333,1332,1790073070521.38,56.814838
06e9e5b9,1334,1333,1790073070552.196,30.815851
06e9e5b9,1335,1334,1790073070592.093,39.897317
06e9e5b9,1336,1335,1790073070634.689,42.595971
06e9e5b9,1337,1336,1790073070674.594,39.905211
06e9e5b9,1338,1337,1790073070713.687,39.093088
06e9e5b9,1339,1338,1790073070760.077,46.390021
06e9e5b9,1340,1339,1790073070795.18,35.102489
06e9e5b9,1341,1340,1790073070827.48,32.300933
06e9e5b9,1342,1341,1790073070872.41,44.929393
06e9e5b9,1343,1342,1790073070911.723,39.313048
06e9e5b9,1344,1343,1790073070951.499,39.775527
06e9e5b9,1345,1344,1790073070998.415,46.915913
06e9e5b9,1346,1345,1790073071042.051,43.636145
06e9e5b9,1347,1346,1790073071069.859,27.808729
06e9e5b9,1348,1347,1790073071108.418,38.558858
06e9e5b9,1349,1348,1790073071152.257,43.838982
06e9e5b9,1350,1349,1790073071196.205,43.947712
06e9e5b9,1351,1350,1790073071234.406,38.201078
06e9e5b9,1352,1351,1790073071274.56,40.15424
06e9e5b9,1353,1352,1790073071308.81,34.249763
06e9e5b9,1354,1353,1790073071349.831,41.02095
06e9e5b9,1355,1354,1790073071397.369,47.538103
06e9e5b9,1356,1355,1790073071427.95,30.580853
06e9e5b9,1357,1356,1790073071472.387,44.437705
06e9e5b9,1358,1357,1790073071513.771,41.383347
06e9e5b9,1359,1358,1790073071556.548,42.776794
06e9e5b9,1360,1359,1790073071591.428,34.880707
06e9e5b9,1361,1360,1790073071631.5,40.071282
06e9e5b9,1362,1361,1790073071688.114,56.613996
06e9e5b9,1363,1362,1790073071690.711,2.597557
06e9e5b9,1364,1363,1790073071693.718,3.006801
06e9e5b9,1365,1364,1790073071696.263,2.544604
06e9e5b9,1366,1365,1790073071697.739,1.476194
06e9e5b9,1367,1366,1790073071699.215,1.476433
06e9e5b9,1368,1367,1790073071750.675,51.460074
06e9e5b9,1369,1368,1790073072030.878,280.202774
06e9e5b9,1370,1369,1790073072075.246,44.368151
06e9e5b9,1371,1370,1790073072115.471,40.22482
06e9e5b9,1372,1371,1790073072158.768,43.29676
06e9e5b9,1373,1372,1790073072193.482,34.713964
06e9e5b9,1374,1373,1790073072226.421,32.938928
06e9e5b9,1375,1374,1790073072266.508,40.086804
06e9e5b9,1376,1375,1790073072317.889,51.381082
06e9e5b9,1377,1376,1790073072350.916,33.027379
06e9e5b9,1378,1377,1790073072394.959,44.043047
06e9e5b9,1379,1378,1790073072429.55,34.591227
06e9e5b9,1380,1379,1790073072474.419,44.868865
06e9e5b9,1381,1380,1790073072513.553,39.134356
06e9e5b9,1382,1381,1790073072553.077,39.523763
06e9e5b9,1383,1382,1790073072589.656,36.579138
06e9e5b9,1384,1383,1790073072641.232,51.575359
06e9e5b9,1385,1384,1790073072676.149,34.917103
06e9e5b9,1386,1385,1790073072719.652,43.50318
06e9e5b9,1387,1386,1790073072752.331,32.679098
06e9e5b9,1388,1387,1790073072803.863,51.532241
06e9e5b9,1389,1388,1790073072836.268,32.404249
06e9e5b9,1390,1389,1790073072867.796,31.528739
06e9e5b9,1391,1390,1790073072908.263,40.466949
06e9e5b9,1392,1391,1790073072950.458,42.194731
06e9e5b9,1393,1392,1790073072992.901,42.442506
06e9e5b9,1394,1393,1790073073034.401,41.500461
06e9e5b9,1395,1394,1790073073073.192,38.790581
06e9e5b9,1396,1395,1790073073119.314,46.122442
06e9e5b9,1397,1396,1790073073154.189,34.875159
06e9e5b9,1398,1397,1790073073191.614,37.424683
06e9e5b9,1399,1398,1790073073231.752,40.138639
06e9e5b9,1400,1399,1790073073287.569,55.81634
06e9e5b9,1401,1400,1790073073320.101,32.532265
06e9e5b9,1402,1401,1790073073357.166,37.064773
06e9e5b9,1403,1402,1790073073394.032,36.86583
06e9e5b9,1404,1403,1790073073438.681,44.648822
06e9e5b9,1405,1404,1790073073474.11,35.429424
06e9e5b9,1406,1405,1790073073520.85,46.740172
06e9e5b9,1407,1406,1790073073550.184,29.333934
06e9e5b9,1408,1407,1790073073590.376,40.192001
06e9e5b9,1409,1408,1790073073635.297,44.921131
06e9e5b9,1410,1409,1790073073683.849,48.551326
06e9e5b9,1411,1410,1790073073687.096,3.247455
06e9e5b9,1412,1411,1790073073690.882,3.786027
06e9e5b9,1413,1412,1790073073701.653,10.770821
06e9e5b9,1414,1413,1790073073702.979,1.326652
06e9e5b9,1415,1414,1790073073704.265,1.285144
06e9e5b9,1416,1415,1790073073758.756,54.491334
06e9e5b9,1417,1416,1790073074047.401,288.645316
06e9e5b9,1418,1417,1790073074075.59,28.188552
06e9e5b9,1419,1418,1790073074119.401,43.810755
06e9e5b9,1420,1419,1790073074148.376,28.975138
06e9e5b9,1421,1420,1790073074202.157,53.781034
06e9e5b9,1422,1421,1790073074245.721,43.5642
06e9e5b9,1423,1422,1790073074277.682,31.9606
06e9e5b9,1424,1423,1790073074316.203,38.521046
06e9e5b9,1425,1424,1790073074355.614,39.410894
06e9e5b9,1426,1425,1790073074391.742,36.12866
06e9e5b9,1427,1426,1790073074431.498,39.755969
06e9e5b9,1428,1427,1790073074472.563,41.065206
06e9e5b9,1429,1428,1790073074512.448,39.884702
06e9e5b9,1430,1429,1790073074557.473,45.025298
06e9e5b9,1431,1430,1790073074585.879,28.405412
06e9e5b9,1432,1431,1790073074637.245,51.366579
06e9e5b9,1433,1432,1790073074676.847,39.601477
06e9e5b9,1434,1433,1790073074712.017,35.170025
06e9e5b9,1435,1434,1790073074756.115,44.098595
06e9e5b9,1436,1435,1790073074792.014,35.898363
06e9e5b9,1437,1436,1790073074841.666,49.65176
06e9e5b9,1438,1437,1790073074877.21,35.544887
06e9e5b9,1439,1438,1790073074912.689,35.478525
06e9e5b9,1440,1439,1790073074952.282,39.593251
06e9e5b9,1441,1440,1790073074992.689,40.40668
06e9e5b9,1442,1441,1790073075035.633,42.944492
06e9e5b9,1443,1442,1790073075069.94,34.306992
06e9e5b9,1444,1443,1790073075110.586,40.645726
06e9e5b9,1445,1444,1790073075159.221,48.635349
06e9e5b9,1446,1445,1790073075200.856,41.634802
06e9e5b9,1447,1446,1790073075243.73,42.873852
06e9e5b9,1448,1447,1790073075269.85,26.119507
06e9e5b9,1449,1448,1790073075310.298,40.448758
06e9e5b9,1450,1449,1790073075353.595,43.296997
06e9e5b9,1451,1450,1790073075393.927,40.332203
06e9e5b9,1452,1451,1790073075435.75,41.822406
06e9e5b9,1453,1452,1790073075467.58,31.830437
06e9e5b9,1454,1453,1790073075519.426,51.845077
06e9e5b9,1455,1454,1790073075558.678,39.2526
06e9e5b9,1456,1455,1790073075599.057,40.379077
06e9e5b9,1457,1456,1790073075626.637,27.580126
06e9e5b9,1458,1457,1790073075687.618,60.980647
06e9e5b9,1459,1458,1790073075688.974,1.356278
06e9e5b9,1460,1459,1790073075690.277,1.303023
06e9e5b9,1461,1460,1790073075691.481,1.203635
06e9e5b9,1462,1461,1790073075692.385,0.90381
06e9e5b9,1463,1462,1790073075693.629,1.244542
06e9e5b9,1464,1463,1790073075748.602,54.972814
06e9e5b9,1465,1464,1790073076039.608,291.005511
06e9e5b9,1466,1465,1790073076072.031,32.423034
06e9e5b9,1467,1466,1790073076112.931,40.900274
06e9e5b9,1468,1467,1790073076156.394,43.462971
06e9e5b9,1469,1468,1790073076197.98,41.586723
06e9e5b9,1470,1469,1790073076235.437,37.456536
06e9e5b9,1471,1470,1790073076276.939,41.50171
06e9e5b9,1472,1471,1790073076308.249,31.310092
06e9e5b9,1473,1472,1790073076349.828,41.578827
06e9e5b9,1474,1473,1790073076392.298,42.47045
06e9e5b9,1475,1474,1790073076432.78,40.481619
06e9e5b9,1476,1475,1790073076473.493,40.713566
06e9e5b9,1477,1476,1790073076514.06,40.567069
06e9e5b9,1478,1477,1790073076548.728,34.66742
06e9e5b9,1479,1478,1790073076589.405,40.676643
06e9e5b9,1480,1479,1790073076635.805,46.400367
06e9e5b9,1481,1480,1790073076672.655,36.850204
06e9e5b9,1482,1481,1790073076717.599,44.944372
06e9e5b9,1483,1482,1790073076748.369,30.769136
06e9e5b9,1484,1483,1790073076790.486,42.117017
06e9e5b9,1485,1484,1790073076833.044,42.558475
06e9e5b9,1486,1485,1790073076877.572,44.527921
06e9e5b9,1487,1486,1790073076912.905,35.333233
06e9e5b9,1488,1487,1790073076954.367,41.461414
06e9e5b9,1489,1488,1790073076995.1,40.73378
06e9e5b9,1490,1489,1790073077026.096,30.996051
06e9e5b9,1491,1490,1790073077078.521,52.424952
06e9e5b9,1492,1491,1790073077121.146,42.625153
06e9e5b9,1493,1492,1790073077148.94,27.793687
06e9e5b9,1494,1493,1790073077194.193,45.253065
06e9e5b9,1495,1494,1790073077235.79,41.596304
06e9e5b9,1496,1495,1790073077282.509,46.719074
06e9e5b9,1497,1496,1790073077314.962,32.452891
06e9e5b9,1498,1497,1790073077352.135,37.173116
06e9e5b9,1499,1498,1790073077396.813,44.678397
06e9e5b9,1500,1499,1790073077433.178,36.365475
06e9e5b9,1501,1500,1790073077478.118,44.939482
06e9e5b9,1502,1501,1790073077512.724,34.605615
06e9e5b9,1503,1502,1790073077556.437,43.713123
06e9e5b9,1504,1503,1790073077588.238,31.800677
06e9e5b9,1505,1504,1790073077629.635,41.397113
06e9e5b9,1506,1505,1790073077680.635,50.999927
06e9e5b9,1507,1506,1790073077681.98,1.34576
06e9e5b9,1508,1507,1790073077684.701,2.721078
06e9e5b9,1509,1508,1790073077687.266,2.564333
06e9e5b9,1510,1509,1790073077690.162,2.896209
06e9e5b9,1511,1510,1790073077692.761,2.599185
06e9e5b9,1512,1511,1790073077765.414,72.652636
06e9e5b9,1513,1512,1790073078024.285,258.870908
06e9e5b9,1514,1513,1790073078077.832,53.54743
06e9e5b9,1515,1514,1790073078130.826,52.993861
06e9e5b9,1516,1515,1790073078158.338,27.511639
06e9e5b9,1517,1516,1790073078192.437,34.099046
06e9e5b9,1518,1517,1790073078232.556,40.119774
06e9e5b9,1519,1518,1790073078279.8,47.243105
06e9e5b9,1520,1519,1790073078314.76,34.960067
06e9e5b9,1521,1520,1790073078352.044,37.284523
06e9e5b9,1522,1521,1790073078395.418,43.374384
06e9e5b9,1523,1522,1790073078438.542,43.124142
06e9e5b9,1524,1523,1790073078476.399,37.856132
06e9e5b9,1525,1524,1790073078520.438,44.039417
06e9e5b9,1526,1525,1790073078563.236,42.798134
06e9e5b9,1527,1526,1790073078597.344,34.108089
06e9e5b9,1528,1527,1790073078632.547,35.202906
06e9e5b9,1529,1528,1790073078677.201,44.653461
06e9e5b9,1530,1529,1790073078715.426,38.224749
06e9e5b9,1531,1530,1790073078755.763,40.337709
06e9e5b9,1532,1531,1790073078792.739,36.975468
06e9e5b9,1533,1532,1790073078831.742,39.003461
06e9e5b9,1534,1533,1790073078881.428,49.685823
06e9e5b9,1535,1534,1790073078913.528,32.099913
06e9e5b9,1536,1535,1790073078954.725,41.197306
06e9e5b9,1537,1536,1790073078996.479,41.754386
06e9e5b9,1538,1537,1790073079038.67,42.190686
06e9e5b9,1539,1538,1790073079075.766,37.095876
06e9e5b9,1540,1539,1790073079112.835,37.068791
06e9e5b9,1541,1540,1790073079160.26,47.425369
06e9e5b9,1542,1541,1790073079195.112,34.851664
06e9e5b9,1543,1542,1790073079235.967,40.855475
06e9e5b9,1544,1543,1790073079275.387,39.4192
06e9e5b9,1545,1544,1790073079314.529,39.14194
06e9e5b9,1546,1545,1790073079349.899,35.370537
06e9e5b9,1547,1546,1790073079392.917,43.017444
06e9e5b9,1548,1547,1790073079435.452,42.535594
06e9e5b9,1549,1548,1790073079474.7,39.247861
06e9e5b9,1550,1549,1790073079520.218,45.517983
06e9e5b9,1551,1550,1790073079554.775,34.556732
06e9e5b9,1552,1551,1790073079590.815,36.040691
06e9e5b9,1553,1552,1790073079631.221,40.405937
06e9e5b9,1554,1553,1790073079685.95,54.728382
06e9e5b9,1555,1554,1790073079688.875,2.925141
06e9e5b9,1556,1555,1790073079691.969,3.093692
06e9e5b9,1557,1556,1790073079694.442,2.473475
06e9e5b9,1558,1557,1790073079697.02,2.577722
06e9e5b9,1559,1558,1790073079698.274,1.254636
06e9e5b9,1560,1559,1790073079758.811,60.536728
06e9e5b9,1561,1560,1790073080031.774,272.963256
06e9e5b9,1562,1561,1790073080079.736,47.961555
06e9e5b9,1563,1562,1790073080111.867,32.130748
06e9e5b9,1564,1563,1790073080152.987,41.120216
06e9e5b9,1565,1564,1790073080195.55,42.563
06e9e5b9,1566,1565,1790073080242.24,46.689616
06e9e5b9,1567,1566,1790073080271.269,29.028947
06e9e5b9,1568,1567,1790073080312.309,41.04055
06e9e5b9,1569,1568,1790073080358.712,46.403008
06e9e5b9,1570,1569,1790073080396.028,37.315843
06e9e5b9,1571,1570,1790073080435.663,39.6351
06e9e5b9,1572,1571,1790073080476.278,40.614722
06e9e5b9,1573,1572,1790073080510.337,34.059855
06e9e5b9,1574,1573,1790073080558.884,48.546714
06e9e5b9,1575,1574,1790073080607.129,48.244334
06e9e5b9,1576,1575,1790073080642.955,35.826622
06e9e5b9,1577,1576,1790073080680.0,37.044422
06e9e5b9,1578,1577,1790073080718.482,38.482382
06e9e5b9,1579,1578,1790073080748.732,30.250448
06e9e5b9,1580,1579,1790073080789.194,40.461375
06e9e5b9,1581,1580,1790073080830.254,41.060483
06e9e5b9,1582,1581,1790073080873.715,43.460667
06e9e5b9,1583,1582,1790073080913.049,39.334014
06e9e5b9,1584,1583,1790073080964.075,51.025716
06e9e5b9,1585,1584,1790073080996.964,32.888834
06e9e5b9,1586,1585,1790073081028.829,31.865013
06e9e5b9,1587,1586,1790073081072.361,43.532868
06e9e5b9,1588,1587,1790073081114.638,42.277136
06e9e5b9,1589,1588,1790073081155.362,40.723726
06e9e5b9,1590,1589,1790073081195.423,40.060353
06e9e5b9,1591,1590,1790073081241.718,46.294995
06e9e5b9,1592,1591,1790073081280.93,39.212277
06e9e5b9,1593,1592,1790073081311.773,30.842769
06e9e5b9,1594,1593,1790073081352.184,40.410993
06e9e5b9,1595,1594,1790073081392.31,40.125916
06e9e5b9,1596,1595,1790073081432.372,40.062232
06e9e5b9,1597,1596,1790073081474.092,41.720011
06e9e5b9,1598,1597,1790073081520.793,46.701026
06e9e5b9,1599,1598,1790073081549.578,28.785485
06e9e5b9,1600,1599,1790073081591.1,41.521591
06e9e5b9,1601,1600,1790073081640.843,49.74281
06e9e5b9,1602,1601,1790073081675.772,34.928969
06e9e5b9,1603,1602,1790073081677.3,1.527982
06e9e5b9,1604,1603,1790073081679.558,2.25861
06e9e5b9,1605,1604,1790073081682.166,2.607286
06e9e5b9,1606,1605,1790073081758.115,75.94969
06e9e5b9,1607,1606,1790073082028.403,270.287396
06e9e5b9,1608,1607,1790073082075.302,46.89927
06e9e5b9,1609,1608,1790073082123.459,48.157225
06e9e5b9,1610,1609,1790073082152.438,28.97849
06e9e5b9,1611,1610,1790073082192.966,40.528394
06e9e5b9,1612,1611,1790073082242.707,49.741305
06e9e5b9,1613,1612,1790073082268.379,25.671945
06e9e5b9,1614,1613,1790073082320.992,52.613049
06e9e5b9,1615,1614,1790073082350.237,29.245037
06e9e5b9,1616,1615,1790073082395.058,44.820238
06e9e5b9,1617,1616,1790073082433.056,37.998801
06e9e5b9,1618,1617,1790073082474.335,41.278478
06e9e5b9,1619,1618,1790073082533.274,58.939456
06e9e5b9,1620,1619,1790073082555.129,21.854802
06e9e5b9,1621,1620,1790073082590.678,35.549067
06e9e5b9,1622,1621,1790073082643.172,52.493993
06e9e5b9,1623,1622,1790073082674.707,31.534233
06e9e5b9,1624,1623,1790073082710.673,35.966212
06e9e5b9,1625,1624,1790073082752.475,41.80267
06e9e5b9,1626,1625,1790073082793.605,41.130076
06e9e5b9,1627,1626,1790073082837.076,43.471081
06e9e5b9,1628,1627,1790073082882.245,45.168579
06e9e5b9,1629,1628,1790073082919.947,37.701814
06e9e5b9,1630,1629,1790073082949.025,29.07775
06e9e5b9,1631,1630,1790073083000.392,51.367269
06e9e5b9,1632,1631,1790073083033.026,32.633725
06e9e5b9,1633,1632,1790073083071.885,38.858884
06e9e5b9,1634,1633,1790073083112.422,40.537105
06e9e5b9,1635,1634,1790073083155.191,42.76955
06e9e5b9,1636,1635,1790073083201.721,46.530072
06e9e5b9,1637,1636,1790073083229.792,28.071201
06e9e5b9,1638,1637,1790073083280.276,50.483964
06e9e5b9,1639,1638,1790073083315.792,35.515929
06e9e5b9,1640,1639,1790073083352.24,36.447072
06e9e5b9,1641,1640,1790073083402.047,49.807944
06e9e5b9,1642,1641,1790073083437.882,35.835059
06e9e5b9,1643,1642,1790073083478.88,40.997299
06e9e5b9,1644,1643,1790073083510.115,31.235679
06e9e5b9,1645,1644,1790073083555.207,45.091907
06e9e5b9,1646,1645,1790073083605.337,50.129637
06e9e5b9,1647,1646,1790073083640.745,35.407635
06e9e5b9,1648,1647,1790073083680.43,39.685076
06e9e5b9,1649,1648,1790073083682.909,2.479617
06e9e5b9,1650,1649,1790073083750.717,67.807942
06e9e5b9,1651,1650,1790073084030.479,279.761857
06e9e5b9,1652,1651,1790073084073.325,42.846066
06e9e5b9,1653,1652,1790073084111.427,38.101893
06e9e5b9,1654,1653,1790073084163.588,52.160728
06e9e5b9,1655,1654,1790073084198.471,34.883262
06e9e5b9,1656,1655,1790073084233.257,34.785557
06e9e5b9,1657,1656,1790073084275.175,41.918163
06e9e5b9,1658,1657,1790073084319.228,44.053429
06e9e5b9,1659,1658,1790073084357.098,37.869651
06e9e5b9,1660,1659,1790073084398.676,41.578379
06e9e5b9,1661,1660,1790073084439.351,40.674885
06e9e5b9,1662,1661,1790073084492.659,53.308037
06e9e5b9,1663,1662,1790073084515.069,22.41002
06e9e5b9,1664,1663,1790073084563.613,48.543321
06e9e5b9,1665,1664,1790073084609.653,46.040204
06e9e5b9,1666,1665,1790073084634.316,24.663872
06e9e5b9,1667,1666,1790073084680.406,46.089654
06e9e5b9,1668,1667,1790073084714.836,34.429869
06e9e5b9,1669,1668,1790073084752.793,37.957482
06e9e5b9,1670,1669,1790073084793.159,40.365449
06e9e5b9,1671,1670,1790073084835.069,41.910227
06e9e5b9,1672,1671,1790073084876.474,41.404828
06e9e5b9,1673,1672,1790073084908.045,31.57061
06e9e5b9,1674,1673,1790073084949.654,41.60958
06e9e5b9,1675,1674,1790073084996.085,46.430409
06e9e5b9,1676,1675,1790073085031.987,35.902386
06e9e5b9,1677,1676,1790073085079.136,47.149406
06e9e5b9,1678,1677,1790073085113.917,34.78016
06e9e5b9,1679,1678,1790073085155.056,41.139496
06e9e5b9,1680,1679,1790073085203.179,48.123321
06e9e5b9,1681,1680,1790073085250.431,47.251765
06e9e5b9,1682,1681,1790073085272.316,21.88508
06e9e5b9,1683,1682,1790073085318.391,46.075208
06e9e5b9,1684,1683,1790073085355.284,36.893103
06e9e5b9,1685,1684,1790073085400.427,45.14231
06e9e5b9,1686,1685,1790073085429.348,28.921155
06e9e5b9,1687,1686,1790073085473.29,43.942378
06e9e5b9,1688,1687,1790073085519.929,46.63875
06e9e5b9,1689,1688,1790073085562.945,43.016001
06e9e5b9,1690,1689,1790073085595.57,32.625206
06e9e5b9,1691,1690,1790073085650.58,55.009412
06e9e5b9,1692,1691,1790073085689.11,38.529767
06e9e5b9,1693,1692,1790073085690.976,1.866203
06e9e5b9,1694,1693,1790073085692.75,1.774846
06e9e5b9,1695,1694,1790073085694.727,1.976338
06e9e5b9,1696,1695,1790073085696.276,1.549416
06e9e5b9,1697,1696,1790073085757.931,61.654736
06e9e5b9,1698,1697,1790073086039.456,281.524824
06e9e5b9,1699,1698,1790073086070.391,30.935478
06e9e5b9,1700,1699,1790073086122.53,52.138246
06e9e5b9,1701,1700,1790073086157.01,34.480656
06e9e5b9,1702,1701,1790073086198.583,41.57314
06e9e5b9,1703,1702,1790073086237.171,38.587923
06e9e5b9,1704,1703,1790073086280.029,42.857578
06e9e5b9,1705,1704,1790073086314.374,34.345197
06e9e5b9,1706,1705,1790073086358.521,44.147104
06e9e5b9,1707,1706,1790073086398.973,40.451615
06e9e5b9,1708,1707,1790073086443.412,44.438749
06e9e5b9,1709,1708,1790073086471.721,28.309683
06e9e5b9,1710,1709,1790073086512.289,40.56764
06e9e5b9,1711,1710,1790073086563.189,50.900422
06e9e5b9,1712,1711,1790073086589.364,26.174439
06e9e5b9,1713,1712,1790073086645.583,56.219701
06e9e5b9,1714,1713,1790073086677.935,32.351328
06e9e5b9,1715,1714,1790073086717.769,39.834493
06e9e5b9,1716,1715,1790073086759.406,41.63648
06e9e5b9,1717,1716,1790073086795.692,36.286659
06e9e5b9,1718,1717,1790073086843.336,47.643208
06e9e5b9,1719,1718,1790073086874.971,31.635339
06e9e5b9,1720,1719,1790073086927.718,52.746813
06e9e5b9,1721,1720,1790073086957.213,29.495531
06e9e5b9,1722,1721,1790073086997.762,40.549016
06e9e5b9,1723,1722,1790073087034.577,36.81512
06e9e5b9,1724,1723,1790073087079.165,44.587523
06e9e5b9,1725,1724,1790073087127.321,48.156044
06e9e5b9,1726,1725,1790073087166.116,38.794724
06e9e5b9,1727,1726,1790073087210.31,44.194453
06e9e5b9,1728,1727,1790073087240.062,29.751594
06e9e5b9,1729,1728,1790073087279.612,39.550541
06e9e5b9,1730,1729,1790073087314.871,35.258861
06e9e5b9,1731,1730,1790073087346.558,31.686464
06e9e5b9,1732,1731,1790073087391.429,44.8717
06e9e5b9,1733,1732,1790073087434.866,43.436738
06e9e5b9,1734,1733,1790073087477.412,42.545416
06e9e5b9,1735,1734,1790073087518.947,41.53515
06e9e5b9,1736,1735,1790073087558.524,39.577627
06e9e5b9,1737,1736,1790073087602.246,43.721294
06e9e5b9,1738,1737,1790073087635.811,33.565156
06e9e5b9,1739,1738,1790073087686.781,50.970415
06e9e5b9,1740,1739,1790073087688.205,1.42377
06e9e5b9,1741,1740,1790073087691.046,2.841438
06e9e5b9,1742,1741,1790073087693.491,2.444989
06e9e5b9,1743,1742,1790073087698.049,4.558057
06e9e5b9,1744,1743,1790073087713.254,15.204733
06e9e5b9,1745,1744,1790073087753.176,39.921903
06e9e5b9,1746,1745,1790073088037.971,284.795157
06e9e5b9,1747,1746,1790073088080.567,42.59555
06e9e5b9,1748,1747,1790073088113.979,33.412755
06e9e5b9,1749,1748,1790073088153.448,39.46886
06e9e5b9,1750,1749,1790073088208.16,54.711877
06e9e5b9,1751,1750,1790073088237.064,28.904189
06e9e5b9,1752,1751,1790073088270.097,33.032544
06e9e5b9,1753,1752,1790073088317.728,47.630462
06e9e5b9,1754,1753,1790073088358.841,41.113093
06e9e5b9,1755,1754,1790073088404.425,45.584627
06e9e5b9,1756,1755,1790073088438.879,34.453958
06e9e5b9,1757,1756,1790073088482.916,44.036386
06e9e5b9,1758,1757,1790073088520.15,37.234311
06e9e5b9,1759,1758,1790073088553.118,32.968699
06e9e5b9,1760,1759,1790073088592.797,39.678521
06e9e5b9,1761,1760,1790073088633.145,40.347861
06e9e5b9,1762,1761,1790073088676.881,43.736018
06e9e5b9,1763,1762,1790073088721.031,44.14974
06e9e5b9,1764,1763,1790073088756.807,35.776332
06e9e5b9,1765,1764,1790073088791.636,34.829382
06e9e5b9,1766,1765,1790073088842.618,50.98206
06e9e5b9,1767,1766,1790073088879.327,36.708928
06e9e5b9,1768,1767,1790073088921.096,41.768773
06e9e5b9,1769,1768,1790073088947.474,26.377397
06e9e5b9,1770,1769,1790073088999.26,51.785954
06e9e5b9,1771,1770,1790073089043.14,43.880674
06e9e5b9,1772,1771,1790073089069.382,26.242115
06e9e5b9,1773,1772,1790073089128.161,58.778473
06e9e5b9,1774,1773,1790073089153.206,25.045332
06e9e5b9,1775,1774,1790073089194.077,40.870787
06e9e5b9,1776,1775,1790073089237.054,42.977547
06e9e5b9,1777,1776,1790073089276.625,39.570714
06e9e5b9,1778,1777,1790073089310.935,34.309769
06e9e5b9,1779,1778,1790073089353.494,42.558999
06e9e5b9,1780,1779,1790073089397.67,44.176607
06e9e5b9,1781,1780,1790073089435.446,37.775011
06e9e5b9,1782,1781,1790073089484.097,48.651871
06e9e5b9,1783,1782,1790073089517.931,33.833617
06e9e5b9,1784,1783,1790073089567.126,49.195132
06e9e5b9,1785,1784,1790073089599.612,32.485746
06e9e5b9,1786,1785,1790073089633.789,34.176665
06e9e5b9,1787,1786,1790073089687.554,53.765513
06e9e5b9,1788,1787,1790073089690.818,3.263875
06e9e5b9,1789,1788,1790073089692.135,1.317528
06e9e5b9,1790,1789,1790073089693.648,1.512925
06e9e5b9,1791,1790,1790073089694.91,1.262065
06e9e5b9,1792,1791,1790073089697.46,2.549635
06e9e5b9,1793,1792,1790073089754.977,57.516852
06e9e5b9,1794,1793,1790073090034.259,279.281709
06e9e5b9,1795,1794,1790073090072.747,38.488671
06e9e5b9,1796,1795,1790073090113.279,40.531941
06e9e5b9,1797,1796,1790073090162.189,48.910208
06e9e5b9,1798,1797,1790073090206.635,44.445877
06e9e5b9,1799,1798,1790073090236.279,29.643975
06e9e5b9,1800,1799,1790073090277.264,40.98516
06e9e5b9,1801,1800,1790073090315.33,38.065566
06e9e5b9,1802,1801,1790073090355.269,39.938893
06e9e5b9,1803,1802,1790073090395.945,40.676428
06e9e5b9,1804,1803,1790073090433.551,37.605308
06e9e5b9,1805,1804,1790073090477.818,44.267787
06e9e5b9,1806,1805,1790073090520.463,42.644093
06e9e5b9,1807,1806,1790073090558.549,38.086187
06e9e5b9,1808,1807,1790073090604.871,46.322057
06e9e5b9,1809,1808,1790073090639.804,34.933416
06e9e5b9,1810,1809,1790073090677.04,37.235387
06e9e5b9,1811,1810,1790073090725.69,48.650815
06e9e5b9,1812,1811,1790073090750.35,24.659216
06e9e5b9,1813,1812,1790073090791.17,40.819961
06e9e5b9,1814,1813,1790073090836.13,44.960477
06e9e5b9,1815,1814,1790073090882.098,45.967762
06e9e5b9,1816,1815,1790073090922.77,40.672224
06e9e5b9,1817,1816,1790073090956.284,33.51422
06e9e5b9,1818,1817,1790073090989.658,33.373606
06e9e5b9,1819,1818,1790073091031.739,42.08095
06e9e5b9,1820,1819,1790073091071.929,40.190344
06e9e5b9,1821,1820,1790073091127.33,55.400621
06e9e5b9,1822,1821,1790073091158.303,30.973179
06e9e5b9,1823,1822,1790073091189.318,31.015291
06e9e5b9,1824,1823,1790073091233.261,43.942525
06e9e5b9,1825,1824,1790073091281.383,48.121825
06e9e5b9,1826,1825,1790073091316.417,35.03498
06e9e5b9,1827,1826,1790073091356.874,40.456153
06e9e5b9,1828,1827,1790073091395.449,38.575187
06e9e5b9,1829,1828,1790073091435.365,39.915578
06e9e5b9,1830,1829,1790073091474.208,38.843646
06e9e5b9,1831,1830,1790073091513.986,39.777697
06e9e5b9,1832,1831,1790073091556.23,42.244271
06e9e5b9,1833,1832,1790073091601.984,45.753527
06e9e5b9,1834,1833,1790073091634.65,32.666498
06e9e5b9,1835,1834,1790073091682.837,48.187069
06e9e5b9,1836,1835,1790073091685.116,2.278555
06e9e5b9,1837,1836,1790073091687.728,2.612298
06e9e5b9,1838,1837,1790073091689.638,1.9099
06e9e5b9,1839,1838,1790073091691.111,1.472781
06e9e5b9,1840,1839,1790073091692.749,1.63801
06e9e5b9,1841,1840,1790073091759.03,66.281121
06e9e5b9,1842,1841,1790073092044.654,285.623875
06e9e5b9,1843,1842,1790073092072.015,27.361734
06e9e5b9,1844,1843,1790073092116.981,44.96579
06e9e5b9,1845,1844,1790073092156.476,39.495001
06e9e5b9,1846,1845,1790073092188.675,32.198818
06e9e5b9,1847,1846,1790073092235.663,46.988328
06e9e5b9,1848,1847,1790073092280.193,44.529467
06e9e5b9,1849,1848,1790073092311.807,31.614192
06e9e5b9,1850,1849,1790073092359.649,47.842336
06e9e5b9,1851,1850,1790073092395.178,35.528287
06e9e5b9,1852,1851,1790073092437.097,41.91948
06e9e5b9,1853,1852,1790073092478.383,41.285398
06e9e5b9,1854,1853,1790073092517.14,38.757349
06e9e5b9,1855,1854,1790073092554.846,37.706594
06e9e5b9,1856,1855,1790073092596.203,41.356646
06e9e5b9,1857,1856,1790073092635.498,39.294359
06e9e5b9,1858,1857,1790073092678.411,42.913359
06e9e5b9,1859,1858,1790073092714.437,36.025595
06e9e5b9,1860,1859,1790073092754.42,39.984003
06e9e5b9,1861,1860,1790073092797.034,42.614014
06e9e5b9,1862,1861,1790073092839.722,42.687604
06e9e5b9,1863,1862,1790073092887.332,47.609971
06e9e5b9,1864,1863,1790073092916.024,28.692339
06e9e5b9,1865,1864,1790073092953.298,37.273866
06e9e5b9,1866,1865,1790073093000.569,47.271104
06e9e5b9,1867,1866,1790073093035.729,35.160165
06e9e5b9,1868,1867,1790073093078.92,43.190029
06e9e5b9,1869,1868,1790073093110.545,31.625285
06e9e5b9,1870,1869,1790073093152.486,41.940952
06e9e5b9,1871,1870,1790073093194.332,41.846301
06e9e5b9,1872,1871,1790073093240.674,46.342104
06e9e5b9,1873,1872,1790073093266.839,26.164639
06e9e5b9,1874,1873,1790073093314.272,47.433542
06e9e5b9,1875,1874,1790073093355.268,40.995311
06e9e5b9,1876,1875,1790073093397.182,41.913835
06e9e5b9,1877,1876,1790073093439.355,42.173232
06e9e5b9,1878,1877,1790073093470.03,30.675117
06e9e5b9,1879,1878,1790073093520.997,50.967541
06e9e5b9,1880,1879,1790073093557.362,36.364837
06e9e5b9,1881,1880,1790073093594.125,36.763159
06e9e5b9,1882,1881,1790073093635.203,41.077225
06e9e5b9,1883,1882,1790073093688.393,53.190739
06e9e5b9,1884,1883,1790073093691.142,2.748766
06e9e5b9,1885,1884,1790073093693.931,2.789146
06e9e5b9,1886,1885,1790073093696.635,2.703102
06e9e5b9,1887,1886,1790073093699.528,2.89338
06e9e5b9,1888,1887,1790073093701.047,1.519669
06e9e5b9,1889,1888,1790073093753.479,52.431557
06e9e5b9,1890,1889,1790073094032.819,279.339573
06e9e5b9,1891,1890,1790073094070.763,37.944521
06e9e5b9,1892,1891,1790073094111.744,40.981044
06e9e5b9,1893,1892,1790073094158.514,46.769624
06e9e5b9,1894,1893,1790073094197.679,39.165415
06e9e5b9,1895,1894,1790073094229.728,32.048436
06e9e5b9,1896,1895,1790073094284.774,55.046824
06e9e5b9,1897,1896,1790073094313.232,28.457247
06e9e5b9,1898,1897,1790073094354.164,40.932444
06e9e5b9,1899,1898,1790073094402.814,48.650244
06e9e5b9,1900,1899,1790073094434.977,32.162735
06e9e5b9,1901,1900,1790073094480.496,45.518366
06e9e5b9,1902,1901,1790073094508.687,28.19092
06e9e5b9,1903,1902,1790073094550.614,41.92745
06e9e5b9,1904,1903,1790073094604.153,53.538792
06e9e5b9,1905,1904,1790073094641.348,37.195766
06e9e5b9,1906,1905,1790073094675.267,33.918807
06e9e5b9,1907,1906,1790073094717.961,42.694304
06e9e5b9,1908,1907,1790073094761.487,43.525886
06e9e5b9,1909,1908,1790073094789.043,27.555564
06e9e5b9,1910,1909,1790073094833.77,44.726685
06e9e5b9,1911,1910,1790073094875.012,41.242039
06e9e5b9,1912,1911,1790073094922.024,47.012244
06e9e5b9,1913,1912,1790073094965.487,43.462719
06e9e5b9,1914,1913,1790073094997.686,32.199638
06e9e5b9,1915,1914,1790073095033.812,36.125421
06e9e5b9,1916,1915,1790073095083.165,49.353672
06e9e5b9,1917,1916,1790073095122.396,39.230562
06e9e5b9,1918,1917,1790073095152.219,29.822789
06e9e5b9,1919,1918,1790073095198.99,46.770645
06e9e5b9,1920,1919,1790073095244.258,45.268349
06e9e5b9,1921,1920,1790073095273.984,29.726338
06e9e5b9,1922,1921,1790073095325.714,51.730142
06e9e5b9,1923,1922,1790073095358.837,33.122518
06e9e5b9,1924,1923,1790073095397.277,38.43999
06e9e5b9,1925,1924,1790073095446.602,49.325127
06e9e5b9,1926,1925,1790073095470.639,24.037527
06e9e5b9,1927,1926,1790073095533.543,62.903616
06e9e5b9,1928,1927,1790073095546.814,13.270877
06e9e5b9,1929,1928,1790073095591.588,44.773851
06e9e5b9,1930,1929,1790073095635.783,44.195565
06e9e5b9,1931,1930,1790073095688.061,52.277639
06e9e5b9,1932,1931,1790073095690.878,2.816896
06e9e5b9,1933,1932,1790073095694.081,3.203162
06e9e5b9,1934,1933,1790073095760.941,66.860497
06e9e5b9,1935,1934,1790073096033.576,272.634787
06e9e5b9,1936,1935,1790073096074.324,40.747497
06e9e5b9,1937,1936,1790073096112.644,38.32047
06e9e5b9,1938,1937,1790073096151.872,39.227678
06e9e5b9,1939,1938,1790073096198.515,46.642791
06e9e5b9,1940,1939,1790073096237.283,38.767958
06e9e5b9,1941,1940,1790073096273.677,36.393855
06e9e5b9,1942,1941,1790073096315.485,41.808711
06e9e5b9,1943,1942,1790073096353.955,38.470096
06e9e5b9,1944,1943,1790073096393.029,39.073363
06e9e5b9,1945,1944,1790073096430.192,37.163061
06e9e5b9,1946,1945,1790073096473.388,43.196234
06e9e5b9,1947,1946,1790073096513.826,40.437948
06e9e5b9,1948,1947,1790073096547.927,34.100727
06e9e5b9,1949,1948,1790073096593.889,45.962381
06e9e5b9,1950,1949,1790073096631.29,37.401067
06e9e5b9,1951,1950,1790073096676.615,45.324362
06e9e5b9,1952,1951,1790073096724.809,48.194242
06e9e5b9,1953,1952,1790073096758.415,33.606681
06e9e5b9,1954,1953,1790073096788.366,29.950593
06e9e5b9,1955,1954,1790073096845.282,56.915914
06e9e5b9,1956,1955,1790073096874.583,29.30147
06e9e5b9,1957,1956,1790073096913.26,38.676769
06e9e5b9,1958,1957,1790073096954.241,40.980474
06e9e5b9,1959,1958,1790073097009.811,55.569945
06e9e5b9,1960,1959,1790073097028.598,18.787836
06e9e5b9,1961,1960,1790073097070.642,42.043563
06e9e5b9,1962,1961,1790073097117.579,46.937177
06e9e5b9,1963,1962,1790073097155.72,38.140526
06e9e5b9,1964,1963,1790073097210.752,55.032832
06e9e5b9,1965,1964,1790073097239.443,28.690628
06e9e5b9,1966,1965,1790073097270.06,30.61685
06e9e5b9,1967,1966,1790073097317.566,47.506147
06e9e5b9,1968,1967,1790073097355.145,37.578405
06e9e5b9,1969,1968,1790073097395.684,40.539024
06e9e5b9,1970,1969,1790073097435.113,39.429725
06e9e5b9,1971,1970,1790073097468.826,33.712663
06e9e5b9,1972,1971,1790073097511.793,42.96755
06e9e5b9,1973,1972,1790073097555.273,43.479656
06e9e5b9,1974,1973,1790073097593.459,38.186068
06e9e5b9,1975,1974,1790073097631.46,38.000992
06e9e5b9,1976,1975,1790073097685.423,53.962745
06e9e5b9,1977,1976,1790073097686.851,1.42775
06e9e5b9,1978,1977,1790073097688.032,1.181524
06e9e5b9,1979,1978,1790073097689.455,1.422889
06e9e5b9,1980,1979,1790073097690.849,1.394348
06e9e5b9,1981,1980,1790073097692.767,1.917272
06e9e5b9,1982,1981,1790073097753.507,60.739759
06e9e5b9,1983,1982,1790073098040.851,287.344096
06e9e5b9,1984,1983,1790073098070.082,29.231127
06e9e5b9,1985,1984,1790073098112.246,42.163959
06e9e5b9,1986,1985,1790073098152.973,40.726988
06e9e5b9,1987,1986,1790073098209.263,56.290634
06e9e5b9,1988,1987,1790073098235.862,26.598617
06e9e5b9,1989,1988,1790073098276.569,40.707155
06e9e5b9,1990,1989,1790073098308.639,32.069924
06e9e5b9,1991,1990,1790073098358.19,49.55108
06e9e5b9,1992,1991,1790073098399.255,41.064708
06e9e5b9,1993,1992,1790073098430.267,31.011835
06e9e5b9,1994,1993,1790073098472.809,42.542069
06e9e5b9,1995,1994,1790073098512.772,39.963285
06e9e5b9,1996,1995,1790073098545.546,32.773883
06e9e5b9,1997,1996,1790073098588.948,43.402149
06e9e5b9,1998,1997,1790073098631.19,42.241964
06e9e5b9,1999,1998,1790073098675.206,44.016011
06e9e5b9,2000,1999,1790073098720.355,45.149098
06e9e5b9,2001,2000,1790073098751.863,31.507637
06e9e5b9,2002,2001,1790073098803.166,51.30322
06e9e5b9,2003,2002,1790073098837.339,34.173531
06e9e5b9,2004,2003,1790073098886.842,49.502285
06e9e5b9,2005,2004,1790073098915.555,28.712993
06e9e5b9,2006,2005,1790073098960.575,45.020631
06e9e5b9,2007,2006,1790073098987.796,27.220311
06e9e5b9,2008,2007,1790073099034.845,47.049168
06e9e5b9,2009,2008,1790073099072.012,37.167263
06e9e5b9,2010,2009,1790073099113.194,41.181599
06e9e5b9,2011,2010,1790073099153.947,40.753067
06e9e5b9,2012,2011,1790073099194.416,40.468962
06e9e5b9,2013,2012,1790073099229.702,35.286022
06e9e5b9,2014,2013,1790073099275.123,45.421371
06e9e5b9,2015,2014,1790073099322.292,47.168554
06e9e5b9,2016,2015,1790073099353.787,31.495109
06e9e5b9,2017,2016,1790073099388.299,34.511784
06e9e5b9,2018,2017,1790073099443.122,54.82314
06e9e5b9,2019,2018,1790073099472.942,29.820297
06e9e5b9,2020,2019,1790073099514.879,41.936551
06e9e5b9,2021,2020,1790073099555.905,41.025953
06e9e5b9,2022,2021,1790073099589.009,33.104421
06e9e5b9,2023,2022,1790073099631.255,42.246477
06e9e5b9,2024,2023,1790073099691.355,60.099479
06e9e5b9,2025,2024,1790073099694.486,3.131005
06e9e5b9,2026,2025,1790073099695.547,1.061124
06e9e5b9,2027,2026,1790073099696.636,1.089459
06e9e5b9,2028,2027,1790073099697.742,1.105865
06e9e5b9,2029,2028,1790073099698.55,0.80736
06e9e5b9,2030,2029,1790073099754.576,56.025982
06e9e5b9,2031,2030,1790073100048.698,294.122518
06e9e5b9,2032,2031,1790073100069.031,20.332463
06e9e5b9,2033,2032,1790073100116.684,47.653308
06e9e5b9,2034,2033,1790073100154.782,38.09789
06e9e5b9,2035,2034,1790073100195.253,40.471058
06e9e5b9,2036,2035,1790073100242.062,46.809291
06e9e5b9,2037,2036,1790073100274.092,32.03007
06e9e5b9,2038,2037,1790073100319.595,45.503158
06e9e5b9,2039,2038,1790073100354.466,34.87003
06e9e5b9,2040,2039,1790073100389.181,34.715434
06e9e5b9,2041,2040,1790073100434.714,45.533135
06e9e5b9,2042,2041,1790073100478.057,43.343149
06e9e5b9,2043,2042,1790073100513.943,35.885353
06e9e5b9,2044,2043,1790073100549.551,35.608413
06e9e5b9,2045,2044,1790073100601.219,51.668075
06e9e5b9,2046,2045,1790073100634.636,33.417052
06e9e5b9,2047,2046,1790073100691.963,57.326877
06e9e5b9,2048,2047,1790073100710.177,18.214259
06e9e5b9,2049,2048,1790073100755.344,45.166321
06e9e5b9,2050,2049,1790073100795.284,39.940317
06e9e5b9,2051,2050,1790073100839.547,44.263576
06e9e5b9,2052,2051,1790073100874.498,34.95028
06e9e5b9,2053,2052,1790073100921.748,47.25004
06e9e5b9,2054,2053,1790073100956.915,35.167637
06e9e5b9,2055,2054,1790073100993.204,36.288626
06e9e5b9,2056,2055,1790073101041.111,47.907195
06e9e5b9,2057,2056,1790073101079.622,38.510746
06e9e5b9,2058,2057,1790073101117.992,38.369792
06e9e5b9,2059,2058,1790073101163.447,45.454795
06e9e5b9,2060,2059,1790073101195.635,32.18901
06e9e5b9,2061,2060,1790073101231.622,35.986301
06e9e5b9,2062,2061,1790073101274.566,42.944209
06e9e5b9,2063,2062,1790073101309.596,35.029708
06e9e5b9,2064,2063,1790073101352.591,42.995477
06e9e5b9,2065,2064,1790073101403.173,50.581244
06e9e5b9,2066,2065,1790073101439.281,36.10885
06e9e5b9,2067,2066,1790073101470.0,30.718631
06e9e5b9,2068,2067,1790073101526.82,56.819861
06e9e5b9,2069,2068,1790073101552.708,25.888065
06e9e5b9,2070,2069,1790073101593.468,40.760019
06e9e5b9,2071,2070,1790073101639.33,45.862019
06e9e5b9,2072,2071,1790073101681.602,42.272058
06e9e5b9,2073,2072,1790073101683.079,1.477194
06e9e5b9,2074,2073,1790073101684.044,0.964576
06e9e5b9,2075,2074,1790073101685.321,1.277257
06e9e5b9,2076,2075,1790073101686.377,1.055626
06e9e5b9,2077,2076,1790073101687.726,1.349564
06e9e5b9,2078,2077,1790073101754.119,66.393076
06e9e5b9,2079,2078,1790073102041.223,287.104043
06e9e5b9,2080,2079,1790073102073.135,31.911847
06e9e5b9,2081,2080,1790073102110.156,37.021128
06e9e5b9,2082,2081,1790073102152.748,42.591331
06e9e5b9,2083,2082,1790073102197.896,45.148501
06e9e5b9,2084,2083,1790073102236.073,38.176461
06e9e5b9,2085,2084,1790073102271.012,34.93979
06e9e5b9,2086,2085,1790073102320.866,49.853354
06e9e5b9,2087,2086,1790073102356.356,35.490223
06e9e5b9,2088,2087,1790073102397.688,41.331987
06e9e5b9,2089,2088,1790073102436.022,38.334121
06e9e5b9,2090,2089,1790073102468.906,32.884523
06e9e5b9,2091,2090,1790073102515.41,46.503126
06e9e5b9,2092,2091,1790073102555.262,39.852502
06e9e5b9,2093,2092,1790073102594.99,39.728011
06e9e5b9,2094,2093,1790073102639.619,44.628416
06e9e5b9,2095,2094,1790073102671.796,32.177193
06e9e5b9,2096,2095,1790073102713.796,42.00014
06e9e5b9,2097,2096,1790073102753.632,39.835741
06e9e5b9,2098,2097,1790073102793.417,39.785353
06e9e5b9,2099,2098,1790073102834.36,40.942931
06e9e5b9,2100,2099,1790073102879.668,45.307741
06e9e5b9,2101,2100,1790073102912.944,33.276171
06e9e5b9,2102,2101,1790073102953.855,40.911409
06e9e5b9,2103,2102,1790073102993.009,39.153956
06e9e5b9,2104,2103,1790073103029.532,36.522493
06e9e5b9,2105,2104,1790073103075.475,45.943398
06e9e5b9,2106,2105,1790073103115.155,39.680169
06e9e5b9,2107,2106,1790073103155.195,40.040067
06e9e5b9,2108,2107,1790073103194.719,39.523742
06e9e5b9,2109,2108,1790073103233.516,38.796356
06e9e5b9,2110,2109,1790073103274.075,40.559666
06e9e5b9,2111,2110,1790073103325.502,51.426855
06e9e5b9,2112,2111,1790073103358.397,32.89535
06e9e5b9,2113,2112,1790073103391.765,33.367181
06e9e5b9,2114,2113,1790073103433.624,41.859222
06e9e5b9,2115,2114,1790073103474.506,40.882356
06e9e5b9,2116,2115,1790073103521.067,46.560893
06e9e5b9,2117,2116,1790073103562.68,41.613358
06e9e5b9,2118,2117,1790073103593.064,30.384037
06e9e5b9,2119,2118,1790073103631.06,37.995689
06e9e5b9,2120,2119,1790073103686.345,55.285152
06e9e5b9,2121,2120,1790073103687.662,1.316372
06e9e5b9,2122,2121,1790073103689.114,1.45236
06e9e5b9,2123,2122,1790073103690.122,1.007864
06e9e5b9,2124,2123,1790073103691.915,1.792793
06e9e5b9,2125,2124,1790073103693.197,1.282296
06e9e5b9,2126,2125,1790073103759.022,65.825441
06e9e5b9,2127,2126,1790073104033.561,274.538578
06e9e5b9,2128,2127,1790073104081.383,47.822341
06e9e5b9,2129,2128,1790073104114.66,33.277154
06e9e5b9,2130,2129,1790073104152.589,37.928242
06e9e5b9,2131,2130,1790073104197.48,44.891098
06e9e5b9,2132,2131,1790073104240.947,43.466828
06e9e5b9,2133,2132,1790073104275.962,35.015153
06e9e5b9,2134,2133,1790073104312.958,36.996464
06e9e5b9,2135,2134,1790073104356.558,43.599522
06e9e5b9,2136,2135,1790073104396.148,39.590146
06e9e5b9,2137,2136,1790073104430.527,34.378634
06e9e5b9,2138,2137,1790073104473.635,43.108013
06e9e5b9,2139,2138,1790073104518.085,44.450587
06e9e5b9,2140,2139,1790073104560.456,42.370538
06e9e5b9,2141,2140,1790073104603.439,42.983575
06e9e5b9,2142,2141,1790073104634.637,31.19788
06e9e5b9,2143,2142,1790073104668.254,33.617045
06e9e5b9,2144,2143,1790073104724.069,55.814495
06e9e5b9,2145,2144,1790073104753.212,29.143053
06e9e5b9,2146,2145,1790073104799.363,46.15081
06e9e5b9,2147,2146,1790073104839.713,40.350933
06e9e5b9,2148,2147,1790073104874.284,34.570894
06e9e5b9,2149,2148,1790073104921.792,47.507426
06e9e5b9,2150,2149,1790073104954.884,33.092132
06e9e5b9,2151,2150,1790073105002.687,47.802768
06e9e5b9,2152,2151,1790073105030.001,27.313977
06e9e5b9,2153,2152,1790073105072.065,42.064832
06e9e5b9,2154,2153,1790073105118.518,46.452573
06e9e5b9,2155,2154,1790073105165.96,47.442184
06e9e5b9,2156,2155,1790073105202.786,36.825278
06e9e5b9,2157,2156,1790073105237.179,34.393117
06e9e5b9,2158,2157,1790073105279.876,42.697641
06e9e5b9,2159,2158,1790073105316.705,36.828513
06e9e5b9,2160,2159,1790073105358.843,42.137822
06e9e5b9,2161,2160,1790073105396.599,37.756758
06e9e5b9,2162,2161,1790073105434.99,38.390152
06e9e5b9,2163,2162,1790073105466.201,31.211176
06e9e5b9,2164,2163,1790073105510.27,44.069166
06e9e5b9,2165,2164,1790073105552.66,42.390616
06e9e5b9,2166,2165,1790073105591.455,38.793979
06e9e5b9,2167,2166,1790073105636.8,45.345438
06e9e5b9,2168,2167,1790073105684.676,47.876374
06e9e5b9,2169,2168,1790073105687.837,3.160766
06e9e5b9,2170,2169,1790073105690.265,2.427557
06e9e5b9,2171,2170,1790073105693.335,3.070747
06e9e5b9,2172,2171,1790073105694.96,1.625174
06e9e5b9,2173,2172,1790073105697.285,2.324769
06e9e5b9,2174,2173,1790073105765.631,68.346015
06e9e5b9,2175,2174,1790073106032.341,266.710036
06e9e5b9,2176,2175,1790073106076.908,44.566796
06e9e5b9,2177,2176,1790073106112.583,35.674648
06e9e5b9,2178,2177,1790073106150.51,37.927114
06e9e5b9,2179,2178,1790073106194.446,43.9359
06e9e5b9,2180,2179,1790073106229.489,35.042741
06e9e5b9,2181,2180,1790073106275.404,45.915047
06e9e5b9,2182,2181,1790073106323.104,47.700081
06e9e5b9,2183,2182,1790073106356.428,33.324258
06e9e5b9,2184,2183,1790073106389.018,32.59024
06e9e5b9,2185,2184,1790073106431.758,42.740053
06e9e5b9,2186,2185,1790073106472.939,41.180849
06e9e5b9,2187,2186,1790073106513.97,41.030836
06e9e5b9,2188,2187,1790073106569.952,55.982277
06e9e5b9,2189,2188,1790073106599.613,29.660823
06e9e5b9,2190,2189,1790073106631.218,31.605294
06e9e5b9,2191,2190,1790073106672.913,41.69511
06e9e5b9,2192,2191,1790073106730.916,58.002711
06e9e5b9,2193,2192,1790073106755.288,24.372131
06e9e5b9,2194,2193,1790073106787.932,32.644135
06e9e5b9,2195,2194,1790073106832.295,44.362762
06e9e5b9,2196,2195,1790073106872.799,40.503414
06e9e5b9,2197,2196,1790073106916.657,43.858083
06e9e5b9,2198,2197,1790073106959.109,42.452009
06e9e5b9,2199,2198,1790073106993.817,34.707876
06e9e5b9,2200,2199,1790073107042.454,48.637547
06e9e5b9,2201,2200,1790073107070.723,28.268749
06e9e5b9,2202,2201,1790073107115.436,44.713538
06e9e5b9,2203,2202,1790073107160.218,44.781213
06e9e5b9,2204,2203,1790073107193.886,33.668141
06e9e5b9,2205,2204,1790073107233.084,39.198298
06e9e5b9,2206,2205,1790073107270.894,37.809994
06e9e5b9,2207,2206,1790073107309.826,38.932095
06e9e5b9,2208,2207,1790073107352.929,43.103225
06e9e5b9,2209,2208,1790073107396.106,43.176362
06e9e5b9,2210,2209,1790073107431.677,35.57134
06e9e5b9,2211,2210,1790073107474.317,42.639708
06e9e5b9,2212,2211,1790073107519.221,44.904757
06e9e5b9,2213,2212,1790073107568.916,49.694223
06e9e5b9,2214,2213,1790073107601.149,32.233119
06e9e5b9,2215,2214,1790073107629.536,28.386688
06e9e5b9,2216,2215,1790073107678.478,48.942318
06e9e5b9,2217,2216,1790073107679.733,1.255418
06e9e5b9,2218,2217,1790073107680.907,1.174215
06e9e5b9,2219,2218,1790073107682.166,1.258741
06e9e5b9,2220,2219,1790073107683.352,1.185966
06e9e5b9,2221,2220,1790073107767.257,83.905063
06e9e5b9,2222,2221,1790073108027.646,260.389062
06e9e5b9,2223,2222,1790073108078.726,51.079911
06e9e5b9,2224,2223,1790073108115.058,36.331958
06e9e5b9,2225,2224,1790073108154.131,39.072545
06e9e5b9,2226,2225,1790073108196.51,42.378794
06e9e5b9,2227,2226,1790073108228.449,31.939776
06e9e5b9,2228,2227,1790073108282.543,54.094102
06e9e5b9,2229,2228,1790073108313.658,31.114881
06e9e5b9,2230,2229,1790073108359.45,45.791603
06e9e5b9,2231,2230,1790073108413.141,53.691027
06e9e5b9,2232,2231,1790073108428.996,15.85552
06e9e5b9,2233,2232,1790073108477.217,48.220522
06e9e5b9,2234,2233,1790073108512.068,34.850559
06e9e5b9,2235,2234,1790073108558.602,46.534058
06e9e5b9,2236,2235,1790073108589.482,30.880439
06e9e5b9,2237,2236,1790073108632.384,42.901503
06e9e5b9,2238,2237,1790073108675.714,43.330597
06e9e5b9,2239,2238,1790073108712.838,37.123671
06e9e5b9,2240,2239,1790073108760.97,48.13271
06e9e5b9,2241,2240,1790073108804.667,43.696374
06e9e5b9,2242,2241,1790073108841.456,36.789139
06e9e5b9,2243,2242,1790073108874.859,33.40309
06e9e5b9,2244,2243,1790073108913.197,38.337883
06e9e5b9,2245,2244,1790073108955.178,41.980689
06e9e5b9,2246,2245,1790073108998.727,43.549248
06e9e5b9,2247,2246,1790073109033.731,35.004479
06e9e5b9,2248,2247,1790073109073.046,39.314149
06e9e5b9,2249,2248,1790073109114.517,41.471726
06e9e5b9,2250,2249,1790073109165.256,50.738343
06e9e5b9,2251,2250,1790073109192.214,26.95834
06e9e5b9,2252,2251,1790073109240.586,48.372055
06e9e5b9,2253,2252,1790073109272.868,32.282003
06e9e5b9,2254,2253,1790073109317.281,44.413305
06e9e5b9,2255,2254,1790073109355.746,38.464272
06e9e5b9,2256,2255,1790073109392.131,36.38574
06e9e5b9,2257,2256,1790073109439.42,47.288452
06e9e5b9,2258,2257,1790073109479.927,40.507673
06e9e5b9,2259,2258,1790073109513.089,33.161646
06e9e5b9,2260,2259,1790073109565.952,52.862672
06e9e5b9,2261,2260,1790073109604.3,38.347904
06e9e5b9,2262,2261,1790073109634.888,30.588652
06e9e5b9,2263,2262,1790073109682.321,47.432529
06e9e5b9,2264,2263,1790073109683.595,1.273842
06e9e5b9,2265,2264,1790073109684.962,1.367594
06e9e5b9,2266,2265,1790073109686.071,1.109078
06e9e5b9,2267,2266,1790073109687.314,1.24317
06e9e5b9,2268,2267,1790073109688.771,1.455849
06e9e5b9,2269,2268,1790073109754.28,65.509762
06e9e5b9,2270,2269,1790073110033.492,279.211576
06e9e5b9,2271,2270,1790073110080.372,46.880568
06e9e5b9,2272,2271,1790073110115.162,34.78921
06e9e5b9,2273,2272,1790073110155.104,39.94258
06e9e5b9,2274,2273,1790073110195.299,40.194526
06e9e5b9,2275,2274,1790073110230.406,35.107584
06e9e5b9,2276,2275,1790073110281.49,51.084249
06e9e5b9,2277,2276,1790073110320.529,39.038235
06e9e5b9,2278,2277,1790073110354.666,34.137577
06e9e5b9,2279,2278,1790073110392.69,38.023687
06e9e5b9,2280,2279,1790073110441.082,48.391658
06e9e5b9,2281,2280,1790073110487.489,46.407013
06e9e5b9,2282,2281,1790073110523.902,36.413817
06e9e5b9,2283,2282,1790073110553.03,29.127667
06e9e5b9,2284,2283,1790073110598.753,45.722791
06e9e5b9,2285,2284,1790073110628.048,29.295455
06e9e5b9,2286,2285,1790073110683.919,55.871106
06e9e5b9,2287,2286,1790073110714.852,30.93289
06e9e5b9,2288,2287,1790073110752.963,38.110647
06e9e5b9,2289,2288,1790073110802.765,49.801932
06e9e5b9,2290,2289,1790073110826.315,23.550112
06e9e5b9,2291,2290,1790073110869.859,43.544389
06e9e5b9,2292,2291,1790073110912.358,42.498218
06e9e5b9,2293,2292,1790073110952.657,40.299099
06e9e5b9,2294,2293,1790073110996.429,43.771986
06e9e5b9,2295,2294,1790073111044.344,47.91476
06e9e5b9,2296,2295,1790073111082.77,38.426357
06e9e5b9,2297,2296,1790073111127.123,44.353193
06e9e5b9,2298,2297,1790073111157.093,29.970057
06e9e5b9,2299,2298,1790073111195.013,37.920308
06e9e5b9,2300,2299,1790073111251.952,56.938733
06e9e5b9,2301,2300,1790073111280.79,28.837791
06e9e5b9,2302,2301,1790073111314.321,33.531012
06e9e5b9,2303,2302,1790073111350.547,36.226211
06e9e5b9,2304,2303,1790073111393.14,42.593173
06e9e5b9,2305,2304,1790073111439.016,45.875667
06e9e5b9,2306,2305,1790073111473.599,34.58327
06e9e5b9,2307,2306,1790073111514.019,40.419431
06e9e5b9,2308,2307,1790073111552.799,38.780047
06e9e5b9,2309,2308,1790073111591.069,38.270356
06e9e5b9,2310,2309,1790073111635.478,44.408446
06e9e5b9,2311,2310,1790073111680.312,44.835068
06e9e5b9,2312,2311,1790073111682.998,2.685323
06e9e5b9,2313,2312,1790073111686.246,3.248423
06e9e5b9,2314,2313,1790073111687.45,1.203486
06e9e5b9,2315,2314,1790073111688.926,1.475662
06e9e5b9,2316,2315,1790073111690.064,1.138448
06e9e5b9,2317,2316,1790073111754.86,64.795927
06e9e5b9,2318,2317,1790073112028.348,273.488522
06e9e5b9,2319,2318,1790073112072.324,43.975284
06e9e5b9,2320,2319,1790073112114.616,42.292141
06e9e5b9,2321,2320,1790073112150.365,35.74941
06e9e5b9,2322,2321,1790073112194.335,43.96952
06e9e5b9,2323,2322,1790073112236.8,42.46489
06e9e5b9,2324,2323,1790073112273.224,36.424527
06e9e5b9,2325,2324,1790073112314.917,41.692488
06e9e5b9,2326,2325,1790073112350.722,35.80522
06e9e5b9,2327,2326,1790073112397.571,46.84881
06e9e5b9,2328,2327,1790073112443.141,45.570057
06e9e5b9,2329,2328,1790073112476.135,32.994247
06e9e5b9,2330,2329,1790073112510.307,34.172157
06e9e5b9,2331,2330,1790073112559.15,48.84249
06e9e5b9,2332,2331,1790073112595.549,36.399335
06e9e5b9,2333,2332,1790073112634.316,38.766903
06e9e5b9,2334,2333,1790073112676.592,42.275832
06e9e5b9,2335,2334,1790073112722.492,45.899878
06e9e5b9,2336,2335,1790073112756.627,34.135805
06e9e5b9,2337,2336,1790073112799.019,42.391581
06e9e5b9,2338,2337,1790073112837.656,38.636718
06e9e5b9,2339,2338,1790073112871.983,34.326883
06e9e5b9,2340,2339,1790073112914.539,42.556357
06e9e5b9,2341,2340,1790073112964.389,49.850371
06e9e5b9,2342,2341,1790073112999.829,35.439305
06e9e5b9,2343,2342,1790073113038.535,38.70625
06e9e5b9,2344,2343,1790073113071.014,32.478873
06e9e5b9,2345,2344,1790073113117.694,46.679928
06e9e5b9,2346,2345,1790073113161.673,43.979573
06e9e5b9,2347,2346,1790073113205.871,44.197724
06e9e5b9,2348,2347,1790073113246.52,40.649331
06e9e5b9,2349,2348,1790073113280.236,33.715419
06e9e5b9,2350,2349,1790073113314.472,34.23651
06e9e5b9,2351,2350,1790073113353.121,38.648826
06e9e5b9,2352,2351,1790073113397.825,44.703794
06e9e5b9,2353,2352,1790073113434.385,36.560345
06e9e5b9,2354,2353,1790073113486.977,52.59202
06e9e5b9,2355,2354,1790073113518.695,31.717964
06e9e5b9,2356,2355,1790073113557.002,38.306915
06e9e5b9,2357,2356,1790073113603.552,46.549827
06e9e5b9,2358,2357,1790073113639.726,36.173709
06e9e5b9,2359,2358,1790073113682.354,42.628395
06e9e5b9,2360,2359,1790073113683.679,1.32494
06e9e5b9,2361,2360,1790073113684.899,1.220099
06e9e5b9,2362,2361,1790073113686.774,1.875226
06e9e5b9,2363,2362,1790073113688.812,2.037795
06e9e5b9,2364,2363,1790073113691.087,2.274796
06e9e5b9,2365,2364,1790073113755.917,64.830373
06e9e5b9,2366,2365,1790073114043.503,287.585905
06e9e5b9,2367,2366,1790073114088.25,44.747303
06e9e5b9,2368,2367,1790073114115.338,27.087771
06e9e5b9,2369,2368,1790073114158.55,43.211422
06e9e5b9,2370,2369,1790073114197.779,39.229336
06e9e5b9,2371,2370,1790073114231.819,34.040151
06e9e5b9,2372,2371,1790073114272.801,40.981509
06e9e5b9,2373,2372,1790073114319.557,46.756708
06e9e5b9,2374,2373,1790073114362.411,42.854017
06e9e5b9,2375,2374,1790073114395.044,32.632989
06e9e5b9,2376,2375,1790073114437.638,42.593855
06e9e5b9,2377,2376,1790073114468.959,31.320718
06e9e5b9,2378,2377,1790073114510.207,41.24782
06e9e5b9,2379,2378,1790073114554.944,44.737385
06e9e5b9,2380,2379,1790073114587.238,32.293502
06e9e5b9,2381,2380,1790073114640.159,52.921562
06e9e5b9,2382,2381,1790073114678.83,38.670865
06e9e5b9,2383,2382,1790073114713.149,34.318735
06e9e5b9,2384,2383,1790073114753.953,40.804014
06e9e5b9,2385,2384,1790073114795.962,42.00963
06e9e5b9,2386,2385,1790073114840.733,44.770956
06e9e5b9,2387,2386,1790073114884.121,43.387898
06e9e5b9,2388,2387,1790073114940.46,56.339127
06e9e5b9,2389,2388,1790073114972.329,31.868421
06e9e5b9,2390,2389,1790073114998.031,25.702001
06e9e5b9,2391,2390,1790073115037.383,39.351598
06e9e5b9,2392,2391,1790073115082.054,44.671137
06e9e5b9,2393,2392,1790073115115.407,33.3532
06e9e5b9,2394,2393,1790073115156.405,40.998157
06e9e5b9,2395,2394,1790073115189.344,32.93958
06e9e5b9,2396,2395,1790073115242.751,53.406788
06e9e5b9,2397,2396,1790073115275.316,32.564976
06e9e5b9,2398,2397,1790073115319.59,44.273875
06e9e5b9,2399,2398,1790073115348.353,28.762399
06e9e5b9,2400,2399,1790073115393.434,45.081058
06e9e5b9,2401,2400,1790073115441.53,48.095892
06e9e5b9,2402,2401,1790073115483.016,41.486639
06e9e5b9,2403,2402,1790073115517.258,34.242115
06e9e5b9,2404,2403,1790073115555.919,38.660608
06e9e5b9,2405,2404,1790073115597.685,41.765697
06e9e5b9,2406,2405,1790073115640.542,42.857458
06e9e5b9,2407,2406,1790073115694.25,53.708191
06e9e5b9,2408,2407,1790073115699.452,5.201981
06e9e5b9,2409,2408,1790073115702.033,2.581195
06e9e5b9,2410,2409,1790073115707.033,4.999587
06e9e5b9,2411,2410,1790073115709.754,2.721314
06e9e5b9,2412,2411,1790073115718.008,8.254032
06e9e5b9,2413,2412,1790073115761.608,43.600099
06e9e5b9,2414,2413,1790073116043.241,281.632191
06e9e5b9,2415,2414,1790073116079.742,36.501723
06e9e5b9,2416,2415,1790073116120.855,41.113082
06e9e5b9,2417,2416,1790073116159.412,38.55612
06e9e5b9,2418,2417,1790073116197.449,38.037984
06e9e5b9,2419,2418,1790073116235.536,38.08655
06e9e5b9,2420,2419,1790073116282.778,47.241487
06e9e5b9,2421,2420,1790073116316.508,33.730716
06e9e5b9,2422,2421,1790073116358.856,42.347341
06e9e5b9,2423,2422,1790073116404.517,45.661009
06e9e5b9,2424,2423,1790073116443.373,38.856335
06e9e5b9,2425,2424,1790073116474.122,30.748793
06e9e5b9,2426,2425,1790073116520.411,46.289622
06e9e5b9,2427,2426,1790073116560.959,40.547919
06e9e5b9,2428,2427,1790073116601.49,40.531101
06e9e5b9,2429,2428,1790073116637.532,36.042119
06e9e5b9,2430,2429,1790073116675.157,37.624273
06e9e5b9,2431,2430,1790073116718.216,43.059129
06e9e5b9,2432,2431,1790073116750.364,32.147794
06e9e5b9,2433,2432,1790073116790.474,40.110097
06e9e5b9,2434,2433,1790073116837.645,47.171048
06e9e5b9,2435,2434,1790073116874.638,36.992875
06e9e5b9,2436,2435,1790073116924.28,49.641822
06e9e5b9,2437,2436,1790073116968.341,44.0613
06e9e5b9,2438,2437,1790073117004.417,36.07563
06e9e5b9,2439,2438,1790073117034.572,30.155122
06e9e5b9,2440,2439,1790073117080.122,45.550763
06e9e5b9,2441,2440,1790073117115.415,35.292216
06e9e5b9,2442,2441,1790073117162.931,47.516584
06e9e5b9,2443,2442,1790073117204.16,41.229201
06e9e5b9,2444,2443,1790073117229.234,25.073178
06e9e5b9,2445,2444,1790073117271.647,42.413081
06e9e5b9,2446,2445,1790073117313.529,41.88209
06e9e5b9,2447,2446,1790073117359.577,46.048127
06e9e5b9,2448,2447,1790073117398.386,38.808852
06e9e5b9,2449,2448,1790073117434.18,35.794184
06e9e5b9,2450,2449,1790073117489.009,54.829029
06e9e5b9,2451,2450,1790073117524.732,35.722703
06e9e5b9,2452,2451,1790073117554.641,29.908963
06e9e5b9,2453,2452,1790073117599.068,44.427739
06e9e5b9,2454,2453,1790073117637.798,38.729262
06e9e5b9,2455,2454,1790073117688.324,50.526619
06e9e5b9,2456,2455,1790073117689.475,1.150866
06e9e5b9,2457,2456,1790073117690.637,1.161565
06e9e5b9,2458,2457,1790073117691.867,1.229969
06e9e5b9,2459,2458,1790073117693.912,2.045634
06e9e5b9,2460,2459,1790073117764.575,70.663083
06e9e5b9,2461,2460,1790073118029.735,265.159725
06e9e5b9,2462,2461,1790073118072.369,42.633603
06e9e5b9,2463,2462,1790073118112.739,40.370307
06e9e5b9,2464,2463,1790073118163.547,50.808327
06e9e5b9,2465,2464,1790073118201.684,38.136465
06e9e5b9,2466,2465,1790073118235.18,33.496758
06e9e5b9,2467,2466,1790073118279.02,43.839647
06e9e5b9,2468,2467,1790073118309.228,30.207286
06e9e5b9,2469,2468,1790073118349.768,40.540588
06e9e5b9,2470,2469,1790073118394.902,45.134196
06e9e5b9,2471,2470,1790073118443.945,49.04308
06e9e5b9,2472,2471,1790073118472.405,28.459611
06e9e5b9,2473,2472,1790073118519.019,46.614379
06e9e5b9,2474,2473,1790073118554.762,35.742711
06e9e5b9,2475,2474,1790073118596.872,42.110073
06e9e5b9,2476,2475,1790073118627.97,31.098148
06e9e5b9,2477,2476,1790073118684.169,56.198512
06e9e5b9,2478,2477,1790073118716.998,32.829146
06e9e5b9,2479,2478,1790073118835.558,118.560335
06e9e5b9,2480,2479,1790073118844.979,9.420997
06e9e5b9,2481,2480,1790073118854.634,9.655005
06e9e5b9,2482,2481,1790073118868.488,13.853376
06e9e5b9,2483,2482,1790073118922.68,54.192455
06e9e5b9,2484,2483,1790073118959.783,37.103461
06e9e5b9,2485,2484,1790073118996.448,36.663964
06e9e5b9,2486,2485,1790073119039.354,42.906966
06e9e5b9,2487,2486,1790073119071.637,32.282488
06e9e5b9,2488,2487,1790073119112.641,41.004076
06e9e5b9,2489,2488,1790073119158.231,45.590011
06e9e5b9,2490,2489,1790073119197.43,39.199349
06e9e5b9,2491,2490,1790073119240.215,42.784674
06e9e5b9,2492,2491,1790073119285.807,45.591507
06e9e5b9,2493,2492,1790073119312.274,26.467742
06e9e5b9,2494,2493,1790073119356.617,44.342907
06e9e5b9,2495,2494,1790073119394.491,37.87354
06e9e5b9,2496,2495,1790073119444.933,50.441818
06e9e5b9,2497,2496,1790073119477.606,32.673125
06e9e5b9,2498,2497,1790073119520.967,43.360881
06e9e5b9,2499,2498,1790073119558.825,37.858041
06e9e5b9,2500,2499,1790073119594.273,35.448474
06e9e5b9,2501,2500,1790073119640.336,46.062971
06e9e5b9,2502,2501,1790073119694.639,54.303208
06e9e5b9,2503,2502,1790073119703.084,8.444495
06e9e5b9,2504,2503,1790073119704.404,1.320136
06e9e5b9,2505,2504,1790073119706.755,2.350763
06e9e5b9,2506,2505,1790073119709.27,2.515038
06e9e5b9,2507,2506,1790073119711.739,2.469282
06e9e5b9,2508,2507,1790073119758.721,46.982187
06e9e5b9,2509,2508,1790073120036.707,277.985319
06e9e5b9,2510,2509,1790073120085.433,48.726153
06e9e5b9,2511,2510,1790073120117.678,32.245074
06e9e5b9,2512,2511,1790073120161.324,43.646824
06e9e5b9,2513,2512,1790073120192.126,30.801572
06e9e5b9,2514,2513,1790073120235.344,43.218073
06e9e5b9,2515,2514,1790073120282.141,46.796466
06e9e5b9,2516,2515,1790073120317.366,35.225738
06e9e5b9,2517,2516,1790073120359.812,42.446241
06e9e5b9,2518,2517,1790073120390.263,30.450229
06e9e5b9,2519,2518,1790073120433.262,42.99925
06e9e5b9,2520,2519,1790073120476.322,43.059895
06e9e5b9,2521,2520,1790073120528.954,52.631675
06e9e5b9,2522,2521,1790073120560.451,31.496925
06e9e5b9,2523,2522,1790073120603.853,43.402786
06e9e5b9,2524,2523,1790073120637.793,33.939896
06e9e5b9,2525,2524,1790073120676.437,38.643332
06e9e5b9,2526,2525,1790073120711.869,35.432042
06e9e5b9,2527,2526,1790073120762.656,50.787646
06e9e5b9,2528,2527,1790073120792.446,29.789452
06e9e5b9,2529,2528,1790073120836.098,43.65195
06e9e5b9,2530,2529,1790073120874.504,38.406022
06e9e5b9,2531,2530,1790073120924.383,49.878935
06e9e5b9,2532,2531,1790073120957.765,33.382622
06e9e5b9,2533,2532,1790073120997.605,39.839889
06e9e5b9,2534,2533,1790073121040.674,43.068994
06e9e5b9,2535,2534,1790073121078.575,37.900553
06e9e5b9,2536,2535,1790073121115.191,36.616227
06e9e5b9,2537,2536,1790073121155.258,40.067375
06e9e5b9,2538,2537,1790073121197.007,41.748194
06e9e5b9,2539,2538,1790073121229.53,32.523162
06e9e5b9,2540,2539,1790073121280.357,50.827361
06e9e5b9,2541,2540,1790073121328.344,47.986492
06e9e5b9,2542,2541,1790073121355.737,27.393101
06e9e5b9,2543,2542,1790073121399.463,43.726533
06e9e5b9,2544,2543,1790073121427.826,28.363302
06e9e5b9,2545,2544,1790073121479.394,51.567039
06e9e5b9,2546,2545,1790073121509.36,29.966405
06e9e5b9,2547,2546,1790073121561.107,51.747477
06e9e5b9,2548,2547,1790073121603.228,42.120544
06e9e5b9,2549,2548,1790073121637.652,34.424536
06e9e5b9,2550,2549,1790073121684.991,47.33843
06e9e5b9,2551,2550,1790073121690.123,5.131647
06e9e5b9,2552,2551,1790073121692.972,2.849535
06e9e5b9,2553,2552,1790073121697.008,4.035549
06e9e5b9,2554,2553,1790073121700.507,3.499684
06e9e5b9,2555,2554,1790073121707.27,6.762826
06e9e5b9,2556,2555,1790073121752.272,45.001918
06e9e5b9,2557,2556,1790073122042.361,290.088477
06e9e5b9,2558,2557,1790073122079.681,37.320241
06e9e5b9,2559,2558,1790073122122.837,43.156067
06e9e5b9,2560,2559,1790073122158.132,35.295082
06e9e5b9,2561,2560,1790073122205.949,47.817332
06e9e5b9,2562,2561,1790073122246.429,40.479586
06e9e5b9,2563,2562,1790073122271.419,24.990663
06e9e5b9,2564,2563,1790073122315.73,44.310871
06e9e5b9,2565,2564,1790073122355.129,39.399129
06e9e5b9,2566,2565,1790073122396.525,41.395247
06e9e5b9,2567,2566,1790073122439.641,43.11629
06e9e5b9,2568,2567,1790073122471.598,31.957412
06e9e5b9,2569,2568,1790073122513.501,41.902699
06e9e5b9,2570,2569,1790073122548.895,35.39408
06e9e5b9,2571,2570,1790073122589.395,40.499769
06e9e5b9,2572,2571,1790073122638.934,49.53932
06e9e5b9,2573,2572,1790073122685.775,46.841203
06e9e5b9,2574,2573,1790073122717.927,32.150961
06e9e5b9,2575,2574,1790073122751.501,33.574613
06e9e5b9,2576,2575,1790073122790.663,39.161597
06e9e5b9,2577,2576,1790073122832.494,41.831493
06e9e5b9,2578,2577,1790073122869.667,37.172464
06e9e5b9,2579,2578,1790073122914.284,44.616977
06e9e5b9,2580,2579,1790073122954.701,40.417521
06e9e5b9,2581,2580,1790073122998.631,43.929584
06e9e5b9,2582,2581,1790073123034.334,35.70335
06e9e5b9,2583,2582,1790073123077.262,42.928401
06e9e5b9,2584,2583,1790073123115.42,38.157169
06e9e5b9,2585,2584,1790073123158.067,42.647219
06e9e5b9,2586,2585,1790073123192.407,34.340091
06e9e5b9,2587,2586,1790073123246.008,53.600538
06e9e5b9,2588,2587,1790073123276.693,30.685893
06e9e5b9,2589,2588,1790073123315.326,38.632495
06e9e5b9,2590,2589,1790073123364.064,48.737776
06e9e5b9,2591,2590,1790073123408.861,44.796958
06e9e5b9,2592,2591,1790073123439.184,30.32306
06e9e5b9,2593,2592,1790073123485.779,46.595306
06e9e5b9,2594,2593,1790073123509.039,23.26
06e9e5b9,2595,2594,1790073123550.632,41.593399
06e9e5b9,2596,2595,1790073123592.31,41.677928
06e9e5b9,2597,2596,1790073123633.191,40.880756
06e9e5b9,2598,2597,1790073123684.191,51.00037
06e9e5b9,2599,2598,1790073123688.489,4.297276
06e9e5b9,2600,2599,1790073123692.114,3.624998
06e9e5b9,2601,2600,1790073123693.219,1.105249
06e9e5b9,2602,2601,1790073123694.755,1.535604
06e9e5b9,2603,2602,1790073123697.29,2.535636
06e9e5b9,2604,2603,1790073123758.007,60.717161
06e9e5b9,2605,2604,1790073124045.685,287.677444
06e9e5b9,2606,2605,1790073124069.876,24.191455
06e9e5b9,2607,2606,1790073124120.162,50.286189
06e9e5b9,2608,2607,1790073124153.315,33.152701
06e9e5b9,2609,2608,1790073124203.838,50.52266
06e9e5b9,2610,2609,1790073124227.525,23.68698
06e9e5b9,2611,2610,1790073124286.089,58.564145
06e9e5b9,2612,2611,1790073124313.036,26.9466
06e9e5b9,2613,2612,1790073124357.292,44.256489
06e9e5b9,2614,2613,1790073124395.751,38.458786
06e9e5b9,2615,2614,1790073124439.215,43.464241
06e9e5b9,2616,2615,1790073124472.142,32.927171
06e9e5b9,2617,2616,1790073124513.184,41.041833
06e9e5b9,2618,2617,1790073124552.91,39.726238
06e9e5b9,2619,2618,1790073124592.299,39.388662
06e9e5b9,2620,2619,1790073124633.808,41.508749
06e9e5b9,2621,2620,1790073124676.711,42.903203
06e9e5b9,2622,2621,1790073124714.493,37.782005
06e9e5b9,2623,2622,1790073124755.606,41.113138
06e9e5b9,2624,2623,1790073124797.642,42.036251
06e9e5b9,2625,2624,1790073124840.188,42.546021
06e9e5b9,2626,2625,1790073124871.415,31.226257
06e9e5b9,2627,2626,1790073124914.233,42.818427
06e9e5b9,2628,2627,1790073124955.336,41.103292
06e9e5b9,2629,2628,1790073124998.665,43.328809
06e9e5b9,2630,2629,1790073125034.13,35.464863
06e9e5b9,2631,2630,1790073125076.798,42.667864
06e9e5b9,2632,2631,1790073125112.482,35.683866
06e9e5b9,2633,2632,1790073125152.785,40.303367
06e9e5b9,2634,2633,1790073125194.811,42.025961
06e9e5b9,2635,2634,1790073125230.325,35.513665
06e9e5b9,2636,2635,1790073125272.595,42.270589
06e9e5b9,2637,2636,1790073125320.854,48.258585
06e9e5b9,2638,2637,1790073125354.663,33.809323
06e9e5b9,2639,2638,1790073125397.116,42.453033
06e9e5b9,2640,2639,1790073125439.652,42.5355
06e9e5b9,2641,2640,1790073125481.058,41.40673
06e9e5b9,2642,2641,1790073125528.043,46.98486
06e9e5b9,2643,2642,1790073125555.536,27.492787
06e9e5b9,2644,2643,1790073125597.441,41.905077
06e9e5b9,2645,2644,1790073125629.761,32.320217
06e9e5b9,2646,2645,1790073125688.693,58.931978
06e9e5b9,2647,2646,1790073125692.188,3.494371
06e9e5b9,2648,2647,1790073125695.017,2.829369
06e9e5b9,2649,2648,1790073125696.388,1.371031
06e9e5b9,2650,2649,1790073125697.477,1.088689
06e9e5b9,2651,2650,1790073125698.818,1.340936
06e9e5b9,2652,2651,1790073125754.967,56.149493
06e9e5b9,2653,2652,1790073126032.06,277.092605
06e9e5b9,2654,2653,1790073126078.996,46.936491
06e9e5b9,2655,2654,1790073126111.314,32.317443
06e9e5b9,2656,2655,1790073126151.4,40.086371
06e9e5b9,2657,2656,1790073126193.744,42.343697
06e9e5b9,2658,2657,1790073126237.764,44.020283
06e9e5b9,2659,2658,1790073126271.694,33.929645
06e9e5b9,2660,2659,1790073126311.585,39.890877
06e9e5b9,2661,2660,1790073126352.925,41.340365
06e9e5b9,2662,2661,1790073126394.162,41.237162
06e9e5b9,2663,2662,1790073126437.469,43.307201
06e9e5b9,2664,2663,1790073126480.912,43.442765
06e9e5b9,2665,2664,1790073126510.213,29.300696
06e9e5b9,2666,2665,1790073126552.096,41.88351
06e9e5b9,2667,2666,1790073126593.454,41.357857
06e9e5b9,2668,2667,1790073126637.275,43.820579
06e9e5b9,2669,2668,1790073126680.462,43.187188
06e9e5b9,2670,2669,1790073126720.512,40.050167
06e9e5b9,2671,2670,1790073126757.552,37.040124
06e9e5b9,2672,2671,1790073126789.113,31.560998
06e9e5b9,2673,2672,1790073126835.1,45.986232
06e9e5b9,2674,2673,1790073126874.582,39.482309
06e9e5b9,2675,2674,1790073126926.935,52.353338
06e9e5b9,2676,2675,1790073126966.857,39.921867
06e9e5b9,2677,2676,1790073126999.215,32.357581
06e9e5b9,2678,2677,1790073127029.084,29.869156
06e9e5b9,2679,2678,1790073127072.388,43.304253
06e9e5b9,2680,2679,1790073127112.238,39.849877
06e9e5b9,2681,2680,1790073127153.873,41.635386
06e9e5b9,2682,2681,1790073127193.637,39.764132
06e9e5b9,2683,2682,1790073127240.794,47.156381
06e9e5b9,2684,2683,1790073127280.656,39.862357
06e9e5b9,2685,2684,1790073127323.771,43.11538
06e9e5b9,2686,2685,1790073127361.405,37.633467
06e9e5b9,2687,2686,1790073127402.54,41.134586
06e9e5b9,2688,2687,1790073127440.087,37.547287
06e9e5b9,2689,2688,1790073127500.086,59.999563
06e9e5b9,2690,2689,1790073127510.843,10.756274
06e9e5b9,2691,2690,1790073127556.308,45.465407
06e9e5b9,2692,2691,1790073127595.033,38.725403
06e9e5b9,2693,2692,1790073127636.1,41.066616
06e9e5b9,2694,2693,1790073127683.034,46.934162
06e9e5b9,2695,2694,1790073127686.945,3.910963
06e9e5b9,2696,2695,1790073127688.078,1.132948
06e9e5b9,2697,2696,1790073127689.947,1.868294
06e9e5b9,2698,2697,1790073127693.406,3.459727
06e9e5b9,2699,2698,1790073127757.766,64.359516
06e9e5b9,2700,2699,1790073128032.168,274.401938
06e9e5b9,2701,2700,1790073128080.58,48.412055
06e9e5b9,2702,2701,1790073128124.215,43.635129
06e9e5b9,2703,2702,1790073128160.496,36.280821
06e9e5b9,2704,2703,1790073128197.234,36.737951
06e9e5b9,2705,2704,1790073128233.495,36.260929
06e9e5b9,2706,2705,1790073128271.675,38.180651
06e9e5b9,2707,2706,1790073128316.097,44.421708
06e9e5b9,2708,2707,1790073128356.597,40.499814
06e9e5b9,2709,2708,1790073128404.106,47.509026
06e9e5b9,2710,2709,1790073128438.114,34.008186
06e9e5b9,2711,2710,1790073128470.659,32.544826
06e9e5b9,2712,2711,1790073128515.825,45.166698
06e9e5b9,2713,2712,1790073128561.777,45.951777
06e9e5b9,2714,2713,1790073128594.484,32.706958
06e9e5b9,2715,2714,1790073128633.271,38.786877
06e9e5b9,2716,2715,1790073128674.001,40.730079
06e9e5b9,2717,2716,1790073128715.073,41.071773
06e9e5b9,2718,2717,1790073128750.645,35.572068
06e9e5b9,2719,2718,1790073128795.542,44.896792
06e9e5b9,2720,2719,1790073128833.594,38.051965
06e9e5b9,2721,2720,1790073128880.648,47.054218
06e9e5b9,2722,2721,1790073128917.221,36.572841
06e9e5b9,2723,2722,1790073128947.862,30.641149
06e9e5b9,2724,2723,1790073129006.749,58.886604
06e9e5b9,2725,2724,1790073129035.029,28.280547
06e9e5b9,2726,2725,1790073129074.487,39.458027
06e9e5b9,2727,2726,1790073129116.667,42.180156
06e9e5b9,2728,2727,1790073129151.825,35.157815
06e9e5b9,2729,2728,1790073129206.602,54.777218
06e9e5b9,2730,2729,1790073129233.297,26.69512
06e9e5b9,2731,2730,1790073129275.375,42.077563
06e9e5b9,2732,2731,1790073129311.32,35.94499
06e9e5b9,2733,2732,1790073129353.468,42.147947
06e9e5b9,2734,2733,1790073129395.692,42.224406
06e9e5b9,2735,2734,1790073129436.007,40.314429
06e9e5b9,2736,2735,1790073129469.054,33.046878
06e9e5b9,2737,2736,1790073129511.13,42.075887
06e9e5b9,2738,2737,1790073129561.77,50.640732
06e9e5b9,2739,2738,1790073129594.682,32.911733
06e9e5b9,2740,2739,1790073129636.319,41.636681
06e9e5b9,2741,2740,1790073129680.577,44.258382
06e9e5b9,2742,2741,1790073129681.943,1.366144
06e9e5b9,2743,2742,1790073129683.446,1.502245
06e9e5b9,2744,2743,1790073129684.593,1.147269
06e9e5b9,2745,2744,1790073129686.146,1.553727
06e9e5b9,2746,2745,1790073129688.66,2.513432
06e9e5b9,2747,2746,1790073129755.227,66.56717
06e9e5b9,2748,2747,1790073130029.967,274.740325
06e9e5b9,2749,2748,1790073130071.942,41.974467
06e9e5b9,2750,2749,1790073130112.875,40.932692
06e9e5b9,2751,2750,1790073130161.406,48.531196
06e9e5b9,2752,2751,1790073130188.686,27.27969
06e9e5b9,2753,2752,1790073130230.345,41.659714
06e9e5b9,2754,2753,1790073130274.866,44.520893
06e9e5b9,2755,2754,1790073130310.916,36.049491
06e9e5b9,2756,2755,1790073130360.039,49.123574
06e9e5b9,2757,2756,1790073130397.375,37.335603
06e9e5b9,2758,2757,1790073130430.447,33.071904
06e9e5b9,2759,2758,1790073130481.539,51.092805
06e9e5b9,2760,2759,1790073130518.688,37.148825
06e9e5b9,2761,2760,1790073130572.71,54.021688
06e9e5b9,2762,2761,1790073130589.569,16.8589
06e9e5b9,2763,2762,1790073130638.452,48.882702
06e9e5b9,2764,2763,1790073130680.573,42.121276
06e9e5b9,2765,2764,1790073130711.696,31.123475
06e9e5b9,2766,2765,1790073130754.948,43.251867
06e9e5b9,2767,2766,1790073130794.562,39.61438
06e9e5b9,2768,2767,1790073130834.147,39.58409
06e9e5b9,2769,2768,1790073130870.683,36.536104
06e9e5b9,2770,2769,1790073130913.466,42.783002
06e9e5b9,2771,2770,1790073130956.19,42.724212
06e9e5b9,2772,2771,1790073131011.435,55.244768
06e9e5b9,2773,2772,1790073131036.328,24.893771
06e9e5b9,2774,2773,1790073131076.009,39.680395
06e9e5b9,2775,2774,1790073131125.547,49.538497
06e9e5b9,2776,2775,1790073131162.48,36.932997
06e9e5b9,2777,2776,1790073131204.851,42.370983
06e9e5b9,2778,2777,1790073131230.064,25.212437
06e9e5b9,2779,2778,1790073131273.646,43.58266
06e9e5b9,2780,2779,1790073131316.555,42.908774
06e9e5b9,2781,2780,1790073131362.829,46.273491
06e9e5b9,2782,2781,1790073131400.405,37.576528
06e9e5b9,2783,2782,1790073131430.254,29.849083
06e9e5b9,2784,2783,1790073131472.721,42.467121
06e9e5b9,2785,2784,1790073131516.183,43.461822
06e9e5b9,2786,2785,1790073131556.376,40.192653
06e9e5b9,2787,2786,1790073131597.787,41.411377
06e9e5b9,2788,2787,1790073131630.748,32.961056
06e9e5b9,2789,2788,1790073131682.502,51.753946
06e9e5b9,2790,2789,1790073131686.037,3.534947
06e9e5b9,2791,2790,1790073131689.399,3.362211
06e9e5b9,2792,2791,1790073131692.412,3.012911
06e9e5b9,2793,2792,1790073131695.114,2.70154
06e9e5b9,2794,2793,1790073131698.17,3.056538
06e9e5b9,2795,2794,1790073131759.065,60.894262
06e9e5b9,2796,2795,1790073132045.84,286.774929
06e9e5b9,2797,2796,1790073132082.734,36.894288
06e9e5b9,2798,2797,1790073132112.17,29.435994
06e9e5b9,2799,2798,1790073132167.976,55.80613
06e9e5b9,2800,2799,1790073132187.466,19.490209
06e9e5b9,2801,2800,1790073132240.754,53.287504
06e9e5b9,2802,2801,1790073132272.578,31.824399
06e9e5b9,2803,2802,1790073132313.19,40.611706
06e9e5b9,2804,2803,1790073132355.851,42.661272
06e9e5b9,2805,2804,1790073132395.031,39.179867
06e9e5b9,2806,2805,1790073132435.65,40.619357
06e9e5b9,2807,2806,1790073132475.031,39.380969
06e9e5b9,2808,2807,1790073132513.644,38.612769
06e9e5b9,2809,2808,1790073132553.977,40.33299
06e9e5b9,2810,2809,1790073132599.484,45.506484
06e9e5b9,2811,2810,1790073132634.21,34.726174
06e9e5b9,2812,2811,1790073132671.806,37.596477
06e9e5b9,2813,2812,1790073132713.406,41.600382
06e9e5b9,2814,2813,1790073132754.794,41.387695
06e9e5b9,2815,2814,1790073132794.905,40.110466
06e9e5b9,2816,2815,1790073132832.099,37.194109
06e9e5b9,2817,2816,1790073132871.474,39.374752
06e9e5b9,2818,2817,1790073132913.639,42.165634
06e9e5b9,2819,2818,1790073132954.697,41.057775
06e9e5b9,2820,2819,1790073133004.566,49.868693
06e9e5b9,2821,2820,1790073133033.571,29.005654
06e9e5b9,2822,2821,1790073133071.417,37.846207
06e9e5b9,2823,2822,1790073133112.232,40.814053
06e9e5b9,2824,2823,1790073133152.882,40.650495
06e9e5b9,2825,2824,1790073133197.018,44.135407
06e9e5b9,2826,2825,1790073133244.207,47.189004
06e9e5b9,2827,2826,1790073133270.745,26.538515
06e9e5b9,2828,2827,1790073133313.562,42.81675
06e9e5b9,2829,2828,1790073133358.64,45.078297
06e9e5b9,2830,2829,1790073133393.683,35.043256
06e9e5b9,2831,2830,1790073133429.034,35.350266
06e9e5b9,2832,2831,1790073133478.838,49.804119
06e9e5b9,2833,2832,1790073133524.178,45.340206
06e9e5b9,2834,2833,1790073133557.058,32.879763
06e9e5b9,2835,2834,1790073133604.967,47.908826
06e9e5b9,2836,2835,1790073133641.638,36.671483
06e9e5b9,2837,2836,1790073133680.357,38.719006
06e9e5b9,2838,2837,1790073133683.022,2.664761
06e9e5b9,2839,2838,1790073133686.51,3.488438
06e9e5b9,2840,2839,1790073133690.576,4.065464
06e9e5b9,2841,2840,1790073133696.681,6.105455
06e9e5b9,2842,2841,1790073133700.2,3.518653
06e9e5b9,2843,2842,1790073133756.012,55.812707
06e9e5b9,2844,2843,1790073134032.059,276.04641
06e9e5b9,2845,2844,1790073134075.132,43.073458
06e9e5b9,2846,2845,1790073134118.082,42.949665
06e9e5b9,2847,2846,1790073134157.675,39.592412
06e9e5b9,2848,2847,1790073134203.99,46.315023
06e9e5b9,2849,2848,1790073134228.893,24.903654
06e9e5b9,2850,2849,1790073134272.567,43.673727
06e9e5b9,2851,2850,1790073134315.393,42.825641
06e9e5b9,2852,2851,1790073134356.384,40.991798
06e9e5b9,2853,2852,1790073134412.691,56.306746
06e9e5b9,2854,2853,1790073134436.125,23.434524
06e9e5b9,2855,2854,1790073134478.108,41.982446
06e9e5b9,2856,2855,1790073134515.577,37.469035
06e9e5b9,2857,2856,1790073134560.772,45.19547
06e9e5b9,2858,2857,1790073134597.614,36.84167
06e9e5b9,2859,2858,1790073134637.631,40.017262
06e9e5b9,2860,2859,1790073134673.473,35.841869
06e9e5b9,2861,2860,1790073134729.017,55.54333
06e9e5b9,2862,2861,1790073134757.524,28.507279
06e9e5b9,2863,2862,1790073134795.493,37.968834
06e9e5b9,2864,2863,1790073134839.635,44.142502
06e9e5b9,2865,2864,1790073134897.462,57.826792
06e9e5b9,2866,2865,1790073134908.048,10.585532
06e9e5b9,2867,2866,1790073134954.633,46.584973
06e9e5b9,2868,2867,1790073134994.857,40.224808
06e9e5b9,2869,2868,1790073135037.301,42.443974
06e9e5b9,2870,2869,1790073135075.488,38.186749
06e9e5b9,2871,2870,1790073135114.526,39.037553
06e9e5b9,2872,2871,1790073135160.429,45.903538
06e9e5b9,2873,2872,1790073135189.7,29.270731
06e9e5b9,2874,2873,1790073135234.681,44.981185
06e9e5b9,2875,2874,1790073135274.802,40.121464
06e9e5b9,2876,2875,1790073135321.323,46.520717
06e9e5b9,2877,2876,1790073135350.86,29.537116
06e9e5b9,2878,2877,1790073135405.366,54.505635
06e9e5b9,2879,2878,1790073135434.406,29.040258
06e9e5b9,2880,2879,1790073135490.893,56.48654
06e9e5b9,2881,2880,1790073135520.56,29.666634
06e9e5b9,2882,2881,1790073135554.455,33.895082
06e9e5b9,2883,2882,1790073135610.053,55.598113
06e9e5b9,2884,2883,1790073135633.839,23.786522
06e9e5b9,2885,2884,1790073135684.735,50.895754
06e9e5b9,2886,2885,1790073135688.589,3.854372
06e9e5b9,2887,2886,1790073135691.372,2.782812
06e9e5b9,2888,2887,1790073135692.95,1.577613
06e9e5b9,2889,2888,1790073135694.393,1.443239
06e9e5b9,2890,2889,1790073135697.54,3.147414
06e9e5b9,2891,2890,1790073135756.434,58.893137
06e9e5b9,2892,2891,1790073136043.948,287.514732
06e9e5b9,2893,2892,1790073136075.164,31.215676
06e9e5b9,2894,2893,1790073136135.037,59.872913
06e9e5b9,2895,2894,1790073136150.949,15.912597
06e9e5b9,2896,2895,1790073136193.187,42.237342
06e9e5b9,2897,2896,1790073136241.265,48.078212
06e9e5b9,2898,2897,1790073136277.41,36.145134
06e9e5b9,2899,2898,1790073136315.621,38.210862
06e9e5b9,2900,2899,1790073136356.95,41.329011
06e9e5b9,2901,2900,1790073136390.972,34.021607
06e9e5b9,2902,2901,1790073136437.087,46.115751
06e9e5b9,2903,2902,1790073136475.141,38.053171
06e9e5b9,2904,2903,1790073136518.733,43.592716
06e9e5b9,2905,2904,1790073136568.884,50.150611
06e9e5b9,2906,2905,1790073136601.688,32.803996
06e9e5b9,2907,2906,1790073136630.49,28.802362
06e9e5b9,2908,2907,1790073136674.075,43.585078
06e9e5b9,2909,2908,1790073136714.463,40.387246
06e9e5b9,2910,2909,1790073136753.121,38.65803
06e9e5b9,2911,2910,1790073136794.075,40.954284
06e9e5b9,2912,2911,1790073136837.608,43.533082
06e9e5b9,2913,2912,1790073136874.76,37.15173
06e9e5b9,2914,2913,1790073136922.316,47.556456
06e9e5b9,2915,2914,1790073136953.811,31.494696
06e9e5b9,2916,2915,1790073136997.716,43.905213
06e9e5b9,2917,2916,1790073137034.726,37.009795
06e9e5b9,2918,2917,1790073137075.238,40.511715
06e9e5b9,2919,2918,1790073137109.322,34.084666
06e9e5b9,2920,2919,1790073137162.926,53.603358
06e9e5b9,2921,2920,1790073137196.14,33.214415
06e9e5b9,2922,2921,1790073137235.2,39.060039
06e9e5b9,2923,2922,1790073137280.298,45.097509
06e9e5b9,2924,2923,1790073137321.109,40.81164
06e9e5b9,2925,2924,1790073137353.647,32.53814
06e9e5b9,2926,2925,1790073137392.883,39.235564
06e9e5b9,2927,2926,1790073137434.581,41.698254
06e9e5b9,2928,2927,1790073137480.79,46.208396
06e9e5b9,2929,2928,1790073137511.758,30.968102
06e9e5b9,2930,2929,1790073137554.4,42.642098
06e9e5b9,2931,2930,1790073137615.501,61.101315
06e9e5b9,2932,2931,1790073137639.543,24.042006
06e9e5b9,2933,2932,1790073137676.274,36.73115
06e9e5b9,2934,2933,1790073137678.015,1.740343
06e9e5b9,2935,2934,1790073137679.133,1.118406
06e9e5b9,2936,2935,1790073137681.31,2.176501
06e9e5b9,2937,2936,1790073137683.759,2.449579
06e9e5b9,2938,2937,1790073137687.55,3.791101
06e9e5b9,2939,2938,1790073137755.648,68.098242
06e9e5b9,2940,2939,1790073138040.45,284.8014
06e9e5b9,2941,2940,1790073138083.49,43.040726
06e9e5b9,2942,2941,1790073138119.194,35.703244
06e9e5b9,2943,2942,1790073138166.573,47.379706
06e9e5b9,2944,2943,1790073138199.548,32.974595
06e9e5b9,2945,2944,1790073138241.097,41.548824
06e9e5b9,2946,2945,1790073138280.38,39.282847
06e9e5b9,2947,2946,1790073138309.731,29.351211
06e9e5b9,2948,2947,1790073138360.67,50.938984
06e9e5b9,2949,2948,1790073138401.465,40.795226
06e9e5b9,2950,2949,1790073138435.789,34.323591
06e9e5b9,2951,2950,1790073138479.069,43.280322
06e9e5b9,2952,2951,1790073138517.7,38.630712
06e9e5b9,2953,2952,1790073138575.537,57.837396
06e9e5b9,2954,2953,1790073138591.238,15.700827
06e9e5b9,2955,2954,1790073138632.367,41.128948
06e9e5b9,2956,2955,1790073138678.11,45.742567
06e9e5b9,2957,2956,1790073138723.973,45.863385
06e9e5b9,2958,2957,1790073138757.665,33.691881
06e9e5b9,2959,2958,1790073138803.525,45.859975
06e9e5b9,2960,2959,1790073138842.622,39.096716
06e9e5b9,2961,2960,1790073138872.249,29.627247
06e9e5b9,2962,2961,1790073138912.133,39.884319
06e9e5b9,2963,2962,1790073138960.163,48.030197
06e9e5b9,2964,2963,1790073138998.056,37.892533
06e9e5b9,2965,2964,1790073139039.256,41.199758
06e9e5b9,2966,2965,1790073139079.594,40.339016
06e9e5b9,2967,2966,1790073139113.324,33.729457
06e9e5b9,2968,2967,1790073139165.404,52.07981
06e9e5b9,2969,2968,1790073139197.236,31.831939
06e9e5b9,2970,2969,1790073139236.184,38.947809
06e9e5b9,2971,2970,1790073139286.411,50.227113
06e9e5b9,2972,2971,1790073139321.835,35.42471
06e9e5b9,2973,2972,1790073139359.335,37.500164
06e9e5b9,2974,2973,1790073139391.548,32.212865
06e9e5b9,2975,2974,1790073139432.744,41.195798
06e9e5b9,2976,2975,1790073139479.206,46.461899
06e9e5b9,2977,2976,1790073139519.331,40.125254
06e9e5b9,2978,2977,1790073139556.835,37.503483
06e9e5b9,2979,2978,1790073139609.57,52.734751
06e9e5b9,2980,2979,1790073139644.737,35.167544
06e9e5b9,2981,2980,1790073139703.725,58.987529
06e9e5b9,2982,2981,1790073139709.836,6.111587
06e9e5b9,2983,2982,1790073139712.814,2.977907
06e9e5b9,2984,2983,1790073139715.077,2.262454
06e9e5b9,2985,2984,1790073139718.967,3.890376
06e9e5b9,2986,2985,1790073139722.239,3.271714
06e9e5b9,2987,2986,1790073139759.48,37.240999
06e9e5b9,2988,2987,1790073140030.651,271.171171
06e9e5b9,2989,2988,1790073140075.083,44.432161
06e9e5b9,2990,2989,1790073140127.397,52.314305
06e9e5b9,2991,2990,1790073140154.235,26.837172
06e9e5b9,2992,2991,1790073140196.163,41.928343
06e9e5b9,2993,2992,1790073140236.686,40.522595
06e9e5b9,2994,2993,1790073140287.249,50.563032
06e9e5b9,2995,2994,1790073140314.164,26.915163
06e9e5b9,2996,2995,1790073140354.73,40.566478
06e9e5b9,2997,2996,1790073140394.48,39.749623
06e9e5b9,2998,2997,1790073140447.583,53.103475
06e9e5b9,2999,2998,1790073140478.737,31.153775
06e9e5b9,3000,2999,1790073140525.183,46.44641
06e9e5b9,3001,3000,1790073140552.314,27.130854
06e9e5b9,3002,3001,1790073140606.644,54.32947
06e9e5b9,3003,3002,1790073140633.986,27.342016
06e9e5b9,3004,3003,1790073140673.228,39.24172
06e9e5b9,3005,3004,1790073140716.036,42.808752
06e9e5b9,3006,3005,1790073140755.378,39.341719
06e9e5b9,3007,3006,1790073140804.77,49.392323
06e9e5b9,3008,3007,1790073140840.648,35.877636
06e9e5b9,3009,3008,1790073140882.092,41.444228
06e9e5b9,3010,3009,1790073140914.046,31.953986
06e9e5b9,3011,3010,1790073140952.839,38.79312
06e9e5b9,3012,3011,1790073140999.228,46.388442
06e9e5b9,3013,3012,1790073141033.673,34.444997
06e9e5b9,3014,3013,1790073141088.316,54.643039
06e9e5b9,3015,3014,1790073141134.007,45.690999
06e9e5b9,3016,3015,1790073141171.724,37.717538
06e9e5b9,3017,3016,1790073141215.28,43.55553
06e9e5b9,3018,3017,1790073141229.436,14.155741
06e9e5b9,3019,3018,1790073141290.638,61.202452
06e9e5b9,3020,3019,1790073141319.33,28.691997
06e9e5b9,3021,3020,1790073141355.351,36.021165
06e9e5b9,3022,3021,1790073141411.024,55.673173
06e9e5b9,3023,3022,1790073141449.544,38.51955
06e9e5b9,3024,3023,1790073141480.558,31.014434
06e9e5b9,3025,3024,1790073141511.346,30.788
06e9e5b9,3026,3025,1790073141562.089,50.742558
06e9e5b9,3027,3026,1790073141592.981,30.892076
06e9e5b9,3028,3027,1790073141638.581,45.600262
06e9e5b9,3029,3028,1790073141683.072,44.490828
06e9e5b9,3030,3029,1790073141686.277,3.204914
06e9e5b9,3031,3030,1790073141689.232,2.955102
06e9e5b9,3032,3031,1790073141692.657,3.424772
06e9e5b9,3033,3032,1790073141696.271,3.614469
06e9e5b9,3034,3033,1790073141697.693,1.421817
06e9e5b9,3035,3034,1790073141764.413,66.719458
06e9e5b9,3036,3035,1790073142047.355,282.942643
06e9e5b9,3037,3036,1790073142081.635,34.279874
06e9e5b9,3038,3037,1790073142145.367,63.732033
06e9e5b9,3039,3038,1790073142154.726,9.358531
06e9e5b9,3040,3039,1790073142199.007,44.281506
06e9e5b9,3041,3040,1790073142274.888,75.880748
06e9e5b9,3042,3041,1790073142293.885,18.996968
06e9e5b9,3043,3042,1790073142326.542,32.657249
06e9e5b9,3044,3043,1790073142350.063,23.520744
06e9e5b9,3045,3044,1790073142396.599,46.536193
06e9e5b9,3046,3045,1790073142436.298,39.698673
06e9e5b9,3047,3046,1790073142476.299,40.000883
06e9e5b9,3048,3047,1790073142510.397,34.098412
06e9e5b9,3049,3048,1790073142552.9,42.503458
06e9e5b9,3050,3049,1790073142594.969,42.068035
06e9e5b9,3051,3050,1790073142639.257,44.288314
06e9e5b9,3052,3051,1790073142672.897,33.640738
06e9e5b9,3053,3052,1790073142715.325,42.427648
06e9e5b9,3054,3053,1790073142766.437,51.111949
06e9e5b9,3055,3054,1790073142798.75,32.313245
06e9e5b9,3056,3055,1790073142839.765,41.014887
06e9e5b9,3057,3056,1790073142875.289,35.523714
06e9e5b9,3058,3057,1790073142926.305,51.016375
06e9e5b9,3059,3058,1790073142966.973,40.668063
06e9e5b9,3060,3059,1790073143007.668,40.694471
06e9e5b9,3061,3060,1790073143030.805,23.137447
06e9e5b9,3062,3061,1790073143081.868,51.063038
06e9e5b9,3063,3062,1790073143124.035,42.166322
06e9e5b9,3064,3063,1790073143150.308,26.273766
06e9e5b9,3065,3064,1790073143197.27,46.961866
06e9e5b9,3066,3065,1790073143244.02,46.750008
06e9e5b9,3067,3066,1790073143275.024,31.003305
06e9e5b9,3068,3067,1790073143314.905,39.881431
06e9e5b9,3069,3068,1790073143349.341,34.43617
06e9e5b9,3070,3069,1790073143394.876,45.535228
06e9e5b9,3071,3070,1790073143443.965,49.088705
06e9e5b9,3072,3071,1790073143479.202,35.236874
06e9e5b9,3073,3072,1790073143518.815,39.613155
06e9e5b9,3074,3073,1790073143563.878,45.062756
06e9e5b9,3075,3074,1790073143597.657,33.779468
06e9e5b9,3076,3075,1790073143630.14,32.482194
06e9e5b9,3077,3076,1790073143686.106,55.966075
06e9e5b9,3078,3077,1790073143689.338,3.232518
06e9e5b9,3079,3078,1790073143691.851,2.513151
06e9e5b9,3080,3079,1790073143694.815,2.963257
06e9e5b9,3081,3080,1790073143697.364,2.549673
06e9e5b9,3082,3081,1790073143701.463,4.098565
06e9e5b9,3083,3082,1790073143755.798,54.335399
06e9e5b9,3084,3083,1790073144043.255,287.457116
06e9e5b9,3085,3084,1790073144078.45,35.194628
06e9e5b9,3086,3085,1790073144108.288,29.83814
06e9e5b9,3087,3086,1790073144158.394,50.106101
06e9e5b9,3088,3087,1790073144193.898,35.504026
06e9e5b9,3089,3088,1790073144239.354,45.455639
06e9e5b9,3090,3089,1790073144273.034,33.680235
06e9e5b9,3091,3090,1790073144318.864,45.829314
06e9e5b9,3092,3091,1790073144351.299,32.435433
06e9e5b9,3093,3092,1790073144411.139,59.840162
06e9e5b9,3094,3093,1790073144433.383,22.243607
06e9e5b9,3095,3094,1790073144477.881,44.498802
06e9e5b9,3096,3095,1790073144514.847,36.96554
06e9e5b9,3097,3096,1790073144561.011,46.16403
06e9e5b9,3098,3097,1790073144594.236,33.224711
06e9e5b9,3099,3098,1790073144635.454,41.217875
06e9e5b9,3100,3099,1790073144678.305,42.851752
06e9e5b9,3101,3100,1790073144707.036,28.730873
06e9e5b9,3102,3101,1790073144749.107,42.070451
06e9e5b9,3103,3102,1790073144792.145,43.037991
06e9e5b9,3104,3103,1790073144837.929,45.784228
06e9e5b9,3105,3104,1790073144880.497,42.567796
06e9e5b9,3106,3105,1790073144913.63,33.133748
06e9e5b9,3107,3106,1790073144953.895,40.264502
06e9e5b9,3108,3107,1790073144996.352,42.456973
06e9e5b9,3109,3108,1790073145033.178,36.826519
06e9e5b9,3110,3109,1790073145074.133,40.954786
06e9e5b9,3111,3110,1790073145116.062,41.928708
06e9e5b9,3112,3111,1790073145149.037,32.974734
06e9e5b9,3113,3112,1790073145190.706,41.669585
06e9e5b9,3114,3113,1790073145231.557,40.850767
06e9e5b9,3115,3114,1790073145276.32,44.762511
06e9e5b9,3116,3115,1790073145309.028,32.708779
06e9e5b9,3117,3116,1790073145359.248,50.219695
06e9e5b9,3118,3117,1790073145403.322,44.07363
06e9e5b9,3119,3118,1790073145437.962,34.640736
06e9e5b9,3120,3119,1790073145479.393,41.430193
06e9e5b9,3121,3120,1790073145531.067,51.674291
06e9e5b9,3122,3121,1790073145556.26,25.193128
06e9e5b9,3123,3122,1790073145601.438,45.177706
06e9e5b9,3124,3123,1790073145632.715,31.277232
06e9e5b9,3125,3124,1790073145679.63,46.914816
06e9e5b9,3126,3125,1790073145682.566,2.936606
06e9e5b9,3127,3126,1790073145763.594,81.027558
06e9e5b9,3128,3127,1790073146042.974,279.380007
06e9e5b9,3129,3128,1790073146089.25,46.276204
06e9e5b9,3130,3129,1790073146123.738,34.487428
06e9e5b9,3131,3130,1790073146153.853,30.115439
06e9e5b9,3132,3131,1790073146195.257,41.40387
06e9e5b9,3133,3132,1790073146235.011,39.754496
06e9e5b9,3134,3133,1790073146279.261,44.250216
06e9e5b9,3135,3134,1790073146335.672,56.410542
06e9e5b9,3136,3135,1790073146351.777,16.10458
06e9e5b9,3137,3136,1790073146392.202,40.425795
06e9e5b9,3138,3137,1790073146444.998,52.795571
06e9e5b9,3139,3138,1790073146477.394,32.395721
06e9e5b9,3140,3139,1790073146524.951,47.556898
06e9e5b9,3141,3140,1790073146556.145,31.194641
06e9e5b9,3142,3141,1790073146589.221,33.075695
06e9e5b9,3143,3142,1790073146641.547,52.326214
06e9e5b9,3144,3143,1790073146665.753,24.205391
06e9e5b9,3145,3144,1790073146718.299,52.546283
06e9e5b9,3146,3145,1790073146755.997,37.697861
06e9e5b9,3147,3146,1790073146795.083,39.08683
06e9e5b9,3148,3147,1790073146846.347,51.263007
06e9e5b9,3149,3148,1790073146874.24,27.893883
06e9e5b9,3150,3149,1790073146917.119,42.878456
06e9e5b9,3151,3150,1790073146949.592,32.4731
06e9e5b9,3152,3151,1790073146997.593,48.001206
06e9e5b9,3153,3152,1790073147036.75,39.156538
06e9e5b9,3154,3153,1790073147075.196,38.445838
06e9e5b9,3155,3154,1790073147118.301,43.105435
06e9e5b9,3156,3155,1790073147155.481,37.18037
06e9e5b9,3157,3156,1790073147201.864,46.382031
06e9e5b9,3158,3157,1790073147233.932,32.068226
06e9e5b9,3159,3158,1790073147281.823,47.891536
06e9e5b9,3160,3159,1790073147320.79,38.966854
06e9e5b9,3161,3160,1790073147353.802,33.012404
06e9e5b9,3162,3161,1790073147404.365,50.562137
06e9e5b9,3163,3162,1790073147435.173,30.808041
06e9e5b9,3164,3163,1790073147479.876,44.703098
06e9e5b9,3165,3164,1790073147523.308,43.432273
06e9e5b9,3166,3165,1790073147561.909,38.600766
06e9e5b9,3167,3166,1790073147594.196,32.287573
06e9e5b9,3168,3167,1790073147635.917,41.720073
06e9e5b9,3169,3168,1790073147681.946,46.029158
06e9e5b9,3170,3169,1790073147685.696,3.750667
06e9e5b9,3171,3170,1790073147689.929,4.233059
06e9e5b9,3172,3171,1790073147693.679,3.749515
06e9e5b9,3173,3172,1790073147696.288,2.609344
06e9e5b9,3174,3173,1790073147697.667,1.378585
06e9e5b9,3175,3174,1790073147757.768,60.101618
06e9e5b9,3176,3175,1790073148032.604,274.835684
06e9e5b9,3177,3176,1790073148070.052,37.447828
06e9e5b9,3178,3177,1790073148118.084,48.032584
06e9e5b9,3179,3178,1790073148153.523,35.43816
06e9e5b9,3180,3179,1790073148194.108,40.585483
06e9e5b9,3181,3180,1790073148228.776,34.668142
06e9e5b9,3182,3181,1790073148271.691,42.91502
06e9e5b9,3183,3182,1790073148322.525,50.833854
06e9e5b9,3184,3183,1790073148356.569,34.044305
06e9e5b9,3185,3184,1790073148396.454,39.884323
06e9e5b9,3186,3185,1790073148438.072,41.618509
06e9e5b9,3187,3186,1790073148468.805,30.732731
06e9e5b9,3188,3187,1790073148516.372,47.567372
06e9e5b9,3189,3188,1790073148555.16,38.787787
06e9e5b9,3190,3189,1790073148600.692,45.532224
06e9e5b9,3191,3190,1790073148632.856,32.163277
06e9e5b9,3192,3191,1790073148681.265,48.408887
06e9e5b9,3193,3192,1790073148715.232,33.96736
06e9e5b9,3194,3193,1790073148753.478,38.246131
06e9e5b9,3195,3194,1790073148794.091,40.612438
06e9e5b9,3196,3195,1790073148834.893,40.802707
06e9e5b9,3197,3196,1790073148889.497,54.604129
06e9e5b9,3198,3197,1790073148907.802,18.304098
06e9e5b9,3199,3198,1790073148950.63,42.829023
06e9e5b9,3200,3199,1790073148990.478,39.847281
06e9e5b9,3201,3200,1790073149036.685,46.207141
06e9e5b9,3202,3201,1790073149074.855,38.170187
06e9e5b9,3203,3202,1790073149114.594,39.739091
06e9e5b9,3204,3203,1790073149155.255,40.660684
06e9e5b9,3205,3204,1790073149187.013,31.757827
06e9e5b9,3206,3205,1790073149239.944,52.931135
06e9e5b9,3207,3206,1790073149282.656,42.712674
06e9e5b9,3208,3207,1790073149316.763,34.106237
06e9e5b9,3209,3208,1790073149355.568,38.805434
06e9e5b9,3210,3209,1790073149400.115,44.546545
06e9e5b9,3211,3210,1790073149450.66,50.545653
06e9e5b9,3212,3211,1790073149471.104,20.443311
06e9e5b9,3213,3212,1790073149518.722,47.618222
06e9e5b9,3214,3213,1790073149556.731,38.009261
06e9e5b9,3215,3214,1790073149601.405,44.67412
06e9e5b9,3216,3215,1790073149632.07,30.664622
06e9e5b9,3217,3216,1790073149688.819,56.749245
06e9e5b9,3218,3217,1790073149693.767,4.947751
06e9e5b9,3219,3218,1790073149696.648,2.881074
06e9e5b9,3220,3219,1790073149699.328,2.680011
06e9e5b9,3221,3220,1790073149700.772,1.444015
06e9e5b9,3222,3221,1790073149702.493,1.721196
06e9e5b9,3223,3222,1790073149761.708,59.215267
06e9e5b9,3224,3223,1790073150045.779,284.070156
06e9e5b9,3225,3224,1790073150076.846,31.067699
06e9e5b9,3226,3225,1790073150122.413,45.566423
06e9e5b9,3227,3226,1790073150158.89,36.476992
06e9e5b9,3228,3227,1790073150197.487,38.596996
06e9e5b9,3229,3228,1790073150234.145,36.65773
06e9e5b9,3230,3229,1790073150282.471,48.326173
06e9e5b9,3231,3230,1790073150327.148,44.677669
06e9e5b9,3232,3231,1790073150358.143,30.995117
06e9e5b9,3233,3232,1790073150393.909,35.765599
06e9e5b9,3234,3233,1790073150437.177,43.268246
06e9e5b9,3235,3234,1790073150468.476,31.298452
06e9e5b9,3236,3235,1790073150511.55,43.074282
06e9e5b9,3237,3236,1790073150554.279,42.729332
06e9e5b9,3238,3237,1790073150601.569,47.289419
06e9e5b9,3239,3238,1790073150638.158,36.589443
06e9e5b9,3240,3239,1790073150678.063,39.904554
06e9e5b9,3241,3240,1790073150709.415,31.351781
06e9e5b9,3242,3241,1790073150756.656,47.241733
06e9e5b9,3243,3242,1790073150802.413,45.757083
06e9e5b9,3244,3243,1790073150842.829,40.415743
06e9e5b9,3245,3244,1790073150879.094,36.264603
06e9e5b9,3246,3245,1790073150920.458,41.364429
06e9e5b9,3247,3246,1790073150956.883,36.424563
06e9e5b9,3248,3247,1790073151003.996,47.113263
06e9e5b9,3249,3248,1790073151034.385,30.389468
06e9e5b9,3250,3249,1790073151089.807,55.421356
06e9e5b9,3251,3250,1790073151125.018,35.211663
06e9e5b9,3252,3251,1790073151156.494,31.475997
06e9e5b9,3253,3252,1790073151192.448,35.953194
06e9e5b9,3254,3253,1790073151243.724,51.276677
06e9e5b9,3255,3254,1790073151294.596,50.87196
06e9e5b9,3256,3255,1790073151321.213,26.617003
06e9e5b9,3257,3256,1790073151362.762,41.548741
06e9e5b9,3258,3257,1790073151394.809,32.046957
06e9e5b9,3259,3258,1790073151436.918,42.109092
06e9e5b9,3260,3259,1790073151477.53,40.612151
06e9e5b9,3261,3260,1790073151516.699,39.169019
06e9e5b9,3262,3261,1790073151549.591,32.892188
06e9e5b9,3263,3262,1790073151596.081,46.489095
06e9e5b9,3264,3263,1790073151643.347,47.266375
06e9e5b9,3265,3264,1790073151690.334,46.987367
06e9e5b9,3266,3265,1790073151693.602,3.267438
06e9e5b9,3267,3266,1790073151696.143,2.540947
06e9e5b9,3268,3267,1790073151698.866,2.723072
06e9e5b9,3269,3268,1790073151702.406,3.540919
06e9e5b9,3270,3269,1790073151706.534,4.127856
06e9e5b9,3271,3270,1790073151757.709,51.174313
06e9e5b9,3272,3271,1790073152038.089,280.380144
06e9e5b9,3273,3272,1790073152073.384,35.295015
06e9e5b9,3274,3273,1790073152122.407,49.022821
06e9e5b9,3275,3274,1790073152155.02,32.613425
06e9e5b9,3276,3275,1790073152195.729,40.708713
06e9e5b9,3277,3276,1790073152231.982,36.253629
06e9e5b9,3278,3277,1790073152271.836,39.853294
06e9e5b9,3279,3278,1790073152315.461,43.625463
06e9e5b9,3280,3279,1790073152359.105,43.643384
06e9e5b9,3281,3280,1790073152397.187,38.082183
06e9e5b9,3282,3281,1790073152428.85,31.66311
06e9e5b9,3283,3282,1790073152473.798,44.947803
06e9e5b9,3284,3283,1790073152523.581,49.782768
06e9e5b9,3285,3284,1790073152556.675,33.094195
06e9e5b9,3286,3285,1790073152590.291,33.616434
06e9e5b9,3287,3286,1790073152634.67,44.379144
06e9e5b9,3288,3287,1790073152673.199,38.529166
06e9e5b9,3289,3288,1790073152718.247,45.047569
06e9e5b9,3290,3289,1790073152763.778,45.530462
06e9e5b9,3291,3290,1790073152788.785,25.007959
06e9e5b9,3292,3291,1790073152830.067,41.281279
06e9e5b9,3293,3292,1790073152878.08,48.013477
06e9e5b9,3294,3293,1790073152913.098,35.017402
06e9e5b9,3295,3294,1790073152954.46,41.362911
06e9e5b9,3296,3295,1790073152994.275,39.814087
06e9e5b9,3297,3296,1790073153029.814,35.539922
06e9e5b9,3298,3297,1790073153071.277,41.462038
06e9e5b9,3299,3298,1790073153114.851,43.574407
06e9e5b9,3300,3299,1790073153163.577,48.726371
06e9e5b9,3301,3300,1790073153194.592,31.014668
06e9e5b9,3302,3301,1790073153234.463,39.871001
06e9e5b9,3303,3302,1790073153275.876,41.413525
06e9e5b9,3304,3303,1790073153313.012,37.135405
06e9e5b9,3305,3304,1790073153351.812,38.800609
06e9e5b9,3306,3305,1790073153404.833,53.020606
06e9e5b9,3307,3306,1790073153437.719,32.886244
06e9e5b9,3308,3307,1790073153479.481,41.762093
06e9e5b9,3309,3308,1790073153513.305,33.823179
06e9e5b9,3310,3309,1790073153557.432,44.127309
06e9e5b9,3311,3310,1790073153598.244,40.811568
06e9e5b9,3312,3311,1790073153636.608,38.364076
06e9e5b9,3313,3312,1790073153680.361,43.753219
06e9e5b9,3314,3313,1790073153683.194,2.833411
06e9e5b9,3315,3314,1790073153685.242,2.04734
06e9e5b9,3316,3315,1790073153686.458,1.216489
06e9e5b9,3317,3316,1790073153687.812,1.353783
06e9e5b9,3318,3317,1790073153756.374,68.56221
06e9e5b9,3319,3318,1790073154032.002,275.627836
06e9e5b9,3320,3319,1790073154092.713,60.711082
06e9e5b9,3321,3320,1790073154118.331,25.618246
06e9e5b9,3322,3321,1790073154159.182,40.851262
06e9e5b9,3323,3322,1790073154207.665,48.482634
06e9e5b9,3324,3323,1790073154235.357,27.691534
06e9e5b9,3325,3324,1790073154271.799,36.442102
06e9e5b9,3326,3325,1790073154312.274,40.475009
06e9e5b9,3327,3326,1790073154355.988,43.713865
06e9e5b9,3328,3327,1790073154390.367,34.379325
06e9e5b9,3329,3328,1790073154446.182,55.814902
06e9e5b9,3330,3329,1790073154474.418,28.23585
06e9e5b9,3331,3330,1790073154516.569,42.151261
06e9e5b9,3332,3331,1790073154559.658,43.089008
06e9e5b9,3333,3332,1790073154598.037,38.379035
06e9e5b9,3334,3333,1790073154633.524,35.487233
06e9e5b9,3335,3334,1790073154675.092,41.567467
06e9e5b9,3336,3335,1790073154708.765,33.673522
06e9e5b9,3337,3336,1790073154759.328,50.563064
06e9e5b9,3338,3337,1790073154803.27,43.941668
06e9e5b9,3339,3338,1790073154826.58,23.31038
06e9e5b9,3340,3339,1790073154874.544,47.963667
06e9e5b9,3341,3340,1790073154913.659,39.115052
06e9e5b9,3342,3341,1790073154957.506,43.84664
06e9e5b9,3343,3342,1790073154998.333,40.826811
06e9e5b9,3344,3343,1790073155042.55,44.217334
06e9e5b9,3345,3344,1790073155074.749,32.198959
06e9e5b9,3346,3345,1790073155123.274,48.525691
06e9e5b9,3347,3346,1790073155151.873,28.597959
06e9e5b9,3348,3347,1790073155195.299,43.426538
06e9e5b9,3349,3348,1790073155233.716,38.417222
06e9e5b9,3350,3349,1790073155275.398,41.681941
06e9e5b9,3351,3350,1790073155327.691,52.292598
06e9e5b9,3352,3351,1790073155355.672,27.980773
06e9e5b9,3353,3352,1790073155396.893,41.221523
06e9e5b9,3354,3353,1790073155442.617,45.724043
06e9e5b9,3355,3354,1790073155472.342,29.724398
06e9e5b9,3356,3355,1790073155514.64,42.298774
06e9e5b9,3357,3356,1790073155555.992,41.351843
06e9e5b9,3358,3357,1790073155589.397,33.405467
06e9e5b9,3359,3358,1790073155632.456,43.057898
06e9e5b9,3360,3359,1790073155686.621,54.165092
06e9e5b9,3361,3360,1790073155689.407,2.78621
06e9e5b9,3362,3361,1790073155695.766,6.359599
06e9e5b9,3363,3362,1790073155711.484,15.717545
06e9e5b9,3364,3363,1790073155752.722,41.23802
06e9e5b9,3365,3364,1790073156037.051,284.329015
06e9e5b9,3366,3365,1790073156097.341,60.290133
06e9e5b9,3367,3366,1790073156108.101,10.760244
06e9e5b9,3368,3367,1790073156151.24,43.138935
06e9e5b9,3369,3368,1790073156210.339,59.098643
06e9e5b9,3370,3369,1790073156241.24,30.900488
06e9e5b9,3371,3370,1790073156274.999,33.759795
06e9e5b9,3372,3371,1790073156317.717,42.717331
06e9e5b9,3373,3372,1790073156353.444,35.72754
06e9e5b9,3374,3373,1790073156395.79,42.345538
06e9e5b9,3375,3374,1790073156431.754,35.964649
06e9e5b9,3376,3375,1790073156475.83,44.075351
06e9e5b9,3377,3376,1790073156522.005,46.175428
06e9e5b9,3378,3377,1790073156558.652,36.64723
06e9e5b9,3379,3378,1790073156597.877,39.224353
06e9e5b9,3380,3379,1790073156629.452,31.57514
06e9e5b9,3381,3380,1790073156672.031,42.57904
06e9e5b9,3382,3381,1790073156714.597,42.566025
06e9e5b9,3383,3382,1790073156767.381,52.78368
06e9e5b9,3384,3383,1790073156796.459,29.078934
06e9e5b9,3385,3384,1790073156837.88,41.420505
06e9e5b9,3386,3385,1790073156878.499,40.619186
06e9e5b9,3387,3386,1790073156920.635,42.135813
06e9e5b9,3388,3387,1790073156958.539,37.904049
06e9e5b9,3389,3388,1790073157000.066,41.5272
06e9e5b9,3390,3389,1790073157029.7,29.634023
06e9e5b9,3391,3390,1790073157071.875,42.174953
06e9e5b9,3392,3391,1790073157116.218,44.34243
06e9e5b9,3393,3392,1790073157157.338,41.120694
06e9e5b9,3394,3393,1790073157199.734,42.395652
06e9e5b9,3395,3394,1790073157227.354,27.620498
06e9e5b9,3396,3395,1790073157273.79,46.435436
06e9e5b9,3397,3396,1790073157315.77,41.980029
06e9e5b9,3398,3397,1790073157354.297,38.527425
06e9e5b9,3399,3398,1790073157395.904,41.606905
06e9e5b9,3400,3399,1790073157437.124,41.219657
06e9e5b9,3401,3400,1790073157473.112,35.988397
06e9e5b9,3402,3401,1790073157540.935,67.822356
06e9e5b9,3403,3402,1790073157554.06,13.124936
06e9e5b9,3404,3403,1790073157599.614,45.554715
06e9e5b9,3405,3404,1790073157637.603,37.989009
06e9e5b9,3406,3405,1790073157694.089,56.485197
06e9e5b9,3407,3406,1790073157695.617,1.528323
06e9e5b9,3408,3407,1790073157696.655,1.037921
06e9e5b9,3409,3408,1790073157697.926,1.270957
06e9e5b9,3410,3409,1790073157699.505,1.578881
06e9e5b9,3411,3410,1790073157701.243,1.738129
06e9e5b9,3412,3411,1790073157755.902,54.658818
06e9e5b9,3413,3412,1790073158035.349,279.447265
06e9e5b9,3414,3413,1790073158078.838,43.489007
06e9e5b9,3415,3414,1790073158109.567,30.728769
06e9e5b9,3416,3415,1790073158162.101,52.534619
06e9e5b9,3417,3416,1790073158202.135,40.033709
06e9e5b9,3418,3417,1790073158233.863,31.727739
06e9e5b9,3419,3418,1790073158276.008,42.145501
06e9e5b9,3420,3419,1790073158320.681,44.673148
06e9e5b9,3421,3420,1790073158354.214,33.532214
06e9e5b9,3422,3421,1790073158394.945,40.731099
06e9e5b9,3423,3422,1790073158433.822,38.877519
06e9e5b9,3424,3423,1790073158476.38,42.558077
06e9e5b9,3425,3424,1790073158521.809,45.429243
06e9e5b9,3426,3425,1790073158553.773,31.963815
06e9e5b9,3427,3426,1790073158593.842,40.068837
06e9e5b9,3428,3427,1790073158634.504,40.661492
06e9e5b9,3429,3428,1790073158695.062,60.558644
06e9e5b9,3430,3429,1790073158723.352,28.28977
06e9e5b9,3431,3430,1790073158750.123,26.77066
06e9e5b9,3432,3431,1790073158788.709,38.586052
06e9e5b9,3433,3432,1790073158835.476,46.767486
06e9e5b9,3434,3433,1790073158875.573,40.097014
06e9e5b9,3435,3434,1790073158924.685,49.112193
06e9e5b9,3436,3435,1790073158955.586,30.901112
06e9e5b9,3437,3436,1790073158993.804,38.21788
06e9e5b9,3438,3437,1790073159035.08,41.275901
06e9e5b9,3439,3438,1790073159085.895,50.814418
06e9e5b9,3440,3439,1790073159118.09,32.195652
06e9e5b9,3441,3440,1790073159167.831,49.74046
06e9e5b9,3442,3441,1790073159197.306,29.474894
06e9e5b9,3443,3442,1790073159238.58,41.274661
06e9e5b9,3444,3443,1790073159296.357,57.777018
06e9e5b9,3445,3444,1790073159317.678,21.320529
06e9e5b9,3446,3445,1790073159354.824,37.146379
06e9e5b9,3447,3446,1790073159390.372,35.547793
06e9e5b9,3448,3447,1790073159432.17,41.798394
06e9e5b9,3449,3448,1790073159477.059,44.888297
06e9e5b9,3450,3449,1790073159515.238,38.179176
06e9e5b9,3451,3450,1790073159554.577,39.338622
06e9e5b9,3452,3451,1790073159605.88,51.303465
06e9e5b9,3453,3452,1790073159639.198,33.31842
06e9e5b9,3454,3453,1790073159685.24,46.040994
06e9e5b9,3455,3454,1790073159688.312,3.072155
06e9e5b9,3456,3455,1790073159692.286,3.974575
06e9e5b9,3457,3456,1790073159693.281,0.995167
06e9e5b9,3458,3457,1790073159694.85,1.568651
06e9e5b9,3459,3458,1790073159698.075,3.224585
06e9e5b9,3460,3459,1790073159761.389,63.314188
