camera,epoch_ms,interval_ms,framesDecoded,framesDropped,freezeCount,totalFreezesDuration,packetsLost,jitterBufferDelay,jitterBufferEmittedCount,decoded_fps,jitter_buffer_ms
b1269e28,1790073006299,1012.094970703125,12,0,0,0,0,0.223149,12,11.856594832857763,18.59575
1ac2ffac,1790073006299,1011.85205078125,14,0,0,0,0,0.250483,14,13.836014849394843,17.89164285714286
d1f37ed1,1790073006299,1011.73193359375,16,0,0,0,0,0.35506699999999997,16,15.814465738139512,22.191687499999997
06e9e5b9,1790073006299,1011.600830078125,16,0,0,0,0,0.34557899999999997,16,15.816515293650298,21.598687499999997
e0606b55,1790073006299,1011.52978515625,18,0,0,0,0,0.409257,18,17.794829439668508,22.7365
c7e22c1f,1790073006299,1011.446044921875,0,0,0,0,0,0,0,0.0,
b5e8f409,1790073006299,1011.290771484375,20,0,0,0,0,0.14039000000000001,20,19.77670573483426,7.019500000000001
b1269e28,1790073007310,1010.66796875,20,0,0,0,0,0.264795,20,19.78889271096235,13.23975
1ac2ffac,1790073007310,1010.902099609375,26,0,0,0,0,0.22528299999999996,26,25.719602333447245,8.664730769230768
d1f37ed1,1790073007310,1011.06298828125,25,0,0,0,0,0.5063679999999999,25,24.7264515561969,20.25472
06e9e5b9,1790073007310,1011.14599609375,25,0,0,0,0,0.513421,25,24.724421692396323,20.53684
e0606b55,1790073007310,1011.1640625,25,0,0,0,0,0.529458,25,24.72397994267127,21.17832
c7e22c1f,1790073007310,1011.182861328125,18,0,0,0,0,0.325213,18,17.80093461667075,18.067388888888885
b5e8f409,1790073007310,1011.191162109375,20,0,0,0,0,0.3811579999999999,20,19.778653878144468,19.057899999999997
b1269e28,1790073008322,1011.64404296875,20,0,0,0,0,0.760408,20,19.76979960392828,38.0204
1ac2ffac,1790073008322,1011.48583984375,24,0,0,0,0,0.49385799999999996,24,23.727470078777788,20.577416666666664
d1f37ed1,1790073008322,1011.37109375,25,0,0,0,0,0.5328109999999999,25,24.718918856286525,21.312439999999995
06e9e5b9,1790073008322,1011.326171875,25,0,0,0,0,0.517247,25,24.720016840511473,20.68988
e0606b55,1790073008322,1011.3359375,25,0,0,0,0,0.5561879999999999,25,24.719778139991195,22.247519999999994
c7e22c1f,1790073008322,1011.357177734375,25,0,0,0,0,0.49361999999999995,25,24.719258982276244,19.744799999999998
b5e8f409,1790073008322,1011.386962890625,19,0,1,0.266,0,1.2699230000000001,19,18.786083563601093,66.83805263157896
b1269e28,1790073009331,1009.680908203125,20,0,0,0,0,1.030479,20,19.80823826370346,51.52394999999999
1ac2ffac,1790073009331,1009.60302734375,25,0,0,0,0,0.7221719999999999,25,24.76220784101115,28.886879999999998
d1f37ed1,1790073009331,1009.635986328125,25,0,0,0,0,0.5843929999999999,26,24.76139949302002,22.476653846153845
06e9e5b9,1790073009331,1009.616943359375,26,0,0,0,0,0.5909279999999999,26,25.752341193372043,22.727999999999994
e0606b55,1790073009331,1009.587158203125,26,0,0,0,0,0.5883060000000002,26,25.75310094700006,22.627153846153856
c7e22c1f,1790073009331,1009.546875,25,0,0,0,0,0.541323,26,24.76358514803981,20.820115384615384
b5e8f409,1790073009331,1009.509033203125,21,0,0,0.0,0,1.370739,21,20.802191272492117,65.27328571428572
b1269e28,1790073010343,1011.4169921875,19,0,0,0,0,1.259808,19,18.78552579871796,66.30568421052631
1ac2ffac,1790073010343,1011.6240234375,26,0,0,0,0,0.7206859999999999,26,25.701248089830806,27.718692307692304
d1f37ed1,1790073010343,1011.587890625,26,0,0,0,0,0.5615800000000002,25,25.702166110288395,22.463200000000008
06e9e5b9,1790073010343,1011.625,25,0,0,0,0,0.5164540000000002,25,24.712714691708886,20.658160000000006
e0606b55,1790073010343,1011.638916015625,25,0,0,0,0,0.537318,25,24.71237474578713,21.49272
c7e22c1f,1790073010343,1011.63916015625,26,0,0,0,0,0.47314100000000003,25,25.700863533183355,18.92564
b5e8f409,1790073010343,1011.73583984375,20,0,0,0.0,0,1.1027580000000001,20,19.768005849322044,55.1379
b1269e28,1790073011356,1012.64892578125,21,0,0,0,0,1.8897810000000002,21,20.73769049209101,89.98957142857144
1ac2ffac,1790073011356,1012.637939453125,25,0,0,0,0,0.7356700000000003,25,24.68799461878867,29.42680000000001
d1f37ed1,1790073011356,1012.652099609375,25,0,0,0,0,0.5572179999999998,25,24.687649400661503,22.28871999999999
06e9e5b9,1790073011356,1012.73095703125,25,0,0,0,0,0.5451949999999997,25,24.685727069394375,21.80779999999999
e0606b55,1790073011356,1012.796142578125,25,0,0,0,0,0.5372299999999997,25,24.684138247565997,21.489199999999986
c7e22c1f,1790073011356,1012.846923828125,25,0,0,0,0,0.49556200000000006,25,24.68290065542261,19.822480000000002
b5e8f409,1790073011356,1012.793212890625,20,0,0,0.0,0,1.5066089999999992,20,19.74736772071938,75.33044999999996
b1269e28,1790073012370,1014.486083984375,20,0,0,0,0,1.7070419999999995,20,19.71441532391492,85.35209999999998
1ac2ffac,1790073012370,1014.51806640625,25,0,0,0,0,0.7337689999999997,25,24.64224229003438,29.350759999999987
d1f37ed1,1790073012370,1014.599853515625,25,0,0,0,0,0.5356420000000002,25,24.64025587365709,21.425680000000007
06e9e5b9,1790073012370,1014.571044921875,25,0,0,0,0,0.5358529999999999,25,24.640955530053663,21.434119999999997
e0606b55,1790073012370,1014.57177734375,25,0,0,0,0,0.502481,25,24.640937741686933,20.099239999999998
c7e22c1f,1790073012370,1014.5888671875,26,0,0,0,0,0.5370189999999999,26,25.626143594571,20.65457692307692
b5e8f409,1790073012370,1014.60595703125,20,0,0,0.0,0,1.4099960000000005,20,19.712086117176224,70.49980000000002
b1269e28,1790073013388,1017.574951171875,20,0,0,0,0,1.7868900000000005,20,19.654571859269236,89.34450000000002
1ac2ffac,1790073013388,1017.634033203125,26,0,0,0,0,0.8176590000000004,26,25.549459974487966,31.44842307692309
d1f37ed1,1790073013388,1017.5791015625,26,0,0,0,0,0.6125240000000001,26,25.550839202649517,23.55861538461539
06e9e5b9,1790073013388,1017.573974609375,26,0,0,0,0,0.5988959999999999,26,25.55096793820896,23.03446153846153
e0606b55,1790073013388,1017.666015625,26,0,0,0,0,0.5803940000000001,26,25.54865702578472,22.322846153846157
c7e22c1f,1790073013388,1017.710205078125,25,0,0,0,0,0.5055069999999997,25,24.56494970302559,20.22027999999999
b5e8f409,1790073013388,1017.760009765625,21,0,0,0.0,0,1.2702509999999991,21,20.63354798626445,60.48814285714281
b1269e28,1790073014398,1010.280029296875,20,0,0,0,0,1.751754,20,19.796491487532826,87.58770000000001
1ac2ffac,1790073014398,1010.10498046875,25,0,0,0,0,0.7398289999999994,25,24.749902716446844,29.593159999999976
d1f37ed1,1790073014398,1010.125,25,0,0,0,0,0.5553629999999998,25,24.749412201460217,22.214519999999993
06e9e5b9,1790073014398,1010.083984375,25,0,0,0,0,0.5576720000000002,25,24.750417179883325,22.306880000000007
e0606b55,1790073014398,1009.97900390625,25,0,0,0,0,0.5347340000000003,25,24.752989817915655,21.38936000000001
c7e22c1f,1790073014398,1010.0029296875,25,0,0,0,0,0.5341460000000002,25,24.752403448705962,21.365840000000006
b5e8f409,1790073014398,1009.948974609375,20,0,0,0.0,0,1.2791640000000015,20,19.802980648339723,63.958200000000076
b1269e28,1790073015410,1012.501953125,20,0,0,0,0,1.9998869999999993,21,19.75304831587902,95.23271428571425
1ac2ffac,1790073015410,1012.50390625,25,0,0,0,0,0.7889050000000006,26,24.69126276518995,30.342500000000026
d1f37ed1,1790073015410,1012.493896484375,26,0,0,0,0,0.5678179999999999,26,25.67916714389916,21.839153846153845
06e9e5b9,1790073015410,1012.506103515625,26,0,0,0,0,0.5931389999999999,26,25.67885754932515,22.813038461538458
e0606b55,1790073015410,1012.541015625,26,0,0,0,0,0.5338949999999993,26,25.677972150047935,20.53442307692305
c7e22c1f,1790073015410,1012.452880859375,25,0,0,0,0,0.5400330000000002,26,24.69250715033758,20.77050000000001
b5e8f409,1790073015410,1012.44384765625,20,0,0,0.0,0,1.179112,20,19.754181969003874,58.95559999999999
b1269e28,1790073016424,1013.30712890625,21,0,0,0,0,1.8493320000000004,20,20.72422013123219,92.46660000000001
1ac2ffac,1790073016424,1013.27099609375,26,0,0,0,0,0.7304999999999993,25,25.65947323098393,29.219999999999974
d1f37ed1,1790073016424,1013.260009765625,25,0,0,0,0,0.5493040000000002,25,24.672837928127347,21.97216000000001
06e9e5b9,1790073016424,1013.2568359375,25,0,0,0,0,0.5504410000000002,25,24.672915210948606,22.017640000000007
e0606b55,1790073016424,1013.22314453125,25,0,0,0,0,0.5796860000000006,25,24.673735627669473,23.187440000000024
c7e22c1f,1790073016424,1013.2451171875,26,0,0,0,0,0.5073259999999999,25,25.66012858978202,20.293039999999998
b5e8f409,1790073016424,1013.252197265625,20,0,0,0.0,0,1.2438009999999995,20,19.73842253090815,62.19004999999997
b1269e28,1790073017439,1015.307861328125,20,0,0,0,0,1.9367020000000004,20,19.698458725452973,96.83510000000003
1ac2ffac,1790073017439,1015.296142578125,25,0,0,0,0,0.7204199999999998,25,24.62335761122652,28.816799999999994
d1f37ed1,1790073017439,1015.2490234375,25,0,0,0,0,0.5507039999999996,25,24.62450041601939,22.028159999999986
06e9e5b9,1790073017439,1015.2080078125,25,0,0,0,0,0.555587,25,24.62549527546406,22.223480000000006
e0606b55,1790073017439,1015.159912109375,25,0,0,0,0,0.5708579999999994,25,24.626661969002633,22.834319999999977
c7e22c1f,1790073017439,1015.10498046875,25,0,0,0,0,0.49295499999999937,25,24.627994622246487,19.718199999999975
b5e8f409,1790073017439,1015.157958984375,21,0,0,0.0,0,1.280322,21,20.686435853795267,60.96771428571428
b1269e28,1790073018453,1014.35302734375,20,0,0,0,0,1.8496430000000004,20,19.71700134062131,92.48215000000002
1ac2ffac,1790073018453,1014.367919921875,26,0,0,0,0,0.6801690000000011,26,25.63172542168179,26.1603461538462
d1f37ed1,1790073018453,1014.416015625,25,0,0,0,0,0.5541710000000002,25,24.64472131248544,22.166840000000008
06e9e5b9,1790073018453,1014.488037109375,25,0,0,0,0,0.5481660000000002,25,24.64297171136053,21.926640000000006
e0606b55,1790073018453,1014.5830078125,25,0,0,0,0,0.5311330000000005,25,24.640664989946416,21.24532000000002
c7e22c1f,1790073018453,1014.634033203125,26,0,0,0,0,0.5312620000000008,26,25.62500285735529,20.433153846153875
b5e8f409,1790073018453,1014.6279296875,20,0,0,0.0,0,1.0536069999999995,20,19.71165923469098,52.680349999999976
b1269e28,1790073019466,1011.861083984375,21,0,0,0,0,1.9889200000000002,21,20.753836996387815,94.7104761904762
1ac2ffac,1790073019466,1011.8681640625,25,0,0,0,0,0.6556749999999987,25,24.706775929809595,26.226999999999947
d1f37ed1,1790073019466,1011.8330078125,26,0,0,0,0,0.5688439999999995,26,25.69593974425668,21.878615384615365
06e9e5b9,1790073019466,1011.841064453125,26,0,0,0,0,0.5965749999999996,26,25.69573514398959,22.94519230769229
e0606b55,1790073019466,1012.302978515625,26,0,0,0,0,0.5692360000000001,26,25.684010174626476,21.893692307692312
c7e22c1f,1790073019466,1012.27099609375,25,0,0,0,0,0.48675099999999993,25,24.696943897901292,19.470039999999997
b5e8f409,1790073019466,1012.203125,21,0,0,0.0,0,1.1775770000000012,21,20.746823914419352,56.075095238095294
b1269e28,1790073020483,1018.06689453125,20,0,0,0,0,1.783451999999997,20,19.64507451075563,89.17259999999985
1ac2ffac,1790073020483,1018.11279296875,25,0,0,0,0,0.6558150000000005,25,24.5552360923603,26.23260000000002
d1f37ed1,1790073020483,1018.110107421875,25,0,0,0,0,0.561477,25,24.555300863584034,22.45908
06e9e5b9,1790073020483,1018.0458984375,25,0,0,0,0,0.5634280000000009,25,24.556849586418526,22.537120000000037
e0606b55,1790073020483,1017.5400390625,25,0,0,0,0,0.5377670000000006,25,24.569057767037346,21.510680000000022
c7e22c1f,1790073020483,1017.587890625,25,0,0,0,0,0.4929409999999992,25,24.56790241936258,19.717639999999967
b5e8f409,1790073020483,1017.62890625,20,0,0,0.0,0,0.9698879999999974,20,19.65352976626886,48.49439999999987
b1269e28,1790073021501,1017.04296875,20,0,0,0,0,1.8650950000000002,20,19.664852532809963,93.25475000000002
1ac2ffac,1790073021501,1017.16015625,26,0,0,0,0,0.6826179999999997,26,25.561363016670956,26.254538461538452
d1f37ed1,1790073021501,1017.269775390625,26,0,0,0,0,0.5986940000000001,26,25.558608570687326,23.02669230769231
06e9e5b9,1790073021501,1017.39111328125,26,0,0,0,0,0.607505999999999,26,25.555560354902077,23.365615384615346
e0606b55,1790073021501,1017.43603515625,26,0,0,0,0,0.5481919999999985,26,25.554432024817284,21.084307692307632
c7e22c1f,1790073021501,1017.427978515625,26,0,0,0,0,0.5351740000000005,26,25.55463438103271,20.583615384615403
b5e8f409,1790073021501,1017.429931640625,20,0,0,0.0,0,0.9677110000000013,20,19.657373326681693,48.385550000000066
b1269e28,1790073022519,1019.358154296875,21,0,0,0,0,1.8331240000000015,21,20.601198814645493,87.29161904761912
1ac2ffac,1790073022519,1019.142822265625,25,0,0,0,0,0.6578680000000006,26,24.53041855745328,25.302615384615407
d1f37ed1,1790073022519,1019.028076171875,25,0,0,0,0,0.5515030000000003,25,24.533180767615434,22.060120000000012
06e9e5b9,1790073022519,1018.9130859375,25,0,0,0,0,0.5518020000000003,25,24.535949478946527,22.072080000000014
e0606b55,1790073022519,1018.81787109375,25,0,0,0,0,0.5061910000000012,25,24.538242515476586,20.247640000000047
c7e22c1f,1790073022519,1018.751220703125,26,0,0,0,0,0.5219740000000002,26,25.521441811922674,20.075923076923083
b5e8f409,1790073022519,1018.677978515625,19,0,0,0.0,0,0.927264000000001,19,18.65162534256999,48.80336842105269
b1269e28,1790073023530,1011.23095703125,20,0,0,0,0,1.773263,20,19.7778755297559,88.66315
1ac2ffac,1790073023530,1011.22509765625,26,0,0,0,0,0.6500889999999995,25,25.711387168159753,26.00355999999998
d1f37ed1,1790073023530,1011.198974609375,25,0,0,0,0,0.5667369999999998,25,24.723126335899888,22.669479999999993
06e9e5b9,1790073023530,1011.164794921875,25,0,0,0,0,0.5586280000000006,25,24.72396203423158,22.345120000000023
e0606b55,1790073023530,1011.148193359375,25,0,0,0,0,0.5291499999999996,25,24.72436796523522,21.165999999999983
c7e22c1f,1790073023530,1011.14892578125,25,0,0,0,0,0.5046759999999999,25,24.72435005623341,20.187039999999996
b5e8f409,1790073023530,1011.156982421875,22,0,0,0.0,0,0.9220569999999988,22,21.75725469185472,41.91168181818176
b1269e28,1790073024544,1013.240966796875,20,0,0,0,0,1.7328289999999988,20,19.738641305853765,86.64144999999994
1ac2ffac,1790073024544,1013.365966796875,25,0,0,0,0,0.6217509999999997,25,24.670258148713955,24.87003999999999
d1f37ed1,1790073024544,1013.43603515625,26,0,0,0,0,0.5737249999999996,26,25.65529456034328,22.066346153846137
06e9e5b9,1790073024544,1013.45703125,26,0,0,0,0,0.5942469999999993,26,25.654763051899245,22.855653846153817
e0606b55,1790073024544,1013.515869140625,26,0,0,0,0,0.5459739999999993,26,25.653273709513577,20.99899999999997
c7e22c1f,1790073024544,1013.56494140625,25,0,0,0,0,0.5121669999999998,25,24.665415089549427,20.486679999999993
b5e8f409,1790073024544,1013.589111328125,20,0,0,0.0,0,0.9070859999999996,20,19.7318615368644,45.35429999999998
b1269e28,1790073025556,1012.137939453125,21,0,0,0,0,1.9033620000000013,21,20.74816008907506,90.63628571428578
1ac2ffac,1790073025556,1012.05908203125,25,0,0,0,0,0.650468,25,24.70211516685748,26.018720000000002
d1f37ed1,1790073025556,1012.053955078125,25,0,0,0,0,0.5644780000000011,25,24.70224030503407,22.57912000000005
06e9e5b9,1790073025556,1012.10205078125,25,0,0,0,0,0.5539430000000003,25,24.701066439596968,22.157720000000012
e0606b55,1790073025556,1012.10302734375,25,0,0,0,0,0.5428810000000013,25,24.7010426059214,21.715240000000048
c7e22c1f,1790073025556,1012.10693359375,25,0,0,0,0,0.5050749999999997,25,24.700947271679063,20.20299999999999
b5e8f409,1790073025556,1012.14697265625,21,0,0,0.0,0,0.9332960000000021,21,20.747974916022514,44.44266666666677
b1269e28,1790073026569,1012.89404296875,20,0,0,0,0,1.682352999999999,20,19.745401938963763,84.11764999999995
1ac2ffac,1790073026569,1012.845947265625,26,0,0,0,0,0.6313770000000005,26,25.670241432265257,24.28373076923079
d1f37ed1,1790073026569,1012.800048828125,26,0,0,0,0,0.5744699999999998,26,25.67140476551485,22.09499999999999
06e9e5b9,1790073026569,1012.75390625,26,0,0,0,0,0.5714229999999993,26,25.672574392995585,21.977807692307668
e0606b55,1790073026569,1012.715087890625,26,0,0,0,0,0.5786919999999984,26,25.67355844787023,22.257384615384556
c7e22c1f,1790073026569,1012.7060546875,26,0,0,0,0,0.5435689999999997,26,25.673787452592112,20.90649999999999
b5e8f409,1790073026569,1012.673095703125,20,0,0,0.0,0,0.9228029999999983,20,19.749710034622264,46.14014999999991
b1269e28,1790073027583,1013.422119140625,20,0,0,0,0,1.7902100000000019,20,19.735112962562788,89.51050000000009
1ac2ffac,1790073027583,1013.5029296875,25,0,0,0,0,0.6487499999999997,25,24.666924256162154,25.949999999999992
d1f37ed1,1790073027583,1013.614990234375,25,0,0,0,0,0.5505219999999991,25,24.664197196037254,22.020879999999963
06e9e5b9,1790073027583,1013.693115234375,25,0,0,0,0,0.5520270000000007,25,24.66229633434945,22.08108000000003
e0606b55,1790073027583,1013.72998046875,25,0,0,0,0,0.5560020000000012,25,24.661399466986236,22.24008000000005
c7e22c1f,1790073027583,1013.72802734375,25,0,0,0,0,0.5254589999999997,25,24.661446981501506,21.018359999999987
b5e8f409,1790073027583,1013.747802734375,20,0,0,0.0,0,0.8250059999999984,20,19.728772724393718,41.25029999999992
b1269e28,1790073028598,1014.843017578125,20,0,0,0,0,1.830995999999999,21,19.707481505591925,87.19028571428566
1ac2ffac,1790073028598,1014.89404296875,25,0,0,0,0,0.5325469999999992,26,24.633113351291772,20.482576923076895
d1f37ed1,1790073028598,1015.02294921875,25,0,0,0,0,0.5409959999999998,25,24.629984986292357,21.639839999999996
06e9e5b9,1790073028598,1015.125,25,0,0,0,0,0.5364729999999991,25,24.627508927471986,21.458919999999964
e0606b55,1790073028598,1015.125,25,0,0,0,0,0.5598569999999992,25,24.627508927471986,22.394279999999966
c7e22c1f,1790073028598,1015.1669921875,25,0,0,0,0,0.5145900000000001,25,24.626490215299015,20.583600000000004
b5e8f409,1790073028598,1015.230224609375,20,0,0,0.0,0,0.8775410000000008,21,19.699965106629186,41.78766666666671
b1269e28,1790073029609,1011.845947265625,21,0,0,0,0,1.907314999999997,20,20.754147463603154,95.36574999999985
1ac2ffac,1790073029609,1011.998046875,26,0,0,0,0,0.5000510000000009,25,25.69174918893047,20.002040000000036
d1f37ed1,1790073029609,1011.77197265625,25,0,0,0,0,0.5498550000000009,25,24.709124857813947,21.99420000000004
06e9e5b9,1790073029609,1011.657958984375,25,0,0,0,0,0.5401980000000002,25,24.711909571786528,21.607920000000007
e0606b55,1790073029609,1011.69091796875,25,0,0,0,0,0.5670000000000002,25,24.711104504322755,22.68000000000001
c7e22c1f,1790073029609,1011.7041015625,25,0,0,0,0,0.5033260000000013,25,24.7107824920245,20.13304000000005
b5e8f409,1790073029609,1011.60693359375,21,0,0,0.0,0,0.8805180000000021,20,20.759051072729562,44.02590000000011
b1269e28,1790073030621,1000.158935546875,20,0,0,0,0,1.7092790000000022,20,19.99682179419238,85.46395000000011
1ac2ffac,1790073030621,1003.8720703125,24,0,0,0,0,0.5449009999999994,25,23.907428754870057,21.796039999999977
d1f37ed1,1790073030621,1005.153076171875,26,0,0,0,0,0.5361060000000002,26,25.86670688908498,20.619461538461547
06e9e5b9,1790073030621,1006.34912109375,26,0,0,0,0,0.5563760000000002,26,25.83596433387045,21.39907692307693
e0606b55,1790073030621,1007.719970703125,26,0,0,0,0,0.5835720000000002,26,25.8008184375455,22.445076923076932
c7e22c1f,1790073030621,1009.140869140625,25,0,0,0,0,0.5325399999999991,26,24.773548237412847,20.48230769230766
b5e8f409,1790073030621,1010.535888671875,20,0,0,0.0,0,0.843831999999999,20,19.79147917872126,42.19159999999995
b1269e28,1790073031631,1000.968017578125,20,0,0,0,0,1.8383019999999988,20,19.980658371473904,91.91509999999994
1ac2ffac,1790073031631,999.9990234375,25,0,0,0,0,0.5271049999999988,25,25.00002441408634,21.084199999999957
d1f37ed1,1790073031631,999.9990234375,25,0,0,0,0,0.56358,25,25.00002441408634,22.5432
06e9e5b9,1790073031631,1000.0029296875,25,0,0,0,0,0.5363959999999999,25,24.999926758027076,21.455839999999995
e0606b55,1790073031631,1000.074951171875,25,0,0,0,0,0.5612879999999993,25,24.998126361134553,22.451519999999974
c7e22c1f,1790073031631,999.992919921875,26,0,0,0,0,0.5182059999999993,25,26.000184083334574,20.728239999999968
b5e8f409,1790073031631,999.97216796875,20,0,0,0.0,0,0.870359999999998,20,20.00055665611787,43.5179999999999
b1269e28,1790073032645,1000.010009765625,20,0,0,0,0,1.7075870000000037,20,19.99979980669139,85.37935000000019
1ac2ffac,1790073032645,1000.02392578125,25,0,0,0,0,0.5198970000000003,25,24.999401869779483,20.79588000000001
d1f37ed1,1790073032645,1000.069091796875,25,0,0,0,0,0.5158009999999997,25,24.99827282441179,20.63203999999999
06e9e5b9,1790073032645,999.98095703125,25,0,0,0,0,0.5333279999999991,25,25.000476083284788,21.333119999999965
e0606b55,1790073032645,999.945068359375,25,0,0,0,0,0.57226,25,25.001373366456896,22.8904
c7e22c1f,1790073032645,999.988037109375,24,0,0,0,0,0.48996800000000107,25,24.000287112809698,19.598720000000043
b5e8f409,1790073032645,1000.010009765625,20,0,0,0.0,0,0.7993360000000003,20,19.99979980669139,39.96680000000001
b1269e28,1790073033662,1052.3759765625,21,0,0,0,0,1.8127259999999978,21,19.954845480789842,86.32028571428562
1ac2ffac,1790073033662,999.991943359375,25,0,0,0,0,0.6375600000000006,25,25.000201417638376,25.502400000000026
d1f37ed1,1790073033662,1000.794921875,25,0,0,0,0,0.5371439999999996,25,24.980142738096866,21.485759999999985
06e9e5b9,1790073033662,1000.14990234375,25,0,0,0,0,0.5581460000000007,25,24.99625300308987,22.325840000000024
e0606b55,1790073033662,999.989990234375,25,0,0,0,0,0.5843760000000007,25,25.000250246645535,23.375040000000027
c7e22c1f,1790073033662,999.99609375,26,0,0,0,0,0.49832499999999946,25,26.00010156289673,19.93299999999998
b5e8f409,1790073033662,999.994873046875,20,0,0,0.0,0,0.8381500000000024,20,20.000102539588216,41.90750000000012
b1269e28,1790073034676,1010.2900390625,20,0,0,0,0,1.6553159999999991,20,19.79629534758061,82.76579999999996
1ac2ffac,1790073034676,1059.860107421875,27,0,0,0,0,0.6697419999999994,26,25.47506016211695,25.75930769230767
d1f37ed1,1790073034676,1060.50390625,26,0,0,0,0,0.5662579999999995,26,24.51664708330724,21.779153846153825
06e9e5b9,1790073034676,1060.1591796875,26,0,0,0,0,0.5437159999999999,26,24.524619036609145,20.912153846153842
e0606b55,1790073034676,1058.93505859375,26,0,0,0,0,0.5934860000000004,26,24.552969314782732,22.826384615384633
c7e22c1f,1790073034676,1057.5859375,26,0,0,0,0,0.5103120000000008,26,24.584290579223023,19.627384615384646
b5e8f409,1790073034676,1056.31494140625,21,0,0,0.0,0,0.8860849999999978,21,19.880434496214868,42.1945238095237
b1269e28,1790073035694,1020.68603515625,21,0,0,0,0,1.7899049999999974,21,20.57439729425244,85.23357142857131
1ac2ffac,1790073035694,1020.476806640625,26,0,0,0,0,0.6453769999999999,26,25.478286062758364,24.8221923076923
d1f37ed1,1790073035694,1017.693115234375,26,0,0,0,0,0.5503140000000002,26,25.547976704168025,21.165923076923086
06e9e5b9,1790073035694,1017.496826171875,26,0,0,0,0,0.5797330000000009,26,25.55290525850554,22.297423076923113
e0606b55,1790073035694,1017.403076171875,26,0,0,0,0,0.5626490000000004,26,25.555259865960625,21.640346153846167
c7e22c1f,1790073035694,1017.39697265625,26,0,0,0,0,0.505255,26,25.555413175762094,19.432884615384616
b5e8f409,1790073035694,1017.3330078125,21,0,0,0.0,0,0.8400440000000025,21,20.642208439844914,40.00209523809536
b1269e28,1790073036708,1013.802001953125,20,0,0,0,0,1.6329060000000055,20,19.727717997665522,81.64530000000028
1ac2ffac,1790073036708,1013.92822265625,25,0,0,0,0,0.6003630000000015,25,24.656577695910233,24.01452000000006
d1f37ed1,1790073036708,1013.947998046875,25,0,0,0,0,0.5544870000000017,25,24.656096809852613,22.179480000000066
06e9e5b9,1790073036708,1013.9521484375,25,0,0,0,0,0.5433559999999993,25,24.655995885530686,21.73423999999997
e0606b55,1790073036708,1013.98388671875,25,0,0,0,0,0.5517730000000007,25,24.655224138620145,22.07092000000003
c7e22c1f,1790073036708,1013.97509765625,25,0,0,0,0,0.49182099999999984,25,24.655437848312236,19.672839999999994
b5e8f409,1790073036708,1013.97802734375,20,0,0,0.0,0,0.798842999999998,20,19.724293289069244,39.9421499999999
b1269e28,1790073037715,1007.98095703125,20,0,0,0,0,1.743157999999994,20,19.84164468632908,87.1578999999997
1ac2ffac,1790073037715,1007.833984375,25,0,0,0,0,0.6277100000000004,25,24.805672747286394,25.10840000000002
d1f37ed1,1790073037715,1007.77001953125,25,0,0,0,0,0.5128219999999999,25,24.80724720470291,20.512879999999996
06e9e5b9,1790073037715,1007.7470703125,25,0,0,0,0,0.5173029999999983,25,24.807812135090167,20.69211999999993
e0606b55,1790073037715,1007.68505859375,25,0,0,0,0,0.542977999999998,25,24.80933877782026,21.719119999999922
c7e22c1f,1790073037715,1007.556884765625,25,0,0,0,0,0.4824059999999992,25,24.812494835778356,19.29623999999997
b5e8f409,1790073037715,1007.448974609375,20,0,0,0.0,0,0.7575590000000005,20,19.8521220469302,37.87795000000003
b1269e28,1790073038724,1008.660888671875,20,0,0,0,0,1.5644880000000043,20,19.828269564743827,78.22440000000022
1ac2ffac,1790073038724,1008.7080078125,26,0,0,0,0,0.6682699999999997,26,25.77554634109033,25.7026923076923
d1f37ed1,1790073038724,1008.778076171875,25,0,0,0,0,0.5407999999999973,25,24.782457698595458,21.631999999999888
06e9e5b9,1790073038724,1008.822998046875,25,0,0,0,0,0.5474730000000001,25,24.78135416064174,21.898920000000004
e0606b55,1790073038724,1008.876953125,25,0,0,0,0,0.5305900000000001,25,24.78002884550233,21.223600000000005
c7e22c1f,1790073038724,1008.97998046875,26,0,0,0,0,0.5083300000000008,26,25.76859848886295,19.551153846153877
b5e8f409,1790073038724,1009.049072265625,20,0,0,0.0,0,0.7827749999999973,20,19.820641581973668,39.13874999999987
b1269e28,1790073039736,1011.26708984375,20,0,0,0,0,1.7421979999999948,20,19.777168861581547,87.10989999999974
1ac2ffac,1790073039736,1011.31787109375,25,0,0,0,0,0.6179500000000004,25,24.72021973957828,24.71800000000002
d1f37ed1,1790073039736,1011.328857421875,25,0,0,0,0,0.49402900000000116,25,24.719951197408847,19.761160000000046
06e9e5b9,1790073039736,1011.39599609375,25,0,0,0,0,0.5410770000000014,25,24.718310233139047,21.643080000000054
e0606b55,1790073039736,1011.452880859375,25,0,0,0,0,0.5448260000000005,25,24.716920059349572,21.79304000000002
c7e22c1f,1790073039736,1011.465087890625,25,0,0,0,0,0.5081789999999984,25,24.716621759171762,20.327159999999935
b5e8f409,1790073039736,1011.48388671875,20,0,0,0.0,0,0.7717390000000037,20,19.77292991278381,38.586950000000186
b1269e28,1790073040754,1018.260009765625,20,0,0,0,0,1.751256000000005,21,19.641348779476708,83.3931428571431
1ac2ffac,1790073040754,1018.2060546875,25,0,0,0,0,0.5957039999999978,25,24.552986976366793,23.82815999999991
d1f37ed1,1790073040754,1018.177978515625,26,0,0,0,0,0.5686980000000013,26,25.535810583828102,21.873000000000047
06e9e5b9,1790073040754,1018.096923828125,26,0,0,0,0,0.5653660000000009,26,25.53784358982045,21.74484615384619
e0606b55,1790073040754,1018.065185546875,26,0,0,0,0,0.5780749999999983,26,25.538639734580016,22.233653846153782
c7e22c1f,1790073040754,1018.06591796875,25,0,0,0,0,0.5112140000000025,25,24.55636669370105,20.4485600000001
b5e8f409,1790073040754,1018.156005859375,21,0,0,0.0,0,0.8058089999999964,21,20.625522885635725,38.371857142856975
b1269e28,1790073041769,1015.4169921875,21,0,0,0,0,1.801724,20,20.681158737318317,90.0862
1ac2ffac,1790073041769,1015.653076171875,25,0,0,0,0,0.623819000000001,25,24.614704160822477,24.95276000000004
d1f37ed1,1790073041769,1015.85400390625,26,0,0,0,0,0.552465999999999,26,25.594228993558662,21.24869230769227
06e9e5b9,1790073041769,1015.89599609375,26,0,0,0,0,0.5372899999999987,26,25.59317105291617,20.66499999999995
e0606b55,1790073041769,1015.8828125,26,0,0,0,0,0.558251000000002,26,25.593503187652367,21.471192307692384
c7e22c1f,1790073041769,1015.8251953125,26,0,0,0,0,0.5653259999999989,26,25.594954840632376,21.74330769230765
b5e8f409,1790073041769,1015.74609375,20,0,0,0.0,0,0.7977940000000032,20,19.689960043225614,39.88970000000016
b1269e28,1790073042786,1016.492919921875,20,0,0,0,0,1.7200640000000007,20,19.67549365866429,86.00320000000004
1ac2ffac,1790073042786,1016.262939453125,26,0,0,0,0,0.6721150000000016,26,25.583930093909764,25.850576923076986
d1f37ed1,1790073042786,1016.10400390625,25,0,0,0,0,0.5242749999999994,25,24.60378062077453,20.970999999999975
06e9e5b9,1790073042786,1016.12890625,25,0,0,0,0,0.5396490000000007,25,24.603177654163897,21.58596000000003
e0606b55,1790073042786,1016.147216796875,25,0,0,0,0,0.5403969999999987,25,24.602734315216285,21.615879999999947
c7e22c1f,1790073042786,1016.14599609375,25,0,0,0,0,0.4811319999999988,25,24.602763870649046,19.24527999999995
b5e8f409,1790073042786,1016.10595703125,20,0,0,0.0,0,0.7979819999999975,21,19.682986662566044,37.999142857142736
b1269e28,1790073043800,1014.607177734375,20,0,0,0,0,1.7961559999999963,20,19.71206240099754,89.80779999999982
1ac2ffac,1790073043800,1014.637939453125,24,0,0,0,0,0.6398229999999998,24,23.653757726559732,26.65929166666666
d1f37ed1,1790073043800,1014.80712890625,25,0,0,0,0,0.546596000000001,25,24.635223076275366,21.863840000000035
06e9e5b9,1790073043800,1014.802978515625,25,0,0,0,0,0.5462500000000006,25,24.635323830610016,21.850000000000023
e0606b55,1790073043800,1014.783935546875,25,0,0,0,0,0.5448109999999993,25,24.635786125770018,21.79243999999997
c7e22c1f,1790073043800,1014.81982421875,25,0,0,0,0,0.5358400000000003,26,24.63491489166171,20.609230769230784
b5e8f409,1790073043800,1014.843017578125,21,0,0,0.0,0,0.7415750000000045,20,20.692855580871523,37.07875000000023
b1269e28,1790073044819,1018.40087890625,21,0,0,0,0,1.7849859999999964,21,20.62056350791227,84.99933333333317
1ac2ffac,1790073044819,1018.373046875,27,0,0,0,0,0.6528460000000003,27,26.512877656034536,24.17948148148149
d1f37ed1,1790073044819,1018.1708984375,26,0,0,0,0,0.5527879999999996,26,25.535988152774728,21.261076923076907
06e9e5b9,1790073044819,1018.123046875,26,0,0,0,0,0.5782169999999986,26,25.537188338682355,22.23911538461533
e0606b55,1790073044819,1018.25390625,26,0,0,0,0,0.5528949999999995,26,25.533906465188185,21.26519230769229
c7e22c1f,1790073044819,1018.326171875,26,0,0,0,0,0.5034770000000002,25,25.53209444880251,20.139080000000007
b5e8f409,1790073044819,1018.35302734375,20,0,0,0.0,0,0.7408579999999958,20,19.639554715291187,37.04289999999979
b1269e28,1790073045833,1014.906005859375,20,0,0,0,0,1.7598030000000051,20,19.7062583968699,87.99015000000026
1ac2ffac,1790073045833,1014.932861328125,23,0,0,0,0,0.6001629999999984,24,22.66159750695486,25.0067916666666
d1f37ed1,1790073045833,1014.864013671875,25,0,0,0,0,0.5683949999999989,25,24.633842232268744,22.735799999999955
06e9e5b9,1790073045833,1014.8310546875,25,0,0,0,0,0.543445000000002,25,24.634642273238597,21.737800000000078
e0606b55,1790073045833,1014.635009765625,25,0,0,0,0,0.5348470000000027,25,24.639402109508186,21.39388000000011
c7e22c1f,1790073045833,1014.4609375,25,0,0,0,0,0.5070769999999989,25,24.643630006699986,20.283079999999956
b5e8f409,1790073045833,1014.362060546875,20,0,0,0.0,0,0.7584710000000001,20,19.71682575471855,37.923550000000006
b1269e28,1790073046847,1012.864013671875,20,0,0,0,0,1.7372390000000024,20,19.745987348780616,86.86195000000012
1ac2ffac,1790073046847,1012.7880859375,27,0,0,0,0,0.5864790000000006,26,26.6590813763445,22.55688461538464
d1f37ed1,1790073046847,1012.8701171875,25,0,0,0,0,0.5951459999999997,25,24.682335450293536,23.80583999999999
06e9e5b9,1790073046847,1012.87890625,25,0,0,0,0,0.5926199999999966,25,24.682121274060247,23.704799999999864
e0606b55,1790073046847,1012.9541015625,25,0,0,0,0,0.5335789999999996,25,24.680289029322303,21.343159999999983
c7e22c1f,1790073046847,1013.053955078125,25,0,0,0,0,0.5294559999999997,26,24.677856371501992,20.363692307692297
b5e8f409,1790073046847,1013.75,20,0,0,0.0,0,0.7886700000000033,21,19.728729963008632,37.555714285714444
b1269e28,1790073047864,1017.9541015625,21,0,0,0,0,1.9397379999999913,21,20.629613818310894,92.36847619047577
1ac2ffac,1790073047864,1017.97900390625,26,0,0,0,0,0.5063320000000004,26,25.540801824233352,19.47430769230771
d1f37ed1,1790073047864,1017.98193359375,26,0,0,0,0,0.5777440000000027,26,25.540728319424105,22.220923076923178
06e9e5b9,1790073047864,1017.988037109375,26,0,0,0,0,0.5560320000000019,26,25.5405751857637,21.385846153846224
e0606b55,1790073047864,1017.933837890625,26,0,0,0,0,0.5515650000000001,26,25.54193507691769,21.214038461538465
c7e22c1f,1790073047864,1017.85693359375,26,0,0,0,0,0.5238750000000003,25,25.54386490073977,20.955000000000013
b5e8f409,1790073047864,1017.183837890625,21,0,0,0.0,0,0.7207419999999942,20,20.64523561792777,36.03709999999971
b1269e28,1790073048879,1015.2939453125,20,0,0,0,0,1.8923210000000097,20,19.698728720227074,94.61605000000048
1ac2ffac,1790073048879,1015.341064453125,25,0,0,0,0,0.47620299999999816,26,24.62226819661362,18.31549999999993
d1f37ed1,1790073048879,1015.329833984375,25,0,0,0,0,0.5771149999999992,25,24.62254054122941,23.084599999999963
06e9e5b9,1790073048879,1015.276123046875,25,0,0,0,0,0.5580269999999992,25,24.62384314227171,22.321079999999967
e0606b55,1790073048879,1015.22900390625,25,0,0,0,0,0.5554600000000001,25,24.624985992134434,22.218400000000003
c7e22c1f,1790073048879,1015.18701171875,26,0,0,0,0,0.5271080000000019,26,25.611044763054068,20.27338461538469
b5e8f409,1790073048879,1015.1640625,20,0,0,0.0,0,0.7771630000000016,20,19.7012490284052,38.85815000000008
b1269e28,1790073049893,1013.329833984375,20,0,0,0,0,1.835528999999994,20,19.736910262831945,91.7764499999997
1ac2ffac,1790073049893,1013.2890625,26,0,0,0,0,0.437144,25,25.659015736193243,17.48576
d1f37ed1,1790073049893,1013.25,25,0,0,0,0,0.5382649999999991,25,24.67308166790032,21.530599999999964
06e9e5b9,1790073049893,1013.284912109375,25,0,0,0,0,0.540891000000002,25,24.67223157202352,21.63564000000008
e0606b55,1790073049893,1013.3330078125,25,0,0,0,0,0.5535099999999993,25,24.671060556852822,22.14039999999997
c7e22c1f,1790073049893,1013.3759765625,25,0,0,0,0,0.5038319999999992,25,24.670014464723327,20.153279999999967
b5e8f409,1790073049893,1013.471923828125,20,0,0,0.0,0,0.767043000000001,20,19.73414312698001,38.35215000000005
b1269e28,1790073050910,1013.356201171875,21,0,0,0,0,1.8436149999999998,21,20.723216550818933,87.79119047619047
1ac2ffac,1790073050910,1017.160888671875,25,0,0,0,0,0.6076440000000005,25,24.57821597195203,24.305760000000017
d1f37ed1,1790073050910,1017.2490234375,26,0,0,0,0,0.5941289999999988,26,25.559129968137487,22.851115384615337
06e9e5b9,1790073050910,1017.2451171875,26,0,0,0,0,0.5612320000000004,26,25.559228115918934,21.58584615384617
e0606b55,1790073050910,1017.231201171875,26,0,0,0,0,0.5747150000000012,26,25.559577773516356,22.104423076923123
c7e22c1f,1790073050910,1017.22314453125,25,0,0,0,0,0.5146340000000009,25,24.576711741572037,20.585360000000037
b5e8f409,1790073050910,1017.232177734375,21,0,0,0.0,0,0.8173200000000023,21,20.644254536631095,38.92000000000011
b1269e28,1790073051926,1019.846923828125,20,0,0,0,0,1.7169549999999987,20,19.610786219688205,85.84774999999993
1ac2ffac,1790073051926,1015.990966796875,25,0,0,0,0,0.5845850000000006,26,24.606517987869275,22.484038461538486
d1f37ed1,1790073051926,1015.906982421875,26,0,0,0,0,0.5751010000000001,26,25.59289428055432,22.119269230769234
06e9e5b9,1790073051926,1015.93896484375,26,0,0,0,0,0.5680359999999993,26,25.592088599533895,21.847538461538438
e0606b55,1790073051926,1015.971923828125,26,0,0,0,0,0.5621169999999971,26,25.5912583706383,21.619884615384503
c7e22c1f,1790073051926,1015.992919921875,26,0,0,0,0,0.5551139999999997,26,25.59072951216951,21.35053846153845
b5e8f409,1790073051926,1015.927978515625,20,0,0,0.0,0,0.7108300000000014,20,19.686434888053828,35.54150000000007
b1269e28,1790073052942,1015.7939453125,20,0,0,0,0,1.8471229999999963,21,19.689032497478784,87.95823809523793
1ac2ffac,1790073052942,1015.907958984375,26,0,0,0,0,0.5198840000000011,25,25.5928696788563,20.795360000000045
d1f37ed1,1790073052942,1016.022216796875,25,0,0,0,0,0.5400390000000002,25,24.605761160238533,21.60156000000001
06e9e5b9,1790073052942,1016.08203125,25,0,0,0,0,0.5563059999999993,25,24.604312674681008,22.252239999999976
e0606b55,1790073052942,1016.14306640625,25,0,0,0,0,0.5484990000000032,25,24.602834803977395,21.939960000000127
c7e22c1f,1790073052942,1016.193115234375,25,0,0,0,0,0.4804250000000003,25,24.60162308247286,19.217000000000013
b5e8f409,1790073052942,1016.257080078125,20,0,1,0.20499999999999996,0,0.782987999999996,21,19.680059693618563,37.28514285714267
b1269e28,1790073053955,1013.510986328125,21,0,0,0,0,1.643691000000004,20,20.720051665232994,82.1845500000002
1ac2ffac,1790073053955,1013.422119140625,25,0,0,0,0,0.5627449999999996,25,24.668891203203486,22.509799999999988
d1f37ed1,1790073053955,1013.35400390625,25,0,0,0,0,0.5230589999999999,25,24.67054938711513,20.922359999999998
06e9e5b9,1790073053955,1013.302978515625,25,0,0,0,0,0.510116,25,24.671791685268893,20.40464
e0606b55,1790073053955,1013.243896484375,25,0,0,0,0,0.5132579999999969,25,24.673230292076592,20.530319999999875
c7e22c1f,1790073053955,1013.2099609375,25,0,0,0,0,0.4836179999999999,25,24.674056675151586,19.344719999999995
b5e8f409,1790073053955,1013.16796875,21,0,0,0.0,0,0.7387950000000032,20,20.727066634280625,36.93975000000016
b1269e28,1790073054970,1014.757080078125,20,0,0,0,0,1.7006290000000064,20,19.709150487977105,85.03145000000032
1ac2ffac,1790073054970,1014.73193359375,26,0,0,0,0,0.6004899999999971,26,25.622530580977216,23.09576923076912
d1f37ed1,1790073054970,1014.660888671875,25,0,0,0,0,0.547936,25,24.638773682036145,21.917439999999996
06e9e5b9,1790073054970,1014.613037109375,25,0,0,0,0,0.5353290000000008,25,24.63993570516777,21.413160000000033
e0606b55,1790073054970,1014.5791015625,25,0,0,0,0,0.5364280000000008,25,24.640759859432166,21.45712000000003
c7e22c1f,1790073054970,1014.571044921875,25,0,0,0,0,0.5185649999999988,25,24.640955530053663,20.742599999999953
b5e8f409,1790073054970,1014.57080078125,19,0,0,0.0,0,0.6867489999999989,19,18.72713070923136,36.14468421052626
b1269e28,1790073055982,1011.410888671875,20,0,0,0,0,1.5818469999999962,20,19.77435701356035,79.09234999999981
1ac2ffac,1790073055982,1011.537109375,25,0,0,0,0,0.5722630000000031,25,24.714861934671667,22.890520000000123
d1f37ed1,1790073055982,1011.6630859375,26,0,0,0,0,0.5512100000000011,26,25.700255709049628,21.200384615384657
06e9e5b9,1790073055982,1011.7177734375,26,0,0,0,0,0.560533999999997,26,25.6988665046974,21.55899999999988
e0606b55,1790073055982,1011.744873046875,26,0,0,0,0,0.5436440000000005,26,25.698178159975118,20.90938461538463
c7e22c1f,1790073055982,1011.796875,26,0,0,0,0,0.546914000000001,26,25.696857385530073,21.035153846153886
b5e8f409,1790073055982,1011.862060546875,21,0,0,0.0,0,0.7341789999999975,21,20.753816966563857,34.960904761904644
b1269e28,1790073056996,1014.510986328125,21,0,0,0,0,1.8098619999999954,21,20.699627981365136,86.18390476190454
1ac2ffac,1790073056996,1014.471923828125,25,0,0,0,0,0.5418169999999982,25,24.643363125972108,21.67267999999993
d1f37ed1,1790073056996,1014.408935546875,25,0,0,0,0,0.5558879999999995,25,24.644893320584092,22.23551999999998
06e9e5b9,1790073056996,1014.4091796875,25,0,0,0,0,0.5510670000000033,25,24.644887389230377,22.042680000000132
e0606b55,1790073056996,1014.419921875,25,0,0,0,0,0.5334840000000014,25,24.644626412493285,21.339360000000056
c7e22c1f,1790073056996,1014.364013671875,25,0,0,0,0,0.49347900000000067,25,24.645984738262772,19.739160000000027
b5e8f409,1790073056996,1014.299072265625,21,0,0,0.0,0,0.7363789999999995,21,20.703952684381942,35.065666666666644
b1269e28,1790073058016,1020.273193359375,20,0,0,0,0,1.6796270000000106,20,19.60259284491004,83.98135000000053
1ac2ffac,1790073058016,1020.236083984375,26,0,0,0,0,0.5206489999999988,26,25.48429761321615,20.02496153846149
d1f37ed1,1790073058016,1020.218994140625,25,0,0,0,0,0.5366420000000005,25,24.504542792852618,21.46568000000002
06e9e5b9,1790073058016,1020.21484375,25,0,0,0,0,0.5102519999999977,25,24.50464248109505,20.41007999999991
e0606b55,1790073058016,1020.20703125,26,0,0,0,0,0.5443509999999989,26,25.485023337021822,20.936576923076885
c7e22c1f,1790073058016,1020.217041015625,26,0,0,0,0,0.5257199999999997,26,25.484773293060297,20.21999999999999
b5e8f409,1790073058016,1020.218994140625,20,0,0,0.0,0,0.6767420000000044,20,19.603634234282094,33.83710000000022
b1269e28,1790073059028,1011.684814453125,20,0,0,0,0,1.7127629999999954,20,19.769002869546057,85.63814999999977
1ac2ffac,1790073059028,1011.723876953125,25,0,0,0,0,0.5555630000000029,25,24.710299489312433,22.222520000000117
d1f37ed1,1790073059028,1011.718994140625,26,0,0,0,0,0.5866669999999985,26,25.698835497385257,22.564115384615327
06e9e5b9,1790073059028,1011.76416015625,26,0,0,0,0,0.5825800000000001,26,25.697688279435333,22.406923076923082
e0606b55,1790073059028,1011.798095703125,25,0,0,0,0,0.5474199999999989,25,24.70848690679423,21.896799999999956
c7e22c1f,1790073059028,1011.77587890625,25,0,0,0,0,0.5119989999999994,25,24.70902946117425,20.479959999999977
b5e8f409,1790073059028,1011.721923828125,20,0,0,0.0,0,0.6729190000000003,20,19.768277753954923,33.64595000000001
b1269e28,1790073060044,1016.01220703125,20,0,0,0,0,1.6179709999999972,20,19.684802861216852,80.89854999999986
1ac2ffac,1790073060044,1015.969970703125,25,0,0,0,0,0.5575229999999962,25,24.60702650758288,22.300919999999852
d1f37ed1,1790073060044,1015.992919921875,25,0,0,0,0,0.5285299999999999,25,24.606470684778376,21.141199999999998
06e9e5b9,1790073060044,1015.93994140625,25,0,0,0,0,0.5443819999999988,25,24.607753845562314,21.775279999999952
e0606b55,1790073060044,1015.916015625,25,0,0,0,0,0.5330849999999998,25,24.608333381396484,21.323399999999992
c7e22c1f,1790073060044,1015.963134765625,25,0,0,0,0,0.5313130000000008,25,24.607192076676395,21.252520000000032
b5e8f409,1790073060044,1016.0400390625,18,0,0,0.0,0,0.6193249999999964,19,17.71583727803542,32.59605263157876
b1269e28,1790073061059,1015.409912109375,21,0,0,0,0,1.8336079999999981,21,20.68130293939654,87.31466666666658
1ac2ffac,1790073061059,1015.47412109375,26,0,0,0,0,0.6078000000000046,26,25.60380364198335,23.37692307692325
d1f37ed1,1790073061059,1015.425048828125,26,0,0,0,0,0.5865110000000016,26,25.60504099244539,22.558115384615444
06e9e5b9,1790073061059,1015.44091796875,26,0,0,0,0,0.5669840000000015,26,25.60464084115246,21.80707692307698
e0606b55,1790073061059,1015.462890625,26,0,0,0,0,0.5537850000000013,26,25.60408680616329,21.299423076923127
c7e22c1f,1790073061059,1015.47607421875,26,0,0,0,0,0.5417399999999972,26,25.603754396678358,20.836153846153742
b5e8f409,1790073061059,1015.47412109375,23,0,0,0.0,0,0.7567459999999997,22,22.649518606369888,34.39754545454544
b1269e28,1790073062079,1016.2880859375,20,0,0,0,0,1.6132750000000016,20,19.679459276107234,80.66375000000008
1ac2ffac,1790073062079,1016.891845703125,25,0,0,0,0,0.5428670000000011,25,24.58471872464851,21.714680000000044
d1f37ed1,1790073062079,1017.096923828125,25,0,0,0,0,0.5519649999999992,25,24.57976168672854,22.078599999999966
06e9e5b9,1790073062079,1017.39208984375,25,0,0,0,0,0.5584409999999984,25,24.572630600892005,22.337639999999936
e0606b55,1790073062079,1017.464111328125,25,0,0,0,0,0.5541809999999998,25,24.570891220297476,22.167239999999993
c7e22c1f,1790073062079,1017.474853515625,25,0,0,0,0,0.502009000000001,25,24.57063180836251,20.08036000000004
b5e8f409,1790073062079,1017.50390625,20,0,0,0.0,0,0.6647760000000034,20,19.65594419554593,33.23880000000017
b1269e28,1790073063092,1016.803955078125,20,0,0,0,0,1.7747990000000016,20,19.669475025265143,88.73995000000008
1ac2ffac,1790073063092,1016.166015625,26,0,0,0,0,0.5880599999999987,26,25.58637033733953,22.61769230769226
d1f37ed1,1790073063092,1016.023193359375,25,0,0,0,0,0.5341419999999992,25,24.605737510125238,21.36567999999997
06e9e5b9,1790073063092,1015.716064453125,25,0,0,0,0,0.5430790000000023,25,24.613177712671437,21.723160000000092
e0606b55,1790073063092,1015.626953125,25,0,0,0,0,0.5483820000000001,25,24.615337278197543,21.935280000000006
c7e22c1f,1790073063092,1015.5791015625,26,0,0,0,0,0.5215810000000012,26,25.60115697536331,20.060807692307737
b5e8f409,1790073063092,1015.513916015625,21,0,1,0.20600000000000007,0,0.7025579999999962,21,20.679184862767443,33.455142857142675
b1269e28,1790073064108,1012.56005859375,21,0,0,0,0,1.7438999999999965,21,20.739510532506028,83.04285714285697
1ac2ffac,1790073064108,1012.530029296875,25,0,0,0,0,0.5441059999999993,25,24.690625736167643,21.764239999999972
d1f37ed1,1790073064108,1012.433837890625,26,0,0,0,0,0.5672850000000018,26,25.68069045792682,21.818653846153914
06e9e5b9,1790073064108,1012.351806640625,26,0,0,0,0,0.5778289999999977,26,25.68277137399306,22.224192307692217
e0606b55,1790073064108,1016.014892578125,26,0,0,0,0,0.5897800000000011,26,25.590176079038887,22.683846153846197
c7e22c1f,1790073064108,1016.048828125,25,0,0,0,0,0.5182009999999977,25,24.605116710911023,20.72803999999991
b5e8f409,1790073064108,1016.005126953125,20,0,0,0.0,0,0.6765389999999982,20,19.684940035664535,33.82694999999991
b1269e28,1790073065121,1004.103759765625,20,0,0,0,0,1.735551000000001,20,19.9182602450053,86.77755000000005
1ac2ffac,1790073065121,1010.174072265625,25,0,0,0,0,0.5812189999999973,25,24.748209923790498,23.248759999999894
d1f37ed1,1790073065121,1010.447021484375,25,0,0,0,0,0.5296230000000008,25,24.741524759283568,21.184920000000034
06e9e5b9,1790073065121,1013.92822265625,25,0,0,0,0,0.5190260000000038,25,24.656577695910233,20.761040000000147
e0606b55,1790073065121,1010.111083984375,25,0,0,0,0,0.5412390000000009,25,24.74975316713455,21.649560000000037
c7e22c1f,1790073065121,1010.10205078125,25,0,0,0,0,0.5207630000000023,25,24.749974500758693,20.830520000000092
b5e8f409,1790073065121,1011.47998046875,20,0,0,0.0,0,0.6586850000000055,20,19.773006274164125,32.934250000000276
b1269e28,1790073066134,999.966064453125,20,0,0,0,0,1.6297030000000063,20,20.00067873397071,81.48515000000032
1ac2ffac,1790073066134,998.04296875,25,0,0,0,0,0.5252419999999987,25,25.04902171828461,21.009679999999943
d1f37ed1,1790073066134,999.108154296875,25,0,0,0,0,0.5333919999999992,25,25.02231604504701,21.335679999999964
06e9e5b9,1790073066134,996.949951171875,25,0,0,0,0,0.5434699999999992,25,25.076484502169336,21.73879999999997
e0606b55,1790073066134,998.49609375,25,0,0,0,0,0.5264570000000006,25,25.037654284764198,21.05828000000002
c7e22c1f,1790073066134,999.920166015625,25,0,0,0,0,0.5074869999999976,25,25.001996008958724,20.299479999999903
b5e8f409,1790073066134,1000.010986328125,20,0,0,0.0,0,0.6920889999999957,20,19.99978027585146,34.60444999999979
b1269e28,1790073067147,1001.887939453125,20,0,0,0,0,1.7297359999999884,20,19.96231236291445,86.48679999999942
1ac2ffac,1790073067147,1000.011962890625,25,0,0,0,0,0.5524389999999997,26,24.999700931312102,21.24765384615383
d1f37ed1,1790073067147,1000.02099609375,25,0,0,0,0,0.5380060000000029,25,24.99947510867692,21.52024000000011
06e9e5b9,1790073067147,1000.005859375,25,0,0,0,0,0.5561670000000021,25,24.999853516483302,22.246680000000083
e0606b55,1790073067147,1000.0009765625,25,0,0,0,0,0.545850999999999,25,24.99997558596134,21.83403999999996
c7e22c1f,1790073067147,1000.0478515625,25,0,0,0,0,0.5075710000000022,25,24.998803768179062,20.30284000000009
b5e8f409,1790073067147,999.985107421875,20,0,0,0.0,0,0.6776480000000049,20,20.000297855998344,33.882400000000246
b1269e28,1790073068157,998.423095703125,20,0,0,0,0,1.6421430000000043,20,20.031587897028054,82.10715000000022
1ac2ffac,1790073068157,999.9931640625,25,0,0,0,0,0.5143550000000019,25,25.00017089960576,20.574200000000072
d1f37ed1,1790073068157,999.958984375,25,0,0,0,0,0.5334449999999933,25,25.00102543268376,21.337799999999735
06e9e5b9,1790073068157,1000.001953125,25,0,0,0,0,0.5259669999999943,25,24.999951171970366,21.038679999999772
e0606b55,1790073068157,1000.0009765625,25,0,0,0,0,0.5268060000000006,25,24.99997558596134,21.07224000000002
c7e22c1f,1790073068157,999.970947265625,25,0,0,0,0,0.5262969999999996,25,25.000726339461522,21.051879999999983
b5e8f409,1790073068157,999.997802734375,20,0,0,0.0,0,0.6707619999999963,20,20.00004394540906,33.538099999999815
b1269e28,1790073069175,1062.3310546875,21,0,0,0,0,1.8255929999999978,21,19.76784911571417,86.9329999999999
1ac2ffac,1790073069175,1058.43896484375,27,0,0,0,0,0.5406320000000022,26,25.509264961712574,20.793538461538546
d1f37ed1,1790073069175,1060.06591796875,26,0,0,0,0,0.5388400000000004,26,24.52677664594671,20.724615384615397
06e9e5b9,1790073069175,1058.801025390625,26,0,0,0,0,0.5771980000000028,26,24.55607746545937,22.199923076923184
e0606b55,1790073069175,1057.346923828125,26,0,0,0,0,0.5645379999999989,26,24.589847867402867,21.71299999999996
c7e22c1f,1790073069175,1056.01904296875,27,0,0,0,0,0.5397549999999995,27,25.567720752549906,19.990925925925907
b5e8f409,1790073069175,1054.674072265625,21,0,0,0.0,0,0.7284760000000006,22,19.911364612280945,33.11254545454548
b1269e28,1790073070187,1014.679931640625,20,0,0,0,0,1.6523830000000004,20,19.710649019797028,82.61915000000002
1ac2ffac,1790073070187,1014.72802734375,25,0,0,0,0,0.5100199999999973,25,24.637143477195966,20.40079999999989
d1f37ed1,1790073070187,1011.862060546875,26,0,0,0,0,0.5832680000000039,26,25.695201958602873,22.433384615384764
06e9e5b9,1790073070187,1011.882080078125,26,0,0,0,0,0.5770109999999988,26,25.694693593143384,22.192730769230725
e0606b55,1790073070187,1011.945068359375,26,0,0,0,0,0.5511920000000003,26,25.69309423302268,21.19969230769232
c7e22c1f,1790073070187,1011.817138671875,25,0,0,0,0,0.510273999999999,25,24.708021879146404,20.41095999999996
b5e8f409,1790073070187,1011.828125,20,0,0,0.0,0,0.5880769999999984,19,19.766202881541762,30.951421052631495
b1269e28,1790073071200,1014.02294921875,21,0,0,0,0,1.7917970000000025,21,20.709590464574166,85.32366666666678
1ac2ffac,1790073071200,1013.9677734375,25,0,0,0,0,0.5301770000000019,25,24.655615942552416,21.20708000000008
d1f37ed1,1790073071200,1013.923828125,25,0,0,0,0,0.5687119999999979,25,24.656684562026008,22.74847999999992
06e9e5b9,1790073071200,1013.85400390625,25,0,0,0,0,0.5867950000000022,25,24.658382670165718,23.471800000000083
e0606b55,1790073071200,1013.803955078125,25,0,0,0,0,0.5305709999999948,25,24.659599989500403,21.222839999999792
c7e22c1f,1790073071200,1013.745849609375,25,0,0,0,0,0.5041360000000026,25,24.661013418336765,20.165440000000103
b5e8f409,1790073071200,1013.643798828125,21,0,0,0.0,0,0.696866,21,20.71733682411724,33.18409523809524
b1269e28,1790073072213,1012.860107421875,20,0,0,0,0,1.6032840000000022,20,19.74606350220251,80.16420000000011
1ac2ffac,1790073072213,1012.947998046875,26,0,0,0,0,0.5418719999999979,26,25.66765524995571,20.841230769230688
d1f37ed1,1790073072213,1012.941162109375,26,0,0,0,0,0.5685059999999993,26,25.66782847076421,21.865615384615356
06e9e5b9,1790073072213,1012.93896484375,26,0,0,0,0,0.5646199999999979,26,25.667884149377752,21.716153846153762
e0606b55,1790073072213,1012.942138671875,26,0,0,0,0,0.5546000000000006,26,25.66780372479128,21.330769230769253
c7e22c1f,1790073072213,1012.953125,26,0,0,0,0,0.5582419999999999,26,25.66752533588363,21.470846153846153
b5e8f409,1790073072213,1012.9921875,20,0,0,0.0,0,0.6583499999999987,20,19.743488890431347,32.91749999999993
b1269e28,1790073073229,1015.44091796875,20,0,0,0,0,1.6922799999999967,20,19.695877570117275,84.61399999999983
1ac2ffac,1790073073229,1015.406005859375,25,0,0,0,0,0.523177000000004,25,24.62069345241029,20.92708000000016
d1f37ed1,1790073073229,1015.427978515625,25,0,0,0,0,0.588632000000004,25,24.62016068982613,23.54528000000016
06e9e5b9,1790073073229,1015.43896484375,25,0,0,0,0,0.574266999999999,25,24.619894317180215,22.970679999999955
e0606b55,1790073073229,1015.5498046875,25,0,0,0,0,0.5472830000000002,25,24.61720723553571,21.891320000000004
c7e22c1f,1790073073229,1015.56591796875,25,0,0,0,0,0.5096539999999976,25,24.616816651353275,20.386159999999904
b5e8f409,1790073073229,1015.614990234375,20,0,0,0.0,0,0.6352730000000051,20,19.692501777060784,31.763650000000258
b1269e28,1790073074244,1015.02294921875,21,0,0,0,0,1.7067720000000008,21,20.68918738848558,81.27485714285719
1ac2ffac,1790073074244,1015.05712890625,26,0,0,0,0,0.4829480000000004,26,25.614321853998174,18.574923076923092
d1f37ed1,1790073074244,1015.215087890625,25,0,0,0,0,0.5723479999999981,25,24.62532353803374,22.893919999999927
06e9e5b9,1790073074244,1015.255126953125,25,0,0,0,0,0.560254999999998,25,24.624352378330087,22.410199999999918
e0606b55,1790073074244,1015.168212890625,25,0,0,0,0,0.5256049999999988,25,24.62646060283363,21.02419999999995
c7e22c1f,1790073074244,1015.177001953125,25,0,0,0,0,0.5181809999999984,25,24.626247395185136,20.727239999999938
b5e8f409,1790073074244,1015.114013671875,21,0,0,0.0,0,0.7711129999999997,21,20.687331390528936,36.719666666666654
b1269e28,1790073075255,1011.1669921875,20,0,0,0,0,1.7180890000000062,20,19.779126647254536,85.90445000000031
1ac2ffac,1790073075255,1011.200927734375,25,0,0,0,0,0.5070239999999941,25,24.723078583415884,20.280959999999766
d1f37ed1,1790073075255,1011.080810546875,26,0,0,0,0,0.5744410000000002,26,25.715056332576502,22.093884615384624
06e9e5b9,1790073075255,1011.074951171875,26,0,0,0,0,0.5809620000000066,26,25.715205356304192,22.34469230769256
e0606b55,1790073075255,1011.141845703125,26,0,0,0,0,0.5548820000000063,26,25.713504104777893,21.34161538461563
c7e22c1f,1790073075255,1011.18408203125,26,0,0,0,0,0.5116650000000007,26,25.71243007284255,19.679423076923104
b5e8f409,1790073075255,1011.220947265625,20,0,0,0.0,0,0.6986360000000005,20,19.778071304872256,34.931800000000024
b1269e28,1790073076268,1012.608154296875,20,0,0,0,0,1.6670759999999945,20,19.750976639021246,83.35379999999972
1ac2ffac,1790073076268,1012.6240234375,25,0,0,0,0,0.5223290000000063,25,24.688333894285712,20.893160000000254
d1f37ed1,1790073076268,1012.63818359375,25,0,0,0,0,0.5558869999999985,25,24.687988666670204,22.23547999999994
06e9e5b9,1790073076268,1012.715087890625,25,0,0,0,0,0.5575679999999963,25,24.686113892182917,22.302719999999855
e0606b55,1790073076268,1012.679931640625,25,0,0,0,0,0.522002999999998,25,24.6869708966168,20.88011999999992
c7e22c1f,1790073076268,1012.678955078125,25,0,0,0,0,0.5343939999999989,25,24.686994703144915,21.375759999999953
b5e8f409,1790073076268,1012.73388671875,20,0,0,0.0,0,0.6849409999999949,20,19.74852452582568,34.247049999999746
b1269e28,1790073077281,1012.905029296875,20,0,0,0,0,1.752803,20,19.745187773313095,87.64015
1ac2ffac,1790073077281,1013.026123046875,25,0,0,0,0,0.558848999999995,25,24.67853437461967,22.3539599999998
d1f37ed1,1790073077281,1013.156982421875,25,0,0,0,0,0.585841000000002,25,24.675346894653376,23.433640000000082
06e9e5b9,1790073077281,1013.04296875,25,0,0,0,0,0.5715789999999998,25,24.678123999861185,22.863159999999993
e0606b55,1790073077281,1012.989990234375,25,0,0,0,0,0.5260510000000025,25,24.67941464477429,21.042040000000096
c7e22c1f,1790073077281,1012.94189453125,25,0,0,0,0,0.5099680000000006,25,24.680586453153886,20.398720000000026
b5e8f409,1790073077281,1013.070068359375,20,0,0,0.0,0,0.6838880000000032,20,19.741971088326764,34.19440000000016
b1269e28,1790073078297,1016.119873046875,20,0,0,0,0,1.6513730000000066,20,19.682717099144238,82.56865000000033
1ac2ffac,1790073078297,1015.93994140625,26,0,0,0,0,0.5396560000000008,26,25.592063999384806,20.756000000000032
d1f37ed1,1790073078297,1015.81494140625,26,0,0,0,0,0.5632589999999951,26,25.595213202915417,21.6638076923075
06e9e5b9,1790073078297,1015.883056640625,26,0,0,0,0,0.5622690000000006,26,25.59349703693076,21.625730769230792
e0606b55,1790073078297,1015.927001953125,26,0,0,0,0,0.5537379999999956,26,25.592389955198417,21.297615384615217
c7e22c1f,1790073078297,1015.97314453125,26,0,0,0,0,0.558053000000001,26,25.59122762245442,21.463576923076964
b5e8f409,1790073078297,1015.843017578125,21,0,0,0.0,0,0.6798929999999999,21,20.672485449637854,32.375857142857136
b1269e28,1790073079312,1015.05615234375,21,0,0,0,0,1.863478999999998,21,20.68851063215695,88.73709523809514
1ac2ffac,1790073079312,1015.052001953125,25,0,0,0,0,0.5305900000000037,25,24.629280028900922,21.223600000000147
d1f37ed1,1790073079312,1015.02197265625,25,0,0,0,0,0.5478380000000058,25,24.63000868304017,21.913520000000236
06e9e5b9,1790073079312,1014.98193359375,25,0,0,0,0,0.5599259999999973,25,24.63098028896181,22.397039999999887
e0606b55,1790073079312,1014.980224609375,25,0,0,0,0,0.5447010000000034,25,24.63102176165205,21.788040000000137
c7e22c1f,1790073079312,1014.947998046875,25,0,0,0,0,0.5172930000000022,25,24.631803844245216,20.691720000000085
b5e8f409,1790073079312,1014.8759765625,20,0,0,0.0,0,0.6894569999999973,20,19.706841487905024,34.472849999999866
b1269e28,1790073080325,1012.9228515625,20,0,0,0,0,1.6241179999999957,20,19.744840358916463,81.20589999999979
1ac2ffac,1790073080325,1012.929931640625,26,0,0,0,0,0.5696969999999979,26,25.668113052882397,21.911423076922993
d1f37ed1,1790073080325,1012.93701171875,25,0,0,0,0,0.546678,25,24.68070542469372,21.86712
06e9e5b9,1790073080325,1012.951904296875,25,0,0,0,0,0.5542770000000061,25,24.680342565082956,22.17108000000025
e0606b55,1790073080325,1012.951904296875,25,0,0,0,0,0.5243149999999943,25,24.680342565082956,20.972599999999776
c7e22c1f,1790073080325,1012.950927734375,25,0,0,0,0,0.5235279999999989,25,24.680366358828906,20.941119999999955
b5e8f409,1790073080325,1012.951904296875,20,0,1,0.20699999999999996,0,0.6927990000000008,20,19.744274052066363,34.63995000000004
b1269e28,1790073081341,1016.323974609375,20,0,0,0,0,1.756377999999998,20,19.678764350400193,87.8188999999999
1ac2ffac,1790073081341,1016.30810546875,25,0,0,0,0,0.5384809999999973,25,24.598839530527304,21.53923999999989
d1f37ed1,1790073081341,1016.282958984375,26,0,0,0,0,0.5923850000000002,26,25.58342612177928,22.78403846153847
06e9e5b9,1790073081341,1016.260009765625,26,0,0,0,0,0.5731949999999983,26,25.584003847594328,22.045961538461476
e0606b55,1790073081341,1016.257080078125,26,0,0,0,0,0.5652200000000036,26,25.58407760170413,21.73923076923091
c7e22c1f,1790073081341,1016.26708984375,26,0,0,0,0,0.5414749999999984,26,25.58382561025121,20.825961538461474
b5e8f409,1790073081341,1016.279052734375,21,0,0,0.0,0,0.7137290000000007,21,20.663615906967603,33.98709523809527
b1269e28,1790073082354,1013.47705078125,21,0,0,0,0,1.756335000000007,21,20.72074546119413,83.63500000000033
1ac2ffac,1790073082354,1013.47998046875,25,0,0,0,0,0.5421150000000026,25,24.667482813461316,21.6846000000001
d1f37ed1,1790073082354,1013.49609375,25,0,0,0,0,0.5539319999999961,25,24.66709063228691,22.157279999999847
06e9e5b9,1790073082354,1013.466064453125,25,0,0,0,0,0.5661869999999993,25,24.667821525420504,22.647479999999973
e0606b55,1790073082354,1013.4208984375,25,0,0,0,0,0.5359600000000029,25,24.668920917799493,21.438400000000115
c7e22c1f,1790073082354,1013.367919921875,25,0,0,0,0,0.5123320000000007,25,24.670210600240196,20.493280000000027
b5e8f409,1790073082354,1013.323974609375,20,0,0,0.0,0,0.675576999999997,20,19.73702438818718,33.77884999999985
b1269e28,1790073083368,1013.375,20,0,0,0,0,1.7792110000000037,20,19.736030590847417,88.96055000000018
1ac2ffac,1790073083368,1013.35302734375,26,0,0,0,0,0.5616580000000013,26,25.65739608846135,21.602230769230818
d1f37ed1,1790073083368,1013.328857421875,25,0,0,0,0,0.5507980000000003,25,24.671161604541037,22.031920000000014
06e9e5b9,1790073083368,1013.35498046875,25,0,0,0,0,0.5638299999999958,25,24.670525612294018,22.553199999999833
e0606b55,1790073083368,1013.382080078125,25,0,0,0,0,0.5186479999999989,25,24.66986587928678,20.745919999999956
c7e22c1f,1790073083368,1013.409912109375,26,0,0,0,0,0.5269770000000022,26,25.655955886480296,20.26834615384624
b5e8f409,1790073083368,1013.43212890625,20,0,0,0.0,0,0.6927480000000088,20,19.7349180369731,34.63740000000044
b1269e28,1790073084383,1015.241943359375,20,0,0,0,0,1.7104889999999955,20,19.699737713575143,85.52444999999977
1ac2ffac,1790073084383,1015.31396484375,25,0,0,0,0,0.49892099999999573,25,24.622925386284166,19.95683999999983
d1f37ed1,1790073084383,1015.344970703125,26,0,0,0,0,0.561232000000004,26,25.60706040824237,21.585846153846305
06e9e5b9,1790073084383,1015.35595703125,26,0,0,0,0,0.5786830000000052,26,25.606783335393175,22.257038461538663
e0606b55,1790073084383,1015.428955078125,26,0,0,0,0,0.5724850000000004,26,25.604942492505163,22.01865384615386
c7e22c1f,1790073084383,1015.650146484375,25,0,0,0,0,0.5015450000000001,25,24.614775163018802,20.061800000000005
b5e8f409,1790073084383,1015.7060546875,21,0,0,0.0,0,0.6899109999999951,21,20.675273031094633,32.852904761904526
b1269e28,1790073085396,1013.0390625,20,0,0,0,0,1.8677179999999964,21,19.74257532640801,88.93895238095222
1ac2ffac,1790073085396,1013.010986328125,26,0,0,0,0,0.5250350000000026,26,25.66605925395001,20.193653846153946
d1f37ed1,1790073085396,1012.99609375,25,0,0,0,0,0.5277589999999961,25,24.679265946083515,21.110359999999847
06e9e5b9,1790073085396,1012.988037109375,25,0,0,0,0,0.5348049999999986,25,24.679462228733787,21.39219999999995
e0606b55,1790073085396,1012.9609375,25,0,0,0,0,0.53369,25,24.680122475107783,21.347600000000003
c7e22c1f,1790073085396,1012.75,25,0,0,0,0,0.508035999999997,25,24.685262898049864,20.321439999999882
b5e8f409,1790073085396,1012.698974609375,20,0,0,0.0,0,0.6664439999999985,20,19.749205342796493,33.322199999999924
b1269e28,1790073086410,1014.611083984375,21,0,0,0,0,1.6133739999999932,20,20.697585835089694,80.66869999999966
1ac2ffac,1790073086410,1014.594970703125,25,0,0,0,0,0.5564899999999966,25,24.640374456690573,22.259599999999864
d1f37ed1,1790073086410,1014.575927734375,26,0,0,0,0,0.5437610000000035,26,25.626470419084328,20.91388461538475
06e9e5b9,1790073086410,1014.555908203125,26,0,0,0,0,0.5004209999999958,26,25.626976088531652,19.246961538461377
e0606b55,1790073086410,1014.51708984375,26,0,0,0,0,0.527832999999994,26,25.627956650788768,20.301269230768998
c7e22c1f,1790073086410,1014.498046875,26,0,0,0,0,0.5176720000000046,26,25.628437708765304,19.910461538461714
b5e8f409,1790073086410,1014.48095703125,20,0,0,0.0,0,0.5787679999999966,20,19.7145149560298,28.93839999999983
b1269e28,1790073087420,1009.8369140625,20,0,0,0,0,1.7731990000000053,20,19.805178164404253,88.65995000000026
1ac2ffac,1790073087420,1009.776123046875,25,0,0,0,0,0.5134320000000017,25,24.757963106282986,20.537280000000063
d1f37ed1,1790073087420,1009.76416015625,25,0,0,0,0,0.5576379999999972,25,24.75825641913407,22.305519999999888
06e9e5b9,1790073087420,1009.739013671875,25,0,0,0,0,0.5347680000000068,25,24.758872997378315,21.390720000000275
e0606b55,1790073087420,1009.704833984375,25,0,0,0,0,0.5121520000000004,25,24.759711114136223,20.486080000000015
c7e22c1f,1790073087420,1009.700927734375,25,0,0,0,0,0.4950269999999932,25,24.75980690252156,19.80107999999973
b5e8f409,1790073087420,1009.7900390625,20,0,0,0.0,0,0.6475330000000099,20,19.80609753149102,32.376650000000495
b1269e28,1790073088433,1012.6220703125,20,0,0,0,0,1.6731169999999906,20,19.75070521011645,83.65584999999953
1ac2ffac,1790073088433,1012.65087890625,25,0,0,0,0,0.527979000000002,25,24.68767916046461,21.11916000000008
d1f37ed1,1790073088433,1012.673828125,25,0,0,0,0,0.5346779999999995,25,24.68711968817082,21.38711999999998
06e9e5b9,1790073088433,1012.76513671875,25,0,0,0,0,0.5454229999999995,25,24.684893953792,21.816919999999982
e0606b55,1790073088433,1012.89501953125,25,0,0,0,0,0.5142330000000044,25,24.681728627286134,20.569320000000175
c7e22c1f,1790073088433,1012.945068359375,25,0,0,0,0,0.5225150000000056,25,24.680509122268063,20.90060000000022
b5e8f409,1790073088433,1012.91796875,21,0,0,0.0,0,0.666050999999996,21,20.732182316713395,31.716714285714094
b1269e28,1790073089447,1013.8369140625,21,0,0,0,0,1.9623100000000022,21,20.71339059440226,93.44333333333344
1ac2ffac,1790073089447,1013.843017578125,26,0,0,0,0,0.4212309999999988,26,25.644995871361797,16.20119230769226
d1f37ed1,1790073089447,1013.83203125,25,0,0,0,0,0.5280839999999998,25,24.658917088244248,21.123359999999995
06e9e5b9,1790073089447,1013.743896484375,25,0,0,0,0,0.5502109999999973,25,24.661060931364464,22.00843999999989
e0606b55,1790073089447,1013.703125,25,0,0,0,0,0.5442389999999975,25,24.662052807620576,21.769559999999903
c7e22c1f,1790073089447,1013.66796875,26,0,0,0,0,0.526682000000001,26,25.649424467917026,20.257000000000037
b5e8f409,1790073089447,1013.593017578125,20,0,0,0.0,0,0.6705800000000011,20,19.731785492946585,33.52900000000005
b1269e28,1790073090459,1012.51416015625,20,0,0,0,0,1.8205670000000111,20,19.752810169996657,91.02835000000056
1ac2ffac,1790073090459,1012.449951171875,25,0,0,0,0,0.4075559999999996,25,24.692578602096216,16.302239999999983
d1f37ed1,1790073090459,1012.458984375,26,0,0,0,0,0.5234859999999983,26,25.680052625588615,20.134076923076858
06e9e5b9,1790073090459,1012.445068359375,26,0,0,0,0,0.5240390000000019,26,25.680405596850715,20.155346153846228
e0606b55,1790073090459,1012.333984375,26,0,0,0,0,0.5703570000000013,26,25.68322352237539,21.936807692307745
c7e22c1f,1790073090459,1012.279052734375,25,0,0,0,0,0.5200599999999937,25,24.696747337080453,20.802399999999754
b5e8f409,1790073090459,1012.267822265625,20,0,0,0.0,0,0.6666159999999905,20,19.757617065448795,33.33079999999953
b1269e28,1790073091470,1009.890869140625,20,0,0,0,0,1.9021280000000047,20,19.80412004023679,95.10640000000024
1ac2ffac,1790073091470,1010.026123046875,25,0,0,0,0,0.4002049999999997,25,24.75183505609167,16.008199999999988
d1f37ed1,1790073091470,1010.16796875,25,0,0,0,0,0.5495340000000013,25,24.74835945445335,21.98136000000005
06e9e5b9,1790073091470,1010.27685546875,25,0,0,0,0,0.5574109999999948,25,24.745692098826176,22.296439999999794
e0606b55,1790073091470,1010.39892578125,25,0,0,0,0,0.5272220000000019,25,24.74270247335206,21.08888000000007
c7e22c1f,1790073091470,1010.616943359375,25,0,0,0,0,0.4931580000000011,25,24.737364799068096,19.726320000000044
b5e8f409,1790073091470,1010.68798828125,20,0,0,0.0,0,0.6462400000000059,20,19.788500736029807,32.312000000000296
b1269e28,1790073092481,1011.1259765625,20,0,0,0,0,1.7644149999999854,20,19.77992897382926,88.22074999999927
1ac2ffac,1790073092481,1011.14892578125,25,0,0,0,0,0.49711500000000086,25,24.72435005623341,19.884600000000034
d1f37ed1,1790073092481,1011.045166015625,25,0,0,0,0,0.5133980000000022,25,24.726887423359326,20.535920000000086
06e9e5b9,1790073092481,1011.01806640625,25,0,0,0,0,0.5327110000000062,25,24.727550209725365,21.308440000000246
e0606b55,1790073092481,1010.97802734375,25,0,0,0,0,0.5238039999999984,25,24.728529526685318,20.952159999999935
c7e22c1f,1790073092481,1010.85205078125,25,0,0,0,0,0.5226220000000055,25,24.731611298288833,20.904880000000222
b5e8f409,1790073092481,1010.89013671875,19,0,0,0.0,0,0.632987,19,18.795316434357677,33.315105263157896
b1269e28,1790073093496,1015.81005859375,20,0,0,0,0,1.8149319999999989,20,19.6887201803133,90.74659999999994
1ac2ffac,1790073093496,1015.66796875,26,0,0,0,0,0.5234329999999972,26,25.59891696889747,20.13203846153835
d1f37ed1,1790073093496,1015.617919921875,26,0,0,0,0,0.5515699999999981,26,25.60017846278255,21.214230769230696
06e9e5b9,1790073093496,1015.630126953125,26,0,0,0,0,0.5628789999999952,26,25.599870769883132,21.649192307692125
e0606b55,1790073093496,1015.568115234375,26,0,0,0,0,0.5636889999999966,26,25.601433926467514,21.68034615384602
c7e22c1f,1790073093496,1015.496826171875,26,0,0,0,0,0.5177459999999954,26,25.603231177011523,19.913307692307512
b5e8f409,1790073093496,1015.385009765625,22,0,0,0.0,0,0.7065670000000068,22,21.666658251216575,32.11668181818213
b1269e28,1790073094510,1013.717041015625,21,0,0,0,0,1.8257790000000114,21,20.71583997341159,86.94185714285769
1ac2ffac,1790073094510,1013.776123046875,25,0,0,0,0,0.5000490000000042,25,24.660276989818243,20.001960000000167
d1f37ed1,1790073094510,1013.7919921875,25,0,0,0,0,0.5188789999999983,25,24.65989097631013,20.755159999999933
06e9e5b9,1790073094510,1013.761962890625,25,0,0,0,0,0.5195100000000039,25,24.660621442843834,20.780400000000153
e0606b55,1790073094510,1013.867919921875,25,0,0,0,0,0.5789800000000014,25,24.65804421736355,23.159200000000055
c7e22c1f,1790073094510,1013.962158203125,25,0,0,0,0,0.5369030000000024,25,24.655752483212297,21.47612000000009
b5e8f409,1790073094510,1014.0048828125,20,0,0,0.0,0,0.6595719999999972,20,19.72377089992594,32.97859999999986
b1269e28,1790073095521,1011.071044921875,20,0,0,0,0,1.7841870000000029,20,19.78100362031967,89.20935000000014
1ac2ffac,1790073095521,1011.010009765625,26,0,0,0,0,0.5820819999999998,26,25.716857151619486,22.387769230769223
d1f37ed1,1790073095521,1010.97607421875,25,0,0,0,0,0.5942300000000031,25,24.728577300228594,23.76920000000013
06e9e5b9,1790073095521,1010.945068359375,25,0,0,0,0,0.5638129999999961,25,24.72933572995372,22.552519999999845
e0606b55,1790073095521,1010.841064453125,25,0,0,0,0,0.5336029999999994,25,24.73188009385555,21.344119999999975
c7e22c1f,1790073095521,1010.755859375,26,0,0,0,0,0.5383029999999991,26,25.723323549246675,20.703961538461503
b5e8f409,1790073095521,1010.72412109375,20,0,0,0.0,0,0.7048539999999974,21,19.787793308382806,33.56447619047607
b1269e28,1790073096534,1013.018798828125,20,0,0,0,0,1.7309410000000014,20,19.74297024214782,86.54705000000007
1ac2ffac,1790073096534,1013.114990234375,25,0,0,0,0,0.5294600000000003,25,24.67636965298132,21.17840000000001
d1f37ed1,1790073096534,1013.1318359375,25,0,0,0,0,0.5604019999999963,25,24.67595935021259,22.41607999999985
06e9e5b9,1790073096534,1013.130859375,25,0,0,0,0,0.5679009999999991,25,24.675983135507774,22.716039999999968
e0606b55,1790073096534,1013.323974609375,25,0,0,0,0,0.5586850000000041,26,24.671280485233975,21.487884615384772
c7e22c1f,1790073096534,1013.490966796875,25,0,0,0,0,0.5114829999999984,25,24.66721541585336,20.459319999999934
b5e8f409,1790073096534,1013.5478515625,20,0,0,0.0,0,0.6495850000000019,20,19.732664786539395,32.47925000000009
b1269e28,1790073097553,1018.666015625,20,0,0,0,0,1.921935999999988,21,19.63352040141346,91.52076190476134
1ac2ffac,1790073097553,1018.60791015625,25,0,0,0,0,0.5146519999999981,25,24.54330046991792,20.586079999999924
d1f37ed1,1790073097553,1018.691162109375,26,0,0,0,0,0.5852770000000049,26,25.522946470019956,22.510653846154035
06e9e5b9,1790073097553,1018.761962890625,26,0,0,0,0,0.591115000000002,26,25.521172704787546,22.735192307692387
e0606b55,1790073097553,1018.81884765625,26,0,0,0,0,0.5515729999999976,25,25.519747754776926,22.062919999999902
c7e22c1f,1790073097553,1018.736083984375,25,0,0,0,0,0.5335809999999981,25,24.540212517281798,21.343239999999923
b5e8f409,1790073097553,1018.72705078125,18,0,0,0.0,0,0.5422439999999966,18,17.669109685657222,30.124666666666478
b1269e28,1790073098575,1021.716064453125,21,0,0,0,0,1.762962000000016,20,20.553655492575896,88.1481000000008
1ac2ffac,1790073098575,1021.77099609375,26,0,0,0,0,0.48754800000000387,26,25.446014908818604,18.7518461538463
d1f37ed1,1790073098575,1021.766845703125,26,0,0,0,0,0.599776999999996,26,25.446118269876138,23.068346153845997
06e9e5b9,1790073098575,1021.737060546875,26,0,0,0,0,0.5655050000000017,26,25.44686006210223,21.750192307692373
e0606b55,1790073098575,1021.56005859375,26,0,0,0,0,0.5780760000000029,26,25.45126914592848,22.233692307692422
c7e22c1f,1790073098575,1021.571044921875,26,0,0,0,0,0.5309920000000048,26,25.450995434182808,20.42276923076941
b5e8f409,1790073098575,1021.590087890625,23,0,0,0.0,0,0.7031589999999994,22,22.51392243584734,31.961772727272702
b1269e28,1790073099588,1013.679931640625,20,0,0,0,0,1.9270909999999901,20,19.73009366736729,96.3545499999995
1ac2ffac,1790073099588,1013.68701171875,25,0,0,0,0,0.412075999999999,25,24.662444828617684,16.48303999999996
d1f37ed1,1790073099588,1013.650146484375,25,0,0,0,0,0.5793609999999987,25,24.663341772017752,23.17443999999995
06e9e5b9,1790073099588,1013.69091796875,25,0,0,0,0,0.5502729999999971,25,24.662349792080015,22.01091999999989
e0606b55,1790073099588,1013.6689453125,25,0,0,0,0,0.5730959999999996,25,24.662884382132127,22.92383999999998
c7e22c1f,1790073099588,1013.6220703125,25,0,0,0,0,0.5130989999999969,25,24.664024918372675,20.523959999999875
b5e8f409,1790073099588,1013.599853515625,21,0,0,0.0,0,0.6831240000000065,21,20.7182350383758,32.5297142857146
b1269e28,1790073100611,1020.989013671875,21,0,0,0,0,1.7329609999999889,21,20.568291841335103,82.52195238095184
1ac2ffac,1790073100611,1022.614990234375,26,0,0,0,0,0.4646769999999947,26,25.425013566485088,17.872192307692103
d1f37ed1,1790073100611,1022.72607421875,25,0,0,0,0,0.47002800000000633,25,24.444473090311348,18.801120000000253
06e9e5b9,1790073100611,1022.72314453125,25,0,0,0,0,0.46868200000000115,25,24.4445431138242,18.747280000000046
e0606b55,1790073100611,1022.7041015625,25,0,0,0,0,0.4836649999999949,25,24.444998276436646,19.346599999999796
c7e22c1f,1790073100611,1022.7109375,25,0,0,0,0,0.47040400000000204,25,24.44483488277938,18.81616000000008
b5e8f409,1790073100611,1022.714111328125,20,0,1,0.33199999999999996,0,0.7854529999999897,20,19.555807217744793,39.27264999999949
b1269e28,1790073101626,999.97119140625,20,0,0,0,0,1.7861019999999996,20,20.00057618847418,89.30509999999998
1ac2ffac,1790073101626,1002.47705078125,25,0,0,0,0,0.5370550000000023,25,24.93822674595594,21.482200000000095
d1f37ed1,1790073101626,1003.61083984375,26,0,0,0,0,0.5920549999999949,26,25.906455936693433,22.771346153845954
06e9e5b9,1790073101626,1004.81494140625,26,0,0,0,0,0.5733680000000021,26,25.875411410197287,22.052615384615464
e0606b55,1790073101626,1006.217041015625,26,0,0,0,0,0.6028560000000027,26,25.839355666007112,23.186769230769336
c7e22c1f,1790073101626,1007.674072265625,26,0,0,0,0,0.5528399999999962,26,25.80199363623831,21.26307692307678
b5e8f409,1790073101626,1009.071044921875,20,0,0,0.0,0,0.6442850000000107,20,19.82020998486628,32.21425000000053
b1269e28,1790073102640,1000.02783203125,20,0,1,0.368,0,1.3650470000000041,20,19.99944337486701,68.2523500000002
1ac2ffac,1790073102640,999.988037109375,25,0,1,0.363,0,0.6016359999999992,25,25.000299075843436,24.065439999999967
d1f37ed1,1790073102640,999.989990234375,25,0,0,0,0,0.4243280000000027,25,25.000250246645535,16.973120000000108
06e9e5b9,1790073102640,999.991943359375,25,0,0,0,0,0.41758399999999796,25,25.000201417638376,16.70335999999992
e0606b55,1790073102640,1000.011962890625,25,0,0,0,0,0.4019800000000018,25,24.999700931312102,16.07920000000007
c7e22c1f,1790073102640,1000.05078125,24,0,0,0,0,0.3870160000000027,25,23.998781311886507,15.480640000000108
b5e8f409,1790073102640,1000.008056640625,20,0,1,0.20599999999999996,0,0.5826509999999985,20,19.99983886848568,29.132549999999924
b1269e28,1790073103656,999.968994140625,20,0,0,0.0,0,1.8139810000000125,20,20.000620136415364,90.69905000000063
1ac2ffac,1790073103656,999.974853515625,25,0,0,0.0,0,0.5178000000000011,25,25.000628677918414,20.712000000000042
d1f37ed1,1790073103656,999.989013671875,25,0,0,0,0,0.5631350000000026,25,25.000274661220644,22.525400000000104
06e9e5b9,1790073103656,1000.0009765625,25,0,0,0,0,0.5641800000000003,25,24.99997558596134,22.56720000000001
e0606b55,1790073103656,1000.035888671875,25,0,0,0,0,0.5595609999999951,25,24.999102815401887,22.382439999999807
c7e22c1f,1790073103656,999.951171875,26,0,0,0,0,0.5166389999999978,25,26.001269593241858,20.665559999999914
b5e8f409,1790073103656,999.974853515625,20,0,0,0.0,0,0.7473659999999995,20,20.00050294233473,37.36829999999998
b1269e28,1790073104669,1059.60107421875,21,0,0,0.0,0,1.8655749999999784,21,19.818779454790022,88.83690476190374
1ac2ffac,1790073104669,1055.470947265625,26,0,0,0.0,0,0.4887110000000021,26,24.633553455315255,18.796576923077005
d1f37ed1,1790073104669,1054.166015625,26,0,0,0,0,0.5514199999999931,26,24.664046852795735,21.208461538461275
06e9e5b9,1790073104669,1052.9560546875,26,0,0,0,0,0.5809280000000001,26,24.69238852301046,22.34338461538462
e0606b55,1790073104669,1051.537109375,26,0,0,0,0,0.5868030000000033,26,24.725708458785224,22.56934615384628
c7e22c1f,1790073104669,1050.11181640625,26,0,0,0,0,0.5072850000000031,26,24.759268102494666,19.510961538461657
b5e8f409,1790073104669,1000.025146484375,20,0,0,0.0,0,0.7074130000000025,20,19.999497082959095,35.370650000000126
b1269e28,1790073105687,1017.7548828125,20,0,0,0.0,0,1.861015000000009,20,19.651097074308588,93.05075000000045
1ac2ffac,1790073105687,1017.927978515625,25,0,0,0.0,0,0.49932799999999844,25,24.559694327741926,19.973119999999938
d1f37ed1,1790073105687,1018.049072265625,25,0,0,0,0,0.5574480000000008,25,24.556773028989223,22.29792000000003
06e9e5b9,1790073105687,1018.033935546875,25,0,0,0,0,0.546127999999996,25,24.55713815332719,21.845119999999838
e0606b55,1790073105687,1018.04296875,25,0,0,0,0,0.5510889999999975,25,24.55692025523849,22.043559999999896
c7e22c1f,1790073105687,1018.080078125,25,0,0,0,0,0.5181180000000012,25,24.556025146904503,20.724720000000048
b5e8f409,1790073105687,1066.89501953125,22,0,1,0.21199999999999997,0,0.7703199999999981,22,20.620585528336143,35.01454545454537
b1269e28,1790073106715,1028.258056640625,21,0,0,0.0,0,1.8726900000000057,21,20.422888850108446,89.17571428571456
1ac2ffac,1790073106715,1028.087158203125,26,0,0,0.0,0,0.5985510000000005,26,25.289684626975014,23.021192307692328
d1f37ed1,1790073106715,1027.970947265625,26,0,0,0,0,0.5561920000000029,26,25.292543596839288,21.392000000000113
06e9e5b9,1790073106715,1027.9091796875,26,0,0,0,0,0.5789220000000057,26,25.29406343846875,22.26623076923099
e0606b55,1790073106715,1027.843994140625,26,0,0,0,0,0.5931290000000047,26,25.29566758011605,22.812653846154028
c7e22c1f,1790073106715,1027.777099609375,26,0,0,0,0,0.5231640000000013,26,25.297313989464996,20.12169230769236
b5e8f409,1790073106715,1027.6708984375,20,0,0,0.0,0,0.7716530000000006,20,19.461483272912144,38.58265000000003
b1269e28,1790073107731,1016.68701171875,20,0,0,0.0,0,1.7583620000000053,20,19.67173748604224,87.91810000000027
1ac2ffac,1790073107731,1016.619873046875,26,0,0,0.0,0,0.6670700000000025,26,25.574947617418033,25.656538461538556
d1f37ed1,1790073107731,1016.6220703125,25,0,0,0,0,0.5332330000000027,25,24.591242635835396,21.329320000000106
06e9e5b9,1790073107731,1016.663818359375,25,0,0,0,0,0.549952999999995,25,24.59023282676013,21.998119999999798
e0606b55,1790073107731,1016.740966796875,25,0,0,0,0,0.5483739999999955,25,24.588366965048742,21.93495999999982
c7e22c1f,1790073107731,1016.75,26,0,0,0,0,0.5362839999999949,26,25.571674452913694,20.626307692307496
b5e8f409,1790073107731,1016.72607421875,20,0,1,0.2160000000000002,0,0.7400179999999921,20,19.670981700127985,37.0008999999996
b1269e28,1790073108748,1014.989013671875,20,0,0,0.0,0,1.7257589999999823,20,19.70464678001489,86.28794999999911
1ac2ffac,1790073108748,1015.211181640625,25,0,0,0.0,0,0.6622299999999939,25,24.625418289423216,26.489199999999755
d1f37ed1,1790073108748,1015.39599609375,26,0,0,0,0,0.5449190000000002,26,25.605773609530225,20.95842307692308
06e9e5b9,1790073108748,1015.592041015625,26,0,0,0,0,0.5662200000000013,26,25.600830796191705,21.777692307692355
e0606b55,1790073108748,1015.611083984375,26,0,0,0,0,0.5563900000000004,26,25.600350774037047,21.399615384615398
c7e22c1f,1790073108748,1015.9619140625,25,0,0,0,0,0.4978630000000024,25,24.60722164282041,19.914520000000095
b5e8f409,1790073108748,1016.44580078125,21,0,0,0.0,0,0.8168459999999982,21,20.660226038475635,38.897428571428485
b1269e28,1790073109760,1013.219970703125,21,0,0,0.0,0,1.9529540000000054,21,20.726002849536247,92.99780952380978
1ac2ffac,1790073109760,1013.093017578125,25,0,0,0.0,0,0.639008000000004,25,24.676904851011983,25.56032000000016
d1f37ed1,1790073109760,1012.9208984375,25,0,0,0,0,0.5487609999999989,25,24.681098038913223,21.950439999999958
06e9e5b9,1790073109760,1012.701171875,25,0,0,0,0,0.5398980000000009,25,24.686453115989686,21.59592000000003
e0606b55,1790073109760,1012.611083984375,25,0,0,0,0,0.5658090000000016,25,24.688649369342436,22.632360000000062
c7e22c1f,1790073109760,1012.27294921875,25,0,0,0,0,0.4999260000000021,25,24.696896246505897,19.997040000000084
b5e8f409,1790073109760,1012.07421875,20,0,0,0.0,0,0.7498649999999998,20,19.76139657494857,37.49324999999999
b1269e28,1790073110772,1013.276123046875,20,0,0,0.0,0,1.774234000000007,20,19.73795646132558,88.71170000000035
1ac2ffac,1790073110772,1013.15185546875,26,0,0,0.0,0,0.6599739999999983,26,25.662490632236672,25.38361538461532
d1f37ed1,1790073110772,1013.096923828125,26,0,0,0,0,0.546129999999998,26,25.663882091118637,21.004999999999924
06e9e5b9,1790073110772,1013.0478515625,26,0,0,0,0,0.5468260000000029,26,25.665125255335415,21.031769230769346
e0606b55,1790073110772,1013.005859375,26,0,0,0,0,0.5578999999999965,26,25.66618915318157,21.45769230769217
c7e22c1f,1790073110772,1012.947998046875,26,0,0,0,0,0.5165859999999967,26,25.66765524995571,19.86869230769218
b5e8f409,1790073110772,1012.61083984375,20,0,0,0.0,0,0.7317490000000078,20,19.750924257423595,36.58745000000039
b1269e28,1790073111793,1020.06103515625,20,0,0,0.0,0,1.8288169999999866,20,19.606669905724278,91.44084999999933
1ac2ffac,1790073111793,1020.109130859375,24,0,0,0.0,0,0.6479149999999976,24,23.52689459781776,26.996458333333234
d1f37ed1,1790073111793,1020.130126953125,25,0,0,0,0,0.5360450000000014,25,24.506677471303373,21.441800000000057
06e9e5b9,1790073111793,1020.152099609375,25,0,0,0,0,0.5487459999999942,25,24.506149631582108,21.949839999999767
e0606b55,1790073111793,1020.197998046875,25,0,0,0,0,0.5574050000000028,25,24.505047106406227,22.296200000000113
c7e22c1f,1790073111793,1020.232177734375,25,0,0,0,0,0.49964400000000353,25,24.50422614146261,19.98576000000014
b5e8f409,1790073111793,1020.339111328125,21,0,0,0.0,0,0.8057029999999941,21,20.581392761339256,38.36680952380924
b1269e28,1790073112809,1015.82080078125,21,0,0,0.0,0,1.9376570000000015,21,20.67293757309288,92.26938095238103
1ac2ffac,1790073112809,1016.02587890625,27,0,0,0.0,0,0.5316180000000017,27,26.574126270351943,19.68955555555562
d1f37ed1,1790073112809,1016.14208984375,25,0,0,0,0,0.5325890000000015,25,24.60285844851107,21.30356000000006
06e9e5b9,1790073112809,1016.260986328125,25,0,0,0,0,0.5522820000000053,25,24.599980060563038,22.09128000000021
e0606b55,1790073112809,1016.31103515625,25,0,0,0,0,0.5579790000000031,25,24.59876862023489,22.319160000000124
c7e22c1f,1790073112809,1016.35498046875,26,0,0,0,0,0.49571799999999655,26,25.58161321550136,19.06607692307679
b5e8f409,1790073112809,1016.326904296875,20,0,0,0.0,0,0.7548129999999986,20,19.678707623937783,37.74064999999993
b1269e28,1790073113822,1013.794189453125,20,0,0,0.0,0,1.9512890000000027,20,19.72787002339072,97.56445000000014
1ac2ffac,1790073113822,1013.609130859375,23,0,0,0.0,0,0.4693860000000001,24,22.69119259067818,19.557750000000002
d1f37ed1,1790073113822,1013.490966796875,26,0,0,0,0,0.5692439999999976,26,25.653904032487493,21.89399999999991
06e9e5b9,1790073113822,1013.35205078125,26,0,0,0,0,0.5582829999999959,26,25.657420814370624,21.472423076922915
e0606b55,1790073113822,1013.263916015625,26,0,0,0,0,0.5933959999999985,26,25.65965252393244,22.82292307692302
c7e22c1f,1790073113822,1013.19482421875,25,0,0,0,0,0.494765000000001,25,24.674425295526845,19.79060000000004
b5e8f409,1790073113822,1013.123046875,20,0,0,0.0,0,0.795494000000005,20,19.74093873561601,39.77470000000025
b1269e28,1790073114840,1017.69091796875,20,0,0,0.0,0,1.9582389999999918,20,19.65233220310033,97.91194999999959
1ac2ffac,1790073114840,1017.880859375,27,0,0,0.0,0,0.5032180000000039,26,26.52569772908252,19.354538461538613
d1f37ed1,1790073114840,1017.949951171875,25,0,0,0,0,0.5074159999999992,25,24.559164201756413,20.296639999999968
06e9e5b9,1790073114840,1018.05078125,25,0,0,0,0,0.5643790000000024,25,24.556731805955774,22.575160000000096
e0606b55,1790073114840,1018.13720703125,25,0,0,0,0,0.5598010000000002,25,24.55464727872642,22.392040000000005
c7e22c1f,1790073114840,1018.212158203125,25,0,0,0,0,0.4754859999999965,25,24.552839797276025,19.01943999999986
b5e8f409,1790073114840,1018.284912109375,21,0,0,0.0,0,0.8282920000000047,21,20.622911869035303,39.44247619047641
b1269e28,1790073115856,1016.411865234375,21,0,0,0.0,0,1.954970000000003,21,20.660915833718253,93.09380952380967
1ac2ffac,1790073115856,1016.300048828125,26,0,0,0.0,0,0.48258899999999727,26,25.582995917377033,18.56111538461528
d1f37ed1,1790073115856,1016.243896484375,26,0,0,0,0,0.5121210000000005,26,25.584409500460655,19.696961538461558
06e9e5b9,1790073115856,1016.158203125,26,0,0,0,0,0.5242009999999979,26,25.586567052297543,20.161576923076844
e0606b55,1790073115856,1016.0888671875,26,0,0,0,0,0.5631330000000005,26,25.58831303010644,21.658961538461558
c7e22c1f,1790073115856,1016.030029296875,26,0,0,0,0,0.5197670000000016,26,25.589794839029338,19.991038461538526
b5e8f409,1790073115856,1015.985107421875,20,0,0,0.0,0,0.7772059999999925,20,19.68532791858656,38.860299999999626
b1269e28,1790073116874,1017.47509765625,20,0,0,0.0,0,1.849299000000002,20,19.6565007301603,92.4649500000001
1ac2ffac,1790073116874,1017.512939453125,25,0,0,0.0,0,0.5061449999999965,25,24.569712119274435,20.24579999999986
d1f37ed1,1790073116874,1017.5390625,25,0,0,0,0,0.5260439999999988,25,24.569081346692773,21.041759999999954
06e9e5b9,1790073116874,1017.58203125,25,0,0,0,0,0.5452470000000034,25,24.568043884668388,21.809880000000135
e0606b55,1790073116874,1017.618896484375,25,0,0,0,0,0.5692239999999984,25,24.567153859238367,22.768959999999932
c7e22c1f,1790073116874,1017.664794921875,25,0,0,0,0,0.4907389999999978,25,24.56604583822635,19.629559999999913
b5e8f409,1790073116874,1017.697021484375,20,0,0,0.0,0,0.7843409999999977,20,19.652214340598878,39.21704999999989
b1269e28,1790073117894,1019.778076171875,20,0,0,0.0,0,1.7429940000000101,20,19.61211019075602,87.14970000000051
1ac2ffac,1790073117894,1019.828125,26,0,0,0.0,0,0.554665,26,25.494492025310638,21.33326923076923
d1f37ed1,1790073117894,1019.7919921875,25,0,0,0,0,0.5219499999999968,26,24.51480320645965,20.07499999999988
06e9e5b9,1790073117894,1019.73681640625,26,0,0,0,0,0.543019000000001,26,25.496774836108237,20.885346153846193
e0606b55,1790073117894,1019.739013671875,26,0,0,0,0,0.5786599999999993,26,25.49671989735808,22.25615384615382
c7e22c1f,1790073117894,1019.713134765625,26,0,0,0,0,0.4764250000000061,26,25.497366968775925,18.324038461538695
b5e8f409,1790073117894,1019.68603515625,21,0,1,0.20999999999999996,0,0.8251170000000059,21,20.59457448270545,39.29128571428599
b1269e28,1790073118908,1013.36083984375,21,0,0,0.0,0,1.8391349999999989,21,20.723121690036876,87.57785714285708
1ac2ffac,1790073118908,1013.35302734375,25,0,0,0.0,0,0.5631070000000022,25,24.67057316198207,22.52428000000009
d1f37ed1,1790073118908,1013.416015625,26,0,0,0,0,0.5066420000000065,25,25.655801367975346,20.26568000000026
06e9e5b9,1790073118908,1013.886962890625,25,0,0,0,0,0.5347369999999998,25,24.65758108647948,21.389479999999995
e0606b55,1790073118908,1014.008056640625,25,0,0,0,0,0.5583949999999973,25,24.654636456069362,22.33579999999989
c7e22c1f,1790073118908,1014.10986328125,25,0,0,0,0,0.4934510000000003,25,24.65216137343354,19.738040000000012
b5e8f409,1790073118908,1014.19189453125,20,0,0,0.0,0,0.8051080000000042,20,19.72013393899565,40.25540000000021
b1269e28,1790073119930,1022.97021484375,20,0,0,0.0,0,1.6183249999999987,20,19.55091136554238,80.91624999999993
1ac2ffac,1790073119930,1022.802978515625,26,0,0,0.0,0,0.571551999999997,26,25.42034052123442,21.982769230769115
d1f37ed1,1790073119930,1022.713134765625,26,0,0,0,0,0.5439459999999983,26,25.42257365840756,20.920999999999935
06e9e5b9,1790073119930,1022.22705078125,26,0,0,0,0,0.5284610000000001,26,25.43466246576939,20.325423076923077
e0606b55,1790073119930,1022.045166015625,26,0,0,0,0,0.5658659999999998,26,25.439188858315596,21.764076923076914
c7e22c1f,1790073119930,1021.89208984375,26,0,0,0,0,0.500397999999997,26,25.442999567572215,19.246076923076807
b5e8f409,1790073119930,1021.76806640625,20,0,0,0.0,0,0.7466559999999873,20,19.573913745752254,37.33279999999937
b1269e28,1790073120942,1011.5078125,20,0,0,0.0,0,1.7876919999999927,21,19.772462212198683,85.12819047619013
1ac2ffac,1790073120942,1011.708984375,25,0,0,0.0,0,0.5787210000000016,25,24.71066323034006,23.148840000000064
d1f37ed1,1790073120942,1011.7529296875,25,0,0,0,0,0.5357599999999962,25,24.70958992698123,21.43039999999985
06e9e5b9,1790073120942,1011.80712890625,25,0,0,0,0,0.5325569999999971,25,24.708266314573873,21.302279999999882
e0606b55,1790073120942,1011.94580078125,25,0,0,0,0,0.552463000000003,25,24.704880420175975,22.09852000000012
c7e22c1f,1790073120942,1012.20703125,25,0,0,0,0,0.4645590000000013,25,24.698504582730344,18.58236000000005
b5e8f409,1790073120942,1012.323974609375,21,0,0,0.0,0,0.738498000000007,21,20.744347191918735,35.166571428571764
b1269e28,1790073121965,1022.946044921875,21,0,0,0.0,0,1.610036000000008,20,20.528941975237633,80.5018000000004
1ac2ffac,1790073121965,1022.844970703125,25,0,1,0.19999999999999996,0,0.5912129999999962,25,24.44163164121976,23.64851999999985
d1f37ed1,1790073121965,1022.847900390625,25,0,0,0,0,0.5476020000000048,25,24.441561634386222,21.904080000000196
06e9e5b9,1790073121965,1022.85302734375,25,0,0,0,0,0.5349730000000008,25,24.44143912339251,21.398920000000036
e0606b55,1790073121965,1022.757080078125,25,0,0,0,0,0.5308970000000031,25,24.44373203272309,21.235880000000126
c7e22c1f,1790073121965,1022.544921875,25,0,0,0,0,0.44214999999999804,25,24.44880363217539,17.685999999999922
b5e8f409,1790073121965,1022.47900390625,20,0,0,0.0,0,0.7193129999999996,20,19.5603038532748,35.96564999999998
b1269e28,1790073122980,1014.412109375,20,0,0,0.0,0,1.6176460000000077,20,19.71585297056677,80.88230000000038
1ac2ffac,1790073122980,1014.575927734375,26,0,0,0.0,0,0.5175930000000051,26,25.626470419084328,19.907423076923273
d1f37ed1,1790073122980,1014.79296875,26,0,0,0,0,0.4742819999999952,26,25.620989502938947,18.2416153846152
06e9e5b9,1790073122980,1014.8359375,26,0,0,0,0,0.5014260000000021,26,25.61990469518626,19.28561538461547
e0606b55,1790073122980,1014.905029296875,26,0,0,0,0,0.501819999999995,26,25.61816056622832,19.300769230769042
c7e22c1f,1790073122980,1014.9169921875,26,0,0,0,0,0.47856500000000324,26,25.617858603353298,18.40634615384628
b5e8f409,1790073122980,1014.927978515625,21,0,1,0.391,0,1.0007990000000007,21,20.691123355091054,47.657095238095266
b1269e28,1790073123993,1014.202880859375,20,0,0,0.0,0,1.6822080000000028,20,19.719920321122725,84.11040000000014
1ac2ffac,1790073123993,1013.984130859375,25,0,0,0.0,0,0.6152699999999953,25,24.655218202292694,24.610799999999813
d1f37ed1,1790073123993,1013.72314453125,25,0,0,0,0,0.4927850000000049,25,24.6615657685907,19.711400000000197
06e9e5b9,1790073123993,1013.625,25,0,0,0,0,0.5451089999999965,25,24.66395363176717,21.80435999999986
e0606b55,1790073123993,1013.52392578125,25,0,0,0,0,0.5760050000000021,25,24.666413257811712,23.040200000000087
c7e22c1f,1790073123993,1013.507080078125,25,0,0,0,0,0.5094899999999996,25,24.666823243181394,20.379599999999982
b5e8f409,1790073123993,1013.4951171875,20,0,0,0.0,0,0.7361549999999966,20,19.73369152039036,36.80774999999983
b1269e28,1790073125010,1015.026123046875,21,0,0,0.0,0,1.932186999999999,21,20.689122696628566,92.00890476190472
1ac2ffac,1790073125010,1015.808837890625,26,0,0,0.0,0,0.6583680000000101,26,25.595366992465067,25.32184615384654
d1f37ed1,1790073125010,1016.178955078125,26,0,0,0,0,0.5429029999999955,26,25.586044534843854,20.880884615384442
06e9e5b9,1790073125010,1016.2939453125,25,0,0,0,0,0.5290150000000011,25,24.599182269370655,21.160600000000045
e0606b55,1790073125010,1016.487060546875,25,0,0,0,0,0.5439609999999959,25,24.594508843575323,21.758439999999837
c7e22c1f,1790073125010,1016.632080078125,26,0,0,0,0,0.5205309999999983,26,25.57464053072374,20.020423076923013
b5e8f409,1790073125010,1016.669921875,18,0,0,0.0,0,0.6963590000000011,19,17.704861344578173,36.65047368421058
b1269e28,1790073126023,1015.056884765625,20,0,0,0.0,0,1.7213279999999997,20,19.703329242102495,86.06639999999999
1ac2ffac,1790073126023,1014.278076171875,25,0,0,0.0,0,0.6142339999999962,25,24.648072937113955,24.569359999999847
d1f37ed1,1790073126023,1013.95703125,25,0,0,0,0,0.510988999999995,25,24.65587715209209,20.4395599999998
06e9e5b9,1790073126023,1013.89404296875,26,0,0,0,0,0.5530889999999999,26,25.64370525727743,21.272653846153844
e0606b55,1790073126023,1013.73193359375,26,0,0,0,0,0.5751730000000066,26,25.64780603076022,22.122038461538715
c7e22c1f,1790073126023,1013.5869140625,25,0,0,0,0,0.480126999999996,25,24.664880389782187,19.20507999999984
b5e8f409,1790073126023,1013.5458984375,22,0,0,0.0,0,0.7633069999999975,21,21.70597309299518,36.347952380952265
b1269e28,1790073127040,1016.77294921875,20,0,0,0.0,0,1.8500659999999982,20,19.67007483368558,92.50329999999991
1ac2ffac,1790073127040,1016.806884765625,25,0,0,0.0,0,0.6598319999999944,25,24.58677294043158,26.393279999999777
d1f37ed1,1790073127040,1016.7939453125,25,0,0,0,0,0.5350460000000083,25,24.587085825256892,21.401840000000334
06e9e5b9,1790073127040,1016.77587890625,25,0,0,0,0,0.5422070000000048,25,24.58752269663655,21.68828000000019
e0606b55,1790073127040,1016.85009765625,25,0,0,0,0,0.5756999999999977,25,24.585728080887044,23.027999999999906
c7e22c1f,1790073127040,1016.8759765625,25,0,0,0,0,0.5348030000000037,25,24.585102388308247,21.39212000000015
b5e8f409,1790073127040,1016.899169921875,21,0,0,0.0,0,0.7970650000000035,21,20.651014988647656,37.955476190476354
b1269e28,1790073128053,1013.279052734375,21,0,0,0.0,0,1.861885000000001,21,20.724794362747993,88.66119047619051
1ac2ffac,1790073128053,1013.35302734375,26,0,0,0.0,0,0.6505680000000069,26,25.65739608846135,25.02184615384642
d1f37ed1,1790073128053,1013.35693359375,26,0,0,0,0,0.5555559999999957,26,25.657297185300827,21.367538461538295
06e9e5b9,1790073128053,1013.358154296875,26,0,0,0,0,0.5695970000000017,26,25.657266278219534,21.907576923076988
e0606b55,1790073128053,1013.2900390625,26,0,0,0,0,0.582256000000001,26,25.658991007209845,22.394461538461577
c7e22c1f,1790073128053,1013.255126953125,26,0,0,0,0,0.5188360000000003,26,25.65987509797501,19.955230769230777
b5e8f409,1790073128053,1013.219970703125,20,0,0,0.0,0,0.7778260000000046,20,19.73905033289166,38.89130000000023
b1269e28,1790073129076,1022.050048828125,20,0,0,0.0,0,1.8222260000000006,20,19.56851332567505,91.11130000000003
1ac2ffac,1790073129076,1022.114013671875,25,0,0,0.0,0,0.6348639999999932,25,24.45911088743339,25.39455999999973
d1f37ed1,1790073129076,1022.12109375,25,0,0,0,0,0.5295780000000008,25,24.458941462874,21.18312000000003
06e9e5b9,1790073129076,1022.1728515625,25,0,0,0,0,0.5467449999999872,25,24.45770298221562,21.869799999999486
e0606b55,1790073129076,1022.19287109375,25,0,0,0,0,0.5621129999999965,25,24.45722398088133,22.48451999999986
c7e22c1f,1790073129076,1022.221923828125,25,0,0,0,0,0.4980019999999996,25,24.45652887816899,19.920079999999984
b5e8f409,1790073129076,1022.2529296875,20,0,0,0.0,0,0.7782330000000002,20,19.56462967155687,38.91165000000001
b1269e28,1790073130089,1014.012939453125,20,0,0,0.0,0,1.645781999999997,20,19.72361418857865,82.28909999999985
1ac2ffac,1790073130089,1013.908935546875,26,0,0,0.0,0,0.628893000000005,26,25.643328595359804,24.1881923076925
d1f37ed1,1790073130089,1013.910888671875,25,0,0,0,0,0.531919000000002,25,24.6569992287464,21.27676000000008
06e9e5b9,1790073130089,1013.862060546875,25,0,0,0,0,0.5370380000000097,25,24.65818672267414,21.481520000000387
e0606b55,1790073130089,1013.84716796875,25,0,0,0,0,0.560009000000008,25,24.658548931085615,22.40036000000032
c7e22c1f,1790073130089,1013.843994140625,26,0,0,0,0,0.5090590000000006,26,25.644971169394406,19.57919230769233
b5e8f409,1790073130089,1013.85107421875,21,0,0,0.0,0,0.7967609999999894,21,20.713101296639756,37.9409999999995
b1269e28,1790073131106,1016.782958984375,21,0,0,0.0,0,1.8486649999999827,21,20.653375250285553,88.03166666666584
1ac2ffac,1790073131106,1016.6982421875,25,0,0,0.0,0,0.673571999999993,25,24.589400239554546,26.942879999999718
d1f37ed1,1790073131106,1016.68603515625,26,0,0,0,0,0.5600199999999944,26,25.573283295864464,21.539230769230553
06e9e5b9,1790073131106,1016.677001953125,26,0,0,0,0,0.5913579999999996,26,25.573510515189916,22.744538461538447
e0606b55,1790073131106,1016.743896484375,26,0,0,0,0,0.5976099999999889,26,25.5718279597261,22.984999999999573
c7e22c1f,1790073131106,1016.846923828125,25,0,0,0,0,0.47980400000000145,25,24.5858048189618,19.192160000000058
b5e8f409,1790073131106,1016.908935546875,20,0,0,0.0,0,0.7994160000000079,20,19.667444449432796,39.970800000000395
b1269e28,1790073132120,1003.169189453125,20,0,0,0.0,0,1.7234240000000227,20,19.936816451572785,86.17120000000114
1ac2ffac,1790073132120,1006.951904296875,25,0,0,0.0,0,0.6309970000000078,25,24.827402275441116,25.239880000000312
d1f37ed1,1790073132120,1008.300048828125,25,0,0,0,0,0.5167360000000087,25,24.794206872305235,20.66944000000035
06e9e5b9,1790073132120,1009.9609375,25,0,0,0,0,0.5508629999999926,25,24.75343260491201,22.034519999999702
e0606b55,1790073132120,1010.906005859375,25,0,0,0,0,0.5442050000000052,25,24.730291298197805,21.768200000000206
c7e22c1f,1790073132120,1012.276123046875,25,0,0,0,0,0.5010759999999976,25,24.696818813380563,20.043039999999905
b5e8f409,1790073132120,1013.305908203125,20,0,0,0.0,0,0.7929659999999927,20,19.737376283007762,39.64829999999964
b1269e28,1790073133133,999.65087890625,20,0,0,0.0,0,1.8032460000000015,20,20.006984860437115,90.16230000000007
1ac2ffac,1790073133133,999.98095703125,25,0,0,0.0,0,0.659119000000004,25,25.000476083284788,26.36476000000016
d1f37ed1,1790073133133,999.98291015625,25,0,0,0,0,0.5236989999999935,25,25.000427253395443,20.94795999999974
06e9e5b9,1790073133133,999.55615234375,25,0,0,0,0,0.5684850000000097,25,25.011101118611727,22.739400000000387
e0606b55,1790073133133,999.990966796875,25,0,0,0,0,0.5737000000000023,25,25.00022583211811,22.948000000000093
c7e22c1f,1790073133133,1000.012939453125,25,0,0,0,0,0.4955369999999988,25,24.99967651785756,19.82147999999995
b5e8f409,1790073133133,1000.278076171875,20,0,0,0.0,0,0.7725010000000054,20,19.994440022659713,38.62505000000027
b1269e28,1790073134148,999.992919921875,20,0,0,0.0,0,1.6848039999999855,20,20.00014160256506,84.24019999999928
1ac2ffac,1790073134148,1000.068115234375,25,0,0,0.0,0,0.5846849999999932,25,24.998297235124852,23.38739999999973
d1f37ed1,1790073134148,999.966064453125,25,0,0,0,0,0.5285730000000086,25,25.000848417463384,21.142920000000345
06e9e5b9,1790073134148,1000.014892578125,25,0,0,0,0,0.5612950000000012,25,24.999627691091515,22.45180000000005
e0606b55,1790073134148,999.989990234375,25,0,0,0,0,0.5754489999999919,25,25.000250246645535,23.017959999999675
c7e22c1f,1790073134148,999.965087890625,25,0,0,0,0,0.4884020000000078,25,25.000872833206824,19.53608000000031
b5e8f409,1790073134148,1000.011962890625,20,0,0,0.0,0,0.8315680000000043,20,19.99976074504968,41.578400000000215
b1269e28,1790073135163,1054.68212890625,21,0,0,0.0,0,2.0222339999999974,21,19.911212510804454,96.29685714285702
1ac2ffac,1790073135163,1050.448974609375,27,0,0,0.0,0,0.5870940000000076,27,25.70329511725246,21.7442222222225
d1f37ed1,1790073135163,999.9951171875,25,0,0,0,0,0.524360999999999,25,25.00012207090855,20.97443999999996
06e9e5b9,1790073135163,1000.01416015625,25,0,0,0,0,0.5352889999999917,25,24.99964600110643,21.411559999999668
e0606b55,1790073135163,1000.01513671875,25,0,0,0,0,0.5565590000000071,25,24.99962158775917,22.262360000000285
c7e22c1f,1790073135163,1000.037841796875,25,0,0,0,0,0.4995789999999971,25,24.99905399087681,19.983159999999884
b5e8f409,1790073135163,1000.01708984375,20,0,0,0.0,0,0.8035409999999956,20,19.999658208966157,40.17704999999978
b1269e28,1790073136178,1014.3740234375,20,0,0,0.0,0,1.8425960000000146,20,19.71659322684961,92.12980000000073
1ac2ffac,1790073136178,1014.4580078125,25,0,0,0.0,0,0.5092929999999996,25,24.64370117587035,20.371719999999982
d1f37ed1,1790073136178,1063.664794921875,27,0,0,0,0,0.5683719999999965,27,25.383936865169183,21.050814814814686
06e9e5b9,1790073136178,1062.35888671875,27,0,0,0,0,0.5920950000000005,27,25.41514015418408,21.929444444444464
e0606b55,1790073136178,1060.9169921875,27,0,0,0,0,0.5982450000000057,27,25.44968192500039,22.157222222222433
c7e22c1f,1790073136178,1059.425048828125,27,0,0,0,0,0.5213930000000033,27,25.485521632574052,19.310851851851975
b5e8f409,1790073136178,1058.095947265625,22,0,0,0.0,0,0.8940570000000037,22,20.7920652723917,40.63895454545471
b1269e28,1790073137198,1019.2529296875,21,0,0,0.0,0,1.8344089999999937,21,20.60332562049985,87.35280952380923
1ac2ffac,1790073137198,1019.263916015625,25,0,0,0.0,0,0.5928989999999885,25,24.52750421865887,23.71595999999954
d1f37ed1,1790073137198,1019.321044921875,25,0,0,0,0,0.5446599999999933,25,24.5261295492198,21.78639999999973
06e9e5b9,1790073137198,1019.373046875,25,0,0,0,0,0.5404240000000016,25,24.524878381511307,21.616960000000063
e0606b55,1790073137198,1019.406005859375,25,0,0,0,0,0.5666919999999891,25,24.52408545398417,22.667679999999564
c7e22c1f,1790073137198,1019.430908203125,25,0,0,0,0,0.4967019999999991,25,24.523486387189926,19.868079999999964
b5e8f409,1790073137198,1019.43994140625,20,0,0,0.0,0,0.7636399999999952,20,19.61861526870462,38.18199999999976
b1269e28,1790073138212,1014.39501953125,20,0,0,0.0,0,1.6984039999999823,20,19.716185129972306,84.92019999999911
1ac2ffac,1790073138212,1014.322998046875,26,0,0,0.0,0,0.6103640000000041,26,25.6328605878642,23.47553846153862
d1f37ed1,1790073138212,1014.26904296875,26,0,0,0,0,0.5308500000000009,26,25.634224154074936,20.417307692307727
06e9e5b9,1790073138212,1014.305908203125,26,0,0,0,0,0.5372940000000028,26,25.6332924709665,20.665153846153956
e0606b55,1790073138212,1014.286865234375,26,0,0,0,0,0.5756209999999982,26,25.633773729281295,22.13926923076916
c7e22c1f,1790073138212,1014.277099609375,26,0,0,0,0,0.5217089999999871,26,25.634020535426945,20.065730769230274
b5e8f409,1790073138212,1014.506103515625,20,0,0,0.0,0,0.78125,20,19.71402629387135,39.0625
b1269e28,1790073139234,1022.779052734375,20,0,0,0.0,0,1.7944990000000018,20,19.55456552080382,89.72495000000009
1ac2ffac,1790073139234,1022.783935546875,25,0,0,0.0,0,0.6210839999999962,25,24.44309020813148,24.843359999999848
d1f37ed1,1790073139234,1022.777099609375,25,0,0,0,0,0.517823000000007,25,24.443253578466067,20.71292000000028
06e9e5b9,1790073139234,1022.7021484375,25,0,0,0,0,0.5288120000000021,25,24.44504496073992,21.152480000000082
e0606b55,1790073139234,1022.680908203125,25,0,0,0,0,0.566196000000005,25,24.44555266405198,22.6478400000002
c7e22c1f,1790073139234,1022.6669921875,25,0,0,0,0,0.48704500000000905,25,24.44588530869137,19.481800000000362
b5e8f409,1790073139234,1022.326904296875,21,0,0,0.0,0,0.7991640000000046,21,20.541374693100888,38.05542857142879
b1269e28,1790073140247,1011.996826171875,20,0,0,0.0,0,1.6712080000000071,20,19.762907830111367,83.56040000000036
1ac2ffac,1790073140247,1012.088134765625,26,0,0,0.0,0,0.5635120000000029,26,25.689462317450218,21.673538461538573
d1f37ed1,1790073140247,1012.175048828125,25,0,0,0,0,0.4763420000000025,25,24.69928499911599,19.0536800000001
06e9e5b9,1790073140247,1012.23388671875,25,0,0,0,0,0.4708169999999967,25,24.697849309352623,18.83267999999987
e0606b55,1790073140247,1012.300048828125,25,0,0,0,0,0.4888250000000056,25,24.696235102369993,19.553000000000225
c7e22c1f,1790073140247,1012.347900390625,26,0,0,0,0,0.4410670000000039,26,25.682870473646094,16.964115384615532
b5e8f409,1790073140247,1012.43505859375,20,0,1,0.21700000000000008,0,0.7289009999999934,20,19.754353457277112,36.44504999999967
b1269e28,1790073141264,1018.031005859375,21,0,0,0.0,0,1.8573169999999948,21,20.628055411998737,88.44366666666642
1ac2ffac,1790073141264,1017.9150390625,25,0,0,0.0,0,0.562533000000002,25,24.56000652375173,22.501320000000078
d1f37ed1,1790073141264,1017.81591796875,26,0,0,0,0,0.5914049999999946,26,25.54489425935494,22.74634615384595
06e9e5b9,1790073141264,1017.7451171875,26,0,0,0,0,0.559747999999999,26,25.54667132361196,21.528769230769193
e0606b55,1790073141264,1017.6689453125,26,0,0,0,0,0.5262099999999919,26,25.54858347575504,20.23884615384584
c7e22c1f,1790073141264,1017.585205078125,25,0,0,0,0,0.4875380000000007,25,24.56796725742551,19.501520000000028
b5e8f409,1790073141264,1017.4970703125,20,0,0,0.0,0,0.7608409999999992,20,19.656076251755177,38.04204999999996
b1269e28,1790073142277,1011.800048828125,20,0,0,0.0,0,1.641999999999996,20,19.766751368676214,82.0999999999998
1ac2ffac,1790073142277,1011.90283203125,25,0,0,0.0,0,0.543604000000002,25,24.705929471326886,21.74416000000008
d1f37ed1,1790073142277,1011.951904296875,25,0,0,0,0,0.5698430000000059,25,24.70473141445444,22.793720000000235
06e9e5b9,1790073142277,1012.011962890625,25,0,0,0,0,0.515238999999994,25,24.703265294011075,20.60955999999976
e0606b55,1790073142277,1012.109130859375,25,0,0,0,0,0.5460120000000046,25,24.700893646491135,21.840480000000184
c7e22c1f,1790073142277,1012.15380859375,25,0,0,0,0,0.5103579999999965,25,24.699803318167717,20.41431999999986
b5e8f409,1790073142277,1012.23388671875,21,0,0,0.0,0,0.7750790000000052,21,20.7461934198562,36.908523809524056
b1269e28,1790073143296,1019.85302734375,20,0,0,0.0,0,1.7889880000000176,20,19.610668854992607,89.44940000000088
1ac2ffac,1790073143296,1019.7890625,26,0,0,0.0,0,0.6294979999999981,26,25.49546857882681,24.211461538461467
d1f37ed1,1790073143296,1019.774169921875,25,0,0,0,0,0.5442659999999933,25,24.515231643801346,21.77063999999973
06e9e5b9,1790073143296,1019.805908203125,26,0,0,0,0,0.5445310000000063,26,25.49504743094832,20.943500000000242
e0606b55,1790073143296,1019.736083984375,26,0,0,0,0,0.5727289999999954,26,25.49679314907757,22.028038461538284
c7e22c1f,1790073143296,1019.80517578125,26,0,0,0,0,0.49933599999999956,26,25.495065741436328,19.205230769230752
b5e8f409,1790073143296,1019.7451171875,20,0,0,0.0,0,0.7359110000000015,20,19.612744069969995,36.79555000000008
b1269e28,1790073144315,1019.221923828125,21,0,0,0.0,0,1.7662049999999851,21,20.603952396476615,84.1049999999993
1ac2ffac,1790073144315,1019.194091796875,25,0,0,0.0,0,0.5461540000000014,25,24.52918457947899,21.846160000000054
d1f37ed1,1790073144315,1019.156982421875,26,0,0,0,0,0.5925720000000041,26,25.511280841362503,22.79123076923093
06e9e5b9,1790073144315,1019.068115234375,25,0,0,0,0,0.5434920000000005,25,24.53221686192219,21.73968000000002
e0606b55,1790073144315,1019.02685546875,25,0,0,0,0,0.5553699999999964,25,24.533210156174007,22.214799999999855
c7e22c1f,1790073144315,1018.933837890625,25,0,0,0,0,0.5046399999999949,25,24.535449771453724,20.185599999999795
b5e8f409,1790073144315,1018.9228515625,20,0,0,0.0,0,0.7572100000000006,20,19.62857145595504,37.86050000000003
b1269e28,1790073145334,1018.343017578125,20,0,0,0.0,0,1.7645750000000078,20,19.639747761579407,88.22875000000039
1ac2ffac,1790073145334,1018.421875,26,0,0,0.0,0,0.6078569999999957,26,25.529695147209992,23.37911538461522
d1f37ed1,1790073145334,1018.73095703125,26,0,0,0,0,0.6192769999999967,26,25.5219494612869,23.81834615384603
06e9e5b9,1790073145334,1018.81884765625,26,0,0,0,0,0.5831939999999918,26,25.519747754776926,22.430538461538145
e0606b55,1790073145334,1018.864990234375,26,0,0,0,0,0.5930330000000055,26,25.51859201091901,22.808961538461748
c7e22c1f,1790073145334,1018.878173828125,26,0,0,0,0,0.5163670000000025,26,25.51826181761545,19.860269230769326
b5e8f409,1790073145334,1018.887939453125,20,0,0,0.0,0,0.801636000000002,21,19.62924402730171,38.173142857142956
b1269e28,1790073146351,1016.648193359375,21,0,0,0.0,0,1.79135500000001,21,20.656113036121543,85.30261904761953
1ac2ffac,1790073146351,1017.221923828125,25,0,0,0.0,0,0.5439080000000018,25,24.576741234515634,21.756320000000073
d1f37ed1,1790073146351,1017.0478515625,25,0,0,0,0,0.5929950000000019,25,24.580947653143625,23.719800000000077
06e9e5b9,1790073146351,1017.10693359375,25,0,0,0,0,0.5361850000000032,25,24.579519787233533,21.44740000000013
e0606b55,1790073146351,1017.1181640625,25,0,0,0,0,0.5528410000000008,25,24.57924839346768,22.113640000000032
c7e22c1f,1790073146351,1017.0888671875,25,0,0,0,0,0.5118460000000056,25,24.5799563897805,20.473840000000223
b5e8f409,1790073146351,1017.1201171875,21,0,0,0.0,0,0.800021000000001,20,20.646529003937474,40.00105000000005
b1269e28,1790073147365,1015.005859375,20,0,0,0.0,0,1.7864629999999977,20,19.704319748769922,89.32314999999988
1ac2ffac,1790073147365,1014.453125,26,0,0,0.0,0,0.5959229999999991,26,25.62957258375048,22.92011538461535
d1f37ed1,1790073147365,1014.384033203125,25,0,0,0,0,0.5839079999999939,25,24.645498333661056,23.356319999999755
06e9e5b9,1790073147365,1014.260009765625,25,0,0,0,0,0.5716390000000047,25,24.64851197847877,22.865560000000187
e0606b55,1790073147365,1014.220947265625,25,0,0,0,0,0.5615099999999984,25,24.649461310576232,22.460399999999936
c7e22c1f,1790073147365,1014.22607421875,26,0,0,0,0,0.5182469999999881,26,25.63531017483216,19.932576923076468
b5e8f409,1790073147365,1014.221923828125,20,0,0,0.0,0,0.767838999999995,20,19.71955006110605,38.39194999999975
b1269e28,1790073148381,1014.695068359375,20,0,0,0.0,0,1.6283669999999972,20,19.710354986091833,81.41834999999986
1ac2ffac,1790073148381,1014.675048828125,25,0,0,0.0,0,0.5239460000000093,25,24.638429839063413,20.957840000000374
d1f37ed1,1790073148381,1014.650146484375,26,0,0,0,0,0.6049540000000064,26,25.624595916224393,23.267461538461784
06e9e5b9,1790073148381,1014.68408203125,26,0,0,0,0,0.5701839999999976,26,25.623738915812872,21.930153846153754
e0606b55,1790073148381,1014.699951171875,26,0,0,0,0,0.6144000000000034,26,25.6233381798951,23.63076923076936
c7e22c1f,1790073148381,1014.760009765625,25,0,0,0,0,0.5125740000000008,25,24.63636698274516,20.50296000000003
b5e8f409,1790073148381,1014.80615234375,20,0,0,0.0,0,0.7549029999999988,21,19.708197426482794,35.94776190476185
b1269e28,1790073149395,1014.89599609375,20,0,0,0.0,0,1.8164510000000007,21,19.706452756714313,86.4976666666667
1ac2ffac,1790073149395,1014.8759765625,25,0,0,0.0,0,0.612253999999993,25,24.633551859881276,24.49015999999972
d1f37ed1,1790073149395,1014.930908203125,25,0,0,0,0,0.5849779999999924,25,24.632218605166944,23.399119999999698
06e9e5b9,1790073149395,1014.89111328125,25,0,0,0,0,0.5447489999999959,25,24.6331844597322,21.789959999999837
e0606b55,1790073149395,1014.993896484375,25,0,0,0,0,0.5650409999999937,25,24.630689984040565,22.601639999999747
c7e22c1f,1790073149395,1014.972900390625,25,0,0,0,0,0.4935609999999997,25,24.631199503334955,19.742439999999988
b5e8f409,1790073149395,1014.9609375,21,0,0,0.0,0,0.7228750000000019,20,20.690451449024362,36.1437500000001
b1269e28,1790073150408,1012.786865234375,21,0,0,0.0,0,1.6295330000000092,20,20.734866062012234,81.47665000000046
1ac2ffac,1790073150408,1012.764892578125,25,0,0,0.0,0,0.5359629999999953,25,24.68489990441833,21.438519999999812
d1f37ed1,1790073150408,1012.72998046875,25,0,0,0,0,0.5769530000000032,25,24.685750873523617,23.078120000000126
06e9e5b9,1790073150408,1012.73291015625,25,0,0,0,0,0.5375659999999982,25,24.68567946127362,21.50263999999993
e0606b55,1790073150408,1012.84716796875,25,0,0,0,0,0.5723520000000093,25,24.68289470576013,22.894080000000372
c7e22c1f,1790073150408,1012.8291015625,25,0,0,0,0,0.4832680000000096,25,24.683334988530927,19.330720000000383
b5e8f409,1790073150408,1012.7900390625,20,0,0,0.0,0,0.7276899999999955,20,19.747429603981114,36.384499999999775
b1269e28,1790073151420,1012.533203125,20,0,0,0.0,0,1.7139139999999884,20,19.75243867388608,85.69569999999942
1ac2ffac,1790073151420,1012.530029296875,26,0,0,0.0,0,0.5636050000000097,26,25.67825076561435,21.677115384615757
d1f37ed1,1790073151420,1012.490966796875,26,0,0,0,0,0.6145649999999989,26,25.679241447707746,23.637115384615342
06e9e5b9,1790073151420,1012.47705078125,26,0,0,0,0,0.5418140000000022,26,25.679594396670836,20.839000000000087
e0606b55,1790073151420,1012.242919921875,26,0,0,0,0,0.5775450000000006,26,25.685534063312275,22.213269230769257
c7e22c1f,1790073151420,1012.2138671875,26,0,0,0,0,0.522987999999998,26,25.686271293874523,20.114923076923
b5e8f409,1790073151420,1012.175048828125,20,0,0,0.0,0,0.7429730000000063,20,19.75942799929279,37.148650000000316
b1269e28,1790073152439,1018.011962890625,20,0,0,0.0,0,1.6910139999999956,20,19.646134553478518,84.55069999999978
1ac2ffac,1790073152439,1018.10693359375,25,0,0,0.0,0,0.567040999999989,25,24.555377411834446,22.68163999999956
d1f37ed1,1790073152439,1018.18896484375,25,0,0,0,0,0.5627270000000095,25,24.553399087208206,22.50908000000038
06e9e5b9,1790073152439,1018.22607421875,25,0,0,0,0,0.5426350000000042,25,24.552504235546753,21.705400000000168
e0606b55,1790073152439,1018.301025390625,25,0,0,0,0,0.5667149999999879,25,24.550697069572216,22.668599999999515
c7e22c1f,1790073152439,1018.3720703125,25,0,0,0,0,0.4930519999999916,25,24.548984333720426,19.722079999999664
b5e8f409,1790073152439,1018.419921875,20,0,0,0.0,0,0.7471259999999944,20,19.638264698493185,37.35629999999972
b1269e28,1790073153458,1019.337890625,21,0,0,0.0,0,1.8126120000000014,21,20.601608351009098,86.3148571428572
1ac2ffac,1790073153458,1019.22802734375,26,0,0,0.0,0,0.5463830000000058,26,25.509502586736765,21.014730769230994
d1f37ed1,1790073153458,1019.1630859375,26,0,0,0,0,0.631653,26,25.511128060611927,24.294346153846156
06e9e5b9,1790073153458,1019.136962890625,26,0,0,0,0,0.5840180000000004,26,25.511781975069383,22.462230769230782
e0606b55,1790073153458,1019.097900390625,26,0,0,0,0,0.5792010000000118,26,25.512759853625525,22.276961538461993
c7e22c1f,1790073153458,1019.06201171875,26,0,0,0,0,0.4918570000000102,26,25.513658345627466,18.917576923077316
b5e8f409,1790073153458,1019.10888671875,21,0,0,0.0,0,0.7859030000000047,21,20.606237737376834,37.423952380952606
b1269e28,1790073154472,1013.968017578125,20,0,0,0.0,0,1.6977349999999944,20,19.724488004829034,84.88674999999972
1ac2ffac,1790073154472,1014.30615234375,25,0,0,0.0,0,0.5186759999999992,25,24.64739067413983,20.74703999999997
d1f37ed1,1790073154472,1014.39794921875,25,0,0,0,0,0.5559909999999917,25,24.64516023445634,22.239639999999667
06e9e5b9,1790073154472,1014.430908203125,25,0,0,0,0,0.5441260000000057,25,24.64435951018373,21.765040000000226
e0606b55,1790073154472,1014.47802734375,25,0,0,0,0,0.5365749999999991,25,24.64321486139876,21.462999999999965
c7e22c1f,1790073154472,1014.490966796875,25,0,0,0,0,0.5088369999999998,25,24.642900546403375,20.35347999999999
b5e8f409,1790073154472,1014.458984375,20,0,0,0.0,0,0.7660059999999902,21,19.71494196221431,36.47647619047572
b1269e28,1790073155487,1015.406982421875,20,0,0,0.0,0,1.7812060000000258,20,19.696535818866888,89.06030000000129
1ac2ffac,1790073155487,1015.046875,25,0,0,0.0,0,0.5687829999999963,25,24.629404430214123,22.75131999999985
d1f37ed1,1790073155487,1014.953125,25,0,0,0,0,0.557817,25,24.631679418692364,22.31268
06e9e5b9,1790073155487,1014.912109375,25,0,0,0,0,0.5451329999999928,25,24.632674858314008,21.80531999999971
e0606b55,1790073155487,1014.91015625,25,0,0,0,0,0.5864329999999995,26,24.63272226220763,22.555115384615366
c7e22c1f,1790073155487,1014.91796875,25,0,0,0,0,0.5127310000000023,26,24.632532647727842,19.720423076923165
b5e8f409,1790073155487,1014.897216796875,21,0,0,0.0,0,0.7185950000000076,20,20.69175050679345,35.92975000000038
b1269e28,1790073156498,1011.153076171875,20,0,0,0.0,0,1.6699259999999754,20,19.7793988579039,83.49629999999877
1ac2ffac,1790073156498,1011.35107421875,26,0,0,0.0,0,0.5949430000000007,26,25.70818448982666,22.882423076923104
d1f37ed1,1790073156498,1011.384033203125,26,0,0,0,0,0.5502690000000001,26,25.707346711472354,21.16419230769231
06e9e5b9,1790073156498,1011.430908203125,26,0,0,0,0,0.5612090000000052,26,25.70615529852726,21.584961538461737
e0606b55,1790073156498,1011.427978515625,26,0,0,0,0,0.5302659999999975,25,25.706229758600987,21.2106399999999
c7e22c1f,1790073156498,1011.39697265625,26,0,0,0,0,0.48894499999998686,25,25.707017820822355,19.557799999999474
b5e8f409,1790073156498,1011.39794921875,20,0,0,0.0,0,0.7488699999999966,20,19.77460999940618,37.44349999999983
b1269e28,1790073157512,1013.70703125,21,0,0,0.0,0,1.865000000000009,21,20.716044530247505,88.80952380952424
1ac2ffac,1790073157512,1013.635986328125,25,0,0,0.0,0,0.5652680000000032,25,24.663686310666588,22.61072000000013
d1f37ed1,1790073157512,1013.65087890625,25,0,0,0,0,0.5597250000000003,25,24.663323951314982,22.38900000000001
06e9e5b9,1790073157512,1013.77490234375,25,0,0,0,0,0.5600559999999888,25,24.66030668366558,22.40223999999955
e0606b55,1790073157512,1013.8408203125,25,0,0,0,0,0.5456570000000056,25,24.658703318233087,21.826280000000224
c7e22c1f,1790073157512,1013.95703125,25,0,0,0,0,0.4858170000000115,25,24.65587715209209,19.43268000000046
b5e8f409,1790073157512,1013.992919921875,18,0,0,0.0,0,0.6958599999999961,18,17.75160323741397,38.658888888888676
b1269e28,1790073158528,1016.02783203125,20,0,0,0.0,0,1.6745470000000182,20,19.684500138166353,83.72735000000091
1ac2ffac,1790073158528,1015.989990234375,26,0,0,0.0,0,0.5835909999999984,26,25.590803305062245,22.445807692307632
d1f37ed1,1790073158528,1015.989013671875,25,0,0,0,0,0.5745950000000022,25,24.606565291142044,22.983800000000087
06e9e5b9,1790073158528,1015.84814453125,25,0,0,0,0,0.5008040000000022,25,24.60997751936233,20.03216000000009
e0606b55,1790073158528,1015.7841796875,25,0,0,0,0,0.5536499999999904,25,24.611527231789633,22.145999999999617
c7e22c1f,1790073158528,1015.697998046875,26,0,0,0,0,0.4992369999999937,26,25.598160132240494,19.201423076922836
b5e8f409,1790073158528,1015.717041015625,23,0,0,0.0,0,0.8391120000000001,23,22.644101724435068,36.48313043478261
b1269e28,1790073159544,1015.903076171875,20,0,0,0.0,0,1.778394999999989,20,19.686917452168746,88.91974999999945
1ac2ffac,1790073159544,1016.091064453125,25,0,0,0.0,0,0.5717379999999963,25,24.604093938622878,22.869519999999852
d1f37ed1,1790073159544,1016.130126953125,26,0,0,0,0,0.5903610000000015,26,25.587274021646447,22.706192307692366
06e9e5b9,1790073159544,1016.179931640625,26,0,0,0,0,0.5679870000000022,26,25.586019946312987,21.845653846153933
e0606b55,1790073159544,1016.14404296875,26,0,0,0,0,0.5829489999999993,26,25.58692360586873,22.421115384615355
c7e22c1f,1790073159544,1016.14794921875,25,0,0,0,0,0.5139549999999957,25,24.602716581990716,20.55819999999983
b5e8f409,1790073159544,1016.125,20,0,0,0.0,0,0.7874900000000054,20,19.682617788165825,39.37450000000027
b1269e28,1790073160558,1013.921142578125,21,0,0,0.0,0,1.7638479999999959,21,20.711669890424343,83.99276190476171
1ac2ffac,1790073160558,1013.69384765625,25,0,0,0.0,0,0.5425530000000123,25,24.66227851515743,21.70212000000049
d1f37ed1,1790073160558,1013.6337890625,25,0,0,0,0,0.559978000000001,25,24.663739774423124,22.39912000000004
06e9e5b9,1790073160558,1013.5810546875,25,0,0,0,0,0.5226480000000038,25,24.66502297412003,20.90592000000015
e0606b55,1790073160558,1013.5927734375,25,0,0,0,0,0.5511800000000022,25,24.664737807092845,22.04720000000009
c7e22c1f,1790073160558,1013.590087890625,25,0,0,0,0,0.504486,25,24.664803157287498,20.17944
b5e8f409,1790073160558,1013.590087890625,20,0,0,0.0,0,0.7480469999999997,20,19.731842525829997,37.402349999999984
b1269e28,1790073161571,1012.915771484375,20,0,0,0.0,0,1.7993619999999737,20,19.744978371391184,89.96809999999869
1ac2ffac,1790073161571,1012.953125,26,0,0,0.0,0,0.6027899999999988,26,25.66752533588363,23.184230769230723
d1f37ed1,1790073161571,1012.947998046875,26,0,0,0,0,0.5816769999999991,26,25.66765524995571,22.372192307692274
06e9e5b9,1790073161571,1012.968994140625,26,0,0,0,0,0.5353980000000007,26,25.667123229233372,20.592230769230795
e0606b55,1790073161571,1012.95703125,26,0,0,0,0,0.5750019999999978,26,25.667426354616165,22.115461538461453
c7e22c1f,1790073161571,1012.94091796875,26,0,0,0,0,0.49892900000000395,26,25.667834657264898,19.189576923077077
b5e8f409,1790073161571,1012.9208984375,21,0,0,0.0,0,0.7479459999999989,21,20.732122352687107,35.616476190476135
b1269e28,1790073162584,1013.417236328125,20,0,0,0.0,0,1.683292999999992,20,19.735208049613618,84.1646499999996
1ac2ffac,1790073162584,1013.4560546875,25,0,0,0.0,0,0.5647639999999967,25,24.668065166090276,22.59055999999987
d1f37ed1,1790073162584,1013.466064453125,25,0,0,0,0,0.5726839999999953,25,24.667821525420504,22.907359999999812
06e9e5b9,1790073162584,1013.4560546875,25,0,0,0,0,0.5336240000000032,25,24.668065166090276,21.34496000000013
e0606b55,1790073162584,1013.4580078125,25,0,0,0,0,0.5697449999999975,25,24.66801762606947,22.7897999999999
c7e22c1f,1790073162584,1013.5,25,0,0,0,0,0.5117490000000089,25,24.666995559940798,20.469960000000356
b5e8f409,1790073162584,1013.48388671875,20,0,0,0.0,0,0.7194149999999979,20,19.733910190473665,35.970749999999896
b1269e28,1790073163597,1013.0439453125,20,0,0,0.0,0,1.842930000000024,21,19.742480168350916,87.75857142857257
1ac2ffac,1790073163597,1012.935791015625,25,0,0,0.0,0,0.6053009999999972,26,24.6807351677579,23.280807692307583
d1f37ed1,1790073163597,1012.865966796875,25,0,0,0,0,0.5671300000000059,25,24.682436590362425,22.685200000000236
06e9e5b9,1790073163597,1012.7978515625,25,0,0,0,0,0.530344999999997,25,24.68409659581238,21.21379999999988
e0606b55,1790073163597,1012.842041015625,25,0,0,0,0,0.5531130000000104,25,24.683019649274538,22.124520000000416
c7e22c1f,1790073163597,1012.8681640625,25,0,0,0,0,0.517089999999996,25,24.682383045516822,20.683599999999842
b5e8f409,1790073163597,1012.864013671875,20,0,0,0.0,0,0.7221700000000055,20,19.745987348780616,36.10850000000028
b1269e28,1790073164610,1011.946044921875,21,0,0,0.0,0,1.6711409999999773,20,20.752094546326585,83.55704999999887
1ac2ffac,1790073164610,1013.1181640625,26,0,0,0.0,0,0.5584120000000041,25,25.663344042458647,22.336480000000165
d1f37ed1,1790073164610,1013.22412109375,25,0,0,0,0,0.5596409999999992,25,24.673711846706855,22.385639999999967
06e9e5b9,1790073164610,1013.302978515625,25,0,0,0,0,0.5264349999999922,25,24.671791685268893,21.05739999999969
e0606b55,1790073164610,1013.282958984375,25,0,0,0,0,0.5674709999999976,25,24.6722791282879,22.698839999999905
c7e22c1f,1790073164610,1013.208984375,25,0,0,0,0,0.5072490000000016,25,24.674080456778913,20.289960000000065
b5e8f409,1790073164610,1013.214111328125,20,0,0,0.0,0,0.7393550000000033,20,19.7391644829975,36.967750000000166
b1269e28,1790073165624,999.94482421875,20,0,0,0.0,0,1.7440240000000244,20,20.001103576515696,87.20120000000122
1ac2ffac,1790073165624,1002.9140625,25,0,0,0.0,0,0.5560849999999959,25,24.927360114665856,22.243399999999838
d1f37ed1,1790073165624,1004.18701171875,26,0,0,0,0,0.5520539999999983,26,25.891591602543063,21.232846153846086
06e9e5b9,1790073165624,1005.3671875,26,0,0,0,0,0.5752440000000121,26,25.861198100818264,22.124769230769694
e0606b55,1790073165624,1006.778076171875,26,0,0,0,0,0.5961520000000036,26,25.824956477857725,22.928923076923216
c7e22c1f,1790073165624,1008.260009765625,26,0,0,0,0,0.5345119999999923,26,25.786999135316126,20.55815384615355
b5e8f409,1790073165624,1009.637939453125,21,0,0,0.0,0,0.7413529999999895,21,20.79953533776152,35.30252380952331
b1269e28,1790073166637,1000.0380859375,20,0,0,0.0,0,1.6162180000000035,20,19.999238310259667,80.81090000000017
1ac2ffac,1790073166637,1000.04296875,25,0,0,0.0,0,0.5615439999999978,25,24.998925827405852,22.461759999999913
d1f37ed1,1790073166637,999.96484375,25,0,0,0,0,0.5669110000000046,25,25.000878937150134,22.676440000000184
06e9e5b9,1790073166637,1000.0029296875,25,0,0,0,0,0.5204709999999864,25,24.999926758027076,20.818839999999454
e0606b55,1790073166637,999.98388671875,25,0,0,0,0,0.5596219999999903,25,25.0004028385223,22.38487999999961
c7e22c1f,1790073166637,1000.015869140625,24,0,0,0,0,0.49484999999999957,25,23.999619146668817,19.793999999999983
b5e8f409,1790073166637,1000.005126953125,20,0,0,0.0,0,0.7155500000000075,20,19.99989746146321,35.77750000000037
